contract_id,model_position_group,cap_ceiling,aav_cap_share,eligible_overpay,expected_toi,overpay_residual,overpay_residual_std,partial_delivery_flag
1,defense,81500000,0.04478527607361963,TRUE,19.06542253347901,1.6532178831876543,0.6878217453492366,FALSE
2,defense,88000000,0.03409090909090909,FALSE,NA,NA,NA,FALSE
3,defense,73000000,0.1095890410958904,TRUE,25.778747142749463,-1.281858333225653,-0.5333175046169354,TRUE
4,forward,81500000,0.03987730061349693,TRUE,14.628529728459892,-0.9045547284598925,-0.37634023828338065,FALSE
5,forward,81500000,0.009202453987730062,FALSE,NA,NA,NA,FALSE
6,forward,81500000,0.012269938650306749,TRUE,12.224458391693164,0.3130141083068363,0.13022960402497955,FALSE
7,forward,83500000,0.04790419161676647,TRUE,15.327517868291606,-1.9454195349582744,-0.8093923212295753,FALSE
8,forward,88000000,0.0125,TRUE,12.244492319499553,-0.5800006528328847,-0.2413094277482653,FALSE
9,forward,88000000,0.015909090909090907,FALSE,NA,NA,NA,FALSE
10,forward,81500000,0.1165644171779141,TRUE,21.306505663923033,-1.8675019139230322,-0.7769746740223091,TRUE
11,forward,82500000,0.07393939393939394,TRUE,17.594684276085484,0.7609557239145168,0.31659583378518547,TRUE
12,forward,88000000,0.09886363636363636,TRUE,19.765107400273862,0.5910825997261391,0.2459200747364824,TRUE
13,defense,79500000,0.040880503144654086,TRUE,18.660908873067015,-0.0037142897336828185,-0.0015453312435917313,TRUE
14,defense,81500000,0.01411042944785276,FALSE,NA,NA,NA,FALSE
15,defense,81500000,0.009202453987730062,TRUE,15.379231845416358,1.368964821250307,0.5695581824088045,FALSE
16,defense,82500000,0.011515151515151515,TRUE,15.618814981045928,3.52435668562074,1.4663095478152097,FALSE
17,defense,83500000,0.009281437125748504,TRUE,15.387414077482573,-0.4601224108159041,-0.19143405288567772,FALSE
18,defense,88000000,0.008806818181818181,TRUE,15.338246084925066,-2.615877751591734,-1.088336642748397,FALSE
19,forward,73000000,0.136986301369863,TRUE,23.084859803449106,-2.095206470115773,-0.8717112159247455,TRUE
20,forward,83500000,0.08383233532934131,FALSE,NA,NA,NA,FALSE
21,forward,75000000,0.07666666666666666,TRUE,17.83217738389941,-0.1056154394549651,-0.04394133201709078,TRUE
22,defense,75000000,0.09333333333333334,TRUE,24.094742472249546,-5.763719138916212,-2.3979968993489003,TRUE
23,defense,82500000,0.07393939393939394,TRUE,22.085633733593873,2.30002959973946,0.9569279341434088,TRUE
24,forward,79500000,0.03490566037735849,TRUE,14.195595288568358,-3.6879977885683584,-1.5343924727490246,FALSE
25,forward,81500000,0.02147239263803681,TRUE,13.02581550394874,-2.3767821706154066,-0.9888608619182665,TRUE
26,forward,81500000,0.02147239263803681,FALSE,NA,NA,NA,FALSE
27,forward,83500000,0.016167664670658683,TRUE,12.563875515886044,-4.605475515886043,-1.9161093281860826,TRUE
28,forward,73000000,0.0839041095890411,TRUE,18.462419748394964,0.83849477541456,0.34885597703542043,TRUE
29,forward,81500000,0.046625766871165646,TRUE,15.216191610780648,-2.801365777447316,-1.165508985839298,FALSE
30,forward,83500000,0.04790419161676647,TRUE,15.327517868291606,2.437120465041728,1.013964625557507,FALSE
31,forward,88000000,0.05113636363636364,TRUE,15.608978013530162,0.5253503198031702,0.2185721419792917,TRUE
32,defense,71400000,0.08403361344537816,FALSE,NA,NA,NA,FALSE
33,defense,83500000,0.038922155688622756,TRUE,18.458034515912626,-3.9846528492459576,-1.657815890603977,FALSE
34,defense,88000000,0.011363636363636364,TRUE,15.60311881902518,-1.8221671523585172,-0.7581131342691992,FALSE
35,forward,73000000,0.0273972602739726,TRUE,13.54175775430507,0.316078912361597,0.1315047165770131,FALSE
36,forward,81500000,0.009202453987730062,TRUE,11.957339354274637,0.8741189790586983,0.3636774365516593,FALSE
37,forward,81500000,0.0098159509202454,FALSE,NA,NA,NA,FALSE
38,forward,82500000,0.012121212121212121,TRUE,12.211507165636506,-0.09280883230317372,-0.038613139664027955,FALSE
39,forward,83500000,0.009281437125748504,TRUE,11.964217269609367,-0.32844560294269876,-0.13664988152241422,FALSE
40,forward,88000000,0.00909090909090909,TRUE,11.947625934732145,-1.6540892680654782,-0.6881842852622334,FALSE
41,defense,71400000,0.07703081232492998,FALSE,NA,NA,NA,FALSE
42,defense,81500000,0.07668711656441718,FALSE,NA,NA,NA,FALSE
43,forward,82500000,0.07878787878787878,TRUE,18.016894245532463,1.1531007544675376,0.47974787931286633,FALSE
44,forward,83500000,0.03473053892215569,TRUE,14.180345571066656,1.2468310956000117,0.5187444129733965,TRUE
45,forward,81500000,0.11288343558282209,TRUE,20.985962819020802,-4.676856707909689,-1.9458074923434563,TRUE
46,forward,73000000,0.06095890410958904,TRUE,16.464332756855434,0.7358825209223419,0.30616412093054296,TRUE
47,forward,83500000,0.0748502994011976,TRUE,17.674006658069906,0.36021250859675646,0.14986651117148894,TRUE
48,forward,73000000,0.13013698630136986,TRUE,22.488415925377602,-5.129664734901411,-2.134198393870039,TRUE
49,defense,71400000,0.029411764705882353,FALSE,NA,NA,NA,FALSE
50,defense,79500000,0.05345911949685535,TRUE,19.963986474789444,-1.236705641456112,-0.5145317150510378,TRUE
51,defense,81500000,0.03558282208588957,TRUE,18.112097355531773,-0.9600973555317722,-0.3994487632288041,FALSE
52,defense,82500000,0.03636363636363636,TRUE,18.19298555244851,1.193337780884825,0.4964885049856534,FALSE
53,defense,83500000,0.03592814371257485,TRUE,18.147870835263127,0.5414441647368733,0.22526799049644883,FALSE
54,defense,88000000,0.035227272727272725,TRUE,18.0752643372929,2.241167329373763,0.9324382707119391,FALSE
55,defense,92400000,0.030303030303030304,FALSE,NA,NA,NA,FALSE
56,forward,79500000,0.0220125786163522,TRUE,13.072855334437538,1.0967379988957937,0.45629813968429445,FALSE
57,forward,81500000,0.011042944785276074,TRUE,12.117610776725753,0.29619088994091314,0.12323029949499875,FALSE
58,forward,81500000,0.011042944785276074,TRUE,12.117610776725753,0.2784792232742461,0.11586135581032171,TRUE
59,forward,82500000,0.012121212121212121,TRUE,12.211507165636506,-0.6181963323031727,-0.2572007504742193,FALSE
60,forward,88000000,0.014772727272727272,TRUE,12.442403242677823,-0.8213665760111546,-0.3417297850626938,FALSE
61,forward,79500000,0.0880503144654088,TRUE,18.823474611692966,-3.080782528359629,-1.2817604002758214,TRUE
62,forward,83500000,0.011976047904191617,TRUE,12.198866148587197,1.3072355180794695,0.5438756892069462,FALSE
63,forward,88000000,0.010227272727272727,TRUE,12.046581396321281,0.2867519370120526,0.11930322058796444,FALSE
64,forward,79500000,0.10062893081761007,TRUE,19.918830664503524,-1.1309543311701908,-0.4705338539381511,TRUE
65,forward,71400000,0.01610644257703081,FALSE,NA,NA,NA,FALSE
66,forward,73000000,0.012328767123287671,TRUE,12.229581222547766,2.3776979441189017,0.9892418697309234,FALSE
67,forward,79500000,0.03459119496855346,TRUE,14.168211387248094,-2.8265955539147622,-1.1760058411304768,TRUE
68,forward,81500000,0.009202453987730062,TRUE,11.957339354274637,-0.5297893542746355,-0.22041900346614035,FALSE
69,forward,83500000,0.009281437125748504,FALSE,NA,NA,NA,FALSE
70,defense,71400000,0.03851540616246499,FALSE,NA,NA,NA,FALSE
71,defense,75000000,0.058,TRUE,20.434397489011243,-5.912796933455686,-2.46002075589904,TRUE
72,defense,81500000,0.0098159509202454,TRUE,15.442786857279508,-1.524640190612839,-0.6343269617401552,FALSE
73,defense,82500000,0.013333333333333334,TRUE,15.807168925294896,0.019761908038438136,0.008221947159330808,FALSE
74,defense,88000000,0.011363636363636364,TRUE,15.60311881902518,-2.6590721523585117,-1.1063076848154196,FALSE
75,forward,73000000,0.05136986301369863,TRUE,15.62931132755533,1.9238386724446688,0.8004135975711855,FALSE
76,forward,79500000,0.050314465408805034,TRUE,15.537406453261292,1.9286952134053745,0.802434162745276,TRUE
77,forward,82500000,0.05757575757575758,TRUE,16.16972562920193,0.1039952041314045,0.04326723267455334,FALSE
78,forward,88000000,0.045454545454545456,TRUE,15.114200705584485,-1.4271040389178182,-0.593747019570547,TRUE
79,forward,83500000,0.03293413173652695,TRUE,14.023912985081434,4.352420348251897,1.8108256575690227,FALSE
80,forward,88000000,0.07386363636363637,TRUE,17.588087245312877,0.11718942135379251,0.04875669030183316,FALSE
81,defense,71400000,0.014705882352941176,FALSE,NA,NA,NA,FALSE
82,defense,73000000,0.015753424657534248,FALSE,NA,NA,NA,FALSE
83,defense,79500000,0.01729559748427673,TRUE,16.217638369837463,-1.9189542031707951,-0.7983814128148831,TRUE
84,defense,82500000,0.011515151515151515,TRUE,15.618814981045928,-2.4700499810459284,-1.0276649595557352,FALSE
85,forward,75000000,0.05333333333333334,FALSE,NA,NA,NA,FALSE
86,forward,81500000,0.06134969325153374,TRUE,16.498362990389573,-1.2252663237229076,-0.5097723838286548,TRUE
87,forward,83500000,0.02694610778443114,TRUE,13.502471031797366,-0.05169519846403503,-0.021507801237395468,FALSE
88,forward,71400000,0.050070028011204484,FALSE,NA,NA,NA,FALSE
89,forward,79500000,0.06729559748427673,TRUE,17.01613712455554,1.0545258754444582,0.43873577435879224,TRUE
90,forward,83500000,0.05389221556886228,FALSE,NA,NA,NA,FALSE
91,defense,79500000,0.08490566037735849,TRUE,23.221680479095518,-1.6987690902066284,-0.7067733372919416,TRUE
92,forward,79500000,0.0880503144654088,TRUE,18.823474611692966,-1.3917579450262991,-0.579041267691753,TRUE
93,forward,83500000,0.04790419161676647,TRUE,15.327517868291606,-0.8938312016249377,-0.37187871205690637,FALSE
94,forward,88000000,0.016747386363636364,TRUE,12.614358148281266,0.8833885183854004,0.3675340308839092,FALSE
95,defense,81500000,0.06441717791411043,TRUE,21.09918291309978,-1.82934402421089,-0.7610990737354049,FALSE
96,defense,88000000,0.045454545454545456,TRUE,19.134755273693354,-0.38863194036002113,-0.16169042340715367,FALSE
97,forward,79500000,0.0440251572327044,TRUE,14.989728426856013,1.1264165731439864,0.4686459184897767,TRUE
98,forward,83500000,0.029341317365269463,TRUE,13.711047813110994,1.0233905202223372,0.4257819014369392,FALSE
99,defense,79500000,0.13836477987421383,TRUE,28.75976028641584,-2.9342941753047285,-1.2208138815524208,TRUE
100,forward,73000000,0.11643835616438356,TRUE,21.2955281692346,-2.8521576930441235,-1.186640975996618,TRUE
101,forward,88000000,0.09090909090909091,TRUE,19.07241916914991,-1.0517058358165805,-0.43756249611245435,TRUE
102,defense,81500000,0.10797546012269939,TRUE,25.611588755383373,-1.9419045887167101,-0.8079299268995431,TRUE
103,defense,81500000,0.015950920245398775,FALSE,NA,NA,NA,FALSE
104,defense,81500000,0.012269938650306749,FALSE,NA,NA,NA,FALSE
105,defense,81500000,0.010429447852760737,TRUE,15.506341869142657,0.5663286864129002,0.2356212024387146,FALSE
106,defense,88000000,0.014204545454545454,TRUE,15.897421856914194,0.33471980975247284,0.1392602669546477,TRUE
107,defense,73000000,0.017123287671232876,TRUE,16.199787991731675,1.0168645082683234,0.4230667524066585,FALSE
108,defense,79500000,0.010062893081761006,TRUE,15.468368748847064,-1.5632420821804,-0.6503872891185326,FALSE
109,defense,81500000,0.008588957055214725,TRUE,15.315676833553209,-2.8643435002198743,-1.1917108843525288,FALSE
110,defense,81500000,0.0098159509202454,FALSE,NA,NA,NA,FALSE
111,defense,81500000,0.010429447852760737,TRUE,15.506341869142657,1.2759631308573436,0.5308648040846019,FALSE
112,defense,83500000,0.03293413173652695,TRUE,17.837707154613625,-2.3713829879469586,-0.9866145305155897,TRUE
113,defense,81500000,0.0736196319018405,TRUE,22.05250809104702,-1.2172143410470184,-0.5064223542687438,TRUE
114,defense,88000000,0.03409090909090909,TRUE,17.957543122137295,2.850416877862706,1.185916709371759,TRUE
115,defense,81500000,0.1411042944785276,TRUE,29.043559395993427,-4.805702395993425,-1.999413775556169,TRUE
116,forward,81500000,0.06748466257668712,TRUE,17.032601065226622,0.44072893477337516,0.18336539195742743,TRUE
117,forward,88000000,0.05397727272727273,TRUE,15.856366667503003,0.13664333249699645,0.056850495269988505,TRUE
118,defense,79500000,0.10062893081761007,TRUE,24.850527481248555,-0.44770525902633196,-0.18626789354090825,TRUE
119,defense,81500000,0.11115337423312883,TRUE,25.940803716834488,-0.7080020501678206,-0.29456444356765515,TRUE
120,forward,71400000,0.008403361344537815,FALSE,NA,NA,NA,FALSE
121,forward,73000000,0.00821917808219178,TRUE,11.871714895704864,-3.316159895704864,-1.3796892173237865,FALSE
122,forward,75000000,0.009666666666666667,TRUE,11.997763368603973,-3.7685967019373052,-1.5679256723535369,FALSE
123,forward,81500000,0.009202453987730062,FALSE,NA,NA,NA,FALSE
124,forward,81500000,0.009202453987730062,TRUE,11.957339354274637,-4.690077687607971,-1.9513080845060364,FALSE
125,forward,83500000,0.009281437125748504,FALSE,NA,NA,NA,FALSE
126,defense,81500000,0.015337423312883436,TRUE,16.01478196404785,2.8309530359521524,1.1778187727051745,FALSE
127,defense,81500000,0.03680981595092025,FALSE,NA,NA,NA,FALSE
128,defense,83500000,0.013173652694610778,TRUE,15.790626862326922,0.10405063767307787,0.043290295814489343,FALSE
129,forward,79500000,0.07327044025157232,TRUE,17.53643124964056,-0.30693124964056295,-0.1276988290393608,TRUE
130,forward,88000000,0.03409090909090909,TRUE,14.12464608969313,0.15506391030687006,0.06451438162663671,TRUE
131,defense,81500000,0.06134969325153374,TRUE,20.78140785378404,0.635279923993739,0.26430838339601076,TRUE
132,defense,88000000,0.04261363636363636,TRUE,18.84045223580434,-3.2080455691376724,-1.3347082226509492,TRUE
133,forward,71400000,0.0665266106442577,FALSE,NA,NA,NA,FALSE
134,forward,81500000,0.06748466257668712,TRUE,17.032601065226622,0.7982778236622678,0.33212370343240877,TRUE
135,forward,83500000,0.0381437125748503,TRUE,14.477567484438575,3.0919100155614228,1.2863899943216657,FALSE
136,forward,73000000,0.03424657534246575,TRUE,14.138201632376573,-4.4525616323765735,-1.852489465787295,FALSE
137,forward,81500000,0.018404907975460124,TRUE,12.758696466530214,-2.83644813319688,-1.1801050093931327,FALSE
138,forward,88000000,0.009943181818181818,FALSE,NA,NA,NA,FALSE
139,forward,71400000,0.049019607843137254,FALSE,NA,NA,NA,FALSE
140,forward,75000000,0.07833333333333334,FALSE,NA,NA,NA,FALSE
141,forward,88000000,0.010227272727272727,TRUE,12.046581396321281,-3.2562313963212812,-1.3547559490223948,FALSE
142,defense,71400000,0.07265406162464987,FALSE,NA,NA,NA,FALSE
143,defense,81500000,0.09294478527607362,TRUE,24.054490964736218,-2.2041292980695495,-0.9170285878171213,TRUE
144,forward,71400000,0.052521008403361345,FALSE,NA,NA,NA,FALSE
145,forward,73000000,0.06278538356164383,TRUE,16.623384060045247,-0.32043683782302423,-0.1333178326384007,FALSE
146,forward,81500000,0.05521472392638037,TRUE,15.964124915552523,1.1830967511141441,0.4922277217926594,TRUE
147,forward,81500000,0.018404907975460124,TRUE,12.758696466530214,3.369805200136451,1.4020083606739537,FALSE
148,forward,82500000,0.013333333333333334,TRUE,12.317059657998252,4.172940342001747,1.7361529526523303,FALSE
149,forward,83500000,0.023952095808383235,TRUE,13.241750055155334,2.7757932781780017,1.1548695406341403,FALSE
150,forward,73000000,0.0636986301369863,TRUE,16.702910308084032,0.7781713585826324,0.32375840322333255,TRUE
151,forward,81500000,0.06134969325153374,TRUE,16.498362990389573,0.600798676277094,0.2499624510010912,FALSE
152,forward,71400000,0.10504201680672269,FALSE,NA,NA,NA,FALSE
153,forward,83500000,0.05389221556886228,TRUE,15.84895982157567,3.527747678424328,1.4677203712840037,TRUE
154,forward,79500000,0.13836477987421383,TRUE,23.204898822935196,-4.770626600712973,-1.9848204814872743,TRUE
155,defense,73000000,0.10787671232876712,TRUE,25.601359010323208,-1.2029418674660661,-0.500484287793215,TRUE
156,defense,88000000,0.09090909090909091,TRUE,23.843603879917588,-0.541365546584256,-0.22523528139288823,TRUE
157,forward,81500000,0.09815950920245399,TRUE,19.70379143941188,-2.0614671060785454,-0.8576739444343638,TRUE
158,forward,83500000,0.03592814371257485,FALSE,NA,NA,NA,FALSE
159,forward,88000000,0.03409090909090909,TRUE,14.12464608969313,3.1065439103068684,1.2924784301699772,FALSE
160,forward,79500000,0.0880503144654088,TRUE,18.823474611692966,-0.24758227835963353,-0.10300667356108802,TRUE
161,forward,82500000,0.025559951515151516,FALSE,NA,NA,NA,FALSE
162,forward,82500000,0.06212121212121212,FALSE,NA,NA,NA,FALSE
163,forward,73000000,0.0702054794520548,TRUE,17.26953199225196,1.3755725910813759,0.5723073468258434,FALSE
164,forward,81500000,0.07975460122699386,FALSE,NA,NA,NA,FALSE
165,defense,79500000,0.10377358490566038,TRUE,25.176296881679164,-3.7488749372347208,-1.5597204268398945,TRUE
166,defense,83500000,0.02694610778443114,FALSE,NA,NA,NA,FALSE
167,defense,88000000,0.03977272727272727,TRUE,18.546149197915327,2.4799374687513414,1.0317786514773006,TRUE
168,forward,71400000,0.05742296918767507,FALSE,NA,NA,NA,FALSE
169,forward,73000000,0.06164383561643835,TRUE,16.523977144662584,0.7146528553374125,0.2973315128488717,TRUE
170,forward,82500000,0.08484848484848485,TRUE,18.544656707341186,-0.26107892956340706,-0.10862195892773902,TRUE
171,defense,79500000,0.07861635220125786,TRUE,22.570141678234304,0.8707966550990314,0.3622951827738647,TRUE
172,defense,75000000,0.044,TRUE,18.98407211829418,-0.23457878496084916,-0.09759656663196166,FALSE
173,defense,79500000,0.057232704402515724,TRUE,20.354909755306174,-1.2286764219728425,-0.5111911561235443,TRUE
174,defense,82500000,0.010303030303030303,TRUE,15.493245684879948,-1.9602273515466155,-0.8155531173074435,FALSE
175,defense,83500000,0.009281437125748504,TRUE,15.387414077482573,1.2380092558507645,0.5150740841708682,FALSE
176,defense,88000000,0.00909090909090909,TRUE,15.367676388713967,-0.39391805538063274,-0.1638897129845101,FALSE
177,defense,75000000,0.05777777333333333,TRUE,20.41137599096006,-2.8264521020711726,-1.1759461579523338,FALSE
178,defense,81500000,0.01411042944785276,FALSE,NA,NA,NA,FALSE
179,defense,81500000,0.027607361963190184,TRUE,17.285882201310834,1.5492027986891657,0.644546241442606,FALSE
180,defense,83500000,0.011976047904191617,TRUE,15.666561390067123,0.8472536099328778,0.35250009249465947,FALSE
181,defense,88000000,0.013068181818181817,TRUE,15.779700641758588,3.497014358241419,1.454933765148443,TRUE
182,defense,71400000,0.07703081232492998,FALSE,NA,NA,NA,FALSE
183,defense,82500000,0.048484848484848485,TRUE,19.448678514108302,1.293603152558365,0.5382039398620352,TRUE
184,forward,73000000,0.06335616438356165,TRUE,16.673088114180455,0.14664188581954463,0.061010396071461914,FALSE
185,forward,81500000,0.07975460122699386,TRUE,18.101077214900723,0.1772236184326097,0.0737339341577811,TRUE
186,defense,73000000,0.023287671232876714,TRUE,16.838385268466194,0.7701438982004731,0.32041857617032943,FALSE
187,defense,75000000,0.03333333333333333,FALSE,NA,NA,NA,FALSE
188,defense,82500000,0.034545454545454546,TRUE,18.00463160819954,1.7705750584671271,0.7366482297170086,FALSE
189,defense,88000000,0.04147727272727273,FALSE,NA,NA,NA,FALSE
190,forward,71400000,0.04796918767507003,FALSE,NA,NA,NA,FALSE
191,forward,73000000,0.0684931506849315,FALSE,NA,NA,NA,FALSE
192,forward,82500000,0.06060606060606061,TRUE,16.433606860106295,-0.22848408232851725,-0.09506086396107584,FALSE
193,forward,75000000,0.07066666666666667,TRUE,17.309692546708774,-0.9867131022643321,-0.41052225182188906,TRUE
194,forward,81500000,0.05521472392638037,TRUE,15.964124915552523,-0.9894707488858554,-0.4116695714411369,FALSE
195,forward,83500000,0.017964071856287425,TRUE,12.720308101871264,-0.2679281018712647,-0.1114715589102318,FALSE
196,forward,88000000,0.020454545454545454,TRUE,12.937180550623502,-2.0564122172901698,-0.8555708565931757,FALSE
197,defense,73000000,0.07534246575342465,TRUE,22.230984494224355,0.18355633910898206,0.07636866429996478,FALSE
198,defense,81500000,0.046012269938650305,FALSE,NA,NA,NA,FALSE
199,defense,81500000,0.05521472392638037,TRUE,20.145857735152546,-1.1248788462636554,-0.4680061468072564,FALSE
200,defense,88000000,0.014204545454545454,FALSE,NA,NA,NA,FALSE
201,defense,73000000,0.035205479452054794,TRUE,18.07300667015293,1.4609349965137355,0.6078223985856787,FALSE
202,defense,75000000,0.068,TRUE,21.470344182380572,0.619217817619429,0.2576257397150332,TRUE
203,defense,83500000,0.09281437125748503,TRUE,24.04098076760363,-5.52266576760363,-2.297706579322331,FALSE
204,defense,71400000,0.011204481792717087,FALSE,NA,NA,NA,FALSE
205,defense,75000000,0.05466666666666667,TRUE,20.089081924554797,0.9423000754451998,0.39204420005772816,TRUE
206,defense,83500000,0.03772455089820359,TRUE,18.333969043652825,-0.08353821031949238,-0.03475609489205043,FALSE
207,defense,71400000,0.052521008403361345,FALSE,NA,NA,NA,FALSE
208,defense,81500000,0.07668711656441718,TRUE,22.370283150362766,-0.2437448170294303,-0.10141009674160596,FALSE
209,forward,73000000,0.030821917808219176,TRUE,13.839979693340823,1.6316869733258414,0.6788638045050724,FALSE
210,forward,75000000,0.03833333333333333,TRUE,14.494079812959235,-2.0208970351814575,-0.8407947555160996,TRUE
211,forward,81500000,0.03803680981595092,TRUE,14.468258306008778,0.8253316939912221,0.34337947346571723,FALSE
212,forward,83500000,0.04790419161676647,FALSE,NA,NA,NA,FALSE
213,forward,71400000,0.05952380952380952,FALSE,NA,NA,NA,FALSE
214,forward,81500000,0.03803680981595092,TRUE,14.468258306008778,-1.7569033060087786,-0.7309600934262541,TRUE
215,forward,83500000,0.011976047904191617,TRUE,12.198866148587197,-1.982199481920528,-0.824694628064444,FALSE
216,forward,88000000,0.011363636363636364,TRUE,12.145536857910418,-0.526033524577084,-0.21885638950939842,FALSE
217,forward,73000000,0.04589041095890411,TRUE,15.152156225098127,-1.292312475098127,-0.5376669531572505,TRUE
218,forward,81500000,0.03067484662576687,TRUE,13.827172616204317,-0.05576136620431704,-0.02319953142035894,TRUE
219,defense,71400000,0.05952380952380952,FALSE,NA,NA,NA,FALSE
220,defense,81500000,0.04294478527607362,TRUE,18.87475749788956,1.341254585443771,0.5580293313418535,FALSE
221,forward,73000000,0.010616438356164383,TRUE,12.08047025302989,-2.575121086363227,-1.0713798212083143,FALSE
222,forward,79500000,0.011949685534591196,TRUE,12.19657049218909,-2.2872521588557593,-0.9516118764240367,FALSE
223,forward,81500000,0.012269938650306749,TRUE,12.224458391693164,-0.8590267250264976,-0.35739830019870217,TRUE
224,forward,82500000,0.021212121212121213,TRUE,13.003150858349594,-4.641139747238483,-1.9309474412411358,TRUE
225,defense,73000000,0.0136986301369863,TRUE,15.845011726879164,-1.690912560212496,-0.7035046258728919,FALSE
226,defense,79500000,0.01729559748427673,TRUE,16.217638369837463,0.7081949634958704,0.29464470520972286,FALSE
227,defense,81500000,0.008588957055214725,TRUE,15.315676833553209,-2.239181833553209,-0.9316122046412988,FALSE
228,defense,81500000,0.010122699386503068,FALSE,NA,NA,NA,FALSE
229,defense,82500000,0.009242424242424243,FALSE,NA,NA,NA,FALSE
230,defense,88000000,0.008806818181818181,FALSE,NA,NA,NA,FALSE
231,defense,71400000,0.011904761904761904,FALSE,NA,NA,NA,FALSE
232,defense,75000000,0.018666666666666668,TRUE,16.359673828425205,0.5864570049081301,0.2439955947672319,FALSE
233,defense,81500000,0.04294478527607362,TRUE,18.87475749788956,4.1187183354437735,1.713593872227231,TRUE
234,defense,82500000,0.05757575757575758,TRUE,20.390448235353148,0.18310009798018356,0.0761788450555073,TRUE
235,forward,71400000,0.014005602240896359,FALSE,NA,NA,NA,FALSE
236,forward,75000000,0.03666666666666667,TRUE,14.348945135961838,2.2483931973714952,0.9354445950376113,FALSE
237,forward,81500000,0.02147239263803681,FALSE,NA,NA,NA,FALSE
238,forward,81500000,0.029141104294478526,TRUE,13.693613097495053,2.1685952358382785,0.9022446316599722,FALSE
239,forward,83500000,0.03772455089820359,TRUE,14.441066547708688,1.2228584522913124,0.5087705882713365,TRUE
240,forward,71400000,0.052521008403361345,FALSE,NA,NA,NA,FALSE
241,forward,81500000,0.08588957055214724,TRUE,18.635315289737775,-1.6732852897377768,-0.6961707952465943,TRUE
242,defense,71400000,0.008228291316526611,FALSE,NA,NA,NA,FALSE
243,defense,75000000,0.010833333333333334,TRUE,15.548182251952564,2.505636914714099,1.0424709128884397,FALSE
244,defense,81500000,0.03067484662576687,TRUE,17.60365726062658,1.6586138504845316,0.6900667389957057,TRUE
245,defense,83500000,0.048502994011976046,TRUE,19.450558293991026,0.5302958726756408,0.22062974058323423,TRUE
246,forward,71400000,0.008403361344537815,FALSE,NA,NA,NA,FALSE
247,forward,73000000,0.008767123287671232,TRUE,11.919430405950584,-0.42356790595058413,-0.17622554129592763,FALSE
248,forward,79500000,0.008176100628930818,TRUE,11.867963676345923,-1.5752553430125893,-0.6553854095217548,FALSE
249,forward,81500000,0.009202453987730062,TRUE,11.957339354274637,0.5924923123920287,0.24650658607062276,TRUE
250,forward,81500000,0.015950920245398775,FALSE,NA,NA,NA,FALSE
251,forward,73000000,0.008561643835616438,FALSE,NA,NA,NA,FALSE
252,forward,75000000,0.008666666666666666,TRUE,11.910682562405535,0.7574991042611323,0.31515770624786704,TRUE
253,forward,81500000,0.009202453987730062,TRUE,11.957339354274637,-1.0027426876079701,-0.41719136511930083,TRUE
254,forward,81500000,0.009202453987730062,TRUE,11.957339354274637,-2.370976020941306,-0.9864452117833319,TRUE
255,forward,83500000,0.009281437125748504,TRUE,11.964217269609367,-2.122550602942699,-0.8830877497484741,TRUE
256,defense,71400000,0.04579831932773109,FALSE,NA,NA,NA,FALSE
257,defense,81500000,0.04785276073619632,TRUE,19.383197592794755,-0.32904592612809225,-0.1368996461453052,TRUE
258,defense,88000000,0.045454545454545456,TRUE,19.134755273693354,-0.6838302736933635,-0.2845077694583747,TRUE
259,forward,71400000,0.008403361344537815,FALSE,NA,NA,NA,FALSE
260,forward,73000000,0.00821917808219178,FALSE,NA,NA,NA,FALSE
261,forward,75000000,0.008666666666666666,TRUE,11.910682562405535,-4.100077562405536,-1.705838373586545,TRUE
262,forward,81500000,0.008588957055214725,TRUE,11.903915546790932,-4.548613880124266,-1.892452029320148,TRUE
263,forward,81500000,0.0098159509202454,TRUE,12.010763161758343,-5.144096495091676,-2.1402027315822525,FALSE
264,forward,82500000,0.009393939393939394,TRUE,11.974014057822583,4.396819275510751,1.8292978432073341,TRUE
265,forward,88000000,0.008806818181818181,FALSE,NA,NA,NA,FALSE
266,defense,73000000,0.04589041095890411,TRUE,19.179908616492764,-1.4303736164927656,-0.5951073282007796,FALSE
267,defense,81500000,0.03067484662576687,TRUE,17.60365726062658,0.08457357270675558,0.03518685769199256,TRUE
268,defense,83500000,0.04790419161676647,TRUE,19.38852555786113,0.12401194213887123,0.05159520191109915,TRUE
269,defense,71400000,0.062324929971988796,FALSE,NA,NA,NA,FALSE
270,defense,81500000,0.05521472392638037,TRUE,20.145857735152546,-0.05819995737476802,-0.024214107933297882,TRUE
271,defense,88000000,0.05113636363636364,TRUE,19.723361349471382,-0.00352134947138083,-0.0014650583955211484,TRUE
272,forward,71400000,0.06302521008403361,FALSE,NA,NA,NA,FALSE
273,forward,81500000,0.0736196319018405,TRUE,17.566839140063674,0.8368787766029904,0.34818364029483734,TRUE
274,forward,83500000,0.04940119760479042,FALSE,NA,NA,NA,FALSE
275,forward,71400000,0.010294117647058823,FALSE,NA,NA,NA,FALSE
276,forward,73000000,0.0273972602739726,TRUE,13.54175775430507,2.2611175790282623,0.940738577451334,TRUE
277,forward,82500000,0.025454545454545455,TRUE,13.3725845816157,0.9259204183843011,0.3852294393281102,TRUE
278,defense,73000000,0.012671232876712329,FALSE,NA,NA,NA,FALSE
279,defense,75000000,0.008666666666666666,TRUE,15.323727135055876,2.0346061982774586,0.8464984565127205,FALSE
280,defense,79500000,0.008490566037735849,TRUE,15.305484048631762,0.18995845136823775,0.07903226482888742,FALSE
281,defense,81500000,0.024539877300613498,FALSE,NA,NA,NA,FALSE
282,defense,83500000,0.0407185628742515,TRUE,18.644132724302327,-3.676242724302325,-1.5295017750966584,TRUE
283,forward,73000000,0.0273972602739726,TRUE,13.54175775430507,2.5816614123615977,1.074100925600603,FALSE
284,forward,79500000,0.06918238993710692,TRUE,17.180440532477128,-1.2071513658104607,-0.5022356507126042,TRUE
285,forward,83500000,0.06347305389221557,TRUE,16.68326694683018,-2.8593552801635127,-1.1896355340552425,FALSE
286,forward,88000000,0.056818181818181816,TRUE,16.103755321475845,0.020561345190820646,0.008554553201789366,FALSE
287,forward,92400000,0.05140692640692641,FALSE,NA,NA,NA,FALSE
288,forward,71400000,0.04551820728291316,FALSE,NA,NA,NA,FALSE
289,forward,75000000,0.06133333333333333,TRUE,16.49693835552334,0.22960331114332888,0.09552651941077649,FALSE
290,forward,81500000,0.05214723926380368,TRUE,15.697005878133997,0.9278202329771155,0.38601985770088393,TRUE
291,forward,88000000,0.06818181818181818,TRUE,17.093309937367195,-0.3622166040338648,-0.1507003156176037,TRUE
292,forward,81500000,0.06441717791411043,TRUE,16.765482027808098,0.5165186388585674,0.2148977187447865,TRUE
293,defense,73000000,0.015582191780821918,TRUE,16.040138672548046,1.2859221607852866,0.5350082611671101,FALSE
294,defense,79500000,0.01729559748427673,TRUE,16.217638369837463,1.7985824634958725,0.7483007181188583,FALSE
295,defense,81500000,0.011349693251533743,FALSE,NA,NA,NA,FALSE
296,defense,81500000,0.010429447852760737,TRUE,15.506341869142657,1.6064597975240087,0.6683680312215221,FALSE
297,defense,82500000,0.014545454545454545,TRUE,15.932738221460875,-1.8457565547942067,-0.7679275115028744,FALSE
298,forward,71400000,0.010661764705882353,FALSE,NA,NA,NA,FALSE
299,forward,73000000,0.00993150684931507,TRUE,12.020825865222738,-2.096632531889407,-0.872304529309564,FALSE
300,forward,75000000,0.013333333333333334,TRUE,12.317059657998252,0.7200475642239716,0.2995759829333893,FALSE
301,forward,81500000,0.02147239263803681,TRUE,13.02581550394874,-2.08564550394874,-0.8677333733771234,TRUE
302,forward,82500000,0.00909090909090909,TRUE,11.947625934732145,-1.8719442680654783,-0.778822916659163,FALSE
303,forward,83500000,0.009431137724550898,FALSE,NA,NA,NA,FALSE
304,forward,92400000,0.008387445887445888,FALSE,NA,NA,NA,FALSE
305,defense,81500000,0.07975460122699386,TRUE,22.68805820967851,-0.39475787634517445,-0.1642391207228889,TRUE
306,forward,71400000,0.0350140056022409,FALSE,NA,NA,NA,FALSE
307,forward,79500000,0.05345911949685535,TRUE,15.81124546646393,2.160907866869401,0.8990462997310181,FALSE
308,forward,81500000,0.0736196319018405,TRUE,17.566839140063674,0.85691252660299,0.3565186873754561,TRUE
309,defense,71400000,0.014705882352941176,FALSE,NA,NA,NA,FALSE
310,defense,75000000,0.024666666666666667,TRUE,16.981241844446807,-2.3245268444468064,-0.9671200193985994,FALSE
311,defense,79500000,0.024528301886792454,TRUE,16.96690799082786,-0.44071799082786,-0.18336083872594974,FALSE
312,defense,81500000,0.008588957055214725,FALSE,NA,NA,NA,FALSE
313,defense,81500000,0.008588957055214725,FALSE,NA,NA,NA,FALSE
314,defense,81500000,0.009202453987730062,FALSE,NA,NA,NA,FALSE
315,defense,82500000,0.00909090909090909,FALSE,NA,NA,NA,FALSE
316,defense,83500000,0.009281437125748504,FALSE,NA,NA,NA,FALSE
317,defense,88000000,0.008806818181818181,FALSE,NA,NA,NA,FALSE
318,forward,81500000,0.011042944785276074,TRUE,12.117610776725753,-1.8570857767257536,-0.7726410373373399,FALSE
319,forward,82500000,0.01090909090909091,TRUE,12.105954673274763,4.094471993391906,1.7035061750893958,FALSE
320,forward,83500000,0.025149700598802394,TRUE,13.346038445812145,1.6216323875211867,0.6746805913743346,FALSE
321,defense,73000000,0.008904109589041096,TRUE,15.34832495608565,5.103720043914349,2.1234040982005173,FALSE
322,defense,75000000,0.033666666666666664,FALSE,NA,NA,NA,FALSE
323,defense,81500000,0.012269938650306749,FALSE,NA,NA,NA,FALSE
324,defense,81500000,0.03680981595092025,TRUE,18.23920737925807,-0.36112737925806826,-0.15024714335641243,FALSE
325,defense,88000000,0.017045454545454544,TRUE,16.191724894803208,1.192348438530125,0.49607688883264794,FALSE
326,forward,73000000,0.03561643835616438,TRUE,14.257490407990872,2.6985395920091264,1.1227281237067583,FALSE
327,forward,79500000,0.06509433962264151,TRUE,16.8244498153137,1.4555968513529685,0.6056014618545039,FALSE
328,forward,81500000,0.08764241717791411,TRUE,18.78795458705177,-2.80505425371844,-1.167043577384843,TRUE
329,defense,75000000,0.08666666666666667,TRUE,23.40411134333666,0.1517986566633418,0.06315587196923504,TRUE
330,forward,71400000,0.10504201680672269,FALSE,NA,NA,NA,FALSE
331,forward,83500000,0.059880239520958084,TRUE,16.37040177485974,-0.6335601081930715,-0.2635928535691658,FALSE
332,forward,88000000,0.05397727272727273,TRUE,15.856366667503003,-0.997053334169669,-0.41482430808971216,TRUE
333,forward,88000000,0.008806818181818181,FALSE,NA,NA,NA,FALSE
334,forward,92400000,0.008387445887445888,FALSE,NA,NA,NA,FALSE
335,forward,73000000,0.07328767123287672,TRUE,17.537931737384135,1.1135786792825328,0.46330470929273654,TRUE
336,forward,81500000,0.06748466257668712,TRUE,17.032601065226622,0.5478922681067111,0.22795072563931001,TRUE
337,forward,71400000,0.008403361344537815,FALSE,NA,NA,NA,FALSE
338,forward,73000000,0.008732876712328768,TRUE,11.916448186560226,-0.5987373532268947,-0.24910483699114416,FALSE
339,forward,79500000,0.015723270440251572,TRUE,12.525177308032259,0.4219085253010739,0.17553515552999088,FALSE
340,forward,81500000,0.016564417177914112,FALSE,NA,NA,NA,FALSE
341,forward,83500000,0.009281437125748504,FALSE,NA,NA,NA,FALSE
342,forward,88000000,0.008806818181818181,FALSE,NA,NA,NA,FALSE
343,forward,81500000,0.11042944785276074,TRUE,20.772267589085985,-4.861885255752652,-2.022788669483515,TRUE
344,forward,88000000,0.03409090909090909,FALSE,NA,NA,NA,FALSE
345,forward,71400000,0.012605042016806723,FALSE,NA,NA,NA,FALSE
346,forward,75000000,0.03,TRUE,13.768406427972241,4.141389683138872,1.7230262925389412,TRUE
347,forward,81500000,0.06748466257668712,TRUE,17.032601065226622,2.5247743514400476,1.0504330485901003,TRUE
348,defense,73000000,0.04794520547945205,TRUE,19.392774375404272,0.942225624595725,0.39201322476176187,FALSE
349,defense,75000000,0.04666666666666667,TRUE,19.260324569859335,-0.8394912365260012,-0.3492705549490846,FALSE
350,defense,79500000,0.050314465408805034,TRUE,19.63821707435884,-0.8395329076921705,-0.34928789224898726,TRUE
351,defense,81500000,0.02392638036809816,TRUE,16.90455213013194,1.2347628698680602,0.5137234244088316,FALSE
352,defense,82500000,0.048484848484848485,TRUE,19.448678514108302,-0.4942601807749689,-0.20563708126709127,TRUE
353,forward,81500000,0.09815950920245399,FALSE,NA,NA,NA,FALSE
354,forward,81500000,0.0736196319018405,TRUE,17.566839140063674,-1.6435433067303418,-0.6837966352097595,FALSE
355,forward,75000000,0.10666666666666667,TRUE,20.444601569852594,-3.5898710142970387,-1.4935668018975505,TRUE
356,forward,79500000,0.12389937106918239,TRUE,21.945239362203054,-4.095082139980832,-1.7037600267419708,TRUE
357,defense,71400000,0.008403361344537815,FALSE,NA,NA,NA,FALSE
358,defense,73000000,0.010958904109589041,TRUE,15.561190714997155,-6.044524048330487,-2.51482585750386,FALSE
359,defense,75000000,0.008666666666666666,TRUE,15.323727135055876,-0.13563213505587512,-0.05642978630239394,TRUE
360,defense,81500000,0.008588957055214725,TRUE,15.315676833553209,-0.4958851668865414,-0.20631315717625998,TRUE
361,defense,81500000,0.009202453987730062,TRUE,15.379231845416358,-3.7042318454163556,-1.541146656470869,TRUE
362,defense,83500000,0.009281437125748504,TRUE,15.387414077482573,-4.479839077482573,-1.86383825416678,TRUE
363,defense,71400000,0.011911764705882353,FALSE,NA,NA,NA,FALSE
364,defense,73000000,0.009589041095890411,FALSE,NA,NA,NA,FALSE
365,defense,75000000,0.008666666666666666,FALSE,NA,NA,NA,FALSE
366,defense,79500000,0.008176100628930818,FALSE,NA,NA,NA,FALSE
367,defense,81500000,0.008588957055214725,TRUE,15.315676833553209,1.2980131664467898,0.5400387273274974,TRUE
368,defense,81500000,0.011042944785276074,TRUE,15.569896881005807,-0.9196810476724728,-0.38263354746380507,FALSE
369,defense,83500000,0.014970059880239521,TRUE,15.976725070716624,-0.3308917373832898,-0.1376675964149256,FALSE
370,defense,88000000,0.00909090909090909,FALSE,NA,NA,NA,FALSE
371,forward,71400000,0.04201680672268908,FALSE,NA,NA,NA,FALSE
372,forward,75000000,0.07666666666666666,TRUE,17.83217738389941,0.47696928276725714,0.1984431984962442,FALSE
373,forward,81500000,0.046012269938650305,FALSE,NA,NA,NA,FALSE
374,forward,81500000,0.06134969325153374,TRUE,16.498362990389573,3.2629686762770937,1.3575589961616976,FALSE
375,forward,75000000,0.07,TRUE,17.251638675909817,-2.0306482592431507,-0.8448517549120129,TRUE
376,forward,82500000,0.048484848484848485,TRUE,15.378081936488845,0.2477613968444885,0.10308119585493092,FALSE
377,forward,83500000,0.04790419161676647,FALSE,NA,NA,NA,FALSE
378,forward,73000000,0.008767123287671232,TRUE,11.919430405950584,2.9232145940494156,1.2162042187885063,FALSE
379,forward,79500000,0.0440251572327044,TRUE,14.989728426856013,3.1568793509217645,1.3134205037881894,TRUE
380,forward,82500000,0.06212121212121212,TRUE,16.565547475558475,2.497730857774858,1.0391815957705446,TRUE
381,forward,71400000,0.008403361344537815,FALSE,NA,NA,NA,FALSE
382,forward,73000000,0.007876712328767124,FALSE,NA,NA,NA,FALSE
383,forward,75000000,0.008666666666666666,TRUE,11.910682562405535,-1.6912392290722007,-0.7036405365399119,TRUE
384,forward,81500000,0.008588957055214725,TRUE,11.903915546790932,1.8627511198757354,0.7749981048800096,FALSE
385,forward,81500000,0.008588957055214725,FALSE,NA,NA,NA,FALSE
386,forward,81500000,0.009202453987730062,TRUE,11.957339354274637,-0.49015268760796893,-0.20392815762921693,FALSE
387,forward,82500000,0.010303030303030303,TRUE,12.053178427093892,-0.6593400937605605,-0.2743186235045347,FALSE
388,forward,88000000,0.011363636363636364,TRUE,12.145536857910418,-0.3323918579104177,-0.1382917219640721,TRUE
389,forward,81500000,0.07975460122699386,TRUE,18.101077214900723,-3.8743026315673905,-1.6119046528323464,TRUE
390,forward,71400000,0.01330532212885154,FALSE,NA,NA,NA,FALSE
391,forward,75000000,0.024666666666666667,TRUE,13.303975461580567,2.432406760641653,1.0120034875729187,FALSE
392,forward,81500000,0.024539877300613498,TRUE,13.292934541367266,1.4780787919660678,0.6149550792987599,TRUE
393,forward,83500000,0.02874251497005988,TRUE,13.658903617782588,-1.054338617782589,-0.4386578657581615,TRUE
394,defense,71400000,0.009348739495798319,FALSE,NA,NA,NA,FALSE
395,defense,75000000,0.008666666666666666,TRUE,15.323727135055876,-1.2903938017225443,-0.5368686885828293,FALSE
396,defense,79500000,0.00880503144654088,TRUE,15.338060988674822,-0.628802655341488,-0.26161351402955024,FALSE
397,defense,81500000,0.008588957055214725,TRUE,15.315676833553209,-4.226788500219872,-1.7585564933749953,FALSE
398,defense,81500000,0.009202453987730062,FALSE,NA,NA,NA,FALSE
399,defense,82500000,0.009242424242424243,TRUE,15.383372550734716,-1.1145325507347152,-0.4637015677672008,TRUE
400,defense,88000000,0.008806818181818181,FALSE,NA,NA,NA,FALSE
401,defense,71400000,0.05952380952380952,FALSE,NA,NA,NA,FALSE
402,defense,82500000,0.08484848484848485,TRUE,23.21575739908769,-2.5913807324210225,-1.078144651327784,FALSE
403,defense,83500000,0.04970059880239521,TRUE,19.574623766250827,0.9765662337491712,0.40630064444460245,FALSE
404,defense,92400000,0.01461038961038961,FALSE,NA,NA,NA,FALSE
405,forward,71400000,0.049019607843137254,FALSE,NA,NA,NA,FALSE
406,forward,79500000,0.09245283018867924,TRUE,19.206849230176662,0.6784307698233398,0.2822613044196959,FALSE
407,forward,81500000,0.1165644171779141,TRUE,21.306505663923033,-2.101798330589702,-0.8744537612494634,TRUE
408,forward,71400000,0.008473389355742296,FALSE,NA,NA,NA,FALSE
409,forward,73000000,0.00821917808219178,TRUE,11.871714895704864,-0.7182065623715328,-0.2988100336170813,FALSE
410,forward,75000000,0.008666666666666666,FALSE,NA,NA,NA,FALSE
411,forward,79500000,0.008176100628930818,FALSE,NA,NA,NA,FALSE
412,forward,81500000,0.008588957055214725,TRUE,11.903915546790932,-3.7955822134575996,-1.5791530016861,TRUE
413,forward,81500000,0.009202453987730062,TRUE,11.957339354274637,-2.0623393542746378,-0.8580368435311587,TRUE
414,forward,83500000,0.009281437125748504,TRUE,11.964217269609367,-0.993550602942701,-0.4133669958197911,TRUE
415,forward,81500000,0.008588957055214725,FALSE,NA,NA,NA,FALSE
416,forward,81500000,0.008588957055214725,FALSE,NA,NA,NA,FALSE
417,forward,81500000,0.009202453987730062,TRUE,11.957339354274637,-1.5649160209413058,-0.6510837317906346,FALSE
418,forward,82500000,0.00909090909090909,TRUE,11.947625934732145,0.18624406526785542,0.07748689349190441,FALSE
419,forward,83500000,0.009281437125748504,FALSE,NA,NA,NA,FALSE
420,forward,79500000,0.008490566037735849,FALSE,NA,NA,NA,FALSE
421,forward,81500000,0.008895705521472393,TRUE,11.930627450532786,0.003279216133883267,0.0013643187552725886,TRUE
422,forward,82500000,0.014545454545454545,TRUE,12.422612150359996,0.7240711829733364,0.30125001059722734,FALSE
423,forward,88000000,0.008806818181818181,TRUE,11.92288706933486,-0.31693540266819475,-0.1318610595996417,FALSE
424,forward,75000000,0.07066666666666667,TRUE,17.309692546708774,-1.167133380042106,-0.48558615696077173,TRUE
425,forward,82500000,0.07272727272727272,TRUE,17.48913178372374,-2.452647339279295,-1.0204245857639074,TRUE
426,defense,71400000,0.011554621848739496,FALSE,NA,NA,NA,FALSE
427,defense,75000000,0.05466666666666667,TRUE,20.089081924554797,1.0080925198896438,0.4194171642802749,TRUE
428,defense,82500000,0.05454545454545454,TRUE,20.0765249949382,-2.239236661604867,-0.9316350158669509,TRUE
429,forward,73000000,0.008904109589041096,TRUE,11.931359283512014,-5.171835950178681,-2.1517437393387087,FALSE
430,forward,75000000,0.008666666666666666,TRUE,11.910682562405535,-3.985127562405535,-1.6580133951418128,FALSE
431,forward,81500000,0.008588957055214725,FALSE,NA,NA,NA,FALSE
432,forward,81500000,0.008588957055214725,FALSE,NA,NA,NA,FALSE
433,forward,81500000,0.009202453987730062,TRUE,11.957339354274637,-3.8573393542746377,-1.6048470767481542,FALSE
434,forward,82500000,0.009242424242424243,FALSE,NA,NA,NA,FALSE
435,forward,88000000,0.008806818181818181,FALSE,NA,NA,NA,FALSE
436,forward,71400000,0.012955182072829132,FALSE,NA,NA,NA,FALSE
437,forward,75000000,0.008666666666666666,TRUE,11.910682562405535,-3.0856825624055357,-1.2837990607597183,FALSE
438,forward,79500000,0.010062893081761006,TRUE,12.032267084267506,-1.2417279176008371,-0.5166212343930559,FALSE
439,forward,81500000,0.008588957055214725,FALSE,NA,NA,NA,FALSE
440,forward,81500000,0.009202453987730062,TRUE,11.957339354274637,4.555722312392028,1.895409494478752,FALSE
441,forward,82500000,0.021212121212121213,TRUE,13.003150858349594,0.07292830831707242,0.03034184230774028,FALSE
442,forward,88000000,0.008806818181818181,TRUE,11.92288706933486,-4.117332069334862,-1.713017115839433,FALSE
443,defense,73000000,0.008904109589041096,TRUE,15.34832495608565,-0.2990816227523183,-0.12443298965937397,FALSE
444,defense,79500000,0.011320754716981131,TRUE,15.598676509019308,4.1148909909806886,1.712001504533037,FALSE
445,defense,81500000,0.03680981595092025,TRUE,18.23920737925807,1.6906870651863741,0.7034108086065702,TRUE
446,defense,88000000,0.05568181818181818,TRUE,20.194246210093805,1.250823789906196,0.5204055745143245,TRUE
447,forward,73000000,0.09246575342465753,TRUE,19.207974595984343,-0.13718726265100756,-0.05707679755699173,TRUE
448,forward,82500000,0.11818181818181818,TRUE,21.447350247289165,-2.3318069139558304,-0.9701488942776356,TRUE
449,defense,73000000,0.012671232876712329,FALSE,NA,NA,NA,FALSE
450,defense,79500000,0.009119496855345912,TRUE,15.370637928717882,-3.2403179287178823,-1.3481351465420686,TRUE
451,defense,81500000,0.009202453987730062,TRUE,15.379231845416358,-2.3009385120830217,-0.9573060873686283,FALSE
452,defense,82500000,0.009393939393939394,TRUE,15.399068712755463,0.3199146205778689,0.13310056401297207,FALSE
453,defense,88000000,0.03068181818181818,TRUE,17.604379476670477,-1.0205494766704781,-0.42459988450237457,TRUE
454,forward,73000000,0.012671232876712329,FALSE,NA,NA,NA,FALSE
455,forward,79500000,0.016037735849056604,TRUE,12.552561209352522,0.9796962906474782,0.40760290545975963,TRUE
456,forward,81500000,0.03067484662576687,TRUE,13.827172616204317,0.2596907171290166,0.10804439277070177,FALSE
457,forward,73000000,0.06506849315068493,TRUE,16.822199083698333,2.467974582968335,1.0268014896268518,TRUE
458,forward,82500000,0.06818181818181818,TRUE,17.093309937367195,3.577772840410585,1.488533353395243,TRUE
459,forward,73000000,0.00821917808219178,FALSE,NA,NA,NA,FALSE
460,forward,75000000,0.008666666666666666,FALSE,NA,NA,NA,FALSE
461,forward,81500000,0.008588957055214725,TRUE,11.903915546790932,-3.429957213457598,-1.4270346220092394,FALSE
462,forward,81500000,0.0098159509202454,FALSE,NA,NA,NA,FALSE
463,forward,81500000,0.009202453987730062,TRUE,11.957339354274637,-1.1156726876079688,-0.4641759220202447,FALSE
464,forward,82500000,0.009545454545454546,FALSE,NA,NA,NA,FALSE
465,forward,88000000,0.008806818181818181,FALSE,NA,NA,NA,FALSE
466,forward,73000000,0.015410958904109588,TRUE,12.497980967679942,2.9734640323200576,1.2371105111082394,FALSE
467,forward,79500000,0.03668763522012579,TRUE,14.350771094501871,0.4491339054981296,0.18686228229009366,TRUE
468,forward,81500000,0.03987730061349693,TRUE,14.628529728459892,1.0276469382067717,0.427552785285198,TRUE
469,forward,73000000,0.011506849315068493,TRUE,12.158007957179185,-0.15689795717918464,-0.06527743732159166,FALSE
470,forward,75000000,0.013333333333333334,TRUE,12.317059657998252,0.8866028420017482,0.3688713510897919,FALSE
471,forward,81500000,0.012269938650306749,TRUE,12.224458391693164,1.2865666083068366,0.5352763837319373,FALSE
472,forward,81500000,0.018404907975460124,TRUE,12.758696466530214,-0.29031479986354825,-0.12078555063645784,TRUE
473,forward,82500000,0.013333333333333334,TRUE,12.317059657998252,-0.7113013246649178,-0.29593710761034264,FALSE
474,forward,71400000,0.012955182072829132,FALSE,NA,NA,NA,FALSE
475,forward,75000000,0.0088,TRUE,11.922293336565327,2.473274996768005,1.029006728215085,FALSE
476,forward,79500000,0.022641509433962263,TRUE,13.127623137078066,3.737430196255266,1.5549588392744491,TRUE
477,forward,81500000,0.06012269938650307,TRUE,16.391515375422163,-0.18518037542216348,-0.0770443450452572,TRUE
478,forward,71400000,0.012605042016806723,FALSE,NA,NA,NA,FALSE
479,forward,75000000,0.04133333333333333,TRUE,14.755322231554553,3.158252768445445,1.313991914518643,FALSE
480,forward,81500000,0.06134969325153374,TRUE,16.498362990389573,0.5645478429437603,0.23488028203397288,TRUE
481,defense,71400000,0.028361344537815126,FALSE,NA,NA,NA,FALSE
482,defense,75000000,0.009666666666666667,TRUE,15.427321804392808,1.3918290289405242,0.5790708421734023,FALSE
483,defense,81500000,0.018404907975460124,TRUE,16.332557023363595,1.6875179766364035,0.702092308462231,TRUE
484,defense,81500000,0.03680981595092025,TRUE,18.23920737925807,-0.6230773792580706,-0.2592315113737905,FALSE
485,defense,83500000,0.011976047904191617,FALSE,NA,NA,NA,FALSE
486,defense,88000000,0.014204545454545454,TRUE,15.897421856914194,-0.9213801902475272,-0.38334047618956846,FALSE
487,forward,71400000,0.011204481792717087,FALSE,NA,NA,NA,FALSE
488,forward,75000000,0.008666666666666666,FALSE,NA,NA,NA,FALSE
489,forward,88000000,0.008806818181818181,FALSE,NA,NA,NA,FALSE
490,defense,73000000,0.008561643835616438,TRUE,15.312847329600398,0.6794926703996023,0.2827031084403153,FALSE
491,defense,79500000,0.018238993710691823,TRUE,16.315369189966642,3.5527616433666935,1.478127438132076,TRUE
492,defense,83500000,0.041916167664670656,TRUE,18.768198196562125,-0.9718015298954583,-0.404318288123599,TRUE
493,forward,73000000,0.03972602739726028,TRUE,14.615356734833775,1.6460007651662245,0.6848190614535604,FALSE
494,forward,79500000,0.04716981132075472,TRUE,15.263567440058655,3.2849720043857893,1.366713486744653,TRUE
495,forward,81500000,0.046012269938650305,FALSE,NA,NA,NA,FALSE
496,forward,71400000,0.08403361344537816,FALSE,NA,NA,NA,FALSE
497,forward,81500000,0.05521472392638037,TRUE,15.964124915552523,-0.1793986655525206,-0.07463886309754633,TRUE
498,forward,92400000,0.016233766233766232,FALSE,NA,NA,NA,FALSE
499,defense,73000000,0.014383561643835616,TRUE,15.915966979849665,3.338500520150335,1.388984040138458,FALSE
500,defense,79500000,0.03773584905660377,TRUE,18.33513947263641,1.0518388606969218,0.43761784114973085,FALSE
501,defense,81500000,0.03803680981595092,TRUE,18.366317402984368,0.0829459303489628,0.03450967665086884,FALSE
502,defense,81500000,0.04294478527607362,TRUE,18.87475749788956,-0.2697763867784495,-0.11224053834342743,TRUE
503,defense,88000000,0.04375,TRUE,18.958173450959947,1.6987482157067184,0.7067646524506347,TRUE
504,forward,73000000,0.010068493150684931,TRUE,12.032754742784169,2.892103590549162,1.2032604774070916,FALSE
505,forward,75000000,0.013333333333333334,TRUE,12.317059657998252,2.5919486753350807,1.0783809441300691,FALSE
506,forward,79500000,0.024842767295597486,TRUE,13.319310446319914,0.31764205368008547,0.13215506194337048,FALSE
507,forward,81500000,0.008588957055214725,FALSE,NA,NA,NA,FALSE
508,forward,81500000,0.010429447852760737,TRUE,12.064186969242048,1.899943030757953,0.7904718094146808,FALSE
509,forward,83500000,0.010778443113772455,TRUE,12.094577757930383,-0.17464942459704602,-0.07266294011951754,FALSE
510,forward,73000000,0.0136986301369863,TRUE,12.348869998162066,3.7032883351712655,1.5407541087794048,FALSE
511,forward,79500000,0.0660377358490566,TRUE,16.90660151927449,1.9403484807255111,0.8072825077508978,FALSE
512,forward,81500000,0.07239263803680981,TRUE,17.459991525096264,0.4143961415704034,0.17240962625649917,TRUE
513,forward,73000000,0.06529680821917808,TRUE,16.842080943929968,2.900700722736694,1.2068373165680766,FALSE
514,forward,79500000,0.11949685534591195,FALSE,NA,NA,NA,FALSE
515,forward,81500000,0.06288343558282208,TRUE,16.631922509098835,2.7843008242344993,1.1584091074611915,TRUE
516,forward,81500000,0.08588957055214724,TRUE,18.635315289737775,1.682331376928893,0.69993442225768,TRUE
517,forward,71400000,0.04551820728291316,FALSE,NA,NA,NA,FALSE
518,forward,73000000,0.08082191780821918,FALSE,NA,NA,NA,FALSE
519,forward,82500000,0.12727272727272726,TRUE,22.23899394000225,-4.371308384446692,-1.818684030112558,TRUE
520,defense,71400000,0.05835666666666667,FALSE,NA,NA,NA,FALSE
521,defense,81500000,0.049079754601226995,TRUE,19.510307616521054,3.008973633478945,1.2518842902296383,FALSE
522,defense,88000000,0.05965909090909091,FALSE,NA,NA,NA,FALSE
523,forward,73000000,0.03424657534246575,TRUE,14.138201632376573,0.7757233676234314,0.3227399159257537,FALSE
524,forward,79500000,0.0389937106918239,TRUE,14.551586005731789,3.0267964942682113,1.2592994962589565,FALSE
525,forward,81500000,0.05521472392638037,TRUE,15.964124915552523,2.3536667511141456,0.9792436854120573,TRUE
526,forward,82500000,0.06060606060606061,TRUE,16.433606860106295,0.19377591767148417,0.08062052271202139,TRUE
527,forward,71400000,0.03676470588235294,FALSE,NA,NA,NA,FALSE
528,forward,75000000,0.07133333333333333,TRUE,17.367746417507735,2.5801881658255965,1.0734879809826994,TRUE
529,forward,81500000,0.10429447852760736,FALSE,NA,NA,NA,FALSE
530,forward,73000000,0.0839041095890411,TRUE,18.462419748394964,2.4949583468431307,1.038028091851035,TRUE
531,forward,83500000,0.10179640718562874,FALSE,NA,NA,NA,FALSE
532,forward,71400000,0.06069093837535014,FALSE,NA,NA,NA,FALSE
533,forward,81500000,0.0950920245398773,TRUE,19.436672401993356,-1.0336907353266902,-0.4300673087039404,TRUE
534,defense,71400000,0.08053221288515407,FALSE,NA,NA,NA,FALSE
535,defense,81500000,0.11042944785276074,TRUE,25.86580880283597,-4.9238704695026385,-2.04857763435072,TRUE
536,defense,81500000,0.0736196319018405,TRUE,22.05250809104702,1.0255023256196445,0.42666051864099047,TRUE
537,defense,71400000,0.012254901960784314,FALSE,NA,NA,NA,FALSE
538,defense,73000000,0.012585616438356165,TRUE,15.729709440802099,0.48085889253123604,0.20006147168563707,FALSE
539,defense,75000000,0.012862506666666667,TRUE,15.758393792446553,0.9021445408867788,0.3753374790947602,FALSE
540,defense,79500000,0.02688679245283019,TRUE,17.211235041150815,-1.9404942078174834,-0.8073431375467429,TRUE
541,defense,81500000,0.05644171779141104,TRUE,20.272967758878842,-0.9561460922121796,-0.3978048390610009,TRUE
542,forward,71400000,0.012240896358543417,FALSE,NA,NA,NA,FALSE
543,forward,73000000,0.03767123287671233,TRUE,14.436423571412325,2.256970595254339,0.9390132237358183,FALSE
544,forward,79500000,0.0660377358490566,TRUE,16.90660151927449,2.22447098072551,0.9254917503621485,TRUE
545,forward,82500000,0.09696969696969697,FALSE,NA,NA,NA,FALSE
546,forward,73000000,0.012671232876712329,TRUE,12.25940341645134,1.6099015835486608,0.6697999872236131,FALSE
547,forward,79500000,0.023270440251572325,TRUE,13.182390939718594,2.6111757269480744,1.0863803641296095,FALSE
548,forward,81500000,0.03190184049079755,TRUE,13.93402023117173,3.2921281021616053,1.3696907831507148,TRUE
549,forward,81500000,0.04171779141104295,TRUE,14.788801150911011,-0.08869323424434228,-0.03690084398372527,FALSE
550,defense,73000000,0.05273972602739726,TRUE,19.889461146197785,-0.2787124795311229,-0.11595840213878826,TRUE
551,defense,81500000,0.053987730061349694,FALSE,NA,NA,NA,FALSE
552,forward,73000000,0.00821917808219178,TRUE,11.871714895704864,-0.7463365623715301,-0.3105135276897231,FALSE
553,forward,75000000,0.0088,TRUE,11.922293336565327,1.3642799967680048,0.5676090599217801,FALSE
554,forward,79500000,0.02169811320754717,TRUE,13.045471433117273,-0.313358099783942,-0.13037272177163245,FALSE
555,forward,81500000,0.008588957055214725,TRUE,11.903915546790932,-0.3722488801242658,-0.1548742467857205,FALSE
556,forward,81500000,0.011349693251533743,FALSE,NA,NA,NA,FALSE
557,forward,81500000,0.009202453987730062,TRUE,11.957339354274637,2.367660645725362,0.9850658490322337,FALSE
558,forward,82500000,0.009242424242424243,TRUE,11.960819996277365,0.1370033370559689,0.05700027526366282,FALSE
559,forward,88000000,0.03125,TRUE,13.877257435720288,1.9596458976130435,0.8153112032418526,TRUE
560,forward,73000000,0.0125,TRUE,12.244492319499553,3.8402710138337817,1.5977457891129103,FALSE
561,forward,79500000,0.03878406289308176,TRUE,14.533329706399599,3.777417793600403,1.5715956899146213,TRUE
562,forward,81500000,0.06748466257668712,TRUE,17.032601065226622,1.0429697681067154,0.43392785279000096,TRUE
563,forward,71400000,0.01224264705882353,FALSE,NA,NA,NA,FALSE
564,forward,73000000,0.026541095890410957,TRUE,13.467202269546132,2.469078563787205,1.0272608011437363,FALSE
565,forward,79500000,0.050314465408805034,TRUE,15.537406453261292,-0.11215061992796116,-0.04666029561216228,FALSE
566,forward,81500000,0.024539877300613498,TRUE,13.292934541367266,1.35639879196607,0.5643300825423018,TRUE
567,forward,82500000,0.030303030303030304,TRUE,13.794794551062678,-1.1705528843960096,-0.48700884266774963,FALSE
568,forward,83500000,0.023952095808383235,TRUE,13.241750055155334,1.491349944844666,0.6204765460265171,FALSE
569,forward,92400000,0.032467532467532464,FALSE,NA,NA,NA,FALSE
570,forward,73000000,0.05279002739726028,TRUE,15.752980387010185,2.530965946323148,1.053009063308002,TRUE
571,forward,82500000,0.06060606060606061,TRUE,16.433606860106295,1.6739031398937065,0.6964278519702952,TRUE
572,defense,73000000,0.0136986301369863,TRUE,15.845011726879164,1.7347607731208363,0.721747686657419,FALSE
573,defense,79500000,0.04874213836477988,TRUE,19.475332374143534,-0.8880323741435348,-0.36946610832221466,TRUE
574,defense,82500000,0.022424242424242423,TRUE,16.74893864653974,-0.5103269798730743,-0.21232167735706714,FALSE
575,defense,88000000,0.017045454545454544,TRUE,16.191724894803208,-2.145184894803208,-0.8925047529702281,TRUE
576,forward,71400000,0.008403361344537815,FALSE,NA,NA,NA,FALSE
577,forward,73000000,0.010273972602739725,TRUE,12.050648059126315,5.157068607540351,2.145599782458638,FALSE
578,forward,79500000,0.06289308176100629,TRUE,16.63276250607185,0.9728338272614856,0.4047477757206308,TRUE
579,forward,88000000,0.0625,TRUE,16.59853262942152,1.5428957039118174,0.6419221729626098,TRUE
580,forward,75000000,0.008666666666666666,TRUE,11.910682562405535,-0.9641908957388665,-0.40115188173395355,FALSE
581,forward,79500000,0.011635220125786163,FALSE,NA,NA,NA,FALSE
582,forward,81500000,0.04468303067484663,TRUE,15.0470165765743,-0.717989909907633,-0.2987198953011526,TRUE
583,defense,71400000,0.047619047619047616,FALSE,NA,NA,NA,FALSE
584,defense,73000000,0.07191780821917808,TRUE,21.876208229371844,-0.9288023960385097,-0.3864284869069769,FALSE
585,defense,81500000,0.07975460122699386,TRUE,22.68805820967851,-2.319895987456288,-0.9651933501010598,TRUE
586,forward,73000000,0.024657534246575342,TRUE,13.30318020307647,1.0111302135901958,0.4206809975621418,FALSE
587,forward,81500000,0.018404907975460124,TRUE,12.758696466530214,0.3303185334697858,0.1374291147724048,FALSE
588,forward,83500000,0.009580838323353293,TRUE,11.99028936727357,-0.7593052006069048,-0.3159091331187298,FALSE
589,forward,73000000,0.007876712328767124,TRUE,11.841892701801289,3.525607298198711,1.4668298655149417,FALSE
590,forward,75000000,0.013333333333333334,TRUE,12.317059657998252,3.6810703420017443,1.5315103067401046,FALSE
591,forward,79500000,0.06498950943396227,FALSE,NA,NA,NA,FALSE
592,defense,73000000,0.0684931506849315,TRUE,21.521431964519333,1.4444257021473312,0.6009537022202066,TRUE
593,defense,81500000,0.09202453987730061,FALSE,NA,NA,NA,FALSE
594,defense,73000000,0.07826595890410959,TRUE,22.53384280047835,0.33509053285498425,0.13941450640124683,TRUE
595,defense,82500000,0.07878787878787878,TRUE,22.58791091825779,-0.14466369603556828,-0.06018736967930656,TRUE
596,defense,73000000,0.03493150684931507,TRUE,18.044624568964732,4.025732097701933,1.674906922982688,FALSE
597,defense,79500000,0.07547169811320754,TRUE,22.244372277803695,0.32030230552964056,0.1332618604415221,TRUE
598,defense,83500000,0.046706586826347304,TRUE,19.26446008560133,0.46821491439866847,0.19480094117980232,FALSE
599,defense,88000000,0.04261363636363636,TRUE,18.84045223580434,-3.7208455691376727,-1.548058800697565,TRUE
600,forward,75000000,0.009666666666666667,TRUE,11.997763368603973,-1.495723368603974,-0.6222961101589102,FALSE
601,forward,79500000,0.009433962264150943,TRUE,11.977499281626978,-1.8420826149603116,-0.7663989678459515,FALSE
602,forward,81500000,0.008588957055214725,TRUE,11.903915546790932,-0.6155822134575999,-0.25611314562479354,FALSE
603,forward,81500000,0.008588957055214725,FALSE,NA,NA,NA,FALSE
604,forward,81500000,0.009202453987730062,FALSE,NA,NA,NA,FALSE
605,forward,82500000,0.00909090909090909,TRUE,11.947625934732145,2.6234840652678546,1.0915012516009792,FALSE
606,forward,83500000,0.009281437125748504,TRUE,11.964217269609367,0.13120606372396892,0.054588318133248576,TRUE
607,forward,75000000,0.01,TRUE,12.026790304003454,-1.5662811373367855,-0.6516516888344656,FALSE
608,forward,81500000,0.008588957055214725,TRUE,11.903915546790932,-2.737248880124266,-1.1388331334476671,FALSE
609,forward,81500000,0.009202453987730062,TRUE,11.957339354274637,-3.861229354274638,-1.6064655122953486,FALSE
610,forward,82500000,0.009242424242424243,TRUE,11.960819996277365,-1.4974866629440342,-0.623029729243774,TRUE
611,forward,88000000,0.008806818181818181,TRUE,11.92288706933486,-2.2516754026681944,-0.9368101574348782,TRUE
612,defense,71400000,0.012955182072829132,FALSE,NA,NA,NA,FALSE
613,defense,79500000,0.0660377358490566,TRUE,21.267064076511875,-0.03630074317854337,-0.01510293397165361,TRUE
614,defense,88000000,0.07954545454545454,TRUE,22.66639172836153,-0.9513917283615285,-0.39582678470105487,TRUE
615,forward,71400000,0.0196078431372549,FALSE,NA,NA,NA,FALSE
616,forward,75000000,0.05,TRUE,15.510022551941027,3.246702811949831e-4,1.3507915789295422e-4,TRUE
617,forward,81500000,0.03987730061349693,TRUE,14.628529728459892,-0.4660202840154479,-0.19388786461806523,FALSE
618,forward,88000000,0.008806818181818181,TRUE,11.92288706933486,-0.0019287360015241006,-8.024511326530522e-4,FALSE
619,forward,75000000,0.012833333333333334,TRUE,12.273519254899032,0.7120690784343005,0.2962565317727749,FALSE
620,forward,81500000,0.02822085889570552,TRUE,13.613477386269496,0.9936642803971711,0.41341429135532554,TRUE
621,forward,81500000,0.03680981595092025,TRUE,14.361410691041366,1.9286497256253003,0.8024152375421307,TRUE
622,forward,73000000,0.020462328767123287,FALSE,NA,NA,NA,FALSE
623,forward,79500000,0.021069182389937106,TRUE,12.990703630476744,-1.0878427971434128,-0.4525972886006132,FALSE
624,forward,81500000,0.008588957055214725,FALSE,NA,NA,NA,FALSE
625,forward,81500000,0.009202453987730062,TRUE,11.957339354274637,1.6873973123920312,0.7020421060708769,FALSE
626,forward,82500000,0.00909090909090909,TRUE,11.947625934732145,0.49204073193451947,0.20471367897954296,FALSE
627,forward,83500000,0.009281437125748504,TRUE,11.964217269609367,0.7029693970573003,0.29247060688622456,FALSE
628,forward,88000000,0.00909090909090909,TRUE,11.947625934732145,0.39542906526785515,0.16451836905485537,TRUE
629,defense,73000000,0.055936068493150685,TRUE,20.220585187025108,-1.7980028536917771,-0.7480595713038325,TRUE
630,defense,82500000,0.02727272727272727,TRUE,17.25121583120366,1.4558341687963399,0.6057001978407048,FALSE
631,defense,83500000,0.03592814371257485,TRUE,18.147870835263127,-0.16391833526312638,-0.06819826751331312,FALSE
632,defense,92400000,0.03787878787878788,FALSE,NA,NA,NA,FALSE
633,defense,71400000,0.012955182072829132,FALSE,NA,NA,NA,FALSE
634,defense,75000000,0.065,FALSE,NA,NA,NA,FALSE
635,forward,73000000,0.015753424657534248,TRUE,12.527803161583515,0.6317518384164842,0.2628405224418274,FALSE
636,forward,75000000,0.021333333333333333,TRUE,13.013706107585767,0.6468938924142353,0.26914037808385793,FALSE
637,forward,81500000,0.0196319018404908,TRUE,12.865544081497625,0.9281742518357099,0.38616714734230456,FALSE
638,forward,81500000,0.026993865030674847,TRUE,13.506629771302084,0.3764502286979159,0.15662221899079767,TRUE
639,forward,83500000,0.029940119760479042,TRUE,13.763192008439402,-1.9134570084394014,-0.7960943034670327,FALSE
640,forward,88000000,0.009659090909090909,TRUE,11.997103665526714,-0.5109136655267132,-0.2125657680812004,TRUE
641,defense,73000000,0.038356164383561646,TRUE,18.39940083381724,4.872844999516094,2.027348473826676,FALSE
642,defense,79500000,0.05408805031446541,TRUE,20.029140354875565,2.531894645124435,1.0533954486942847,FALSE
643,defense,81500000,0.05521472392638037,TRUE,20.145857735152546,0.395212264847455,0.16442816918158484,FALSE
644,defense,81500000,0.015337423312883436,FALSE,NA,NA,NA,FALSE
645,defense,81500000,0.03987730061349693,TRUE,18.556982438573815,2.0940171447595155,0.8712163967901062,FALSE
646,forward,73000000,0.0273972602739726,TRUE,13.54175775430507,0.9152872456949304,0.3808055049682297,FALSE
647,forward,79500000,0.06498952201257861,TRUE,16.815322213325626,1.3279031200077114,0.5524744505529442,TRUE
648,forward,83500000,0.07784431137724551,FALSE,NA,NA,NA,FALSE
649,forward,73000000,0.0410958904109589,TRUE,14.734645510448075,2.9279969895519287,1.2181939357247555,FALSE
650,forward,79500000,0.07075471698113207,TRUE,17.317360039078448,1.8176660720326652,0.7562404585879302,TRUE
651,forward,82500000,0.09863636363636363,TRUE,19.745316307956035,-0.7849151968449242,-0.32656417894781153,TRUE
652,forward,75000000,0.03813333333333333,TRUE,14.476663651719548,2.9255713482804566,1.217184747020773,FALSE
653,forward,81500000,0.06625766871165645,TRUE,16.92575345025921,0.6250665497407901,0.260059106288614,TRUE
654,forward,88000000,0.06136363636363636,TRUE,16.499577167832385,0.4724878321676158,0.19657868976784945,TRUE
655,defense,75000000,0.010666666666666666,TRUE,15.530916473729741,2.320725192936928,0.9655383412645036,FALSE
656,defense,79500000,0.013836477987421384,TRUE,15.859292029363793,1.2990413039695419,0.5404664842206147,FALSE
657,defense,81500000,0.008588957055214725,TRUE,15.315676833553209,-6.982343500219875,-2.9050058929250007,FALSE
658,defense,81500000,0.008588957055214725,FALSE,NA,NA,NA,FALSE
659,defense,82500000,0.00909090909090909,TRUE,15.367676388713967,1.5781569446193657,0.6565926216513701,FALSE
660,defense,83500000,0.008982035928143712,FALSE,NA,NA,NA,FALSE
661,defense,83500000,0.009281437125748504,FALSE,NA,NA,NA,FALSE
662,defense,73000000,0.04532635616438356,TRUE,19.121475546566497,4.309130286766834,1.7928148158344053,FALSE
663,defense,79500000,0.06918238993710692,TRUE,21.59283347694248,1.2852148563908514,0.5347139869833978,FALSE
664,defense,81500000,0.09815950920245399,TRUE,24.594708565572986,-2.987859565572986,-1.243099776593422,TRUE
665,forward,73000000,0.0821917808219178,TRUE,18.313308778877087,-0.30191377887708626,-0.12561130897750483,TRUE
666,forward,82500000,0.10303030303030303,TRUE,20.127944092767358,-1.7627502038784684,-0.7333926968589333,TRUE
667,forward,75000000,0.029333333333333333,TRUE,13.710352557173282,2.153747998382272,0.8960674345194996,FALSE
668,forward,81500000,0.03987730061349693,TRUE,14.628529728459892,-0.8862518117932243,-0.36872530487703764,TRUE
669,defense,73000000,0.012671232876712329,FALSE,NA,NA,NA,FALSE
670,defense,79500000,0.01761006289308176,TRUE,16.250215309880524,2.3446038567861436,0.9754730657871459,FALSE
671,defense,81500000,0.04524539877300614,TRUE,19.113088792376374,-1.2603821257097039,-0.5243823226984938,TRUE
672,defense,88000000,0.03125,TRUE,17.66324008424828,2.7481015824183856,1.1433484031587011,FALSE
673,defense,71400000,0.012955182072829132,FALSE,NA,NA,NA,FALSE
674,defense,75000000,0.07333333333333333,TRUE,22.022849085510884,0.9677504978224505,0.4026328551390795,TRUE
675,defense,81500000,0.07975460122699386,FALSE,NA,NA,NA,FALSE
676,forward,75000000,0.009,TRUE,11.939709497805014,-1.4631228311383477,-0.6087326477702173,FALSE
677,forward,79500000,0.00880503144654088,TRUE,11.922731478986451,1.8959618543468792,0.7888154398971142,FALSE
678,forward,81500000,0.03374233128834356,TRUE,14.094291653622843,-0.012619431400622716,-0.005250317831401073,TRUE
679,forward,83500000,0.009281437125748504,TRUE,11.964217269609367,1.2855477303906326,0.534852479300617,FALSE
680,forward,88000000,0.017045454545454544,TRUE,12.640314165856095,0.5933108341439048,0.24684713226583824,TRUE
681,defense,75000000,0.029333333333333333,TRUE,17.464683634685827,5.73789969864751,2.3872547142744707,FALSE
682,defense,81500000,0.07116564417177915,TRUE,21.798288043594425,-0.19598104359442559,-0.08153796594588475,TRUE
683,defense,88000000,0.05965909090909091,FALSE,NA,NA,NA,FALSE
684,forward,75000000,0.008666666666666666,TRUE,11.910682562405535,0.08197243759446415,0.034104654728293805,FALSE
685,forward,81500000,0.012883435582822086,TRUE,12.277882199176869,2.0469894674897997,0.85165051900211175,FALSE
686,forward,81500000,0.03374233128834356,TRUE,14.094291653622843,4.844877790821595,2.015712709120511,TRUE
687,forward,88000000,0.07102272727272728,TRUE,17.340698591340036,2.1629230753266313,0.8998847277521462,TRUE
688,defense,75000000,0.06,TRUE,20.64158682768511,-0.1586871610184417,-0.06602183606057123,TRUE
689,defense,83500000,0.04940119760479042,TRUE,19.543607398185877,-0.45615906485254243,-0.18978510173068175,FALSE
690,defense,88000000,0.03636363636363636,TRUE,18.19298555244851,0.18542944755149193,0.07714797157171494,TRUE
691,forward,73000000,0.012671232876712329,FALSE,NA,NA,NA,FALSE
692,forward,79500000,0.008176100628930818,TRUE,11.867963676345923,-3.8357803430125905,-1.5958774443088575,FALSE
693,forward,81500000,0.009202453987730062,TRUE,11.957339354274637,-3.0034193542746372,-1.249573430871465,FALSE
694,forward,81500000,0.011042944785276074,TRUE,12.117610776725753,-4.1485641100590875,-1.7260112147904647,TRUE
695,forward,82500000,0.00909090909090909,FALSE,NA,NA,NA,FALSE
696,forward,83500000,0.009281437125748504,FALSE,NA,NA,NA,FALSE
697,forward,71400000,0.012955182072829132,FALSE,NA,NA,NA,FALSE
698,forward,79500000,0.028930817610062894,TRUE,13.675301163483343,-0.7222953301500095,-0.30051116655201965,FALSE
699,forward,81500000,0.008588957055214725,TRUE,11.903915546790932,-2.3423522134575983,-0.9745362689741585,FALSE
700,forward,81500000,0.010429447852760737,FALSE,NA,NA,NA,FALSE
701,forward,83500000,0.009281437125748504,FALSE,NA,NA,NA,FALSE
702,forward,88000000,0.008806818181818181,TRUE,11.92288706933486,-3.355178736001527,-1.39592301633315,FALSE
703,defense,75000000,0.021333333333333333,TRUE,16.63592627999036,3.0426231644540778,1.2658841866503523,TRUE
704,defense,81500000,0.0705521472392638,TRUE,21.734733031731274,-0.5600192817312752,-0.23299617292242225,TRUE
705,forward,73000000,0.05171232876712329,FALSE,NA,NA,NA,FALSE
706,forward,79500000,0.028616352201257862,TRUE,13.64791726216308,1.2824785711702518,0.5335755547807547,FALSE
707,forward,81500000,0.011042944785276074,FALSE,NA,NA,NA,FALSE
708,forward,81500000,0.0098159509202454,TRUE,12.010763161758343,2.41325517157499,1.004035463786094,FALSE
709,forward,82500000,0.00909090909090909,TRUE,11.947625934732145,1.662867398601188,0.6918364288347029,FALSE
710,forward,83500000,0.009580838323353293,TRUE,11.99028936727357,-0.47476853394023877,-0.19752757635431795,FALSE
711,forward,71400000,0.00857843137254902,FALSE,NA,NA,NA,FALSE
712,forward,75000000,0.024,TRUE,13.245921590781606,1.0021075758850628,0.41692712671601206,FALSE
713,forward,81500000,0.024539877300613498,TRUE,13.292934541367266,-2.033306208033933,-0.845957595221942,TRUE
714,forward,81500000,0.022085889570552148,TRUE,13.079239311432447,0.7476006885675535,0.3110394677338835,FALSE
715,forward,88000000,0.03465909090909091,TRUE,14.174123820487695,1.1096845128456359,0.46168454029834943,TRUE
716,defense,75000000,0.055555546666666664,TRUE,20.18116515423501,1.467882512431654,0.6107129144536115,TRUE
717,defense,83500000,0.0748502994011976,TRUE,22.17999868370663,-2.008233683706628,-0.8355261647260014,TRUE
718,forward,75000000,0.008666666666666666,TRUE,11.910682562405535,-1.6234292290722028,-0.6754281677853475,FALSE
719,forward,79500000,0.013207547169811321,TRUE,12.306106097470145,-3.1205510974701447,-1.2983061241600165,FALSE
720,forward,81500000,0.008588957055214725,TRUE,11.903915546790932,1.934319453209067,0.8047741292296571,FALSE
721,forward,81500000,0.008895705521472393,TRUE,11.930627450532786,2.099927549467214,0.873675422259835,TRUE
722,forward,82500000,0.00909090909090909,FALSE,NA,NA,NA,FALSE
723,forward,88000000,0.008806818181818181,FALSE,NA,NA,NA,FALSE
724,forward,73000000,0.008561643835616438,TRUE,11.90153708960844,2.518945688169337,1.0480080316672353,FALSE
725,forward,81500000,0.03505696932515338,TRUE,14.208771393727375,1.2746352729392925,0.5303123484403351,TRUE
726,forward,73000000,0.012671232876712329,FALSE,NA,NA,NA,FALSE
727,forward,79500000,0.008176100628930818,TRUE,11.867963676345923,-0.8108220096792564,-0.3373427154016927,FALSE
728,forward,81500000,0.009202453987730062,TRUE,11.957339354274637,3.8542539790586954,1.6035634055589731,TRUE
729,forward,81500000,0.026993865030674847,TRUE,13.506629771302084,0.45723856203125024,0.19023422682248559,FALSE
730,forward,83500000,0.022754491017964073,TRUE,13.137461664498518,1.7978316688348173,0.7479883497980111,FALSE
731,forward,88000000,0.020454545454545454,TRUE,12.937180550623502,1.3902827827098303,0.5784275260128701,TRUE
732,defense,73000000,0.021917808219178082,TRUE,16.696474762525188,3.0204924596970315,1.2566767009785607,FALSE
733,defense,81500000,0.03496932515337423,TRUE,18.048542343668622,0.48024432299804687,0.19980577986591055,TRUE
734,defense,81500000,0.049079754601226995,TRUE,19.510307616521054,0.9658923834789448,0.40185978616625645,FALSE
735,defense,88000000,0.053409090909090906,FALSE,NA,NA,NA,FALSE
736,forward,75000000,0.011833333333333333,TRUE,12.186438448700592,2.216670717966071,0.9222464489412403,FALSE
737,forward,81500000,0.025766871165644172,TRUE,13.399782156334677,-0.19782215633467715,-0.08230396139709703,TRUE
738,forward,81500000,0.03374233128834356,TRUE,14.094291653622843,-1.3903274869561795,-0.5784461252265981,FALSE
739,defense,73000000,0.010273972602739725,TRUE,15.490235462026654,0.24517453797334454,0.10200493252520475,FALSE
740,defense,79500000,0.016352201257861635,TRUE,16.11990754970828,0.6786207836250533,0.2823403597130508,FALSE
741,defense,81500000,0.018404907975460124,TRUE,16.332557023363595,-1.922787023363595,-0.7999760586878991,TRUE
742,defense,81500000,0.0098159509202454,FALSE,NA,NA,NA,FALSE
743,defense,82500000,0.00909090909090909,TRUE,15.367676388713967,1.5323236112860315,0.6375236509796266,FALSE
744,defense,83500000,0.009281437125748504,FALSE,NA,NA,NA,FALSE
745,defense,88000000,0.008806818181818181,FALSE,NA,NA,NA,FALSE
746,forward,75000000,0.012333333333333333,FALSE,NA,NA,NA,FALSE
747,forward,81500000,0.00950920245398773,TRUE,11.98405125801649,-0.8420229246831568,-0.3503238644884038,FALSE
748,forward,81500000,0.008588957055214725,FALSE,NA,NA,NA,FALSE
749,forward,81500000,0.009202453987730062,TRUE,11.957339354274637,-3.794764354274637,-1.5788127311528595,FALSE
750,forward,83500000,0.009281437125748504,TRUE,11.964217269609367,-3.9100506029427002,-1.6267776059464576,TRUE
751,defense,71400000,0.012955182072829132,FALSE,NA,NA,NA,FALSE
752,defense,75000000,0.07066666666666667,FALSE,NA,NA,NA,FALSE
753,defense,88000000,0.07342329545454546,TRUE,22.0321686817107,-0.31121701504403276,-0.12948192288920962,TRUE
754,forward,75000000,0.0185,TRUE,12.766977156690189,2.5471061766431475,1.0597242104776148,FALSE
755,forward,79500000,0.03773584905660377,TRUE,14.442050400450736,1.9675020995492645,0.81857977817232,FALSE
756,forward,81500000,0.014723926380368098,FALSE,NA,NA,NA,FALSE
757,forward,81500000,0.033128834355828224,TRUE,14.040867846139136,1.1930604871941952,0.49637313687101897,FALSE
758,forward,82500000,0.03636363636363636,TRUE,14.322557012871401,1.6809396537952654,0.6993553954732801,FALSE
759,forward,83500000,0.05089820359281437,TRUE,15.588238844933638,-2.490620511600307,-1.0362233343305056,TRUE
760,defense,75000000,0.008666666666666666,TRUE,15.323727135055876,-2.3380471350558754,-0.9727451399461873,FALSE
761,defense,79500000,0.011320754716981131,TRUE,15.598676509019308,2.244305157647359,0.9337437650098773,FALSE
762,defense,81500000,0.022699386503067485,TRUE,16.77744210640564,0.6697137269276929,0.2786345763763195,TRUE
763,defense,82500000,0.03333333333333333,TRUE,17.879062312033557,-0.19060786758911163,-0.07930245462240593,TRUE
764,defense,71400000,0.012955182072829132,FALSE,NA,NA,NA,FALSE
765,defense,75000000,0.008666666666666666,TRUE,15.323727135055876,3.23150953161079,1.3444704105544276,FALSE
766,defense,79500000,0.01509433962264151,TRUE,15.989599789536037,5.493355210463967,2.2855119141339233,FALSE
767,defense,81500000,0.03680981595092025,FALSE,NA,NA,NA,FALSE
768,defense,81500000,0.0098159509202454,TRUE,15.442786857279508,0.7752914760538268,0.3225602273219537,FALSE
769,defense,82500000,0.009696969696969697,TRUE,15.430461036796958,4.342395629869712,1.8066548707874435,FALSE
770,defense,83500000,0.009880239520958085,TRUE,15.449446813612472,1.9424381863875269,0.8081519303541318,FALSE
771,defense,88000000,0.022727272727272728,TRUE,16.78033097058124,-0.4658876372479064,-0.19383267689472083,TRUE
772,forward,75000000,0.024666666666666667,TRUE,13.303975461580567,3.7361512050860988,1.5544267146542106,FALSE
773,forward,81500000,0.06748466257668712,TRUE,17.032601065226622,-1.0849127318932883,-0.45137823416452044,TRUE
774,defense,73000000,0.014726027397260274,FALSE,NA,NA,NA,FALSE
775,defense,79500000,0.02389937106918239,TRUE,16.901754110741738,-2.815569944075074,-1.171418633188562,FALSE
776,defense,81500000,0.012269938650306749,TRUE,15.697006904732104,0.6401714286012297,0.2663434952047585,TRUE
777,defense,82500000,0.015151515151515152,TRUE,15.995522869543866,1.104079352678358,0.45935251190183507,TRUE
778,forward,71400000,0.012955182072829132,FALSE,NA,NA,NA,FALSE
779,forward,79500000,0.018867924528301886,TRUE,12.799016321234896,1.3879653454317715,0.5774633556094757,FALSE
780,forward,81500000,0.012269938650306749,FALSE,NA,NA,NA,FALSE
781,forward,81500000,0.012883435582822086,TRUE,12.277882199176869,1.5938911341564648,0.6631388354439502,FALSE
782,forward,82500000,0.020606060606060607,TRUE,12.950374612168721,-0.3497346121687208,-0.1455071795419375,FALSE
783,forward,83500000,0.009281437125748504,FALSE,NA,NA,NA,FALSE
784,forward,88000000,0.008806818181818181,TRUE,11.92288706933486,1.3087795973318048,0.544518103795549,TRUE
785,forward,75000000,0.028,TRUE,13.594244815575362,2.7125129622024176,1.1285417481373317,FALSE
786,forward,81500000,0.044171779141104296,TRUE,15.00249638084583,3.4092219524875027,1.4184077111006643,TRUE
787,forward,83500000,0.04790419161676647,TRUE,15.327517868291606,-2.5279878682916053,-1.0517700331412752,FALSE
788,forward,88000000,0.011363636363636364,TRUE,12.145536857910418,1.4182714754229142,0.5900722291507514,FALSE
789,defense,71400000,0.012955182072829132,FALSE,NA,NA,NA,FALSE
790,defense,73000000,0.038356164383561646,FALSE,NA,NA,NA,FALSE
791,defense,81500000,0.018404907975460124,TRUE,16.332557023363595,1.9287246433030703,0.8024464070621349,FALSE
792,defense,81500000,0.011656441717791411,TRUE,15.633451892868955,-0.1682235595356225,-0.0699894572308587,FALSE
793,defense,81500000,0.009202453987730062,FALSE,NA,NA,NA,FALSE
794,defense,82500000,0.010303030303030303,TRUE,15.493245684879948,0.63265848178672,0.2632177316600839,FALSE
795,defense,83500000,0.011676646706586826,FALSE,NA,NA,NA,FALSE
796,forward,75000000,0.015166666666666667,FALSE,NA,NA,NA,FALSE
797,forward,81500000,0.04294478527607362,TRUE,14.895648765878418,-0.02806043254508417,-0.011674550514297536,TRUE
798,forward,83500000,0.041916167664670656,TRUE,14.806075915007535,1.5532499183257986,0.6462300466569185,FALSE
799,forward,92400000,0.032467532467532464,FALSE,NA,NA,NA,FALSE
800,defense,75000000,0.008666666666666666,TRUE,15.323727135055876,-0.20110880172254397,-0.08367137109548944,FALSE
801,defense,81500000,0.008588957055214725,FALSE,NA,NA,NA,FALSE
802,defense,81500000,0.009202453987730062,TRUE,15.379231845416358,3.741221487916979,1.556536207190927,FALSE
803,defense,82500000,0.009242424242424243,TRUE,15.383372550734716,2.8112041159319467,1.1696022292143256,FALSE
804,defense,88000000,0.008806818181818181,FALSE,NA,NA,NA,FALSE
805,defense,88000000,0.008806818181818181,FALSE,NA,NA,NA,FALSE
806,forward,75000000,0.008666666666666666,TRUE,11.910682562405535,-4.994015895738868,-2.077761657819569,FALSE
807,forward,79500000,0.008176100628930818,FALSE,NA,NA,NA,FALSE
808,forward,81500000,0.008588957055214725,FALSE,NA,NA,NA,FALSE
809,forward,81500000,0.008588957055214725,TRUE,11.903915546790932,-2.4265655467909326,-1.009573248977862,FALSE
810,forward,81500000,0.009202453987730062,FALSE,NA,NA,NA,FALSE
811,forward,82500000,0.009393939393939394,TRUE,11.974014057822583,-1.3959548911559168,-0.5807874082588054,FALSE
812,forward,88000000,0.011363636363636364,TRUE,12.145536857910418,-2.9449201912437495,-1.2252348383443918,TRUE
813,forward,75000000,0.008666666666666666,FALSE,NA,NA,NA,FALSE
814,defense,79500000,0.008490566037735849,TRUE,15.305484048631762,-3.775333215298428,-1.5707284005509126,FALSE
815,defense,81500000,0.010736196319018405,TRUE,15.538119375074231,-8.138982708407564,-3.386225946860694,TRUE
816,defense,82500000,0.01196969696969697,TRUE,15.66590346710817,-9.083324300441502,-3.7791195204447465,FALSE
817,defense,88000000,0.013068181818181817,TRUE,15.779700641758588,-10.11303397509192,-4.207530507782615,TRUE
818,forward,75000000,0.008666666666666666,FALSE,NA,NA,NA,FALSE
819,forward,81500000,0.008588957055214725,TRUE,11.903915546790932,-4.889630546790932,-2.03433210528907,FALSE
820,forward,81500000,0.008588957055214725,TRUE,11.903915546790932,-4.3086788801242655,-1.7926270079792452,FALSE
821,forward,81500000,0.009202453987730062,FALSE,NA,NA,NA,FALSE
822,forward,82500000,0.00909090909090909,FALSE,NA,NA,NA,FALSE
823,forward,83500000,0.009281437125748504,FALSE,NA,NA,NA,FALSE
824,defense,71400000,0.01137955182072829,FALSE,NA,NA,NA,FALSE
825,defense,75000000,0.029666666666666668,TRUE,17.49921519113147,4.596698142201866,1.912457499501897,FALSE
826,defense,79500000,0.07484276729559748,FALSE,NA,NA,NA,FALSE
827,defense,88000000,0.00909090909090909,TRUE,15.367676388713967,0.7113086112860323,0.2959401392110189,FALSE
828,defense,73000000,0.007876712328767124,TRUE,15.241892076629895,2.094381256703439,0.8713678856623952,FALSE
829,defense,75000000,0.008666666666666666,TRUE,15.323727135055876,0.6771136982774593,0.28171333644847446,FALSE
830,defense,81500000,0.008588957055214725,TRUE,15.315676833553209,-0.5465718335532088,-0.22740135848786222,TRUE
831,defense,81500000,0.009202453987730062,FALSE,NA,NA,NA,FALSE
832,defense,82500000,0.009696969696969697,TRUE,15.430461036796958,-1.7960818701302905,-0.747260345575944,FALSE
833,defense,88000000,0.008806818181818181,FALSE,NA,NA,NA,FALSE
834,forward,71400000,0.012955182072829132,FALSE,NA,NA,NA,FALSE
835,forward,79500000,0.008176100628930818,TRUE,11.867963676345923,1.8987029903207446,0.7899558902569592,FALSE
836,forward,81500000,0.008588957055214725,TRUE,11.903915546790932,-0.3872488801242646,-0.16111500082374505,TRUE
837,forward,81500000,0.009202453987730062,TRUE,11.957339354274637,-1.2318193542746378,-0.5124987739537888,FALSE
838,forward,82500000,0.00909090909090909,TRUE,11.947625934732145,-5.367864268065477,-2.2333013737666603,FALSE
839,forward,83500000,0.009281437125748504,FALSE,NA,NA,NA,FALSE
840,defense,71400000,0.008823529411764706,FALSE,NA,NA,NA,FALSE
841,defense,79500000,0.008490566037735849,FALSE,NA,NA,NA,FALSE
842,defense,81500000,0.008588957055214725,FALSE,NA,NA,NA,FALSE
843,defense,81500000,0.009202453987730062,TRUE,15.379231845416358,-0.22938184541635742,-0.09543437853545107,FALSE
844,defense,83500000,0.013173652694610778,TRUE,15.790626862326922,-2.4272793623269227,-1.0098702321237711,TRUE
845,defense,75000000,0.009,TRUE,15.358258691501518,-0.7860370248348509,-0.32703091578501853,FALSE
846,defense,79500000,0.011320754716981131,TRUE,15.598676509019308,1.367728490980694,0.5690438068673099,FALSE
847,defense,81500000,0.0196319018404908,TRUE,16.459667047089894,3.656999619576773,1.5214956761953167,FALSE
848,defense,81500000,0.03987730061349693,TRUE,18.556982438573815,3.678546728092847,1.530460356493947,TRUE
849,defense,82500000,0.07575757575757576,FALSE,NA,NA,NA,FALSE
850,forward,73000000,0.012671232876712329,FALSE,NA,NA,NA,FALSE
851,forward,81500000,0.01196319018404908,TRUE,12.197746487951312,0.9189201787153554,0.3823169877293692,FALSE
852,forward,81500000,0.015030674846625767,TRUE,12.464865525369836,1.546341141296832,0.6433556481141627,TRUE
853,forward,82500000,0.016363636363636365,TRUE,12.580940888902616,-0.008360888902615216,-0.003478550078698305,FALSE
854,forward,83500000,0.009580838323353293,TRUE,11.99028936727357,0.4527056327264294,0.18834830036494274,FALSE
855,forward,88000000,0.00909090909090909,TRUE,11.947625934732145,-0.6476259347321438,-0.2694449444872908,FALSE
856,defense,75000000,0.023666666666666666,FALSE,NA,NA,NA,FALSE
857,defense,79500000,0.009748427672955974,TRUE,15.435791808804003,2.0124531911959966,0.8372816919528517,TRUE
858,defense,81500000,0.03067484662576687,TRUE,17.60365726062658,-2.122477260626578,-0.8830572356581082,TRUE
859,defense,79500000,0.009245283018867925,FALSE,NA,NA,NA,FALSE
860,defense,81500000,0.012269938650306749,FALSE,NA,NA,NA,FALSE
861,defense,83500000,0.039920155688622755,TRUE,18.561421995910884,-2.61791366257755,-1.0891836840621163,TRUE
862,defense,75000000,0.012333333333333333,FALSE,NA,NA,NA,FALSE
863,defense,81500000,0.009202453987730062,TRUE,15.379231845416358,0.24955482125031025,0.10382735056176591,FALSE
864,defense,81500000,0.03374233128834356,TRUE,17.921432319942326,-0.9455448199423273,-0.39339417687924866,TRUE
865,defense,83500000,0.038922155688622756,TRUE,18.458034515912626,-0.7067370159126263,-0.2940381257252322,TRUE
866,forward,71400000,0.012955182072829132,FALSE,NA,NA,NA,FALSE
867,forward,75000000,0.008666666666666666,TRUE,11.910682562405535,-2.1965258957388674,-0.9138651902305923,FALSE
868,forward,81500000,0.008588957055214725,TRUE,11.903915546790932,-4.503915546790931,-1.873855275703948,FALSE
869,forward,81500000,0.008588957055214725,FALSE,NA,NA,NA,FALSE
870,forward,81500000,0.009202453987730062,TRUE,11.957339354274637,-1.101279354274638,-0.45818757181220304,FALSE
871,forward,82500000,0.009242424242424243,TRUE,11.960819996277365,-1.7377641629440337,-0.7229972478018778,FALSE
872,forward,88000000,0.008948863636363637,TRUE,11.935256502033504,-0.8348398353668376,-0.34733533824464957,TRUE
873,defense,71400000,0.009220350140056023,FALSE,NA,NA,NA,FALSE
874,defense,79500000,0.008490566037735849,TRUE,15.305484048631762,-1.9463307152984264,-0.8097714180553868,FALSE
875,defense,81500000,0.014723926380368098,TRUE,15.951226952184701,-1.7345602855180324,-0.7216642737363008,TRUE
876,defense,82500000,0.015454545454545455,TRUE,16.02691519358536,-0.7700118602520263,-0.32036364174633325,FALSE
877,defense,88000000,0.011363636363636364,TRUE,15.60311881902518,-4.121868819025181,-1.714904631769391,TRUE
878,forward,73000000,0.018493150684931507,TRUE,12.766380712812115,-2.7122140461454514,-1.1284173840313623,TRUE
879,forward,79500000,0.010995283018867924,FALSE,NA,NA,NA,FALSE
880,forward,81500000,0.009049079754601227,FALSE,NA,NA,NA,FALSE
881,forward,81500000,0.009202453987730062,TRUE,11.957339354274637,-2.074006020941301,-0.8628907633385101,FALSE
882,forward,82500000,0.00909090909090909,TRUE,11.947625934732145,0.5350257319345229,0.2225975998011781,FALSE
883,forward,83500000,0.009281437125748504,TRUE,11.964217269609367,-0.9103947696093666,-0.3787699889757682,FALSE
884,forward,75000000,0.012333333333333333,TRUE,12.229978851799814,-2.237013018466481,-0.930709868540617,FALSE
885,forward,79500000,0.009433962264150943,FALSE,NA,NA,NA,FALSE
886,forward,81500000,0.009202453987730062,FALSE,NA,NA,NA,FALSE
887,forward,81500000,0.009202453987730062,TRUE,11.957339354274637,-1.1097643542746365,-0.4617177583463786,FALSE
888,forward,82500000,0.00909090909090909,TRUE,11.947625934732145,-4.0357226013988114,-1.6790634747352344,FALSE
889,forward,83500000,0.009281437125748504,FALSE,NA,NA,NA,FALSE
890,forward,88000000,0.008806818181818181,TRUE,11.92288706933486,-3.7714987360015275,-1.569133064407189,FALSE
891,forward,73000000,0.012671232876712329,FALSE,NA,NA,NA,FALSE
892,forward,81500000,0.03987730061349693,TRUE,14.628529728459892,2.3011269382067745,0.9573844821081403,TRUE
893,forward,81500000,0.07116564417177915,TRUE,17.353143910128857,1.768859423204475,0.7359344392041304,FALSE
894,forward,88000000,0.09090909090909091,FALSE,NA,NA,NA,FALSE
895,forward,73000000,0.012671232876712329,FALSE,NA,NA,NA,FALSE
896,forward,79500000,0.07547169811320754,FALSE,NA,NA,NA,FALSE
897,forward,88000000,0.10227272727272728,TRUE,20.061973785041264,-0.03878545170792691,-0.016136697624191315,TRUE
898,forward,71400000,0.011204481792717087,FALSE,NA,NA,NA,FALSE
899,forward,75000000,0.009333333333333334,TRUE,11.968736433204494,4.957395233462172,2.062525621421006,FALSE
900,forward,79500000,0.028930817610062894,TRUE,13.675301163483343,1.5411588365166562,0.6411995488152854,FALSE
901,forward,81500000,0.02822085889570552,TRUE,13.613477386269496,1.006414280397168,0.4187189322876455,FALSE
902,forward,81500000,0.027607361963190184,FALSE,NA,NA,NA,FALSE
903,forward,81500000,0.024539877300613498,TRUE,13.292934541367266,1.0513437919660653,0.4374118676709847,FALSE
904,forward,82500000,0.015151515151515152,TRUE,12.475388396540868,2.188499936792466,0.9105259878503406,FALSE
905,forward,83500000,0.011976047904191617,TRUE,12.198866148587197,-0.3035611485871961,-0.1262966975888707,FALSE
906,forward,88000000,0.016477272727272726,TRUE,12.590836435061528,0.40083023160513953,0.16676552576348552,TRUE
907,forward,75000000,0.016,TRUE,12.54927514119409,0.7340581921392406,0.30540510844922136,FALSE
908,forward,79500000,0.008176100628930818,TRUE,11.867963676345923,0.8329363236540779,0.3465433816841274,FALSE
909,forward,81500000,0.020245398773006136,TRUE,12.918967888981328,3.341890444352007,1.390394419015137,FALSE
910,forward,81500000,0.020858895705521473,FALSE,NA,NA,NA,FALSE
911,forward,81500000,0.03680981595092025,TRUE,14.361410691041366,0.8459326422919666,0.35195050355205165,FALSE
912,forward,88000000,0.03977272727272727,TRUE,14.619423397638808,0.6722432690278577,0.27968699304805,TRUE
913,forward,79500000,0.008176100628930818,FALSE,NA,NA,NA,FALSE
914,forward,81500000,0.008588957055214725,TRUE,11.903915546790932,-2.5423772134575984,-1.0577567240712222,FALSE
915,forward,81500000,0.012269938650306749,TRUE,12.224458391693164,3.8285316083068377,1.5928616062831575,TRUE
916,forward,81500000,0.05112474846625767,FALSE,NA,NA,NA,FALSE
917,forward,88000000,0.07954545454545454,TRUE,18.082864553258553,-0.08309955325855256,-0.0345735915037592,TRUE
918,forward,79500000,0.031446540880503145,TRUE,13.894372374045457,1.2455309592878763,0.5182034909107336,TRUE
919,forward,81500000,0.06625766871165645,TRUE,16.92575345025921,-0.6646859502592122,-0.2765427685399122,TRUE
920,forward,71400000,0.01050420168067227,FALSE,NA,NA,NA,FALSE
921,forward,79500000,0.008176100628930818,FALSE,NA,NA,NA,FALSE
922,forward,81500000,0.008895705521472393,TRUE,11.930627450532786,-4.9739607838661195,-2.069417723126042,TRUE
923,defense,82500000,0.00909090909090909,FALSE,NA,NA,NA,FALSE
924,forward,83500000,0.009281437125748504,FALSE,NA,NA,NA,FALSE
925,forward,73000000,0.012671232876712329,TRUE,12.25940341645134,0.7424860279931043,0.3089115118250088,FALSE
926,forward,79500000,0.03459119496855346,FALSE,NA,NA,NA,FALSE
927,forward,82500000,0.03878787878787879,TRUE,14.53366199759489,-2.4266453309282223,-1.0096064431896594,FALSE
928,forward,83500000,0.029940119760479042,TRUE,13.763192008439402,-1.2827420084394028,-0.5336851579275028,TRUE
929,forward,79500000,0.008176100628930818,TRUE,11.867963676345923,-3.393797009679256,-1.4119901594928728,FALSE
930,forward,81500000,0.009202453987730062,TRUE,11.957339354274637,2.4846239790586946,1.0337284753522913,FALSE
931,forward,81500000,0.016564417177914112,TRUE,12.598425044079098,3.9134499559209015,1.6281919076681497,TRUE
932,forward,82500000,0.038181818181818185,TRUE,14.48088575141402,2.0820864708082016,0.8662526366809047,TRUE
933,forward,71400000,0.012955182072829132,FALSE,NA,NA,NA,FALSE
934,forward,75000000,0.013333333333333334,FALSE,NA,NA,NA,FALSE
935,forward,81500000,0.027975460122699386,TRUE,13.592107863276015,4.104187136723988,1.7075481630880414,TRUE
936,forward,81500000,0.04466257668711657,TRUE,15.045235426832793,4.133467906500535,1.7197304352360057,FALSE
937,forward,82500000,0.06818181818181818,TRUE,17.093309937367195,-0.7160699373671946,-0.2979210902088434,TRUE
938,defense,79500000,0.009119496855345912,TRUE,15.370637928717882,2.2499487379487864,0.9360917781135474,TRUE
939,defense,81500000,0.008588957055214725,FALSE,NA,NA,NA,FALSE
940,defense,81500000,0.0098159509202454,TRUE,15.442786857279508,-1.7041918572795094,-0.7090294809924317,FALSE
941,defense,82500000,0.00909090909090909,TRUE,15.367676388713967,-1.3037880553806342,-0.5424413714230331,FALSE
942,defense,83500000,0.009431137724550898,FALSE,NA,NA,NA,FALSE
943,defense,79500000,0.008176100628930818,FALSE,NA,NA,NA,FALSE
944,defense,81500000,0.00901840490797546,TRUE,15.360165341857414,3.5825879914759184,1.4905366982922217,FALSE
945,defense,81500000,0.03885480981595092,TRUE,18.45105784250198,1.8838729908313496,0.7837858649771359,TRUE
946,defense,83500000,0.05389221556886228,TRUE,20.008852919160127,-3.213781252493458,-1.3370945552551794,TRUE
947,forward,75000000,0.04,TRUE,14.639214489956633,-2.157299489956632,-0.8975450335450793,FALSE
948,forward,81500000,0.03987730061349693,TRUE,14.628529728459892,0.572043604873441,0.23799889580268815,FALSE
949,forward,81500000,0.06012269938650307,TRUE,16.391515375422163,-0.13318204208883344,-0.05541042446388713,TRUE
950,forward,82500000,0.06666666666666667,TRUE,16.96136932191502,-1.7807882108039088,-0.7408974144961243,TRUE
951,forward,79500000,0.010995283018867924,FALSE,NA,NA,NA,FALSE
952,forward,81500000,0.008588957055214725,FALSE,NA,NA,NA,FALSE
953,forward,81500000,0.008588957055214725,FALSE,NA,NA,NA,FALSE
954,forward,81500000,0.009202453987730062,TRUE,11.957339354274637,-1.4916385209413061,-0.6205966081892094,FALSE
955,forward,83500000,0.009281437125748504,TRUE,11.964217269609367,0.8026860637239643,0.3339577528967832,FALSE
956,forward,88000000,0.010227272727272727,TRUE,12.046581396321281,1.3749236036787185,0.5720373354422593,TRUE
957,defense,79500000,0.06540880503144654,TRUE,21.201910196425754,0.6387442480186891,0.2657497163391931,TRUE
958,defense,88000000,0.084375,FALSE,NA,NA,NA,FALSE
959,forward,79500000,0.0110062893081761,TRUE,12.1144187882283,1.2589628784383695,0.5237918444891914,FALSE
960,forward,81500000,0.018404907975460124,TRUE,12.758696466530214,2.216430200136452,0.9221463814334795,TRUE
961,forward,81500000,0.03251533742331288,TRUE,13.987444038655433,1.1964748502334555,0.49779368353265546,FALSE
962,forward,88000000,0.048295454545454544,TRUE,15.361589359557323,0.3375623071093443,0.14044288874517907,TRUE
963,forward,79500000,0.0110062893081761,TRUE,12.1144187882283,1.0034512117717007,0.4174861467883568,FALSE
964,forward,81500000,0.023312883435582823,TRUE,13.186086926399854,-0.9305319263998548,-0.38714805847940703,TRUE
965,forward,81500000,0.020858895705521473,TRUE,12.972391696465035,4.025999970201628,1.6750183714082978,FALSE
966,forward,83500000,0.04790419161676647,FALSE,NA,NA,NA,FALSE
967,forward,73000000,0.0136986301369863,FALSE,NA,NA,NA,FALSE
968,forward,81500000,0.04294478527607362,TRUE,14.895648765878418,2.9749495674549156,1.2377285684010055,TRUE
969,forward,83500000,0.06107784431137724,TRUE,16.474690165516552,1.6041006678167768,0.6673865146717466,TRUE
970,defense,79500000,0.014465408805031447,TRUE,15.924445909449915,0.3465157572167499,0.14416797407264886,FALSE
971,defense,81500000,0.0196319018404908,TRUE,16.459667047089894,-0.44039704708989547,-0.183227309997371,TRUE
972,defense,82500000,0.009696969696969697,TRUE,15.430461036796958,0.09015229653637746,0.037507887243108516,FALSE
973,defense,83500000,0.009281437125748504,FALSE,NA,NA,NA,FALSE
974,defense,88000000,0.008806818181818181,TRUE,15.338246084925066,-4.196579418258398,-1.745987996692589,FALSE
975,defense,73000000,0.012671232876712329,TRUE,15.73857884742341,1.932693374798811,0.8040975988693271,FALSE
976,defense,79500000,0.0178197106918239,FALSE,NA,NA,NA,FALSE
977,defense,81500000,0.008588957055214725,FALSE,NA,NA,NA,FALSE
978,defense,81500000,0.009202453987730062,TRUE,15.379231845416358,-2.8708985120830253,-1.194438098802813,TRUE
979,defense,83500000,0.009580838323353293,FALSE,NA,NA,NA,FALSE
980,defense,75000000,0.009666666666666667,TRUE,15.427321804392808,-2.6533384710594756,-1.103922185167439,TRUE
981,defense,81500000,0.008588957055214725,TRUE,15.315676833553209,-7.210121833553208,-2.9997731298266417,FALSE
982,defense,81500000,0.009202453987730062,FALSE,NA,NA,NA,FALSE
983,defense,81500000,0.009202453987730062,FALSE,NA,NA,NA,FALSE
984,defense,82500000,0.00909090909090909,TRUE,15.367676388713967,-2.4343430553806353,-1.012809083520326,FALSE
985,defense,83500000,0.009281437125748504,FALSE,NA,NA,NA,FALSE
986,forward,79500000,0.008993710691823899,TRUE,11.939161819778608,-6.204313486445275,-2.5813062962471007,FALSE
987,forward,81500000,0.009202453987730062,TRUE,11.957339354274637,-6.632339354274637,-2.7593865737827845,FALSE
988,forward,81500000,0.009202453987730062,FALSE,NA,NA,NA,FALSE
989,forward,81500000,0.009202453987730062,TRUE,11.957339354274637,-2.878769354274638,-1.1977127648154773,FALSE
990,forward,83500000,0.008982035928143712,TRUE,11.938145171945163,-0.6573551719451629,-0.2734927962488943,FALSE
991,forward,83500000,0.009281437125748504,FALSE,NA,NA,NA,FALSE
992,forward,88000000,0.008806818181818181,FALSE,NA,NA,NA,FALSE
993,forward,73000000,0.012671232876712329,FALSE,NA,NA,NA,FALSE
994,forward,81500000,0.029447852760736196,TRUE,13.720325001236906,1.707531665429757,0.7104190090724242,TRUE
995,forward,81500000,0.02822085889570552,TRUE,13.613477386269496,1.4831426137305037,0.6170618837070426,FALSE
996,forward,82500000,0.05454545454545454,TRUE,15.905844398297571,3.958216712813538,1.646817128924617,TRUE
997,forward,79500000,0.009119496855345912,TRUE,11.950115380306714,-2.041743713640047,-0.8494680217007564,FALSE
998,forward,81500000,0.01717791411042945,TRUE,12.651848851562802,-0.8589127404516912,-0.35735087688566913,TRUE
999,forward,88000000,0.022727272727272728,TRUE,13.135091473801776,-1.5205631404684414,-0.63263070393003,TRUE
1000,forward,88000000,0.022727272727272728,FALSE,NA,NA,NA,FALSE
1001,forward,79500000,0.01761006289308176,TRUE,12.689480715953843,5.225783450712823,2.1741886114586957,FALSE
1002,forward,81500000,0.04294478527607362,FALSE,NA,NA,NA,FALSE
1003,forward,81500000,0.05828220858895705,TRUE,16.231243952971045,1.9447852136956172,0.8091284116974864,FALSE
1004,forward,83500000,0.0658682634730539,TRUE,16.891843728143808,-0.8462187281438069,-0.35206952964772464,FALSE
1005,forward,88000000,0.0625,TRUE,16.59853262942152,-0.5119142960881824,-0.21298208069567104,TRUE
1006,forward,73000000,0.012671232876712329,FALSE,NA,NA,NA,FALSE
1007,forward,81500000,0.018404907975460124,TRUE,12.758696466530214,0.9743485334697866,0.40537796964635586,TRUE
1008,forward,81500000,0.024539877300613498,TRUE,13.292934541367266,1.0060237919660704,0.4185564694707672,FALSE
1009,forward,82500000,0.010303030303030303,TRUE,12.053178427093892,1.436404906239444,0.5976166479235184,FALSE
1010,forward,83500000,0.009580838323353293,TRUE,11.99028936727357,-1.1535093672735712,-0.4799178827808159,FALSE
1011,forward,88000000,0.008806818181818181,FALSE,NA,NA,NA,FALSE
1012,defense,71400000,0.012955182072829132,FALSE,NA,NA,NA,FALSE
1013,defense,75000000,0.05366666666666667,FALSE,NA,NA,NA,FALSE
1014,defense,88000000,0.0625,TRUE,20.90057350102744,0.31741483230589296,0.1320605264294693,TRUE
1015,forward,73000000,0.0863013698630137,TRUE,18.67117510571999,2.4190587831689,1.006450057952082,TRUE
1016,forward,82500000,0.15272727272727274,FALSE,NA,NA,NA,FALSE
1017,forward,73000000,0.08082191780821918,TRUE,18.19402000326279,2.6347649967372107,1.0961946861756504,TRUE
1018,forward,81500000,0.12269938650306748,FALSE,NA,NA,NA,FALSE
1019,forward,75000000,0.07333333333333333,TRUE,17.541908029904615,-1.0950060299046136,-0.45557755351926504,TRUE
1020,forward,83500000,0.009880239520958085,TRUE,12.016361464937772,6.168870201728895,2.5665601080994596,FALSE
1021,forward,88000000,0.028409090909090908,TRUE,13.629868781747453,4.699077884919211,1.9550526190202457,FALSE
1022,defense,73000000,0.07397260273972603,TRUE,22.089073988283353,2.9754276783833156,1.2379274865814747,TRUE
1023,defense,81500000,0.1165644171779141,FALSE,NA,NA,NA,FALSE
1024,forward,71400000,0.037815126050420166,FALSE,NA,NA,NA,FALSE
1025,forward,79500000,0.0610062893081761,TRUE,16.46845909815027,3.1415082351830677,1.3070253469471746,TRUE
1026,forward,88000000,0.08806818181818182,TRUE,18.82503051517707,-0.6535038485104003,-0.2718904520970786,TRUE
1027,forward,73000000,0.08732876712328767,TRUE,18.760641687430716,-1.2862064096529409,-0.5351265229850178,TRUE
1028,forward,83500000,0.023952095808383235,TRUE,13.241750055155334,4.852426611511328,2.0188533980006294,FALSE
1029,forward,88000000,0.0625,TRUE,16.59853262942152,2.833609037245143,1.1789238027581233,TRUE
1030,defense,79500000,0.04025157232704402,TRUE,18.595754992980893,5.041637507019104,2.0975746420125283,FALSE
1031,defense,81500000,0.0687116564417178,TRUE,21.544067996141827,3.504522003858174,1.458057323128365,TRUE
1032,defense,81500000,0.11349693251533742,FALSE,NA,NA,NA,FALSE
1033,defense,73000000,0.07397260273972603,TRUE,22.089073988283353,2.2806516783833146,0.9488657447466157,TRUE
1034,defense,82500000,0.06181818181818182,TRUE,20.829940771934076,-2.083508549711855,-0.8668442929915956,TRUE
1035,forward,75000000,0.07333333333333333,TRUE,17.541908029904615,2.4745696367620518,1.0295453635331273,TRUE
1036,forward,83500000,0.10179640718562874,TRUE,20.020495447848216,-0.035780447848214436,-0.014886464959405885,TRUE
1037,forward,79500000,0.03710691823899371,TRUE,14.387282597810207,-1.3923934311435389,-0.5793056618619046,FALSE
1038,forward,81500000,0.010429447852760737,FALSE,NA,NA,NA,FALSE
1039,forward,81500000,0.03067484662576687,TRUE,13.827172616204317,5.198902383795682,2.163004736331391,TRUE
1040,forward,82500000,0.07424242424242425,TRUE,17.621072399175922,2.1649667674907462,0.9007350064271916,TRUE
1041,forward,79500000,0.03962264150943396,TRUE,14.606353808372317,2.6333095249610157,1.095589136751349,FALSE
1042,forward,81500000,0.06503067484662577,TRUE,16.818905835291805,-3.783489168625138,-1.5741216871280865,TRUE
1043,forward,82500000,0.03636363636363636,TRUE,14.322557012871401,3.448276320461927,1.4346562914099246,FALSE
1044,forward,83500000,0.03592814371257485,TRUE,14.28463396172347,-0.49963396172346997,-0.20787284427734595,FALSE
1045,forward,88000000,0.04261363636363636,TRUE,14.866812051611646,-0.5541787182783118,-0.23056620492552737,TRUE
1046,defense,79500000,0.03962264150943396,TRUE,18.53060111289477,4.057068053771896,1.6879442559412878,FALSE
1047,defense,81500000,0.07668711656441718,FALSE,NA,NA,NA,FALSE
1048,forward,75000000,0.06533333333333333,TRUE,16.8452615803171,0.44209108634956706,0.18393211548739558,TRUE
1049,forward,81500000,0.027607361963190184,FALSE,NA,NA,NA,FALSE
1050,forward,81500000,0.05521472392638037,TRUE,15.964124915552523,2.213937862225256,0.9211094435745848,FALSE
1051,forward,88000000,0.056818181818181816,TRUE,16.103755321475845,2.275474678524155,0.9467118525615554,TRUE
1052,defense,79500000,0.025157232704402517,TRUE,17.032061870913978,5.353667295752686,2.227394719614075,FALSE
1053,defense,81500000,0.06134969325153374,TRUE,20.78140785378404,0.35371047954929224,0.14716134023593438,TRUE
1054,defense,81500000,0.0754601226993865,FALSE,NA,NA,NA,FALSE
1055,defense,75000000,0.028666666666666667,TRUE,17.395620521794537,0.9388586448721306,0.3906123919413638,FALSE
1056,defense,81500000,0.0392638036809816,TRUE,18.493427426710667,-0.728324093377335,-0.3030194351157015,FALSE
1057,defense,81500000,0.0392638036809816,FALSE,NA,NA,NA,FALSE
1058,defense,81500000,0.046012269938650305,TRUE,19.192532557205308,-2.2823975572053072,-0.9495921181004993,FALSE
1059,defense,82500000,0.045454545454545456,TRUE,19.134755273693354,-1.0714252736933538,-0.4457667735495915,FALSE
1060,defense,88000000,0.056818181818181816,TRUE,20.311967425249414,0.2350225747505874,0.0977812054934512,TRUE
1061,forward,75000000,0.012666666666666666,TRUE,12.25900578719929,-4.930416620532624,-2.05130116224898,FALSE
1062,forward,81500000,0.008588957055214725,TRUE,11.903915546790932,-0.07102221345759574,-0.02954881102833109,FALSE
1063,forward,81500000,0.0098159509202454,TRUE,12.010763161758343,-0.01671649509167672,-0.0069549022830004735,TRUE
1064,forward,82500000,0.012121212121212121,TRUE,12.211507165636506,-0.6074282767476191,-0.2527206980615527,FALSE
1065,forward,79500000,0.04150943396226415,TRUE,14.7706572162939,3.5896044503727627,1.493455897905096,FALSE
1066,forward,81500000,0.06993865030674846,TRUE,17.246296295161443,-2.7091551840503314,-1.127144743633237,TRUE
1067,forward,88000000,0.03977272727272727,TRUE,14.619423397638808,-0.7168600643054717,-0.2982498227342171,FALSE
1068,forward,71400000,0.009337072829131652,FALSE,NA,NA,NA,FALSE
1069,forward,79500000,0.012578616352201259,TRUE,12.251338294829617,-3.5268188503851725,-1.467333932128271,TRUE
1070,forward,81500000,0.013496932515337423,FALSE,NA,NA,NA,FALSE
1071,defense,71400000,0.008776848739495798,FALSE,NA,NA,NA,FALSE
1072,defense,79500000,0.00880503144654088,TRUE,15.338060988674822,-4.004727655341489,-1.666168019084194,FALSE
1073,defense,81500000,0.008588957055214725,TRUE,15.315676833553209,3.900989833113453,1.623007870219825,FALSE
1074,defense,81500000,0.008588957055214725,FALSE,NA,NA,NA,FALSE
1075,defense,81500000,0.009202453987730062,TRUE,15.379231845416358,-1.200065178749691,-0.4992874406783577,FALSE
1076,defense,83500000,0.009281437125748504,TRUE,15.387414077482573,-1.3001807441492392,-0.540940548614117,FALSE
1077,defense,88000000,0.008806818181818181,TRUE,15.338246084925066,-4.5549127515917345,-1.895072676489855,FALSE
1078,forward,75000000,0.008666666666666666,FALSE,NA,NA,NA,FALSE
1079,forward,81500000,0.008588957055214725,TRUE,11.903915546790932,-0.7739155467909313,-0.32198777158172365,TRUE
1080,forward,81500000,0.009202453987730062,TRUE,11.957339354274637,-1.0442643542746382,-0.43446646571367,FALSE
1081,forward,82500000,0.009393939393939394,FALSE,NA,NA,NA,FALSE
1082,forward,88000000,0.008806818181818181,TRUE,11.92288706933486,-0.011512069334861152,-0.0047895995458372585,TRUE
1083,defense,71400000,0.012955182072829132,FALSE,NA,NA,NA,FALSE
1084,defense,73000000,0.00821917808219178,TRUE,15.277369703115147,-5.120228036448481,-2.130272252938322,FALSE
1085,defense,75000000,0.009666666666666667,TRUE,15.427321804392808,-4.297321804392807,-1.7879018935638282,FALSE
1086,defense,79500000,0.008176100628930818,TRUE,15.2729071085887,-1.580198775255365,-0.6574421258371419,FALSE
1087,defense,81500000,0.008588957055214725,TRUE,15.315676833553209,-3.9594268335532092,-1.6473205999841236,TRUE
1088,defense,81500000,0.009202453987730062,TRUE,15.379231845416358,-3.5903776787496895,-1.4937775997794709,FALSE
1089,defense,83500000,0.009431137724550898,TRUE,15.402922261515048,0.4572969051516207,0.19025850049342177,FALSE
1090,forward,71400000,0.012955182072829132,FALSE,NA,NA,NA,FALSE
1091,forward,75000000,0.04,TRUE,14.639214489956633,-0.747225045512188,-0.31088318133957504,FALSE
1092,forward,81500000,0.00901840490797546,FALSE,NA,NA,NA,FALSE
1093,forward,81500000,0.018404907975460124,TRUE,12.758696466530214,2.767086033469784,1.1512468891292815,FALSE
1094,forward,83500000,0.023952095808383235,TRUE,13.241750055155334,-2.1394117218220003,-0.890102822797249,TRUE
1095,defense,71400000,0.011554621848739496,FALSE,NA,NA,NA,FALSE
1096,defense,79500000,0.028930817610062894,TRUE,17.42298515143071,-2.4605493180973745,-1.0237122061783952,FALSE
1097,defense,81500000,0.0098159509202454,FALSE,NA,NA,NA,FALSE
1098,defense,81500000,0.011656441717791411,TRUE,15.633451892868955,2.6333531071310468,1.0956072691249228,FALSE
1099,defense,83500000,0.03592814371257485,TRUE,18.147870835263127,-0.12013333526312664,-0.04998150647631816,TRUE
1100,defense,73000000,0.008013698630136986,TRUE,15.256083127223997,2.027250206109338,0.8434379939909286,FALSE
1101,defense,75000000,0.008666666666666666,TRUE,15.323727135055876,4.382003698277462,1.823133818311046,FALSE
1102,defense,81500000,0.01717791411042945,TRUE,16.205446999637296,0.8092080003627018,0.33667120639104614,TRUE
1103,defense,81500000,0.016564417177914112,TRUE,16.141891987774148,0.8295105122258484,0.34511807191717836,FALSE
1104,defense,83500000,0.011077844311377245,TRUE,15.573512285872273,-2.056088952538941,-0.8554363622064035,FALSE
1105,defense,88000000,0.008806818181818181,TRUE,15.338246084925066,1.9987905817416003,0.8315973596113528,TRUE
1106,forward,73000000,0.008904109589041096,TRUE,11.931359283512014,-2.217074283512014,-0.9224143524952704,FALSE
1107,forward,75000000,0.008666666666666666,FALSE,NA,NA,NA,FALSE
1108,forward,79500000,0.008176100628930818,FALSE,NA,NA,NA,FALSE
1109,forward,81500000,0.008588957055214725,TRUE,11.903915546790932,-1.8372488801242657,-0.7643878911661651,TRUE
1110,forward,81500000,0.009202453987730062,TRUE,11.957339354274637,-0.0516860209413057,-0.021503982926593324,FALSE
1111,forward,83500000,0.009580838323353293,FALSE,NA,NA,NA,FALSE
1112,forward,71400000,0.010854341736694677,FALSE,NA,NA,NA,FALSE
1113,forward,75000000,0.008666666666666666,TRUE,11.910682562405535,-0.3779142290722035,-0.15723131674063137,FALSE
1114,forward,79500000,0.010691823899371069,TRUE,12.087034886908034,-1.5604998869080333,-0.6492463980372609,FALSE
1115,forward,81500000,0.018404907975460124,TRUE,12.758696466530214,-0.771430910974658,-0.32095403818149504,TRUE
1116,forward,83500000,0.02844311377245509,TRUE,13.632831520118383,-1.4487265201183828,-0.6027430586948499,FALSE
1117,forward,88000000,0.02727272727272727,FALSE,NA,NA,NA,FALSE
1118,forward,73000000,0.00815068493150685,FALSE,NA,NA,NA,FALSE
1119,forward,75000000,0.00888888,FALSE,NA,NA,NA,FALSE
1120,forward,81500000,0.008588957055214725,FALSE,NA,NA,NA,FALSE
1121,forward,81500000,0.014723926380368098,TRUE,12.438153621627984,3.740196378372014,1.5561097100887828,FALSE
1122,forward,83500000,0.025149700598802394,TRUE,13.346038445812145,1.3678282208545234,0.5690852995081641,TRUE
1123,forward,73000000,0.00839041095890411,TRUE,11.88662599265665,-1.2784859926566483,-0.5319144414153613,FALSE
1124,forward,79500000,0.012106918238993711,TRUE,12.210262442849222,0.2605708904841091,0.10841058913203214,FALSE
1125,forward,81500000,0.012269938650306749,TRUE,12.224458391693164,-0.6187383916931637,-0.25742627442934835,FALSE
1126,forward,81500000,0.015337423312883436,FALSE,NA,NA,NA,FALSE
1127,forward,81500000,0.02147239263803681,TRUE,13.02581550394874,-0.0786646706154066,-0.03272845738620052,FALSE
1128,forward,83500000,0.011976047904191617,TRUE,12.198866148587197,-0.3900711485871966,-0.16228920637750727,FALSE
1129,forward,88000000,0.008806818181818181,TRUE,11.92288706933486,-2.3562204026681943,-0.9803061328285666,FALSE
1130,defense,73000000,0.10273972602739725,TRUE,25.06919461304444,-2.119425803520631,-0.8817876761077217,TRUE
1131,forward,79500000,0.04591194968553459,TRUE,15.154031834777598,4.6390806652224015,1.9300907596140366,FALSE
1132,forward,81500000,0.0638036809815951,FALSE,NA,NA,NA,FALSE
1133,forward,81500000,0.07975460122699386,TRUE,18.101077214900723,1.1788072295437217,0.49044306518853875,FALSE
1134,forward,88000000,0.09801136363636363,TRUE,19.69089080408201,0.869437529251325,0.3617297180990475,TRUE
1135,forward,75000000,0.11333333333333333,TRUE,21.025140277842187,0.5392551983482896,0.22435727044120518,TRUE
1136,forward,88000000,0.1590909090909091,FALSE,NA,NA,NA,FALSE
1137,forward,75000000,0.026,TRUE,13.420083203178482,0.4250717968215181,0.17685123549762963,FALSE
1138,forward,81500000,0.03128834355828221,TRUE,13.880596423688022,-1.3693797570213562,-0.569730816548051,TRUE
1139,forward,81500000,0.05429447852760736,TRUE,15.883989204326966,1.1794953790063651,0.49072936995772254,FALSE
1140,defense,81500000,0.010429447852760737,TRUE,15.506341869142657,-1.841156869142658,-0.7660138110493045,FALSE
1141,defense,81500000,0.015950920245398775,TRUE,16.078336975911,0.2040696907556665,0.08490324977479634,TRUE
1142,defense,82500000,0.009242424242424243,TRUE,15.383372550734716,-0.9253033840680498,-0.3849727220347272,FALSE
1143,defense,88000000,0.008806818181818181,TRUE,15.338246084925066,0.6080489150749333,0.25297891480470863,FALSE
1144,forward,79500000,0.12928022641509435,TRUE,22.413808583762254,-4.32336291709559,-1.798736305514132,TRUE
1145,forward,88000000,0.13068181818181818,TRUE,22.535860324769658,-2.7513369914363253,-1.1446944959515926,TRUE
1146,forward,75000000,0.08,TRUE,18.122446737894208,-1.796223960116432,-0.7473194621529291,TRUE
1147,forward,81500000,0.03680981595092025,TRUE,14.361410691041366,1.0393693089586336,0.4324298807921919,TRUE
1148,forward,81500000,0.06257668711656442,TRUE,16.605210605356984,1.0419427279763482,0.4335005524672808,FALSE
1149,forward,82500000,0.09545454545454546,TRUE,19.468241015506454,-1.4108554599508984,-0.5869867939172155,TRUE
1150,forward,81500000,0.041104294478527606,TRUE,14.735377343427304,0.14698932323936198,0.06115494750350765,TRUE
1151,forward,81500000,0.06441717791411043,TRUE,16.765482027808098,-2.0238153611414305,-0.8420089258173646,TRUE
1152,forward,88000000,0.008806818181818181,TRUE,11.92288706933486,-1.6943937360015244,-0.7049529699970555,FALSE
1153,forward,88000000,0.008806818181818181,FALSE,NA,NA,NA,FALSE
1154,forward,71400000,0.01995798319327731,FALSE,NA,NA,NA,FALSE
1155,forward,79500000,0.07672955974842767,TRUE,17.837654164163464,2.738362502503204,1.1392964563382133,TRUE
1156,forward,83500000,0.10419161676646707,TRUE,20.229072229161844,-0.15208389582851112,-0.0632745458006906,TRUE
1157,forward,81500000,0.010725460122699386,TRUE,12.089963956352936,1.0070043769803974,0.41896444212995304,FALSE
1158,forward,81500000,0.020858895705521473,TRUE,12.972391696465035,2.3056383035349644,0.9592614368674007,TRUE
1159,forward,82500000,0.00909090909090909,TRUE,11.947625934732145,0.9594040652678562,0.3991603196278669,FALSE
1160,forward,83500000,0.022754491017964073,TRUE,13.137461664498518,-3.2778258311651847,-1.3637403194524587,TRUE
1161,defense,81500000,0.03987730061349693,TRUE,18.556982438573815,1.5971225614261861,0.6644832716294234,TRUE
1162,defense,81500000,0.05736196319018405,TRUE,20.368300276673565,1.3180363899931002,0.548369394874225,FALSE
1163,defense,82500000,0.07575757575757576,FALSE,NA,NA,NA,FALSE
1164,forward,73000000,0.018493150684931507,FALSE,NA,NA,NA,FALSE
1165,forward,79500000,0.059748427672955975,FALSE,NA,NA,NA,FALSE
1166,defense,81500000,0.011349693251533743,TRUE,15.60167438693738,3.685578946395955,1.5333861128120398,FALSE
1167,defense,81500000,0.05889570552147239,TRUE,20.52718780633144,-0.7185944729981095,-0.29897142393769477,TRUE
1168,defense,81500000,0.012269938650306749,FALSE,NA,NA,NA,FALSE
1169,defense,82500000,0.06060606060606061,TRUE,20.7043714757681,-2.505463142434767,-1.0423986148848436,FALSE
1170,defense,83500000,0.020059880239520957,FALSE,NA,NA,NA,FALSE
1171,defense,92400000,0.008387445887445888,FALSE,NA,NA,NA,FALSE
1172,forward,73000000,0.02111872602739726,FALSE,NA,NA,NA,FALSE
1173,forward,81500000,0.07177914110429448,TRUE,17.40656771761256,0.9107739490541071,0.37892774668582824,TRUE
1174,forward,79500000,0.011635220125786163,TRUE,12.169186590868827,0.48445840913117166,0.20155905153603615,FALSE
1175,forward,81500000,0.011042944785276074,TRUE,12.117610776725753,4.03102255660758,1.6771080198345825,FALSE
1176,forward,81500000,0.03619631901840491,TRUE,14.307986883557662,3.0214764497756708,1.2570860903156702,TRUE
1177,forward,81500000,0.049079754601226995,FALSE,NA,NA,NA,FALSE
1178,forward,81500000,0.0392638036809816,TRUE,14.575105920976188,0.5860807456904791,0.24383905201843858,TRUE
1179,forward,82500000,0.03878787878787879,TRUE,14.53366199759489,-0.49949449759489006,-0.2078148201891063,FALSE
1180,forward,88000000,0.011363636363636364,TRUE,12.145536857910418,-0.6631135245770867,-0.27588856041156434,FALSE
1181,forward,79500000,0.015723270440251572,TRUE,12.525177308032259,2.354940191967742,0.9797735008220086,FALSE
1182,forward,81500000,0.03607361963190184,TRUE,14.297302122060922,1.8407595446057439,0.7658485040687609,TRUE
1183,forward,82500000,0.06060606060606061,TRUE,16.433606860106295,0.3433253621159267,0.1428406093320917,TRUE
1184,forward,75000000,0.08888889333333333,TRUE,18.89649873557281,-0.1260144022394769,-0.052428325975021735,TRUE
1185,forward,83500000,0.1347305389221557,TRUE,22.88842619091059,-2.744307857577258,-1.1417700229172731,TRUE
1186,forward,71400000,0.012955182072829132,FALSE,NA,NA,NA,FALSE
1187,forward,81500000,0.024539877300613498,TRUE,13.292934541367266,4.004983791966069,1.6662745847958031,TRUE
1188,forward,82500000,0.06666666666666667,TRUE,16.96136932191502,2.0373017891960927,0.8476199578400758,TRUE
1189,forward,81500000,0.018098159509202454,TRUE,12.73198456278836,0.7209137705449731,0.2999363683064261,TRUE
1190,forward,81500000,0.027607361963190184,TRUE,13.56005357878579,3.0387764212142088,1.264283748089855,FALSE
1191,forward,83500000,0.059880239520958084,TRUE,16.37040177485974,0.06911239180692874,0.028754229216443907,TRUE
1192,defense,71400000,0.012955182072829132,FALSE,NA,NA,NA,FALSE
1193,defense,81500000,0.010725460122699386,TRUE,15.537007162366626,3.862026170966706,1.606797028094588,FALSE
1194,defense,81500000,0.049388650306748466,TRUE,19.54230756499415,0.6259503516725147,0.26042681232022896,TRUE
1195,defense,92400000,0.05952380952380952,FALSE,NA,NA,NA,FALSE
1196,defense,73000000,0.012671232876712329,FALSE,NA,NA,NA,FALSE
1197,defense,81500000,0.008588957055214725,TRUE,15.315676833553209,-4.4094268335532085,-1.8345432211248742,FALSE
1198,defense,82500000,0.00909090909090909,TRUE,15.367676388713967,-3.256329722047301,-1.3547968574671747,FALSE
1199,defense,83500000,0.011976047904191617,TRUE,15.666561390067123,-2.4863830567337892,-1.034460340092561,FALSE
1200,forward,81500000,0.008588957055214725,TRUE,11.903915546790932,-0.6141022134575955,-0.25549739122637327,FALSE
1201,forward,81500000,0.013190184049079755,TRUE,12.30459410291872,-2.4883791029187208,-1.0352907956451407,TRUE
1202,forward,82500000,0.012121212121212121,TRUE,12.211507165636506,-0.8596204989698393,-0.35764534000767445,FALSE
1203,forward,83500000,0.014670658682634731,TRUE,12.433515027565027,-0.2260150275650279,-0.09403361306205243,FALSE
1204,forward,88000000,0.017045454545454544,TRUE,12.640314165856095,-3.1113674991894307,-1.2944852856230855,FALSE
1205,defense,71400000,0.012955182072829132,FALSE,NA,NA,NA,FALSE
1206,defense,79500000,0.04261006289308176,TRUE,18.840082043303852,2.1334346233628168,0.8876160493742606,FALSE
1207,defense,81500000,0.04723926380368098,FALSE,NA,NA,NA,FALSE
1208,defense,81500000,0.04294478527607362,TRUE,18.87475749788956,2.949526946554883,1.2271514801317351,FALSE
1209,defense,88000000,0.08116882954545454,TRUE,22.83456472469637,0.2385302753036278,0.0992405852528225,TRUE
1210,forward,79500000,0.016981132075471698,TRUE,12.634712913313315,-0.46783624664664636,-0.1946433963596355,FALSE
1211,forward,81500000,0.023312883435582823,FALSE,NA,NA,NA,FALSE
1212,forward,81500000,0.009202453987730062,TRUE,11.957339354274637,1.8368039790586952,0.7642027899580665,FALSE
1213,forward,82500000,0.014545454545454545,TRUE,12.422612150359996,-1.1683871503599956,-0.4861077884390468,FALSE
1214,forward,83500000,0.023952095808383235,TRUE,13.241750055155334,1.703232444844664,0.708630317190639,FALSE
1215,forward,71400000,0.015161064425770308,FALSE,NA,NA,NA,FALSE
1216,forward,79500000,0.0559748427672956,TRUE,16.030316677026043,0.13886198964062402,0.05777356817186096,TRUE
1217,forward,73000000,0.012671232876712329,FALSE,NA,NA,NA,FALSE
1218,forward,81500000,0.008588957055214725,FALSE,NA,NA,NA,FALSE
1219,forward,81500000,0.008588957055214725,FALSE,NA,NA,NA,FALSE
1220,forward,81500000,0.009202453987730062,FALSE,NA,NA,NA,FALSE
1221,forward,82500000,0.00909090909090909,TRUE,11.947625934732145,-4.733340934732145,-1.9693077701185873,FALSE
1222,forward,83500000,0.009281437125748504,FALSE,NA,NA,NA,FALSE
1223,forward,88000000,0.008806818181818181,TRUE,11.92288706933486,-2.222093736001529,-0.92450269705477806,FALSE
1224,forward,75000000,0.010666666666666666,FALSE,NA,NA,NA,FALSE
1225,forward,81500000,0.02638036809815951,FALSE,NA,NA,NA,FALSE
1226,forward,81500000,0.03374233128834356,TRUE,14.094291653622843,-0.9977094314006187,-0.4150972775192713,FALSE
1227,forward,88000000,0.03977272727272727,TRUE,14.619423397638808,1.5187399356945228,0.6318721590930313,TRUE
1228,forward,71400000,0.012955182072829132,FALSE,NA,NA,NA,FALSE
1229,forward,81500000,0.08282208588957055,TRUE,18.368196252319255,0.8136212476807465,0.3385073391257722,TRUE
1230,forward,81500000,0.1165644171779141,FALSE,NA,NA,NA,FALSE
1231,defense,79500000,0.011635220125786163,TRUE,15.631253449062369,-2.497920115729036,-1.0392603365933288,TRUE
1232,defense,81500000,0.008588957055214725,FALSE,NA,NA,NA,FALSE
1233,defense,81500000,0.008588957055214725,FALSE,NA,NA,NA,FALSE
1234,defense,81500000,0.009202453987730062,FALSE,NA,NA,NA,FALSE
1235,defense,82500000,0.00909090909090909,FALSE,NA,NA,NA,FALSE
1236,defense,83500000,0.009281437125748504,FALSE,NA,NA,NA,FALSE
1237,defense,75000000,0.012333333333333333,FALSE,NA,NA,NA,FALSE
1238,defense,81500000,0.008895705521472393,TRUE,15.347454339484784,-1.323599339484785,-0.5506838615077957,TRUE
1239,defense,82500000,0.012727272727272728,TRUE,15.744384277211907,3.974134056121425,1.6534395438928386,FALSE
1240,defense,83500000,0.0407185628742515,TRUE,18.644132724302327,2.7364997756976734,1.1385214683493232,TRUE
1241,defense,75000000,0.011,FALSE,NA,NA,NA,FALSE
1242,defense,81500000,0.008895705521472393,TRUE,15.347454339484784,-2.0698910061514475,-0.8611787103274228,TRUE
1243,defense,82500000,0.009393939393939394,TRUE,15.399068712755463,-2.057764546088796,-0.8561334933538933,FALSE
1244,defense,88000000,0.008806818181818181,FALSE,NA,NA,NA,FALSE
1245,forward,73000000,0.012671232876712329,FALSE,NA,NA,NA,FALSE
1246,forward,81500000,0.008588957055214725,TRUE,11.903915546790932,1.1166711198757362,0.464591320034029,TRUE
1247,forward,81500000,0.009202453987730062,TRUE,11.957339354274637,0.2024806457253625,0.0842421271621648,FALSE
1248,forward,82500000,0.009242424242424243,TRUE,11.960819996277365,0.8412883370559658,0.35001823910835883,FALSE
1249,forward,88000000,0.029545454545454545,TRUE,13.728824243336586,0.4519657566634141,0.18804047472974936,TRUE
1250,defense,75000000,0.010111106666666666,FALSE,NA,NA,NA,FALSE
1251,defense,81500000,0.008895705521472393,TRUE,15.347454339484784,-2.7671526728181206,-1.1512746144480963,TRUE
1252,defense,82500000,0.00909090909090909,FALSE,NA,NA,NA,FALSE
1253,defense,83500000,0.009281437125748504,TRUE,15.387414077482573,-0.5899140774825682,-0.24543391074247659,FALSE
1254,defense,88000000,0.008806818181818181,TRUE,15.338246084925066,-0.8271360849250655,-0.34413019079948787,FALSE
1255,defense,73000000,0.014126712328767123,FALSE,NA,NA,NA,FALSE
1256,defense,79500000,0.00880503144654088,TRUE,15.338060988674822,3.8658081779918447,1.6083705331355196,FALSE
1257,defense,81500000,0.05030674846625767,TRUE,19.637417640247353,4.997417915308198,2.0791770689772178,TRUE
1258,defense,83500000,0.08682634730538923,FALSE,NA,NA,NA,FALSE
1259,forward,75000000,0.056666666666666664,TRUE,16.090561259930624,1.2199531845138196,0.5075618508304077,TRUE
1260,forward,88000000,0.045454545454545456,TRUE,15.114200705584485,-0.4823840389178198,-0.20069600925034717,TRUE
1261,forward,79500000,0.011635220125786163,FALSE,NA,NA,NA,FALSE
1262,forward,81500000,0.009202453987730062,TRUE,11.957339354274637,1.6137906457253628,0.671418032589172,TRUE
1263,forward,82500000,0.013939393939393939,TRUE,12.369835904179125,0.8741107624875415,0.3636740180450176,FALSE
1264,forward,88000000,0.022727272727272728,TRUE,13.135091473801776,-3.425091473801775,-1.4250102297155687,TRUE
1265,forward,73000000,0.01364154794520548,FALSE,NA,NA,NA,FALSE
1266,forward,81500000,0.0343558282208589,TRUE,14.147715461106548,0.32218453889345255,0.13404496413923644,TRUE
1267,forward,81500000,0.013496932515337423,TRUE,12.331306006660572,0.3816323266727597,0.15877823224826088,FALSE
1268,forward,82500000,0.012121212121212121,TRUE,12.211507165636506,-1.4540721656365072,-0.6049671159517223,FALSE
1269,forward,83500000,0.009281437125748504,TRUE,11.964217269609367,2.501097730390633,1.0405823840287056,FALSE
1270,forward,88000000,0.02556818181818182,TRUE,13.382480127774611,0.14698820555872238,0.06115448249217667,TRUE
1271,forward,71400000,0.012955182072829132,FALSE,NA,NA,NA,FALSE
1272,forward,79500000,0.008993710691823899,TRUE,11.939161819778608,-2.3824951531119396,-0.9912377498238935,FALSE
1273,forward,81500000,0.009049079754601227,FALSE,NA,NA,NA,FALSE
1274,forward,81500000,0.011656441717791411,TRUE,12.171034584209458,3.498642915790544,1.4556113269551672,FALSE
1275,forward,83500000,0.05389221556886228,TRUE,15.84895982157567,-0.3707448215756699,-0.1542484828216821,TRUE
1276,forward,81500000,0.009202453987730062,FALSE,NA,NA,NA,FALSE
1277,forward,83500000,0.009281437125748504,FALSE,NA,NA,NA,FALSE
1278,forward,88000000,0.008806818181818181,FALSE,NA,NA,NA,FALSE
1279,defense,73000000,0.012671232876712329,FALSE,NA,NA,NA,FALSE
1280,defense,81500000,0.010725460122699386,FALSE,NA,NA,NA,FALSE
1281,defense,81500000,0.008588957055214725,FALSE,NA,NA,NA,FALSE
1282,defense,81500000,0.03271984049079755,TRUE,17.81550772387049,4.451567831685068,1.8520759947420615,FALSE
1283,defense,88000000,0.06534090909090909,TRUE,21.194876538916454,1.7600517944168779,0.7322700228760222,TRUE
1284,forward,73000000,0.00977168493150685,FALSE,NA,NA,NA,FALSE
1285,forward,81500000,0.008588957055214725,TRUE,11.903915546790932,-4.253915546790932,-1.769842708403531,FALSE
1286,forward,81500000,0.008588957055214725,FALSE,NA,NA,NA,FALSE
1287,forward,81500000,0.0098159509202454,TRUE,12.010763161758343,-3.6681714950916753,-1.5261437380107792,FALSE
1288,forward,82500000,0.00909090909090909,FALSE,NA,NA,NA,FALSE
1289,forward,83500000,0.009281437125748504,FALSE,NA,NA,NA,FALSE
1290,forward,81500000,0.011349693251533743,FALSE,NA,NA,NA,FALSE
1291,forward,81500000,0.009202453987730062,TRUE,11.957339354274637,-3.4645626876079714,-1.4414322388453535,FALSE
1292,forward,82500000,0.01,TRUE,12.026790304003454,0.9265613626632128,0.3854961043678947,FALSE
1293,forward,88000000,0.036931818181818184,TRUE,14.372034743665969,-1.3789197436659695,-0.5736999305597227,TRUE
1294,defense,71400000,0.011204481792717087,FALSE,NA,NA,NA,FALSE
1295,defense,81500000,0.008773006134969326,FALSE,NA,NA,NA,FALSE
1296,defense,81500000,0.008588957055214725,FALSE,NA,NA,NA,FALSE
1297,defense,81500000,0.009202453987730062,TRUE,15.379231845416358,5.536688154583645,2.3035405972002163,FALSE
1298,defense,82500000,0.011515151515151515,TRUE,15.618814981045928,-3.9210383143792615,-1.6313490462475493,TRUE
1299,forward,79500000,0.011635220125786163,FALSE,NA,NA,NA,FALSE
1300,forward,81500000,0.008895705521472393,TRUE,11.930627450532786,-5.301460783866119,-2.205674186289589,TRUE
1301,forward,82500000,0.00909090909090909,FALSE,NA,NA,NA,FALSE
1302,forward,83500000,0.009281437125748504,FALSE,NA,NA,NA,FALSE
1303,forward,73000000,0.012671232876712329,FALSE,NA,NA,NA,FALSE
1304,forward,81500000,0.012269938650306749,TRUE,12.224458391693164,3.8455416083068368,1.5999386213622777,FALSE
1305,forward,81500000,0.057975460122699385,TRUE,16.204532049229194,-3.1246903825625303,-1.300028274837006,TRUE
1306,forward,88000000,0.008806818181818181,TRUE,11.92288706933486,-1.4282804026681948,-0.5942364460255702,FALSE
1307,forward,79500000,0.011635220125786163,FALSE,NA,NA,NA,FALSE
1308,forward,81500000,0.03742331288343558,TRUE,14.414834498525074,0.9678038348082598,0.40265504600638385,TRUE
1309,forward,82500000,0.05757575757575758,TRUE,16.16972562920193,-3.207693962535263,-1.3345619366293637,FALSE
1310,forward,88000000,0.012215909090909092,TRUE,12.21975345410227,2.3382165458977298,0.9728156233725466,FALSE
1311,forward,79500000,0.011635220125786163,FALSE,NA,NA,NA,FALSE
1312,forward,81500000,0.015337423312883436,TRUE,12.491577429111688,0.7874809042216437,0.3276316421925884,TRUE
1313,forward,82500000,0.02727272727272727,TRUE,13.530913320158314,0.10592834650834959,0.044071517080886496,FALSE
1314,forward,83500000,0.03592814371257485,TRUE,14.28463396172347,-1.0011339617234718,-0.4165220542819836,TRUE
1315,forward,79500000,0.016981132075471698,FALSE,NA,NA,NA,FALSE
1316,forward,81500000,0.009202453987730062,TRUE,11.957339354274637,3.6394189790586964,1.514181245975033,TRUE
1317,forward,81500000,0.020858895705521473,FALSE,NA,NA,NA,FALSE
1318,forward,92400000,0.030844155844155844,FALSE,NA,NA,NA,FALSE
1319,defense,75000000,0.0098,FALSE,NA,NA,NA,FALSE
1320,defense,81500000,0.008895705521472393,TRUE,15.347454339484784,3.33688899384855,1.388313564186775,TRUE
1321,defense,82500000,0.029696969696969697,TRUE,17.50235442353562,2.7425772431310413,1.1410500003110402,FALSE
1322,defense,88000000,0.04943181818181818,FALSE,NA,NA,NA,FALSE
1323,forward,75000000,0.012333333333333333,FALSE,NA,NA,NA,FALSE
1324,forward,81500000,0.008895705521472393,TRUE,11.930627450532786,0.7642992161338817,0.3179868946231259,TRUE
1325,forward,82500000,0.00909090909090909,TRUE,11.947625934732145,-1.1976259347321445,-0.4982725925482089,FALSE
1326,forward,83500000,0.009281437125748504,FALSE,NA,NA,NA,FALSE
1327,forward,88000000,0.008806818181818181,TRUE,11.92288706933486,-0.37461206933486046,-0.15585745229296288,FALSE
1328,forward,75000000,0.009422226666666667,FALSE,NA,NA,NA,FALSE
1329,forward,81500000,0.00901840490797546,FALSE,NA,NA,NA,FALSE
1330,forward,81500000,0.009202453987730062,TRUE,11.957339354274637,-7.436506020941304,-3.0939603319324602,FALSE
1331,forward,82500000,0.00909090909090909,TRUE,11.947625934732145,-4.464292601398812,-1.8573701386069938,FALSE
1332,forward,83500000,0.009281437125748504,FALSE,NA,NA,NA,FALSE
1333,forward,88000000,0.008806818181818181,TRUE,11.92288706933486,-6.258443736001527,-2.603827201146933,FALSE
1334,forward,82500000,0.00909090909090909,TRUE,11.947625934732145,-7.180959268065478,-2.9876400366048603,FALSE
1335,forward,82500000,0.009696969696969697,FALSE,NA,NA,NA,FALSE
1336,forward,88000000,0.008806818181818181,FALSE,NA,NA,NA,FALSE
1337,defense,81500000,0.008588957055214725,TRUE,15.315676833553209,2.95932316644679,1.2312272000549218,TRUE
1338,defense,81500000,0.009202453987730062,FALSE,NA,NA,NA,FALSE
1339,defense,83500000,0.009281437125748504,FALSE,NA,NA,NA,FALSE
1340,defense,88000000,0.008806818181818181,FALSE,NA,NA,NA,FALSE
1341,defense,92400000,0.008387445887445888,FALSE,NA,NA,NA,FALSE
1342,defense,79500000,0.009182389937106919,FALSE,NA,NA,NA,FALSE
1343,defense,81500000,0.008588957055214725,FALSE,NA,NA,NA,FALSE
1344,defense,81500000,0.009202453987730062,TRUE,15.379231845416358,-4.708398512083026,-1.9589304684608795,FALSE
1345,defense,82500000,0.009242424242424243,TRUE,15.383372550734716,2.410158282598619,1.0027470022937872,FALSE
1346,defense,83500000,0.011676646706586826,FALSE,NA,NA,NA,FALSE
1347,forward,73000000,0.012671232876712329,FALSE,NA,NA,NA,FALSE
1348,forward,81500000,0.008773006134969326,TRUE,11.919942689036045,-1.4270860223693784,-0.5937395237807186,FALSE
1349,forward,81500000,0.009202453987730062,FALSE,NA,NA,NA,FALSE
1350,forward,81500000,0.009355828220858895,TRUE,11.970695306145563,-1.790453639478896,-0.7449187186983022,FALSE
1351,forward,83500000,0.009281437125748504,FALSE,NA,NA,NA,FALSE
1352,forward,81500000,0.011349693251533743,FALSE,NA,NA,NA,FALSE
1353,forward,81500000,0.009202453987730062,FALSE,NA,NA,NA,FALSE
1354,forward,82500000,0.00909090909090909,TRUE,11.947625934732145,-0.26984926806547804,-0.11227086062251541,FALSE
1355,forward,83500000,0.009281437125748504,FALSE,NA,NA,NA,FALSE
1356,forward,88000000,0.008806818181818181,FALSE,NA,NA,NA,FALSE
1357,forward,73000000,0.010958904109589041,FALSE,NA,NA,NA,FALSE
1358,forward,81500000,0.008773006134969326,TRUE,11.919942689036045,1.7810373109639546,0.7410010526847696,FALSE
1359,forward,81500000,0.029754601226993867,TRUE,13.74703690497876,1.9799947616879088,0.8237773536181484,TRUE
1360,forward,82500000,0.0703030303030303,TRUE,17.27802679900025,-1.9872290212224737,-0.8267871692449789,FALSE
1361,forward,71400000,0.012955182072829132,FALSE,NA,NA,NA,FALSE
1362,forward,79500000,0.011635220125786163,TRUE,12.169186590868827,2.493158409131171,1.037279227281428,FALSE
1363,forward,81500000,0.031083840490797546,TRUE,13.862788131701404,0.22524186829859616,0.09371193994111775,TRUE
1364,forward,82500000,0.04424242424242424,TRUE,15.00864821322274,2.608140675666151,1.0851176302267245,FALSE
1365,forward,92400000,0.06493506493506493,FALSE,NA,NA,NA,FALSE
1366,defense,71400000,0.024859943977591035,FALSE,NA,NA,NA,FALSE
1367,defense,79500000,0.062264150943396226,TRUE,20.876140795995145,1.0244915373381929,0.4262399799043866,TRUE
1368,defense,88000000,0.08352272727272728,TRUE,23.07841598140615,-1.5396076480728134,-0.640554176445642,TRUE
1369,defense,71400000,0.012955182072829132,FALSE,NA,NA,NA,FALSE
1370,defense,81500000,0.0558282208588957,TRUE,20.209412747015694,3.4601197529843084,1.439583754699133,TRUE
1371,forward,73000000,0.024315068493150686,FALSE,NA,NA,NA,FALSE
1372,forward,81500000,0.08764241717791411,TRUE,18.78795458705177,1.9179364129482295,0.7979579609187938,TRUE
1373,defense,71400000,0.012955182072829132,FALSE,NA,NA,NA,FALSE
1374,defense,81500000,0.0098159509202454,FALSE,NA,NA,NA,FALSE
1375,defense,81500000,0.013803680981595092,TRUE,15.855894434389977,4.500251398943355,1.8723308060055694,FALSE
1376,defense,82500000,0.041212121212121214,FALSE,NA,NA,NA,FALSE
1377,forward,75000000,0.019888893333333334,TRUE,12.887923107880495,2.1953646698972857,0.9133820619065984,FALSE
1378,forward,81500000,0.05828220858895705,FALSE,NA,NA,NA,FALSE
1379,forward,82500000,0.014545454545454545,FALSE,NA,NA,NA,FALSE
1380,forward,83500000,0.009281437125748504,TRUE,11.964217269609367,-2.4415989362760353,-1.0158278947201524,FALSE
1381,forward,92400000,0.0091991341991342,FALSE,NA,NA,NA,FALSE
1382,forward,71400000,0.024859943977591035,FALSE,NA,NA,NA,FALSE
1383,forward,81500000,0.027607361963190184,TRUE,13.56005357878579,2.9966397545475445,1.2467527765799284,TRUE
1384,forward,82500000,0.04242424242424243,TRUE,14.850319474680125,1.2055738586532119,0.5015793284351634,FALSE
1385,forward,83500000,0.05688622754491018,TRUE,16.109680798217706,2.5795100351156286,1.0732058445182633,TRUE
1386,forward,71400000,0.05287114845938375,FALSE,NA,NA,NA,FALSE
1387,forward,75000000,0.16666666666666666,FALSE,NA,NA,NA,FALSE
1388,forward,71400000,0.05287114845938375,FALSE,NA,NA,NA,FALSE
1389,forward,75000000,0.13333333333333333,FALSE,NA,NA,NA,FALSE
1390,defense,71400000,0.012955182072829132,FALSE,NA,NA,NA,FALSE
1391,defense,81500000,0.023006134969325152,FALSE,NA,NA,NA,FALSE
1392,defense,81500000,0.049079754601226995,TRUE,19.510307616521054,2.6621473834789455,1.1075871355509335,FALSE
1393,defense,83500000,0.08802395209580838,TRUE,23.54471887856443,-0.9252363785644278,-0.3849448443769073,TRUE
1394,defense,71400000,0.012955182072829132,FALSE,NA,NA,NA,FALSE
1395,defense,81500000,0.010725460122699386,FALSE,NA,NA,NA,FALSE
1396,defense,81500000,0.018404907975460124,TRUE,16.332557023363595,-1.7899186900302624,-0.744696152836189,FALSE
1397,defense,83500000,0.009580838323353293,TRUE,15.418430445547523,1.8609028877858105,0.7742291474214492,FALSE
1398,defense,88000000,0.008806818181818181,FALSE,NA,NA,NA,FALSE
1399,forward,71400000,0.009710546218487395,FALSE,NA,NA,NA,FALSE
1400,forward,81500000,0.00901840490797546,FALSE,NA,NA,NA,FALSE
1401,forward,81500000,0.009202453987730062,FALSE,NA,NA,NA,FALSE
1402,forward,82500000,0.00909090909090909,TRUE,11.947625934732145,-1.9886526013988082,-0.827379450160573,FALSE
1403,forward,83500000,0.009281437125748504,TRUE,11.964217269609367,-1.3568106029426996,-0.5645014166099886,FALSE
1404,forward,88000000,0.008806818181818181,FALSE,NA,NA,NA,FALSE
1405,forward,79500000,0.015408805031446541,TRUE,12.497793406711995,1.3972274266213383,0.5813168469817627,TRUE
1406,forward,81500000,0.025766871165644172,FALSE,NA,NA,NA,FALSE
1407,forward,82500000,0.03636363636363636,TRUE,14.322557012871401,0.953562431573042,0.39672990635656197,FALSE
1408,forward,92400000,0.04329004329004329,FALSE,NA,NA,NA,FALSE
1409,forward,71400000,0.0234593837535014,FALSE,NA,NA,NA,FALSE
1410,forward,81500000,0.0736196319018405,TRUE,17.566839140063674,1.0422153043807683,0.43361395795371777,TRUE
1411,forward,83500000,0.10538922155688622,TRUE,20.333360619818656,-2.674773119818653,-1.112840076553938,TRUE
1412,defense,71400000,0.012955182072829132,FALSE,NA,NA,NA,FALSE
1413,defense,81500000,0.03619631901840491,TRUE,18.17565236739492,1.02098096593841,0.42477940572845524,TRUE
1414,defense,82500000,0.06303030303030303,FALSE,NA,NA,NA,FALSE
1415,forward,71400000,0.023225952380952382,FALSE,NA,NA,NA,FALSE
1416,forward,81500000,0.11349693251533742,TRUE,21.03938662650451,0.2927117068288254,0.12178278442461275,TRUE
1417,forward,92400000,0.12987012987012986,FALSE,NA,NA,NA,FALSE
1418,forward,73000000,0.011301369863013699,FALSE,NA,NA,NA,FALSE
1419,forward,81500000,0.00901840490797546,FALSE,NA,NA,NA,FALSE
1420,forward,81500000,0.008588957055214725,FALSE,NA,NA,NA,FALSE
1421,forward,81500000,0.009202453987730062,TRUE,11.957339354274637,-4.1017843542746375,-1.706548484803156,FALSE
1422,forward,82500000,0.009242424242424243,TRUE,11.960819996277365,-2.9904933296107004,-1.2441955548303265,FALSE
1423,forward,88000000,0.009659090909090909,TRUE,11.997103665526714,-2.4783253321933802,-1.031107921628371,TRUE
1424,forward,75000000,0.012333333333333333,FALSE,NA,NA,NA,FALSE
1425,forward,81500000,0.008895705521472393,TRUE,11.930627450532786,-2.454004117199453,-1.020989073582836,TRUE
1426,forward,82500000,0.010303030303030303,TRUE,12.053178427093892,-2.5392567604272234,-1.0564584587479036,FALSE
1427,forward,88000000,0.008948863636363637,TRUE,11.935256502033504,-1.066668168700172,-0.44378757873655755,TRUE
1428,forward,73000000,0.024315068493150686,FALSE,NA,NA,NA,FALSE
1429,forward,81500000,0.10373006134969324,TRUE,20.188879611363923,-0.8137075280305908,-0.3385432360885517,TRUE
1430,forward,83500000,0.11676646706586827,FALSE,NA,NA,NA,FALSE
1431,defense,71400000,0.012955182072829132,FALSE,NA,NA,NA,FALSE
1432,defense,81500000,0.009662576687116564,FALSE,NA,NA,NA,FALSE
1433,defense,81500000,0.009202453987730062,TRUE,15.379231845416358,2.7840098212503097,1.158288035591281,FALSE
1434,defense,82500000,0.030303030303030304,TRUE,17.56513907161861,-0.3171607382852777,-0.1319548105437898,TRUE
1435,defense,88000000,0.011931818181818182,TRUE,15.661979426602983,-3.181027759936317,-1.3234674558594859,FALSE
1436,forward,71400000,0.015931372549019607,FALSE,NA,NA,NA,FALSE
1437,forward,81500000,0.012269938650306749,TRUE,12.224458391693164,0.887804941640173,0.3693714849679658,TRUE
1438,forward,82500000,0.013646969696969697,TRUE,12.344371365396855,2.502711967936481,1.041253987994211,FALSE
1439,forward,83500000,0.01347305389221557,TRUE,12.329226636908214,-0.9224766369082129,-0.383796653117912,FALSE
1440,forward,88000000,0.01278409090909091,TRUE,12.269231184896837,-1.1551011848968376,-0.4805801589314958,FALSE
1441,forward,71400000,0.012955182072829132,FALSE,NA,NA,NA,FALSE
1442,forward,81500000,0.008895705521472393,TRUE,11.930627450532786,0.7198042161338787,0.2994747378949964,TRUE
1443,forward,82500000,0.01696969696969697,TRUE,12.633717135083486,-0.7207738017501502,-0.2998781342516602,FALSE
1444,forward,88000000,0.028409090909090908,FALSE,NA,NA,NA,FALSE
1445,forward,81500000,0.011349693251533743,FALSE,NA,NA,NA,FALSE
1446,forward,82500000,0.00909090909090909,TRUE,11.947625934732145,2.7056407319345244,1.125682554884359,FALSE
1447,forward,83500000,0.009580838323353293,TRUE,11.99028936727357,2.2104139660597664,0.9196433256262941,FALSE
1448,forward,88000000,0.03977272727272727,TRUE,14.619423397638808,-1.38825173097214,-0.5775825063906415,TRUE
1449,forward,71400000,0.015931372549019607,FALSE,NA,NA,NA,FALSE
1450,forward,81500000,0.06748466257668712,TRUE,17.032601065226622,1.983689601440041,0.8253145926916801,TRUE
1451,forward,88000000,0.09943181818181818,FALSE,NA,NA,NA,FALSE
1452,forward,71400000,0.047619047619047616,FALSE,NA,NA,NA,FALSE
1453,forward,81500000,0.03680981595092025,TRUE,14.361410691041366,2.702396808958637,1.1243329198569716,FALSE
1454,forward,82500000,0.04242424242424243,FALSE,NA,NA,NA,FALSE
1455,forward,83500000,0.059880239520958084,TRUE,16.37040177485974,1.3454315584735959,0.5597671620953603,TRUE
1456,defense,71400000,0.012955182072829132,FALSE,NA,NA,NA,FALSE
1457,defense,81500000,0.03496932515337423,TRUE,18.048542343668622,2.4288193229980415,1.01051093317555,TRUE
1458,defense,81500000,0.05030674846625767,TRUE,19.637417640247353,-0.3377126402473536,-0.14050543488771777,TRUE
1459,forward,75000000,0.019888893333333334,TRUE,12.887923107880495,5.521465781008397,2.2972073245763456,FALSE
1460,forward,81500000,0.07208588957055215,FALSE,NA,NA,NA,FALSE
1461,forward,82500000,0.08060606060606061,TRUE,18.17522298407508,-0.2193357618528573,-0.09125470276443438,FALSE
1462,forward,71400000,0.018557422969187675,FALSE,NA,NA,NA,FALSE
1463,forward,81500000,0.08588957055214724,TRUE,18.635315289737775,0.32075971026222305,0.13345216380364716,FALSE
1464,forward,82500000,0.11090909090909092,FALSE,NA,NA,NA,FALSE
1465,forward,75000000,0.012333333333333333,FALSE,NA,NA,NA,FALSE
1466,forward,81500000,0.008588957055214725,FALSE,NA,NA,NA,FALSE
1467,forward,81500000,0.009202453987730062,TRUE,11.957339354274637,-2.71567268760797,-1.1298563527429153,FALSE
1468,forward,82500000,0.009242424242424243,TRUE,11.960819996277365,-2.366376662944031,-0.9845316476504107,TRUE
1469,forward,88000000,0.008806818181818181,FALSE,NA,NA,NA,FALSE
1470,forward,75000000,0.012333333333333333,FALSE,NA,NA,NA,FALSE
1471,forward,81500000,0.03865030674846626,TRUE,14.521682113492481,3.2752195531741854,1.3626559767926891,TRUE
1472,forward,82500000,0.10242424242424242,FALSE,NA,NA,NA,FALSE
1473,defense,73000000,0.011757986301369863,FALSE,NA,NA,NA,FALSE
1474,defense,81500000,0.008895705521472393,FALSE,NA,NA,NA,FALSE
1475,defense,82500000,0.00909090909090909,TRUE,15.367676388713967,-2.041288055380633,-0.8492784449592633,FALSE
1476,defense,83500000,0.009281437125748504,TRUE,15.387414077482573,2.3345359225174267,0.9712842990243414,FALSE
1477,defense,88000000,0.00909090909090909,TRUE,15.367676388713967,2.4804702779526977,1.032000326888958,FALSE
1478,defense,73000000,0.010958904109589041,FALSE,NA,NA,NA,FALSE
1479,defense,81500000,0.024539877300613498,TRUE,16.968107141995088,-0.8879354753284261,-0.3694257935441034,TRUE
1480,defense,82500000,0.02666666666666667,TRUE,17.18843118312067,1.338617150212663,0.5569320257039491,FALSE
1481,defense,83500000,0.02470059880239521,TRUE,16.9847570328275,-2.0792020328274994,-0.8650525654825381,TRUE
1482,defense,73000000,0.010958904109589041,FALSE,NA,NA,NA,FALSE
1483,defense,81500000,0.010429447852760737,TRUE,15.506341869142657,1.2178397975240092,0.5066825756043698,TRUE
1484,defense,82500000,0.016363636363636365,TRUE,16.121092165709847,3.088496167623486,1.2849696619680735,FALSE
1485,defense,83500000,0.009281437125748504,TRUE,15.387414077482573,-3.1794140774825728,-1.3227960828401997,FALSE
1486,defense,88000000,0.008806818181818181,TRUE,15.338246084925066,-2.5282460849250654,-1.0518774642411386,FALSE
1487,defense,71400000,0.015756302521008403,FALSE,NA,NA,NA,FALSE
1488,defense,81500000,0.008588957055214725,FALSE,NA,NA,NA,FALSE
1489,defense,81500000,0.009202453987730062,TRUE,15.379231845416358,-0.7042318454163574,-0.2929958488658635,FALSE
1490,defense,82500000,0.00909090909090909,TRUE,15.367676388713967,-0.402399722047301,-0.16741851268445626,FALSE
1491,defense,83500000,0.009281437125748504,TRUE,15.387414077482573,0.20504508918409492,0.08530906455352287,FALSE
1492,forward,73000000,0.015582191780821918,FALSE,NA,NA,NA,FALSE
1493,forward,81500000,0.024919656441717793,TRUE,13.326006015151979,2.037899818181355,0.8478687679603846,FALSE
1494,forward,82500000,0.048484848484848485,FALSE,NA,NA,NA,FALSE
1495,forward,88000000,0.031818181818181815,TRUE,13.92673516651486,-0.2557218331815232,-0.10639313753591695,FALSE
1496,defense,73000000,0.024315068493150686,FALSE,NA,NA,NA,FALSE
1497,defense,81500000,0.06134969325153374,TRUE,20.78140785378404,4.040727979549299,1.6811459636622008,TRUE
1498,defense,81500000,0.11758690797546012,FALSE,NA,NA,NA,FALSE
1499,forward,73000000,0.010958904109589041,FALSE,NA,NA,NA,FALSE
1500,forward,81500000,0.009202453987730062,TRUE,11.957339354274637,4.294582312392027,1.7867621271794278,TRUE
1501,forward,82500000,0.03636363636363636,TRUE,14.322557012871401,1.294845209350818,0.538720697924899,TRUE
1502,forward,71400000,0.015931372549019607,FALSE,NA,NA,NA,FALSE
1503,forward,81500000,0.025766871165644172,TRUE,13.399782156334677,3.860266176998657,1.606064782130388,TRUE
1504,forward,81500000,0.050920245398773004,TRUE,15.590158263166586,-0.029880485388810385,-0.012431783989891091,FALSE
1505,forward,88000000,0.014204545454545454,TRUE,12.392925511883256,0.5349311547834077,0.2225582509519963,FALSE
1506,defense,71400000,0.012955182072829132,FALSE,NA,NA,NA,FALSE
1507,defense,81500000,0.008588957055214725,FALSE,NA,NA,NA,FALSE
1508,defense,81500000,0.009202453987730062,TRUE,15.379231845416358,-11.162565178749691,-4.644188247599983,FALSE
1509,defense,82500000,0.00909090909090909,TRUE,15.367676388713967,1.1715386112860315,0.48741895460570256,FALSE
1510,defense,83500000,0.009281437125748504,FALSE,NA,NA,NA,FALSE
1511,forward,71400000,0.012955182072829132,FALSE,NA,NA,NA,FALSE
1512,forward,79500000,0.009433962264150943,TRUE,11.977499281626978,1.0496165517063538,0.4366932488959558,FALSE
1513,forward,81500000,0.008895705521472393,TRUE,11.930627450532786,1.0566725494672138,0.4396288986638479,TRUE
1514,forward,82500000,0.00909090909090909,TRUE,11.947625934732145,-0.5286876013988131,-0.21996061888556073,FALSE
1515,forward,83500000,0.023952095808383235,TRUE,13.241750055155334,-1.2413117218220027,-0.5164480760272312,FALSE
1516,forward,88000000,0.011079545454545455,TRUE,12.120797992513133,-0.10195799251313176,-0.04241965023235019,FALSE
1517,defense,71400000,0.012955182072829132,FALSE,NA,NA,NA,FALSE
1518,defense,81500000,0.010429447852760737,TRUE,15.506341869142657,2.165121464190678,0.9007993680308428,TRUE
1519,defense,82500000,0.024242424242424242,TRUE,16.93729259078871,0.8716140758779538,0.3626352709089864,TRUE
1520,defense,71400000,0.01799719887955182,FALSE,NA,NA,NA,FALSE
1521,defense,81500000,0.09815950920245399,TRUE,24.594708565572986,0.047548101093681794,0.01978240026005447,TRUE
1522,forward,73000000,0.012671232876712329,FALSE,NA,NA,NA,FALSE
1523,forward,81500000,0.009049079754601227,TRUE,11.94398340240371,2.254083264262958,0.9378119488995799,TRUE
1524,forward,82500000,0.03575757575757576,TRUE,14.269780766690527,-0.07538576669052688,-0.0313642685255679,TRUE
1525,forward,71400000,0.02287581232492997,FALSE,NA,NA,NA,FALSE
1526,forward,81500000,0.018813901840490796,TRUE,12.794311982027303,2.7113421846393617,1.128054645817047,TRUE
1527,forward,82500000,0.052121212121212124,TRUE,15.694739413574082,0.49637058642591647,0.20651511610629272,TRUE
1528,defense,73000000,0.012671232876712329,FALSE,NA,NA,NA,FALSE
1529,defense,81500000,0.00950920245398773,TRUE,15.411009351347934,0.5926939819854002,0.24659049075923478,TRUE
1530,defense,82500000,0.009242424242424243,TRUE,15.383372550734716,-3.0571825507347157,-1.2719416232318228,TRUE
1531,defense,88000000,0.008806818181818181,FALSE,NA,NA,NA,FALSE
1532,forward,73000000,0.012671232876712329,FALSE,NA,NA,NA,FALSE
1533,forward,81500000,0.009049079754601227,TRUE,11.94398340240371,-0.7655884024037096,-0.3185232609177389,TRUE
1534,forward,82500000,0.00909090909090909,FALSE,NA,NA,NA,FALSE
1535,forward,83500000,0.009281437125748504,FALSE,NA,NA,NA,FALSE
1536,forward,88000000,0.008806818181818181,FALSE,NA,NA,NA,FALSE
1537,forward,71400000,0.024859943977591035,FALSE,NA,NA,NA,FALSE
1538,forward,81500000,0.13365644171779142,TRUE,22.794892940419057,-1.5130029404190566,-0.6294852806642649,TRUE
1539,forward,71400000,0.015931372549019607,FALSE,NA,NA,NA,FALSE
1540,forward,81500000,0.018251533742331287,TRUE,12.745340514659288,2.9718628186740474,1.2364443257397675,TRUE
1541,forward,81500000,0.06441717791411043,TRUE,16.765482027808098,2.6678225555252375,1.1099482924085589,TRUE
1542,forward,71400000,0.018907563025210083,FALSE,NA,NA,NA,FALSE
1543,forward,81500000,0.045092024539877304,TRUE,15.082632092071387,-0.046268758738051474,-0.01925012952859338,TRUE
1544,forward,82500000,0.048484848484848485,TRUE,15.378081936488845,1.426344730177819,0.5934311089648632,FALSE
1545,forward,88000000,0.0625,TRUE,16.59853262942152,0.11437737057848096,0.04758673581975603,TRUE
1546,defense,71400000,0.024859943977591035,FALSE,NA,NA,NA,FALSE
1547,defense,81500000,0.08282208588957055,TRUE,23.00583326899426,0.6479513976724078,0.2695803534312028,TRUE
1548,defense,79500000,0.011635220125786163,FALSE,NA,NA,NA,FALSE
1549,defense,81500000,0.009202453987730062,FALSE,NA,NA,NA,FALSE
1550,defense,82500000,0.009242424242424243,TRUE,15.383372550734716,-3.372140884068049,-1.402980122602465,FALSE
1551,defense,88000000,0.009375,TRUE,15.39710669250287,-5.4714666925028705,-2.2764051903437834,FALSE
1552,defense,81500000,0.021779141104294478,FALSE,NA,NA,NA,FALSE
1553,defense,81500000,0.053987730061349694,TRUE,20.018747711426247,0.983874788573754,0.4093413706468453,TRUE
1554,forward,71400000,0.012955182072829132,FALSE,NA,NA,NA,FALSE
1555,forward,81500000,0.008895705521472393,TRUE,11.930627450532786,2.736872549467215,1.1386765609764922,TRUE
1556,forward,82500000,0.020606060606060607,TRUE,12.950374612168721,1.909732887831277,0.794544882085483,FALSE
1557,forward,88000000,0.03977272727272727,TRUE,14.619423397638808,-1.7050650643054759,-0.7093927790106539,TRUE
1558,forward,73000000,0.012671232876712329,FALSE,NA,NA,NA,FALSE
1559,forward,81500000,0.05889570552147239,TRUE,16.284667760454752,1.151931406211915,0.4792613716563241,TRUE
1560,forward,82500000,0.07575757575757576,FALSE,NA,NA,NA,FALSE
1561,forward,71400000,0.012955182072829132,FALSE,NA,NA,NA,FALSE
1562,forward,75000000,0.008666666666666666,TRUE,11.910682562405535,2.965724937594464,1.233890658664279,FALSE
1563,forward,81500000,0.024539877300613498,TRUE,13.292934541367266,-2.0066395413672655,-0.8348629213765639,FALSE
1564,forward,81500000,0.008588957055214725,FALSE,NA,NA,NA,FALSE
1565,forward,81500000,0.012269938650306749,TRUE,12.224458391693164,3.6125332749735044,1.5029954415527125,FALSE
1566,forward,82500000,0.024242424242424242,TRUE,13.267032089253954,4.589247910746048,1.909357828699089,FALSE
1567,forward,83500000,0.03592814371257485,TRUE,14.28463396172347,0.9281193716098635,0.3861443144095673,TRUE
1568,forward,71400000,0.049019607843137254,FALSE,NA,NA,NA,FALSE
1569,forward,73000000,0.0821917808219178,FALSE,NA,NA,NA,FALSE
1570,forward,81500000,0.14285714110429448,TRUE,23.596097260585232,-3.7306452605852307,-1.552135964962415,TRUE
1571,forward,71400000,0.012955182072829132,FALSE,NA,NA,NA,FALSE
1572,forward,75000000,0.009666666666666667,TRUE,11.997763368603973,0.9517032980626947,0.39595641335910015,FALSE
1573,forward,81500000,0.020449901840490798,TRUE,12.936776180967946,1.0380971523653848,0.4319005996991041,TRUE
1574,forward,82500000,0.015151515151515152,TRUE,12.475388396540868,1.8373816034591322,0.7644431107453658,FALSE
1575,forward,83500000,0.023952095808383235,TRUE,13.241750055155334,0.06650494484467018,0.02766940020586716,TRUE
1576,forward,71400000,0.008403361344537815,FALSE,NA,NA,NA,FALSE
1577,forward,73000000,0.00821917808219178,TRUE,11.871714895704864,3.0198267709617994,1.2563997410010628,FALSE
1578,forward,75000000,0.019,TRUE,12.810517559789409,2.795524106877256,1.163078557226037,FALSE
1579,forward,79500000,0.03930817610062893,TRUE,14.578969907052056,-0.40324157371872005,-0.16776876529897802,TRUE
1580,forward,81500000,0.015337423312883436,TRUE,12.491577429111688,-1.1931124291116877,-0.49639474731977457,FALSE
1581,forward,83500000,0.010778443113772455,TRUE,12.094577757930383,-2.3253627579303817,-0.9674678014284702,FALSE
1582,forward,75000000,0.012333333333333333,FALSE,NA,NA,NA,FALSE
1583,forward,81500000,0.010725460122699386,FALSE,NA,NA,NA,FALSE
1584,forward,81500000,0.012883435582822086,TRUE,12.277882199176869,-4.750105532510202,-1.9762826855372055,FALSE
1585,forward,82500000,0.00909090909090909,TRUE,11.947625934732145,-0.30256426806547587,-0.1258819451794471,FALSE
1586,forward,83500000,0.011976047904191617,TRUE,12.198866148587197,0.40524885141280365,0.168603893723964,FALSE
1587,forward,88000000,0.022727272727272728,TRUE,13.135091473801776,1.0285235261982244,0.4279174899550209,TRUE
1588,defense,79500000,0.011635220125786163,FALSE,NA,NA,NA,FALSE
1589,defense,81500000,0.011042944785276074,TRUE,15.569896881005807,0.2516472856608605,0.10469792094307023,FALSE
1590,defense,83500000,0.032335329341317366,TRUE,17.775674418483725,-0.4679602518170576,-0.19469498874416752,FALSE
1591,defense,92400000,0.044372294372294376,FALSE,NA,NA,NA,FALSE
1592,defense,73000000,0.012671232876712329,FALSE,NA,NA,NA,FALSE
1593,defense,81500000,0.008588957055214725,FALSE,NA,NA,NA,FALSE
1594,defense,81500000,0.009202453987730062,TRUE,15.379231845416358,-2.1261468454163577,-0.8845839673977544,FALSE
1595,defense,82500000,0.009242424242424243,TRUE,15.383372550734716,-0.8533008840680498,-0.35501606252653406,TRUE
1596,defense,88000000,0.008806818181818181,FALSE,NA,NA,NA,FALSE
1597,defense,79500000,0.011635220125786163,TRUE,15.631253449062369,1.873190717604297,0.7793415023253348,FALSE
1598,defense,81500000,0.011042944785276074,FALSE,NA,NA,NA,FALSE
1599,defense,81500000,0.009202453987730062,TRUE,15.379231845416358,-0.6829368454163589,-0.28413605838321454,FALSE
1600,defense,82500000,0.00909090909090909,TRUE,15.367676388713967,0.3885736112860325,0.1616661555802184,FALSE
1601,defense,83500000,0.009281437125748504,FALSE,NA,NA,NA,FALSE
1602,defense,71400000,0.009710546218487395,FALSE,NA,NA,NA,FALSE
1603,defense,81500000,0.008997950920245398,TRUE,15.358046417761896,4.076723582238104,1.6961219438509547,TRUE
1604,defense,83500000,0.029940119760479042,TRUE,17.527543473964126,1.2726831927025408,0.5295001849323314,FALSE
1605,defense,88000000,0.04261363636363636,TRUE,18.84045223580434,1.5476777641956616,0.6439117504310419,TRUE
1606,defense,81500000,0.019171779141104295,FALSE,NA,NA,NA,FALSE
1607,defense,82500000,0.00909090909090909,FALSE,NA,NA,NA,FALSE
1608,defense,83500000,0.009281437125748504,FALSE,NA,NA,NA,FALSE
1609,defense,88000000,0.008806818181818181,TRUE,15.338246084925066,1.5789755817416005,0.6569332158464544,FALSE
1610,defense,92400000,0.00974025974025974,FALSE,NA,NA,NA,FALSE
1611,forward,71400000,0.011671330532212885,FALSE,NA,NA,NA,FALSE
1612,forward,81500000,0.00950920245398773,TRUE,11.98405125801649,2.1688887419835083,0.9023667449707073,TRUE
1613,forward,81500000,0.06073619631901841,TRUE,16.444939182905866,-0.24140834957253432,-0.10043800882718346,TRUE
1614,defense,79500000,0.011635220125786163,FALSE,NA,NA,NA,FALSE
1615,defense,81500000,0.009662576687116564,TRUE,15.42689810431372,1.5508785623529473,0.6452434433660408,TRUE
1616,defense,82500000,0.02303030303030303,TRUE,16.811723294622734,0.619551705377269,0.2577646538065657,FALSE
1617,defense,83500000,0.029940119760479042,TRUE,17.527543473964126,2.573299859369211,1.0706220992271764,TRUE
1618,forward,81500000,0.017024539877300612,FALSE,NA,NA,NA,FALSE
1619,forward,81500000,0.11042944785276074,FALSE,NA,NA,NA,FALSE
1620,forward,79500000,0.018763106918238993,TRUE,12.789888719246829,1.4422471140865056,0.6000473000710206,TRUE
1621,forward,81500000,0.017791411042944787,FALSE,NA,NA,NA,FALSE
1622,forward,83500000,0.08383233532934131,TRUE,18.456169587996012,0.1654912453373214,0.06885267717311198,TRUE
1623,forward,79500000,0.018763106918238993,TRUE,12.789888719246829,-1.1235278859134965,-0.467444079389892,TRUE
1624,forward,81500000,0.011656441717791411,FALSE,NA,NA,NA,FALSE
1625,forward,81500000,0.012239263803680981,TRUE,12.221787201318977,-0.9022472013189766,-0.37538019099521247,FALSE
1626,forward,82500000,0.00909090909090909,FALSE,NA,NA,NA,FALSE
1627,forward,83500000,0.009281437125748504,FALSE,NA,NA,NA,FALSE
1628,forward,88000000,0.008806818181818181,TRUE,11.92288706933486,-1.4733787360015267,-0.6129996197494496,FALSE
1629,forward,79500000,0.010377358490566037,FALSE,NA,NA,NA,FALSE
1630,forward,81500000,0.008588957055214725,FALSE,NA,NA,NA,FALSE
1631,forward,81500000,0.009202453987730062,TRUE,11.957339354274637,-4.940672687607972,-2.055568201716629,FALSE
1632,forward,82500000,0.00909090909090909,TRUE,11.947625934732145,1.1809440652678553,0.4913320962668043,FALSE
1633,forward,83500000,0.009281437125748504,FALSE,NA,NA,NA,FALSE
1634,forward,88000000,0.008806818181818181,FALSE,NA,NA,NA,FALSE
1635,defense,81500000,0.016564417177914112,FALSE,NA,NA,NA,FALSE
1636,defense,81500000,0.0343558282208589,FALSE,NA,NA,NA,FALSE
1637,defense,83500000,0.07035928143712575,TRUE,21.71475316273238,0.3337835039342849,0.13887071666693548,FALSE
1638,forward,79500000,0.011635220125786163,FALSE,NA,NA,NA,FALSE
1639,forward,81500000,0.009202453987730062,FALSE,NA,NA,NA,FALSE
1640,forward,82500000,0.009242424242424243,FALSE,NA,NA,NA,FALSE
1641,forward,88000000,0.008806818181818181,FALSE,NA,NA,NA,FALSE
1642,forward,75000000,0.010111106666666666,FALSE,NA,NA,NA,FALSE
1643,forward,81500000,0.011042944785276074,TRUE,12.117610776725753,2.7674375566075824,1.151393140425393,TRUE
1644,forward,82500000,0.026262630303030304,TRUE,13.442953261698502,2.1377372938570556,0.8894061765916749,FALSE
1645,forward,75000000,0.009711106666666667,FALSE,NA,NA,NA,FALSE
1646,forward,81500000,0.008895705521472393,TRUE,11.930627450532786,-1.0420707838661194,-0.43355383015469295,TRUE
1647,forward,82500000,0.012727272727272728,TRUE,12.264283411817381,-1.9541959118173793,-0.8130437351844212,FALSE
1648,forward,88000000,0.008806818181818181,TRUE,11.92288706933486,-1.5032804026681976,-0.6254402162156966,FALSE
1649,defense,75000000,0.012333333333333333,FALSE,NA,NA,NA,FALSE
1650,defense,81500000,0.008588957055214725,TRUE,15.315676833553209,2.7983698331134548,1.1642625223926817,TRUE
1651,defense,81500000,0.03865030674846626,TRUE,18.429872414847516,1.7882103629302613,0.743985402886349,FALSE
1652,defense,88000000,0.06534090909090909,TRUE,21.194876538916454,-1.4748765389164546,-0.6136227810554165,TRUE
1653,forward,73000000,0.00904109589041096,FALSE,NA,NA,NA,FALSE
1654,forward,81500000,0.00901840490797546,FALSE,NA,NA,NA,FALSE
1655,forward,81500000,0.009202453987730062,TRUE,11.957339354274637,-0.7348735209413029,-0.3057443262168072,FALSE
1656,forward,83500000,0.009281437125748504,FALSE,NA,NA,NA,FALSE
1657,defense,75000000,0.0102,FALSE,NA,NA,NA,FALSE
1658,defense,81500000,0.008588957055214725,FALSE,NA,NA,NA,FALSE
1659,defense,81500000,0.009202453987730062,TRUE,15.379231845416358,-0.590690178749691,-0.24575680788359078,FALSE
1660,defense,82500000,0.009242424242424243,TRUE,15.383372550734716,-0.7223692174013845,-0.3005419073628448,FALSE
1661,defense,88000000,0.03409090909090909,TRUE,17.957543122137295,0.9410268778627042,0.39151448586078397,TRUE
1662,forward,79500000,0.011635220125786163,FALSE,NA,NA,NA,FALSE
1663,forward,81500000,0.008588957055214725,FALSE,NA,NA,NA,FALSE
1664,forward,81500000,0.0098159509202454,TRUE,12.010763161758343,2.1077551715749916,0.8769321065449848,FALSE
1665,forward,82500000,0.05454545454545454,TRUE,15.905844398297571,-0.5055805094086807,-0.21034690704259842,TRUE
1666,defense,71400000,0.008916904761904761,FALSE,NA,NA,NA,FALSE
1667,defense,81500000,0.03128834355828221,TRUE,17.667212272489728,-4.4568031058230595,-1.8542541319565173,TRUE
1668,defense,82500000,0.01696969696969697,FALSE,NA,NA,NA,FALSE
1669,defense,88000000,0.008806818181818181,TRUE,15.338246084925066,1.1824422484082664,0.4919554157656857,FALSE
1670,defense,92400000,0.0091991341991342,FALSE,NA,NA,NA,FALSE
1671,forward,75000000,0.009466666666666667,FALSE,NA,NA,NA,FALSE
1672,forward,81500000,0.008588957055214725,FALSE,NA,NA,NA,FALSE
1673,forward,81500000,0.008895705521472393,TRUE,11.930627450532786,-0.5245674505327855,-0.21824642900859847,TRUE
1674,forward,81500000,0.0098159509202454,FALSE,NA,NA,NA,FALSE
1675,forward,88000000,0.022727272727272728,TRUE,13.135091473801776,-4.575888140468443,-1.9037994926786193,TRUE
1676,forward,73000000,0.012671232876712329,FALSE,NA,NA,NA,FALSE
1677,forward,79500000,0.00880503144654088,FALSE,NA,NA,NA,FALSE
1678,forward,81500000,0.008588957055214725,FALSE,NA,NA,NA,FALSE
1679,forward,81500000,0.008588957055214725,FALSE,NA,NA,NA,FALSE
1680,forward,81500000,0.009202453987730062,TRUE,11.957339354274637,-1.8156726876079698,-0.7554111104614133,FALSE
1681,forward,82500000,0.009242424242424243,FALSE,NA,NA,NA,FALSE
1682,forward,88000000,0.00909090909090909,FALSE,NA,NA,NA,FALSE
1683,forward,75000000,0.010619053333333333,TRUE,12.080697967349952,-0.31403130068328444,-0.13065280718703068,FALSE
1684,forward,75000000,0.008666666666666666,FALSE,NA,NA,NA,FALSE
1685,forward,79500000,0.00880503144654088,TRUE,11.922731478986451,0.24907768768021477,0.10362883901148252,FALSE
1686,forward,81500000,0.009202453987730062,TRUE,11.957339354274637,1.8926606457253623,0.7874419711614412,TRUE
1687,forward,82500000,0.01575757575757576,TRUE,12.528164642721741,-2.488964642721742,-1.0355344096378158,FALSE
1688,forward,88000000,0.014772727272727272,TRUE,12.442403242677823,-3.0277482426778235,-1.259695471440988,FALSE
1689,forward,73000000,0.031044520547945206,TRUE,13.859364119378144,-3.1822407860448116,-1.323972135698474,FALSE
1690,forward,73000000,0.011974315068493151,FALSE,NA,NA,NA,FALSE
1691,forward,75000000,0.009333333333333334,TRUE,11.968736433204494,0.6924652334621744,0.28810034679473406,FALSE
1692,forward,79500000,0.014465408805031447,TRUE,12.415641702751202,1.6945666305821305,0.7050249028338602,FALSE
1693,forward,81500000,0.04294478527607362,TRUE,14.895648765878418,-0.5615994325450853,-0.23365359509388714,TRUE
1694,forward,73000000,0.024315068493150686,FALSE,NA,NA,NA,FALSE
1695,forward,81500000,0.08588957055214724,TRUE,18.635315289737775,-0.5316352897377747,-0.22118700541250835,TRUE
1696,forward,82500000,0.11515151515151516,TRUE,21.183469016384805,-2.0810445719403603,-0.8658191543764584,TRUE
1697,forward,79500000,0.011635220125786163,FALSE,NA,NA,NA,FALSE
1698,forward,81500000,0.009202453987730062,FALSE,NA,NA,NA,FALSE
1699,forward,83500000,0.009580838323353293,TRUE,11.99028936727357,1.557588966059761,0.6480353086347125,FALSE
1700,forward,88000000,0.00909090909090909,FALSE,NA,NA,NA,FALSE
1701,forward,75000000,0.019,FALSE,NA,NA,NA,FALSE
1702,forward,81500000,0.02822085889570552,TRUE,13.613477386269496,1.0172192803971711,0.4232143554463708,FALSE
1703,forward,82500000,0.03333333333333333,FALSE,NA,NA,NA,FALSE
1704,forward,88000000,0.03125,TRUE,13.877257435720288,0.9783758976130468,0.4070535555823324,FALSE
1705,forward,73000000,0.05171232876712329,FALSE,NA,NA,NA,FALSE
1706,forward,81500000,0.1427484662576687,TRUE,23.58663376732757,-2.8807604339942365,-1.1985411540688182,TRUE
1707,forward,83500000,0.15868263473053892,FALSE,NA,NA,NA,FALSE
1708,defense,73000000,0.010958904109589041,FALSE,NA,NA,NA,FALSE
1709,defense,81500000,0.009202453987730062,TRUE,15.379231845416358,-2.839231845416359,-1.181263173611427,FALSE
1710,defense,82500000,0.00909090909090909,TRUE,15.367676388713967,-7.512121388713967,-3.12542012605006,FALSE
1711,defense,83500000,0.009281437125748504,FALSE,NA,NA,NA,FALSE
1712,defense,88000000,0.008806818181818181,FALSE,NA,NA,NA,FALSE
1713,defense,81500000,0.021779141104294478,FALSE,NA,NA,NA,FALSE
1714,defense,81500000,0.1165644171779141,FALSE,NA,NA,NA,FALSE
1715,defense,79500000,0.013836477987421384,FALSE,NA,NA,NA,FALSE
1716,defense,81500000,0.03680981595092025,TRUE,18.23920737925807,1.1909898429641537,0.4955116447816893,FALSE
1717,defense,88000000,0.05113636363636364,TRUE,19.723361349471382,0.09981531719528292,0.04152818958954741,FALSE
1718,defense,75000000,0.016777773333333332,FALSE,NA,NA,NA,FALSE
1719,defense,81500000,0.06012269938650307,FALSE,NA,NA,NA,FALSE
1720,defense,81500000,0.1165644171779141,FALSE,NA,NA,NA,FALSE
1721,forward,73000000,0.01678082191780822,FALSE,NA,NA,NA,FALSE
1722,forward,81500000,0.00950920245398773,TRUE,11.98405125801649,-1.6769095913498244,-0.6976786869079548,FALSE
1723,forward,82500000,0.009696969696969697,TRUE,12.000402180913017,-3.3659005142463503,-1.4003838150582293,FALSE
1724,forward,83500000,0.009431137724550898,FALSE,NA,NA,NA,FALSE
1725,forward,73000000,0.012671232876712329,FALSE,NA,NA,NA,FALSE
1726,forward,88000000,0.008806818181818181,FALSE,NA,NA,NA,FALSE
1727,forward,79500000,0.011635220125786163,FALSE,NA,NA,NA,FALSE
1728,forward,81500000,0.010122699386503068,TRUE,12.037475065500194,0.5825382678331383,0.24236520315225102,FALSE
1729,forward,83500000,0.009281437125748504,FALSE,NA,NA,NA,FALSE
1730,forward,88000000,0.008806818181818181,FALSE,NA,NA,NA,FALSE
1731,forward,75000000,0.012333333333333333,FALSE,NA,NA,NA,FALSE
1732,forward,81500000,0.008895705521472393,TRUE,11.930627450532786,-1.040814117199453,-0.4330309936497296,TRUE
1733,forward,82500000,0.01575757575757576,TRUE,12.528164642721741,-1.6836413093884044,-0.7004794200100957,FALSE
1734,forward,88000000,0.020454545454545454,TRUE,12.937180550623502,-3.5682922172901694,-1.4845889375937944,TRUE
1735,forward,73000000,0.012671232876712329,FALSE,NA,NA,NA,FALSE
1736,forward,81500000,0.0785276073619632,TRUE,17.994229599933316,1.1808245667333495,0.4912823788693539,TRUE
1737,forward,83500000,0.09431137724550898,TRUE,19.36869300624313,-1.577419672909798,-0.6562858795581298,TRUE
1738,forward,73000000,0.04897260273972603,FALSE,NA,NA,NA,FALSE
1739,forward,81500000,0.08282208588957055,TRUE,18.368196252319255,1.0418520810140812,0.4334628387742273,TRUE
1740,forward,81500000,0.09202453987730061,TRUE,19.169553364574828,-0.34009003124149473,-0.1414945490508278,FALSE
1741,forward,82500000,0.10545454545454545,TRUE,20.339049077490845,-3.515988244157512,-1.4628278554916356,TRUE
1742,defense,75000000,0.012333333333333333,FALSE,NA,NA,NA,FALSE
1743,defense,81500000,0.009202453987730062,TRUE,15.379231845416358,0.25949315458364275,0.1079621968205148,FALSE
1744,defense,82500000,0.00909090909090909,FALSE,NA,NA,NA,FALSE
1745,defense,83500000,0.009281437125748504,FALSE,NA,NA,NA,FALSE
1746,defense,88000000,0.008806818181818181,TRUE,15.338246084925066,-0.40491275159173234,-0.16846405930292868,TRUE
1747,forward,75000000,0.022722226666666668,TRUE,13.134652058776073,4.404342385668372,1.832427835213646,FALSE
1748,forward,81500000,0.08773006134969324,FALSE,NA,NA,NA,FALSE
1749,forward,73000000,0.046917808219178084,FALSE,NA,NA,NA,FALSE
1750,forward,81500000,0.01441717791411043,TRUE,12.411441717886131,3.8198399487805403,1.5892454389974324,TRUE
1751,forward,82500000,0.03636363636363636,TRUE,14.322557012871401,-2.090780346204733,-0.8698697258800373,FALSE
1752,forward,88000000,0.00909090909090909,FALSE,NA,NA,NA,FALSE
1753,forward,92400000,0.008387445887445888,FALSE,NA,NA,NA,FALSE
1754,defense,73000000,0.018493150684931507,FALSE,NA,NA,NA,FALSE
1755,defense,79500000,0.05786163522012579,FALSE,NA,NA,NA,FALSE
1756,defense,92400000,0.09740259740259741,FALSE,NA,NA,NA,FALSE
1757,defense,75000000,0.012333333333333333,FALSE,NA,NA,NA,FALSE
1758,defense,81500000,0.009340490797546012,TRUE,15.393531723085568,1.343968276914433,0.5591583634087527,FALSE
1759,defense,82500000,0.00909090909090909,TRUE,15.367676388713967,-0.26363638871396766,-0.10968599049580204,FALSE
1760,defense,83500000,0.009281437125748504,FALSE,NA,NA,NA,FALSE
1761,defense,88000000,0.008806818181818181,FALSE,NA,NA,NA,FALSE
1762,forward,73000000,0.012671232876712329,FALSE,NA,NA,NA,FALSE
1763,forward,81500000,0.010725460122699386,TRUE,12.089963956352936,0.2220443769803957,0.09238162281741046,FALSE
1764,forward,82500000,0.01,TRUE,12.026790304003454,2.9339780293298805,1.2206823489344782,FALSE
1765,forward,83500000,0.010179640718562874,TRUE,12.042433562601975,1.199339770731358,0.4989856344770492,FALSE
1766,forward,88000000,0.013636363636363636,TRUE,12.343447781088686,2.0624338855779794,0.858076173305362,FALSE
1767,forward,92400000,0.022727272727272728,FALSE,NA,NA,NA,FALSE
1768,forward,73000000,0.012671232876712329,FALSE,NA,NA,NA,FALSE
1769,forward,81500000,0.010858895705521473,TRUE,12.10158363448064,-1.4459103011473058,-0.6015713700338025,FALSE
1770,forward,82500000,0.01818181818181818,TRUE,12.73926962744523,0.3196803725547692,0.13300310505990148,FALSE
1771,forward,83500000,0.022754491017964073,TRUE,13.137461664498518,0.8984983355014808,0.3738204743626424,FALSE
1772,forward,88000000,0.028409090909090908,FALSE,NA,NA,NA,FALSE
1773,forward,75000000,0.015166666666666667,FALSE,NA,NA,NA,FALSE
1774,forward,81500000,0.009202453987730062,TRUE,11.957339354274637,-0.09289602094130345,-0.03864941452039316,FALSE
1775,forward,82500000,0.014545454545454545,TRUE,12.422612150359996,-2.7321371503599963,-1.1367063969031566,FALSE
1776,forward,88000000,0.008806818181818181,FALSE,NA,NA,NA,FALSE
1777,forward,75000000,0.010666666666666666,FALSE,NA,NA,NA,FALSE
1778,forward,81500000,0.009202453987730062,TRUE,11.957339354274637,-2.9128960209413037,-1.211911173669099,FALSE
1779,forward,82500000,0.009242424242424243,TRUE,11.960819996277365,0.1174708370559685,0.04887377338048106,FALSE
1780,forward,88000000,0.01534090909090909,TRUE,12.491880973472393,-2.014189306805724,-0.838004003319644,TRUE
1781,forward,81500000,0.01221880981595092,FALSE,NA,NA,NA,FALSE
1782,forward,82500000,0.00909090909090909,TRUE,11.947625934732145,-3.992070934732144,-1.660902187067466,FALSE
1783,forward,83500000,0.009281437125748504,FALSE,NA,NA,NA,FALSE
1784,forward,88000000,0.008806818181818181,FALSE,NA,NA,NA,FALSE
1785,forward,75000000,0.009822213333333333,FALSE,NA,NA,NA,FALSE
1786,forward,81500000,0.009202453987730062,TRUE,11.957339354274637,-2.494839354274637,-1.0379785849608802,FALSE
1787,forward,82500000,0.00909090909090909,FALSE,NA,NA,NA,FALSE
1788,forward,83500000,0.009281437125748504,FALSE,NA,NA,NA,FALSE
1789,forward,88000000,0.008806818181818181,FALSE,NA,NA,NA,FALSE
1790,forward,79500000,0.014308176100628931,FALSE,NA,NA,NA,FALSE
1791,forward,81500000,0.012883435582822086,TRUE,12.277882199176869,-0.4922171991768707,-0.20478709822322846,FALSE
1792,forward,83500000,0.027544910179640718,TRUE,13.554615227125772,0.241605606207564,0.10052007750328937,FALSE
1793,forward,92400000,0.008387445887445888,FALSE,NA,NA,NA,FALSE
1794,forward,81500000,0.011349693251533743,FALSE,NA,NA,NA,FALSE
1795,forward,82500000,0.00909090909090909,TRUE,11.947625934732145,-1.6707042680654762,-0.6950969604850183,FALSE
1796,forward,83500000,0.009281437125748504,TRUE,11.964217269609367,-3.7655006029427014,-1.566637539533357,TRUE
1797,forward,73000000,0.012671232876712329,FALSE,NA,NA,NA,FALSE
1798,forward,81500000,0.01588957055214724,TRUE,12.539658855847023,-0.9824799669581346,-0.4087610547381785,FALSE
1799,forward,88000000,0.011363636363636364,TRUE,12.145536857910418,-3.111013524577084,-1.294338014390328,TRUE
1800,defense,81500000,0.018302662576687116,FALSE,NA,NA,NA,FALSE
1801,defense,81500000,0.009662576687116564,FALSE,NA,NA,NA,FALSE
1802,defense,82500000,0.03333333333333333,FALSE,NA,NA,NA,FALSE
1803,forward,75000000,0.022722226666666668,TRUE,13.134652058776073,0.3343346078905949,0.13910000361631636,FALSE
1804,forward,81500000,0.010725460122699386,FALSE,NA,NA,NA,FALSE
1805,forward,81500000,0.024539877300613498,TRUE,13.292934541367266,-0.2611037080339358,-0.1086322680170729,FALSE
1806,forward,83500000,0.023952095808383235,FALSE,NA,NA,NA,FALSE
1807,forward,88000000,0.008806818181818181,TRUE,11.92288706933486,-2.1889587360015295,-0.9107168713847809,FALSE
1808,defense,81500000,0.018302662576687116,TRUE,16.321964945086485,2.7168008882468477,1.1303257409224339,TRUE
1809,defense,81500000,0.029447852760736196,FALSE,NA,NA,NA,FALSE
1810,defense,83500000,0.029940119760479042,TRUE,17.527543473964126,-1.1769484739641243,-0.4896697294292671,FALSE
1811,defense,88000000,0.028409090909090908,TRUE,17.368937046359267,3.642466286974063,1.5154490792535618,FALSE
1812,defense,75000000,0.012333333333333333,FALSE,NA,NA,NA,FALSE
1813,defense,81500000,0.009202453987730062,TRUE,15.379231845416358,-1.329051012083026,-0.5529520313598932,FALSE
1814,defense,83500000,0.011077844311377245,TRUE,15.573512285872273,-2.9812906192056037,-1.2403667646889012,FALSE
1815,defense,88000000,0.008806818181818181,TRUE,15.338246084925066,-1.7110544182583975,-0.711884651335111,FALSE
1816,defense,73000000,0.015582191780821918,FALSE,NA,NA,NA,FALSE
1817,defense,81500000,0.011042944785276074,TRUE,15.569896881005807,-0.8903227143391383,-0.37041900497715896,FALSE
1818,defense,83500000,0.011976047904191617,TRUE,15.666561390067123,-1.8992280567337918,-0.7901743442794563,FALSE
1819,defense,88000000,0.014204545454545454,TRUE,15.897421856914194,-0.24293519024753074,-0.10107325130104378,TRUE
1820,forward,73000000,0.012671232876712329,FALSE,NA,NA,NA,FALSE
1821,forward,81500000,0.009202453987730062,TRUE,11.957339354274637,-4.219206020941304,-1.755401800829931,FALSE
1822,forward,83500000,0.009580838323353293,TRUE,11.99028936727357,-4.181031033940236,-1.7395190872113668,TRUE
1823,forward,73000000,0.012671232876712329,FALSE,NA,NA,NA,FALSE
1824,forward,81500000,0.0343558282208589,TRUE,14.147715461106548,3.1419145388934506,1.3071943897152571,FALSE
1825,forward,82500000,0.09848484848484848,FALSE,NA,NA,NA,FALSE
1826,defense,81500000,0.009110429447852762,FALSE,NA,NA,NA,FALSE
1827,defense,82500000,0.00909090909090909,FALSE,NA,NA,NA,FALSE
1828,defense,83500000,0.009281437125748504,TRUE,15.387414077482573,-4.297092410815907,-1.7878064543044059,TRUE
1829,defense,92400000,0.008387445887445888,FALSE,NA,NA,NA,FALSE
1830,defense,79500000,0.011320754716981131,FALSE,NA,NA,NA,FALSE
1831,defense,81500000,0.016564417177914112,TRUE,16.141891987774148,-1.2893086544408163,-0.5364172127641429,TRUE
1832,defense,88000000,0.008806818181818181,TRUE,15.338246084925066,-12.0604694182584,-5.0177615481649,FALSE
1833,forward,75000000,0.012333333333333333,FALSE,NA,NA,NA,FALSE
1834,forward,81500000,0.009304699386503067,TRUE,11.966242966029872,2.9626353673034593,1.232605242112989,FALSE
1835,forward,88000000,0.011363636363636364,TRUE,12.145536857910418,0.34160480875624977,0.14212477264362228,FALSE
1836,forward,79500000,0.010691823899371069,FALSE,NA,NA,NA,FALSE
1837,forward,81500000,0.009202453987730062,TRUE,11.957339354274637,2.978373979058695,1.2391532957706153,FALSE
1838,forward,82500000,0.011515151515151515,TRUE,12.158730919455635,0.8152440805443639,0.33918251917554954,FALSE
1839,forward,83500000,0.009281437125748504,TRUE,11.964217269609367,-0.5652756029427,-0.23518306677744594,FALSE
1840,forward,88000000,0.009659090909090909,TRUE,11.997103665526714,-0.6467069988600453,-0.26906262097032513,FALSE
1841,defense,75000000,0.012333333333333333,FALSE,NA,NA,NA,FALSE
1842,defense,81500000,0.011042944785276074,TRUE,15.569896881005807,0.24373811899419273,0.10140731002224226,FALSE
1843,defense,82500000,0.009242424242424243,TRUE,15.383372550734716,-2.6083725507347157,-1.0852141019114219,TRUE
1844,defense,88000000,0.008806818181818181,TRUE,15.338246084925066,-2.3549127515917334,-0.9797620842461832,FALSE
1845,defense,73000000,0.012671232876712329,FALSE,NA,NA,NA,FALSE
1846,defense,81500000,0.06134969325153374,TRUE,20.78140785378404,0.16835581288262347,0.07004448127148126,TRUE
1847,forward,73000000,0.046917808219178084,FALSE,NA,NA,NA,FALSE
1848,forward,81500000,0.06134969325153374,TRUE,16.498362990389573,2.421595342943764,1.0075053943292605,TRUE
1849,forward,82500000,0.07272727272727272,TRUE,17.48913178372374,0.9626932162762607,0.40052877179035856,FALSE
1850,forward,83500000,0.10179640718562874,TRUE,20.020495447848216,-3.5440529478482183,-1.474504183017219,TRUE
1851,defense,73000000,0.01952054794520548,FALSE,NA,NA,NA,FALSE
1852,defense,81500000,0.028629852760736197,TRUE,17.39180679738267,0.1411304248395524,0.05871735124704166,FALSE
1853,defense,88000000,0.019886363636363636,TRUE,16.486027932692224,-0.9212845993588914,-0.3833007055746183,TRUE
1854,forward,75000000,0.011,FALSE,NA,NA,NA,FALSE
1855,forward,81500000,0.03374233128834356,TRUE,14.094291653622843,3.304469179710491,1.3748252917871673,FALSE
1856,forward,82500000,0.06606060606060606,FALSE,NA,NA,NA,FALSE
1857,forward,83500000,0.09431137724550898,TRUE,19.36869300624313,-0.26723383957646263,-0.11118271089558283,TRUE
1858,defense,73000000,0.024315068493150686,FALSE,NA,NA,NA,FALSE
1859,defense,81500000,0.05889570552147239,TRUE,20.52718780633144,2.612698860335229,1.0870140641853652,TRUE
1860,defense,82500000,0.10303030303030303,FALSE,NA,NA,NA,FALSE
1861,forward,73000000,0.012671232876712329,FALSE,NA,NA,NA,FALSE
1862,forward,81500000,0.010122699386503068,TRUE,12.037475065500194,0.13289993449980564,0.05529305352552828,FALSE
1863,forward,83500000,0.016167664670658683,TRUE,12.563875515886044,-2.111034682552713,-0.8782965479701156,FALSE
1864,defense,79500000,0.009580704402515723,FALSE,NA,NA,NA,FALSE
1865,defense,81500000,0.009202453987730062,FALSE,NA,NA,NA,FALSE
1866,defense,82500000,0.00909090909090909,FALSE,NA,NA,NA,FALSE
1867,defense,83500000,0.009281437125748504,FALSE,NA,NA,NA,FALSE
1868,forward,81500000,0.00950920245398773,FALSE,NA,NA,NA,FALSE
1869,forward,82500000,0.00909090909090909,FALSE,NA,NA,NA,FALSE
1870,forward,83500000,0.009281437125748504,FALSE,NA,NA,NA,FALSE
1871,forward,88000000,0.008806818181818181,FALSE,NA,NA,NA,FALSE
1872,forward,75000000,0.015166666666666667,FALSE,NA,NA,NA,FALSE
1873,forward,81500000,0.01717791411042945,TRUE,12.651848851562802,5.582979481770531,2.3228001163380223,TRUE
1874,forward,82500000,0.08658008484848485,FALSE,NA,NA,NA,FALSE
1875,defense,73000000,0.009474890410958904,FALSE,NA,NA,NA,FALSE
1876,defense,81500000,0.009202453987730062,TRUE,15.379231845416358,0.9619948212503093,0.4002382043518024,FALSE
1877,defense,82500000,0.009242424242424243,TRUE,15.383372550734716,-2.6767758840680482,-1.1136733271590464,FALSE
1878,defense,88000000,0.008806818181818181,TRUE,15.338246084925066,-3.7834844182584,-1.5741197107367264,TRUE
1879,forward,73000000,0.024315068493150686,FALSE,NA,NA,NA,FALSE
1880,forward,81500000,0.010725460122699386,FALSE,NA,NA,NA,FALSE
1881,forward,82500000,0.00909090909090909,TRUE,11.947625934732145,0.3597807319345243,0.14968687037493225,FALSE
1882,forward,83500000,0.009281437125748504,FALSE,NA,NA,NA,FALSE
1883,forward,88000000,0.008806818181818181,TRUE,11.92288706933486,-2.0362204026681923,-0.8471700466840317,FALSE
1884,defense,73000000,0.012671232876712329,FALSE,NA,NA,NA,FALSE
1885,defense,81500000,0.053987730061349694,TRUE,20.018747711426247,2.370591177462643,0.9862850975504335,FALSE
1886,defense,88000000,0.08238636363636363,TRUE,22.96069476625054,0.8236385670827922,0.3426750475596724,TRUE
1887,defense,79500000,0.009433962264150943,FALSE,NA,NA,NA,FALSE
1888,defense,81500000,0.008895705521472393,TRUE,15.347454339484784,-5.255787672818116,-2.186671876142789,TRUE
1889,defense,82500000,0.009242424242424243,TRUE,15.383372550734716,-3.352905050734716,-1.3949770489658133,FALSE
1890,defense,88000000,0.008806818181818181,FALSE,NA,NA,NA,FALSE
1891,defense,73000000,0.012671232876712329,FALSE,NA,NA,NA,FALSE
1892,defense,79500000,0.029245283018867925,TRUE,17.45556209147377,0.1766695751928964,0.073503424318749,FALSE
1893,defense,81500000,0.020858895705521473,TRUE,16.586777070816193,0.08161292918380525,0.033955081157258905,TRUE
1894,defense,82500000,0.015151515151515152,TRUE,15.995522869543866,0.3736121304561344,0.1554414274532837,FALSE
1895,defense,83500000,0.013173652694610778,TRUE,15.790626862326922,2.328508137673081,0.9687764375171618,FALSE
1896,defense,88000000,0.008948863636363637,TRUE,15.352961236819517,-1.5877829034861861,-0.6605975044292349,TRUE
1897,forward,73000000,0.018493150684931507,FALSE,NA,NA,NA,FALSE
1898,forward,79500000,0.018867924528301886,TRUE,12.799016321234896,0.3229336787651018,0.13435664398450584,FALSE
1899,forward,81500000,0.008588957055214725,FALSE,NA,NA,NA,FALSE
1900,forward,81500000,0.009202453987730062,TRUE,11.957339354274637,2.678770645725363,1.1145032482835653,FALSE
1901,forward,82500000,0.00909090909090909,TRUE,11.947625934732145,-5.347625934732145,-2.2248812097351345,FALSE
1902,forward,83500000,0.009281437125748504,FALSE,NA,NA,NA,FALSE
1903,forward,75000000,0.012333333333333333,FALSE,NA,NA,NA,FALSE
1904,forward,81500000,0.009202453987730062,TRUE,11.957339354274637,-2.549006020941306,-1.0605146412093047,TRUE
1905,forward,83500000,0.009281437125748504,FALSE,NA,NA,NA,FALSE
1906,forward,88000000,0.008806818181818181,FALSE,NA,NA,NA,FALSE
1907,forward,81500000,0.009754601226993865,FALSE,NA,NA,NA,FALSE
1908,forward,82500000,0.00909090909090909,TRUE,11.947625934732145,-2.390959268065476,-0.9947592471288662,FALSE
1909,forward,83500000,0.009281437125748504,FALSE,NA,NA,NA,FALSE
1910,forward,88000000,0.008806818181818181,FALSE,NA,NA,NA,FALSE
1911,forward,81500000,0.011349693251533743,FALSE,NA,NA,NA,FALSE
1912,forward,81500000,0.009202453987730062,TRUE,11.957339354274637,-1.469846020941306,-0.6115298326976321,FALSE
1913,forward,83500000,0.013173652694610778,TRUE,12.30315453924401,-1.4433628725773442,-0.600511511691498,FALSE
1914,forward,88000000,0.021022727272727273,TRUE,12.98665828141807,0.4569117185819298,0.190098243517409,TRUE
1915,defense,79500000,0.011635220125786163,FALSE,NA,NA,NA,FALSE
1916,defense,81500000,0.009202453987730062,TRUE,15.379231845416358,-2.6679818454163584,-1.110014565010641,FALSE
1917,defense,82500000,0.009696969696969697,TRUE,15.430461036796958,-5.338794370130289,-2.22120683490506,FALSE
1918,defense,83500000,0.009281437125748504,FALSE,NA,NA,NA,FALSE
1919,defense,88000000,0.00909090909090909,FALSE,NA,NA,NA,FALSE
1920,forward,79500000,0.011635220125786163,FALSE,NA,NA,NA,FALSE
1921,forward,81500000,0.008588957055214725,FALSE,NA,NA,NA,FALSE
1922,forward,81500000,0.013803680981595092,TRUE,12.358017910402426,0.21390625626423798,0.08899575550265736,FALSE
1923,forward,83500000,0.04790419161676647,TRUE,15.327517868291606,-1.1197870349582733,-0.46588769734292806,TRUE
1924,forward,75000000,0.012333333333333333,FALSE,NA,NA,NA,FALSE
1925,forward,81500000,0.009202453987730062,FALSE,NA,NA,NA,FALSE
1926,forward,82500000,0.00909090909090909,TRUE,11.947625934732145,-1.1209592680654783,-0.4663754052427478,FALSE
1927,forward,83500000,0.009281437125748504,FALSE,NA,NA,NA,FALSE
1928,forward,79500000,0.010817610062893081,FALSE,NA,NA,NA,FALSE
1929,forward,81500000,0.009202453987730062,TRUE,11.957339354274637,-1.13839768760797,-0.4736306643878531,FALSE
1930,forward,83500000,0.009281437125748504,FALSE,NA,NA,NA,FALSE
1931,forward,79500000,0.011635220125786163,FALSE,NA,NA,NA,FALSE
1932,forward,81500000,0.018404907975460124,TRUE,12.758696466530214,5.327808533469785,2.216636174605052,FALSE
1933,forward,83500000,0.07784431137724551,FALSE,NA,NA,NA,FALSE
1934,forward,79500000,0.009350100628930817,FALSE,NA,NA,NA,FALSE
1935,forward,81500000,0.009202453987730062,TRUE,11.957339354274637,-4.121392687607971,-1.7147065371650854,FALSE
1936,forward,82500000,0.00909090909090909,TRUE,11.947625934732145,-2.625139268065478,-1.092189899170514,FALSE
1937,forward,83500000,0.009730538922155689,TRUE,12.003325416105671,-5.140179582772338,-2.1385730991573526,FALSE
1938,forward,88000000,0.008806818181818181,FALSE,NA,NA,NA,FALSE
1939,forward,81500000,0.011349693251533743,FALSE,NA,NA,NA,FALSE
1940,forward,82500000,0.009242424242424243,TRUE,11.960819996277365,-2.4373833296106966,-1.01407399043219,TRUE
1941,forward,88000000,0.008806818181818181,TRUE,11.92288706933486,-3.322887069334861,-1.3824880597235132,TRUE
1942,defense,82500000,0.009242424242424243,FALSE,NA,NA,NA,FALSE
1943,defense,88000000,0.022727272727272728,TRUE,16.78033097058124,-0.8089976372479075,-0.3365836847605059,TRUE
1944,defense,81500000,0.011349693251533743,FALSE,NA,NA,NA,FALSE
1945,defense,81500000,0.009202453987730062,TRUE,15.379231845416358,-0.9837076787496919,-0.409271844559558,FALSE
1946,defense,83500000,0.009281437125748504,FALSE,NA,NA,NA,FALSE
1947,defense,88000000,0.008806818181818181,FALSE,NA,NA,NA,FALSE
1948,forward,79500000,0.014308176100628931,TRUE,12.40194975209107,-2.1118664187577387,-0.8786425920421213,FALSE
1949,forward,81500000,0.008588957055214725,FALSE,NA,NA,NA,FALSE
1950,forward,81500000,0.013496932515337423,TRUE,12.331306006660572,-0.1950626733272358,-0.08115587774899363,FALSE
1951,forward,82500000,0.011515151515151515,TRUE,12.158730919455635,-0.7698425861223015,-0.3202932151990924,FALSE
1952,forward,83500000,0.009281437125748504,FALSE,NA,NA,NA,FALSE
1953,forward,88000000,0.008806818181818181,FALSE,NA,NA,NA,FALSE
1954,forward,81500000,0.011349693251533743,FALSE,NA,NA,NA,FALSE
1955,forward,81500000,0.009202453987730062,TRUE,11.957339354274637,-3.8531726876079713,-1.603113533959814,TRUE
1956,forward,83500000,0.009281437125748504,FALSE,NA,NA,NA,FALSE
1957,forward,79500000,0.011635220125786163,FALSE,NA,NA,NA,FALSE
1958,forward,81500000,0.008588957055214725,FALSE,NA,NA,NA,FALSE
1959,forward,81500000,0.009202453987730062,TRUE,11.957339354274637,-2.9221543542746353,-1.2157631057447906,FALSE
1960,forward,83500000,0.009580838323353293,TRUE,11.99028936727357,-0.7808952006069045,-0.32489165843079376,FALSE
1961,defense,81500000,0.021779141104294478,FALSE,NA,NA,NA,FALSE
1962,defense,81500000,0.009202453987730062,TRUE,15.379231845416358,-1.3750651787496917,-0.57209623778865,FALSE
1963,defense,82500000,0.009696969696969697,FALSE,NA,NA,NA,FALSE
1964,defense,83500000,0.009281437125748504,FALSE,NA,NA,NA,FALSE
1965,defense,88000000,0.008806818181818181,FALSE,NA,NA,NA,FALSE
1966,defense,81500000,0.01625766871165644,FALSE,NA,NA,NA,FALSE
1967,defense,81500000,0.009202453987730062,TRUE,15.379231845416358,-3.1264551787496906,-1.30076251876576,FALSE
1968,defense,82500000,0.00909090909090909,TRUE,15.367676388713967,-6.817676388713966,-2.8364960968543067,FALSE
1969,defense,83500000,0.009281437125748504,FALSE,NA,NA,NA,FALSE
1970,defense,88000000,0.008806818181818181,FALSE,NA,NA,NA,FALSE
1971,forward,73000000,0.009246575342465754,FALSE,NA,NA,NA,FALSE
1972,forward,81500000,0.008588957055214725,FALSE,NA,NA,NA,FALSE
1973,forward,81500000,0.009202453987730062,TRUE,11.957339354274637,0.5216281457253622,0.21702353045220424,FALSE
1974,forward,83500000,0.009281437125748504,TRUE,11.964217269609367,-0.6223722696093681,-0.25893815031463113,FALSE
1975,forward,88000000,0.008806818181818181,FALSE,NA,NA,NA,FALSE
1976,defense,75000000,0.009755546666666667,FALSE,NA,NA,NA,FALSE
1977,defense,81500000,0.009355828220858895,TRUE,15.395120598382146,-1.9346864317154804,-0.8049268107360416,FALSE
1978,defense,83500000,0.010179640718562874,FALSE,NA,NA,NA,FALSE
1979,defense,88000000,0.008806818181818181,TRUE,15.338246084925066,0.014530581741597715,0.006045452445248582,FALSE
1980,forward,79500000,0.00897274213836478,FALSE,NA,NA,NA,FALSE
1981,forward,81500000,0.0098159509202454,TRUE,12.010763161758343,3.1094960049083262,1.2937066499236227,FALSE
1982,forward,83500000,0.03191616766467066,TRUE,13.935267853023143,-2.390823686356475,-0.9947028383223374,FALSE
1983,forward,81500000,0.008957055214723926,FALSE,NA,NA,NA,FALSE
1984,forward,81500000,0.009202453987730062,TRUE,11.957339354274637,-1.093021854274637,-0.4547520367142699,FALSE
1985,forward,83500000,0.013173652694610778,TRUE,12.30315453924401,0.596227960755991,0.24806080357809207,FALSE
1986,forward,92400000,0.032467532467532464,FALSE,NA,NA,NA,FALSE
1987,forward,73000000,0.024315068493150686,FALSE,NA,NA,NA,FALSE
1988,forward,81500000,0.00950920245398773,TRUE,11.98405125801649,0.9139637419835083,0.38025486089280314,TRUE
1989,forward,81500000,0.023006134969325152,TRUE,13.159375022658004,3.1785574773419967,1.3224396941211147,FALSE
1990,forward,82500000,0.05090909090909091,FALSE,NA,NA,NA,FALSE
1991,forward,81500000,0.0098159509202454,FALSE,NA,NA,NA,FALSE
1992,forward,81500000,0.009202453987730062,TRUE,11.957339354274637,-2.970207687607971,-1.2357557080141623,FALSE
1993,forward,83500000,0.009281437125748504,FALSE,NA,NA,NA,FALSE
1994,forward,88000000,0.008806818181818181,FALSE,NA,NA,NA,FALSE
1995,forward,79500000,0.008993710691823899,FALSE,NA,NA,NA,FALSE
1996,forward,81500000,0.008588957055214725,FALSE,NA,NA,NA,FALSE
1997,forward,81500000,0.009202453987730062,FALSE,NA,NA,NA,FALSE
1998,forward,83500000,0.009281437125748504,FALSE,NA,NA,NA,FALSE
1999,forward,75000000,0.013277773333333333,FALSE,NA,NA,NA,FALSE
2000,forward,81500000,0.010122699386503068,TRUE,12.037475065500194,-2.374141732166862,-0.9877623067909391,TRUE
2001,forward,82500000,0.011212121212121211,TRUE,12.132342796365199,-0.5582361296985319,-0.23225429203917186,FALSE
2002,forward,83500000,0.009281437125748504,TRUE,11.964217269609367,-4.203107269609367,-1.748703911004468,TRUE
2003,forward,81500000,0.009202453987730062,FALSE,NA,NA,NA,FALSE
2004,forward,82500000,0.011818181818181818,TRUE,12.185119042546072,1.6461792907872645,0.6848933370862536,FALSE
2005,forward,83500000,0.013173652694610778,FALSE,NA,NA,NA,FALSE
2006,forward,75000000,0.012333333333333333,FALSE,NA,NA,NA,FALSE
2007,forward,81500000,0.012269938650306749,TRUE,12.224458391693164,2.194254941640173,0.9129203591664858,TRUE
2008,forward,81500000,0.02116564417177914,TRUE,12.999103600206887,0.03833473312644742,0.015949176037032577,FALSE
2009,forward,82500000,0.010189454545454545,TRUE,12.043288158559594,-1.1155831585595948,-0.4641386734355673,FALSE
2010,forward,83500000,0.009281437125748504,FALSE,NA,NA,NA,FALSE
2011,forward,88000000,0.008806818181818181,TRUE,11.92288706933486,1.7817012639984728,0.7412772905235181,FALSE
2012,forward,75000000,0.012333333333333333,FALSE,NA,NA,NA,FALSE
2013,forward,81500000,0.008588957055214725,FALSE,NA,NA,NA,FALSE
2014,forward,81500000,0.009202453987730062,FALSE,NA,NA,NA,FALSE
2015,forward,81500000,0.009202453987730062,TRUE,11.957339354274637,0.5582506457253622,0.23226033143604236,FALSE
2016,forward,82500000,0.00909090909090909,TRUE,11.947625934732145,-2.1142926013988106,-0.8796520059830717,FALSE
2017,forward,83500000,0.009281437125748504,TRUE,11.964217269609367,-2.3783489362760335,-0.9895127151931462,TRUE
2018,forward,79500000,0.011635220125786163,FALSE,NA,NA,NA,FALSE
2019,forward,81500000,0.009202453987730062,TRUE,11.957339354274637,-1.8176976876079696,-0.7562536122565465,FALSE
2020,forward,88000000,0.008806818181818181,FALSE,NA,NA,NA,FALSE
2021,forward,88000000,0.008806818181818181,FALSE,NA,NA,NA,FALSE
2022,defense,75000000,0.018,FALSE,NA,NA,NA,FALSE
2023,defense,81500000,0.01901840490797546,TRUE,16.396112035226746,0.5442721314399215,0.22644456680454536,FALSE
2024,defense,83500000,0.011976047904191617,TRUE,15.666561390067123,3.427310276599542,1.4259333632168851,FALSE
2025,defense,88000000,0.022727272727272728,FALSE,NA,NA,NA,FALSE
2026,forward,75000000,0.0154,FALSE,NA,NA,NA,FALSE
2027,forward,81500000,0.01441717791411043,TRUE,12.411441717886131,4.459544948780536,1.855394876457084,FALSE
2028,forward,82500000,0.037575757575757575,TRUE,14.428109505233143,-0.1432670052331435,-0.05960627609496624,FALSE
2029,forward,83500000,0.017964071856287425,FALSE,NA,NA,NA,FALSE
2030,forward,88000000,0.008806818181818181,FALSE,NA,NA,NA,FALSE
2031,defense,75000000,0.012333333333333333,FALSE,NA,NA,NA,FALSE
2032,defense,82500000,0.027807878787878788,TRUE,17.30665467546094,0.48711421342794736,0.20266399962865664,FALSE
2033,forward,75000000,0.012333333333333333,FALSE,NA,NA,NA,FALSE
2034,forward,82500000,0.00909090909090909,TRUE,11.947625934732145,-2.956197601398811,-1.2299268078753027,FALSE
2035,forward,83500000,0.009700598802395209,TRUE,12.00071820633925,-4.569523206339251,-1.9011513601207177,FALSE
2036,forward,88000000,0.008806818181818181,TRUE,11.92288706933486,-4.080240402668194,-1.6975851179376273,TRUE
2037,defense,79500000,0.011635220125786163,FALSE,NA,NA,NA,FALSE
2038,defense,81500000,0.010429447852760737,TRUE,15.506341869142657,0.9123306308573422,0.37957540456912553,FALSE
2039,defense,83500000,0.013173652694610778,TRUE,15.790626862326922,0.40337313767308025,0.16782350251760683,FALSE
2040,defense,81500000,0.013957055214723926,FALSE,NA,NA,NA,FALSE
2041,defense,82500000,0.03939393939393939,TRUE,18.506908792863456,3.3770806515809895,1.4050353142060177,TRUE
2042,defense,79500000,0.011111106918238994,FALSE,NA,NA,NA,FALSE
2043,defense,81500000,0.009202453987730062,TRUE,15.379231845416358,-0.8107135120830229,-0.337297574947572,FALSE
2044,defense,82500000,0.00909090909090909,TRUE,15.367676388713967,-2.0593430553806353,-0.8567902325697003,FALSE
2045,defense,83500000,0.009580838323353293,FALSE,NA,NA,NA,FALSE
2046,forward,79500000,0.014150943396226415,FALSE,NA,NA,NA,FALSE
2047,forward,81500000,0.010725460122699386,TRUE,12.089963956352936,-0.2588056230195992,-0.10767614912820984,FALSE
2048,forward,82500000,0.010303030303030303,FALSE,NA,NA,NA,FALSE
2049,forward,83500000,0.009281437125748504,FALSE,NA,NA,NA,FALSE
2050,forward,88000000,0.008806818181818181,FALSE,NA,NA,NA,FALSE
2051,forward,79500000,0.010062893081761006,FALSE,NA,NA,NA,FALSE
2052,forward,81500000,0.009202453987730062,TRUE,11.957339354274637,0.6508789790586942,0.27079837445507704,FALSE
2053,forward,82500000,0.01696969696969697,TRUE,12.633717135083486,-2.1786454684168177,-0.9064260336298128,FALSE
2054,forward,83500000,0.023952095808383235,TRUE,13.241750055155334,2.817346611511331,1.1721578161536985,FALSE
2055,forward,79500000,0.011635220125786163,FALSE,NA,NA,NA,FALSE
2056,forward,82500000,0.009292933333333333,TRUE,11.965218368634076,-2.8366483686340764,-1.180188317400682,TRUE
2057,forward,75000000,0.02322221333333333,FALSE,NA,NA,NA,FALSE
2058,forward,81500000,0.017914110429447853,TRUE,12.715957420543251,2.2195864683456374,0.9234595476715837,FALSE
2059,forward,88000000,0.03636363636363636,TRUE,14.322557012871401,-1.070250346204734,-0.4452779446516587,TRUE
2060,forward,75000000,0.012333333333333333,FALSE,NA,NA,NA,FALSE
2061,forward,82500000,0.00909090909090909,TRUE,11.947625934732145,-1.3302359347321442,-0.5534450187470421,FALSE
2062,forward,83500000,0.009281437125748504,TRUE,11.964217269609367,-0.9142172696093667,-0.38036034112979156,FALSE
2063,forward,88000000,0.008806818181818181,FALSE,NA,NA,NA,FALSE
2064,forward,75000000,0.023666666666666666,FALSE,NA,NA,NA,FALSE
2065,forward,82500000,0.010595454545454545,TRUE,12.078642965876162,2.6884853674571723,1.1185450608753038,FALSE
2066,forward,83500000,0.029940119760479042,TRUE,13.763192008439402,-0.20942367510606985,-0.08713077640508318,FALSE
2067,defense,81500000,0.021779141104294478,FALSE,NA,NA,NA,FALSE
2068,defense,82500000,0.012121212121212121,TRUE,15.681599629128916,5.978357037537753,2.487297054851273,FALSE
2069,defense,83500000,0.04940119760479042,TRUE,19.543607398185877,2.211275101814124,0.9200016013887137,TRUE
2070,forward,79500000,0.018763106918238993,TRUE,12.789888719246829,0.31608378075317134,0.13150674207263818,TRUE
2071,forward,81500000,0.010725460122699386,FALSE,NA,NA,NA,FALSE
2072,forward,81500000,0.03067484662576687,TRUE,13.827172616204317,2.6989112726845743,1.1228827615518355,FALSE
2073,forward,88000000,0.06534090909090909,TRUE,16.845921283394357,0.20783371660564143,0.08646927374296044,TRUE
2074,defense,79500000,0.01677148427672956,FALSE,NA,NA,NA,FALSE
2075,defense,82500000,0.010303030303030303,TRUE,15.493245684879948,1.4737293151200497,0.6131454782860876,FALSE
2076,defense,88000000,0.0125,TRUE,15.720840034180785,0.43193663248588265,0.17970735222381373,FALSE
2077,defense,92400000,0.016774891774891776,FALSE,NA,NA,NA,FALSE
2078,forward,75000000,0.050333333333333334,FALSE,NA,NA,NA,FALSE
2079,forward,81500000,0.08895705521472393,FALSE,NA,NA,NA,FALSE
2080,forward,81500000,0.011349693251533743,FALSE,NA,NA,NA,FALSE
2081,forward,82500000,0.010595454545454545,TRUE,12.078642965876162,-0.4729296325428276,-0.19676250093288972,FALSE
2082,forward,83500000,0.009281437125748504,TRUE,11.964217269609367,-0.8142172696093652,-0.3387553142096241,FALSE
2083,forward,88000000,0.008806818181818181,TRUE,11.92288706933486,1.17858293066514,0.4903497455797232,FALSE
2084,forward,92400000,0.016233766233766232,FALSE,NA,NA,NA,FALSE
2085,forward,81500000,0.011042944785276074,FALSE,NA,NA,NA,FALSE
2086,forward,82500000,0.009292933333333333,TRUE,11.965218368634076,-1.700418368634077,-0.7074595200256701,FALSE
2087,forward,79500000,0.03957022641509434,TRUE,14.601789459700257,-1.3309561263669227,-0.5537446546705684,TRUE
2088,forward,81500000,0.017791411042944787,TRUE,12.705272659046509,1.8235106742868226,0.758672106929149,FALSE
2089,forward,88000000,0.039488636363636365,TRUE,14.594684532241523,-0.5331828655748581,-0.22183087475613686,TRUE
2090,forward,75000000,0.015166666666666667,FALSE,NA,NA,NA,FALSE
2091,forward,82500000,0.00909090909090909,TRUE,11.947625934732145,-1.8882692680654767,-0.7856149373038795,FALSE
2092,forward,83500000,0.023952095808383235,TRUE,13.241750055155334,-2.437349221822002,-1.0140597998775218,FALSE
2093,forward,79500000,0.04748427672955975,FALSE,NA,NA,NA,FALSE
2094,forward,81500000,0.09018404907975461,TRUE,19.009281942123714,0.5907836134318423,0.2457956814082526,FALSE
2095,forward,83500000,0.011377245508982036,FALSE,NA,NA,NA,FALSE
2096,forward,88000000,0.1318181818181818,FALSE,NA,NA,NA,FALSE
2097,forward,79500000,0.020859534591194967,FALSE,NA,NA,NA,FALSE
2098,forward,82500000,0.01,TRUE,12.026790304003454,3.5766480293298777,1.4880653754423137,FALSE
2099,forward,83500000,0.04116766467065868,TRUE,14.740895670847028,2.830902662486306,1.1777978148111483,FALSE
2100,forward,75000000,0.022111106666666668,FALSE,NA,NA,NA,FALSE
2101,forward,82500000,0.01818181818181818,TRUE,12.73926962744523,4.267421205888104,1.7754617415066554,FALSE
2102,forward,88000000,0.07045454545454545,TRUE,17.29122086054547,-1.0282858605454663,-0.4278186090962109,TRUE
2103,forward,75000000,0.0185,FALSE,NA,NA,NA,FALSE
2104,forward,81500000,0.09662576687116564,TRUE,19.570231920702614,1.098585162630723,0.45706665265347135,TRUE
2105,forward,75000000,0.012333333333333333,FALSE,NA,NA,NA,FALSE
2106,forward,82500000,0.009242424242424243,TRUE,11.960819996277365,-1.3660283296106979,-0.5683364542716367,TRUE
2107,forward,88000000,0.008806818181818181,FALSE,NA,NA,NA,FALSE
2108,forward,75000000,0.016111106666666666,FALSE,NA,NA,NA,FALSE
2109,forward,81500000,0.0343558282208589,TRUE,14.147715461106548,4.910662872226782,2.0430826099485926,FALSE
2110,forward,82500000,0.09848484848484848,FALSE,NA,NA,NA,FALSE
2111,forward,79500000,0.011635220125786163,FALSE,NA,NA,NA,FALSE
2112,forward,81500000,0.0098159509202454,TRUE,12.010763161758343,-0.9300314950916793,-0.3869398538989236,FALSE
2113,forward,88000000,0.008806818181818181,FALSE,NA,NA,NA,FALSE
2114,forward,79500000,0.011635220125786163,FALSE,NA,NA,NA,FALSE
2115,forward,82500000,0.09393939393939393,TRUE,19.33630040005427,-0.9423170667209391,-0.39205126928257356,TRUE
2116,forward,75000000,0.012333333333333333,FALSE,NA,NA,NA,FALSE
2117,forward,82500000,0.009696969696969697,TRUE,12.000402180913017,4.342601152420315,1.806740378499949,FALSE
2118,forward,83500000,0.025149700598802394,TRUE,13.346038445812145,2.432287387521189,1.0119538223540143,FALSE
2119,forward,81500000,0.013190184049079755,FALSE,NA,NA,NA,FALSE
2120,forward,82500000,0.00909090909090909,TRUE,11.947625934732145,-10.180959268065479,-4.235790844209867,FALSE
2121,forward,83500000,0.009281437125748504,FALSE,NA,NA,NA,FALSE
2122,forward,88000000,0.008806818181818181,FALSE,NA,NA,NA,FALSE
2123,defense,79500000,0.016090138364779873,FALSE,NA,NA,NA,FALSE
2124,defense,81500000,0.03067484662576687,TRUE,17.60365726062658,3.024289406040083,1.2582564215267313,FALSE
2125,defense,88000000,0.035227272727272725,TRUE,18.0752643372929,-0.9839310039595652,-0.4093647590732453,FALSE
2126,defense,75000000,0.04566666666666667,FALSE,NA,NA,NA,FALSE
2127,defense,81500000,0.10368098159509202,TRUE,25.166703672341328,-0.14695658900799558,-0.061141328417735556,TRUE
2128,forward,75000000,0.0195,FALSE,NA,NA,NA,FALSE
2129,forward,82500000,0.03636363636363636,TRUE,14.322557012871401,3.5616788204619336,1.4818374320630696,FALSE
2130,forward,88000000,0.07386363636363637,TRUE,17.588087245312877,1.3825694213537894,0.5752183799442394,TRUE
2131,defense,75000000,0.017666666666666667,FALSE,NA,NA,NA,FALSE
2132,defense,82500000,0.01696969696969697,TRUE,16.183876813792835,2.602018186207161,1.082570366839127,FALSE
2133,defense,88000000,0.03409090909090909,TRUE,17.957543122137295,0.23412354452936768,0.097407163727892307,TRUE
2134,defense,81500000,0.01441717791411043,FALSE,NA,NA,NA,FALSE
2135,defense,83500000,0.016766467065868262,TRUE,16.162823279106323,2.3544183875603437,0.9795564039578398,FALSE
2136,defense,81500000,0.011349693251533743,FALSE,NA,NA,NA,FALSE
2137,defense,83500000,0.009281437125748504,FALSE,NA,NA,NA,FALSE
2138,defense,88000000,0.008806818181818181,FALSE,NA,NA,NA,FALSE
2139,defense,81500000,0.018302662576687116,FALSE,NA,NA,NA,FALSE
2140,defense,82500000,0.010303030303030303,FALSE,NA,NA,NA,FALSE
2141,defense,88000000,0.008806818181818181,FALSE,NA,NA,NA,FALSE
2142,defense,75000000,0.015166666666666667,FALSE,NA,NA,NA,FALSE
2143,defense,82500000,0.01,TRUE,15.461853360838452,-0.2949908608384515,-0.12273102706386975,FALSE
2144,defense,88000000,0.010795454545454546,TRUE,15.544258211447376,-0.2829115447807098,-0.11770542436627428,FALSE
2145,forward,81500000,0.020040895705521474,FALSE,NA,NA,NA,FALSE
2146,forward,82500000,0.09636363636363636,TRUE,19.54740538477776,-1.5569848292222055,-0.6477839573408128,TRUE
2147,forward,81500000,0.018302662576687116,TRUE,12.74979285477498,-1.4814545214416466,-0.6163595524558264,TRUE
2148,forward,81500000,0.009202453987730062,FALSE,NA,NA,NA,FALSE
2149,forward,83500000,0.016766467065868262,TRUE,12.61601971121445,2.3796502887855446,0.9900541432550546,FALSE
2150,forward,88000000,0.02159090909090909,TRUE,13.036136012212637,0.4630006544540315,0.19263154692614862,TRUE
2151,defense,81500000,0.03502044171779141,FALSE,NA,NA,NA,FALSE
2152,defense,81500000,0.11042944785276074,FALSE,NA,NA,NA,FALSE
2153,defense,81500000,0.021779141104294478,FALSE,NA,NA,NA,FALSE
2154,defense,83500000,0.009281437125748504,FALSE,NA,NA,NA,FALSE
2155,defense,88000000,0.008806818181818181,FALSE,NA,NA,NA,FALSE
2156,defense,75000000,0.018333333333333333,FALSE,NA,NA,NA,FALSE
2157,defense,82500000,0.01090909090909091,TRUE,15.556030332962937,0.5574830003703966,0.2319409523794575,FALSE
2158,defense,83500000,0.023952095808383235,TRUE,16.907216112665125,-0.31620777933179056,-0.13155833171465334,FALSE
2159,defense,88000000,0.010227272727272727,FALSE,NA,NA,NA,FALSE
2160,forward,79500000,0.011635220125786163,FALSE,NA,NA,NA,FALSE
2161,forward,81500000,0.01871165644171779,TRUE,12.785408370272068,2.108679129727932,0.8773165195832466,TRUE
2162,forward,88000000,0.023863636363636365,TRUE,13.234046935390909,-0.6076102687242404,-0.2527964158724185,TRUE
2163,forward,75000000,0.017,FALSE,NA,NA,NA,FALSE
2164,forward,81500000,0.02822085889570552,TRUE,13.613477386269496,0.3159759470638406,0.1314618778371631,FALSE
2165,forward,83500000,0.0531437125748503,TRUE,15.783779577415164,-0.3348512440818272,-0.1393149502427579,TRUE
2166,defense,75000000,0.012333333333333333,FALSE,NA,NA,NA,FALSE
2167,defense,81500000,0.008588957055214725,FALSE,NA,NA,NA,FALSE
2168,defense,81500000,0.009202453987730062,FALSE,NA,NA,NA,FALSE
2169,defense,82500000,0.009242424242424243,TRUE,15.383372550734716,-3.0179317174013818,-1.2556113034570995,FALSE
2170,defense,88000000,0.008806818181818181,TRUE,15.338246084925066,0.16413391507492925,0.06828795955204815,FALSE
2171,forward,75000000,0.012333333333333333,FALSE,NA,NA,NA,FALSE
2172,forward,81500000,0.029754601226993867,TRUE,13.74703690497876,5.1805814283545715,2.155382297888085,TRUE
2173,forward,81500000,0.049079754601226995,TRUE,15.42988684071547,0.23203315928453172,0.09653745838404311,FALSE
2174,forward,75000000,0.012333333333333333,FALSE,NA,NA,NA,FALSE
2175,forward,81500000,0.012269938650306749,TRUE,12.224458391693164,1.4424449416401686,0.6001296062779775,TRUE
2176,forward,81500000,0.018404907975460124,TRUE,12.758696466530214,2.527990200136454,1.0517710033059522,FALSE
2177,forward,83500000,0.02874251497005988,TRUE,13.658903617782588,-0.6970569511159219,-0.29001073216067375,TRUE
2178,defense,75000000,0.023666666666666666,FALSE,NA,NA,NA,FALSE
2179,defense,81500000,0.03680981595092025,TRUE,18.23920737925807,5.136847620741932,2.137186835457632,TRUE
2180,defense,81500000,0.07208588957055215,TRUE,21.89362056138915,-0.37857306138914737,-0.15750542410345464,FALSE
2181,defense,75000000,0.023666666666666666,FALSE,NA,NA,NA,FALSE
2182,defense,79500000,0.009433962264150943,FALSE,NA,NA,NA,FALSE
2183,defense,81500000,0.009202453987730062,TRUE,15.379231845416358,-1.0514551787496895,-0.4374582101722971,FALSE
2184,defense,82500000,0.009242424242424243,TRUE,15.383372550734716,-1.25074838406805,-0.5203742018950643,FALSE
2185,defense,88000000,0.008806818181818181,FALSE,NA,NA,NA,FALSE
2186,defense,75000000,0.018,FALSE,NA,NA,NA,FALSE
2187,defense,79500000,0.02830188679245283,TRUE,17.357831271344587,-1.765489604677919,-0.7345324252989959,FALSE
2188,defense,81500000,0.015950920245398775,TRUE,16.078336975911,-0.5364186425776687,-0.22317712064923279,FALSE
2189,defense,81500000,0.015950920245398775,TRUE,16.078336975911,0.3089430240890003,0.12853582834020622,TRUE
2190,defense,82500000,0.03333333333333333,TRUE,17.879062312033557,0.053916021299773575,0.022431775176053704,FALSE
2191,defense,79500000,0.011635220125786163,FALSE,NA,NA,NA,FALSE
2192,defense,81500000,0.010429447852760737,TRUE,15.506341869142657,-0.3638160358093234,-0.15136575963835297,FALSE
2193,defense,83500000,0.011377245508982036,TRUE,15.604528653937223,-0.20452865393722242,-0.08509420153003633,FALSE
2194,defense,88000000,0.008806818181818181,FALSE,NA,NA,NA,FALSE
2195,forward,81500000,0.011349693251533743,FALSE,NA,NA,NA,FALSE
2196,forward,82500000,0.01818181818181818,TRUE,12.73926962744523,3.221908705888106,1.3404759844279468,FALSE
2197,forward,83500000,0.03592814371257485,FALSE,NA,NA,NA,FALSE
2198,forward,81500000,0.011349693251533743,FALSE,NA,NA,NA,FALSE
2199,forward,82500000,0.00909090909090909,TRUE,11.947625934732145,1.3093390652678547,0.5447508705809523,FALSE
2200,forward,83500000,0.017365269461077845,TRUE,12.668163906542858,4.97232526012381,2.068737263032769,FALSE
2201,defense,81500000,0.011349693251533743,FALSE,NA,NA,NA,FALSE
2202,defense,81500000,0.009202453987730062,TRUE,15.379231845416358,-4.566731845416358,-1.8999900136573094,FALSE
2203,defense,82500000,0.009292933333333333,TRUE,15.388605023305951,2.505231087805159,1.0423020684937259,FALSE
2204,defense,92400000,0.04329004329004329,FALSE,NA,NA,NA,FALSE
2205,defense,81500000,0.011349693251533743,FALSE,NA,NA,NA,FALSE
2206,defense,82500000,0.022424242424242423,TRUE,16.74893864653974,-2.1174344798730758,-0.8809591853680886,FALSE
2207,defense,88000000,0.010227272727272727,TRUE,15.485397603869574,-1.164564270536241,-0.484517278259248,FALSE
2208,defense,92400000,0.00974025974025974,FALSE,NA,NA,NA,FALSE
2209,forward,81500000,0.020040895705521474,FALSE,NA,NA,NA,FALSE
2210,forward,82500000,0.01090909090909091,TRUE,12.105954673274763,-0.4816238399414292,-0.20037972826157305,FALSE
2211,forward,88000000,0.008806818181818181,FALSE,NA,NA,NA,FALSE
2212,forward,75000000,0.010666666666666666,FALSE,NA,NA,NA,FALSE
2213,forward,81500000,0.061042944785276075,TRUE,16.47165108664772,2.0152147466856114,0.8384306378577213,TRUE
2214,forward,82500000,0.013787878787878788,TRUE,12.356641842633907,3.425583157366093,1.4252147947948655,FALSE
2215,forward,83500000,0.03143712574850299,FALSE,NA,NA,NA,FALSE
2216,defense,75000000,0.012333333333333333,FALSE,NA,NA,NA,FALSE
2217,defense,81500000,0.008895705521472393,TRUE,15.347454339484784,1.1076373271818838,0.4608328081518396,TRUE
2218,defense,82500000,0.01,TRUE,15.461853360838452,1.1190466391615477,0.46557965547238456,FALSE
2219,defense,88000000,0.008806818181818181,FALSE,NA,NA,NA,FALSE
2220,forward,81500000,0.010736196319018405,FALSE,NA,NA,NA,FALSE
2221,forward,83500000,0.009431137724550898,TRUE,11.977253318441468,-2.030958318441469,-0.8449807551249415,TRUE
2222,defense,82500000,0.011212121212121211,FALSE,NA,NA,NA,FALSE
2223,defense,83500000,0.01347305389221557,TRUE,15.821643230391873,0.13461426960812695,0.05600630310884723,FALSE
2224,forward,82500000,0.011515151515151515,FALSE,NA,NA,NA,FALSE
2225,forward,88000000,0.008806818181818181,FALSE,NA,NA,NA,FALSE
2226,forward,79500000,0.009412993710691825,FALSE,NA,NA,NA,FALSE
2227,forward,82500000,0.00909090909090909,FALSE,NA,NA,NA,FALSE
2228,forward,83500000,0.009281437125748504,FALSE,NA,NA,NA,FALSE
2229,forward,88000000,0.008806818181818181,TRUE,11.92288706933486,-3.540837069334863,-1.4731662158960175,TRUE
2230,forward,82500000,0.011212121212121211,FALSE,NA,NA,NA,FALSE
2231,forward,88000000,0.008806818181818181,FALSE,NA,NA,NA,FALSE
2232,forward,79500000,0.0110062893081761,FALSE,NA,NA,NA,FALSE
2233,forward,82500000,0.00909090909090909,TRUE,11.947625934732145,0.12870239860118815,0.0535466675849248,FALSE
2234,forward,83500000,0.014970059880239521,TRUE,12.45958712522923,0.05603037477076889,0.023311452506848785,FALSE
2235,forward,88000000,0.019318181818181818,FALSE,NA,NA,NA,FALSE
2236,forward,81500000,0.021779141104294478,FALSE,NA,NA,NA,FALSE
2237,forward,83500000,0.016167664670658683,TRUE,12.563875515886044,-2.190835515886045,-0.9114977061609658,FALSE
2238,forward,81500000,0.010061349693251533,FALSE,NA,NA,NA,FALSE
2239,forward,82500000,0.00909090909090909,TRUE,11.947625934732145,-2.227389268065476,-0.9267059045955492,FALSE
2240,forward,83500000,0.009281437125748504,FALSE,NA,NA,NA,FALSE
2241,forward,88000000,0.008806818181818181,FALSE,NA,NA,NA,FALSE
2242,defense,81500000,0.011349693251533743,FALSE,NA,NA,NA,FALSE
2243,defense,81500000,0.008895705521472393,TRUE,15.347454339484784,-1.1609960061514517,-0.48303270090137373,TRUE
2244,defense,82500000,0.009393939393939394,FALSE,NA,NA,NA,FALSE
2245,forward,79500000,0.011635220125786163,FALSE,NA,NA,NA,FALSE
2246,forward,81500000,0.00901840490797546,TRUE,11.941312212029526,-5.077978878696194,-2.1126944794819393,FALSE
2247,forward,81500000,0.009469325153374232,FALSE,NA,NA,NA,FALSE
2248,forward,81500000,0.009202453987730062,TRUE,11.957339354274637,-1.6573393542746366,-0.6895364845044825,FALSE
2249,forward,82500000,0.009242424242424243,TRUE,11.960819996277365,-0.4298683296107022,-0.17884683425580433,TRUE
2250,forward,88000000,0.008806818181818181,FALSE,NA,NA,NA,FALSE
2251,defense,79500000,0.009371069182389937,FALSE,NA,NA,NA,FALSE
2252,defense,81500000,0.03251533742331288,TRUE,17.794322296216027,-0.31706729621602747,-0.13191593394572348,TRUE
2253,defense,88000000,0.04090909090909091,TRUE,18.66387041307093,-2.0974420797376006,-0.8726413419097366,TRUE
2254,forward,81500000,0.010081803680981594,FALSE,NA,NA,NA,FALSE
2255,forward,82500000,0.010121212121212121,FALSE,NA,NA,NA,FALSE
2256,forward,92400000,0.01699134199134199,FALSE,NA,NA,NA,FALSE
2257,defense,81500000,0.011349693251533743,FALSE,NA,NA,NA,FALSE
2258,defense,82500000,0.020606060606060607,TRUE,16.560584702290775,4.691881964375895,1.9520587543410455,FALSE
2259,defense,88000000,0.06818181818181818,TRUE,21.48917957680547,-1.6181279101388064,-0.6732225526159841,TRUE
2260,defense,81500000,0.009813079754601228,FALSE,NA,NA,NA,FALSE
2261,defense,82500000,0.00909090909090909,TRUE,15.367676388713967,-2.431566388713968,-1.0116538506061759,FALSE
2262,defense,83500000,0.009281437125748504,FALSE,NA,NA,NA,FALSE
2263,defense,88000000,0.008806818181818181,FALSE,NA,NA,NA,FALSE
2264,forward,81500000,0.011349693251533743,FALSE,NA,NA,NA,FALSE
2265,forward,82500000,0.00909090909090909,TRUE,11.947625934732145,0.9949657319345189,0.41395576061779193,FALSE
2266,forward,83500000,0.009281437125748504,FALSE,NA,NA,NA,FALSE
2267,forward,75000000,0.009955546666666667,FALSE,NA,NA,NA,FALSE
2268,forward,81500000,0.009355828220858895,TRUE,11.970695306145563,-1.428800306145563,-0.5944527520072882,FALSE
2269,forward,88000000,0.009375,TRUE,11.97236480012943,0.829808533203904,0.34524206362532617,TRUE
2270,forward,81500000,0.021779141104294478,FALSE,NA,NA,NA,FALSE
2271,forward,81500000,0.03987730061349693,TRUE,14.628529728459892,0.8643686048734409,0.35962079074706593,FALSE
2272,forward,83500000,0.019161676646706587,TRUE,12.82459649252808,3.317796007471923,1.3803699220649153,FALSE
2273,forward,82500000,0.009787878787878788,FALSE,NA,NA,NA,FALSE
2274,forward,88000000,0.008806818181818181,FALSE,NA,NA,NA,FALSE
2275,defense,79500000,0.018763106918238993,TRUE,16.369664524397614,-2.056122857730946,-0.8554504684706645,TRUE
2276,defense,81500000,0.008895705521472393,FALSE,NA,NA,NA,FALSE
2277,defense,81500000,0.03374233128834356,FALSE,NA,NA,NA,FALSE
2278,forward,79500000,0.011635220125786163,FALSE,NA,NA,NA,FALSE
2279,forward,81500000,0.009202453987730062,FALSE,NA,NA,NA,FALSE
2280,forward,81500000,0.009202453987730062,TRUE,11.957339354274637,-3.3906726876079727,-1.4106902844540428,FALSE
2281,forward,82500000,0.00909090909090909,TRUE,11.947625934732145,1.644040731934524,0.6840035890998672,FALSE
2282,forward,83500000,0.009281437125748504,TRUE,11.964217269609367,0.2056343970572989,0.08555424625281205,FALSE
2283,forward,88000000,0.017045454545454544,TRUE,12.640314165856095,2.0644108341439047,0.8588986832884131,TRUE
2284,forward,79500000,0.011635220125786163,TRUE,12.169186590868827,-0.777186590868828,-0.3233486903509031,FALSE
2285,forward,81500000,0.010725460122699386,FALSE,NA,NA,NA,FALSE
2286,forward,81500000,0.01196319018404908,TRUE,12.197746487951312,1.6942918453820202,0.7049105783773816,TRUE
2287,forward,81500000,0.0196319018404908,FALSE,NA,NA,NA,FALSE
2288,forward,88000000,0.010795454545454546,TRUE,12.096059127115849,-0.0615357937825145,-0.025601983568753532,FALSE
2289,forward,81500000,0.01794478527607362,FALSE,NA,NA,NA,FALSE
2290,forward,83500000,0.010468562874251497,TRUE,12.067593136847933,-0.9972814701812638,-0.41491922413875076,FALSE
2291,forward,88000000,0.011363636363636364,FALSE,NA,NA,NA,FALSE
2292,defense,79500000,0.011635220125786163,FALSE,NA,NA,NA,FALSE
2293,defense,83500000,0.032035928143712575,TRUE,17.744658050418774,1.575156949581224,0.6553444729081477,TRUE
2294,forward,81500000,0.017484662576687116,FALSE,NA,NA,NA,FALSE
2295,forward,81500000,0.06134969325153374,FALSE,NA,NA,NA,FALSE
2296,forward,81500000,0.011349693251533743,FALSE,NA,NA,NA,FALSE
2297,forward,82500000,0.00909090909090909,TRUE,11.947625934732145,5.472849065267855,2.276980326904792,FALSE
2298,forward,83500000,0.02694610778443114,TRUE,13.502471031797366,3.039893968202634,1.264748703815235,FALSE
2299,defense,81500000,0.019683030674846627,TRUE,16.46496372177857,7.103082944888097,2.955239571382475,TRUE
2300,defense,81500000,0.09631901840490797,FALSE,NA,NA,NA,FALSE
2301,forward,79500000,0.043081761006289306,FALSE,NA,NA,NA,FALSE
2302,forward,81500000,0.10221685889570552,TRUE,20.057108721729215,-1.3144212217292157,-0.5468653031448265,TRUE
2303,forward,81500000,0.011349693251533743,FALSE,NA,NA,NA,FALSE
2304,forward,82500000,0.009672727272727272,TRUE,11.998291131065782,2.1873805356008855,0.9100602606832388,FALSE
2305,forward,83500000,0.025149700598802394,TRUE,13.346038445812145,2.102735720854522,0.8748437627214888,FALSE
2306,defense,79500000,0.020859534591194967,FALSE,NA,NA,NA,FALSE
2307,defense,83500000,0.046706586826347304,TRUE,19.26446008560133,3.9552890810653345,1.6455990869476533,FALSE
2308,forward,79500000,0.011635220125786163,FALSE,NA,NA,NA,FALSE
2309,forward,81500000,0.010725460122699386,TRUE,12.089963956352936,3.395661043647065,1.4127656913269808,FALSE
2310,forward,82500000,0.02181818181818182,TRUE,13.055927104530465,1.2814828954695336,0.5331613036374334,FALSE
2311,forward,88000000,0.017045454545454544,TRUE,12.640314165856095,1.1529691674772362,0.479693132510128,FALSE
2312,defense,81500000,0.011349693251533743,FALSE,NA,NA,NA,FALSE
2313,defense,82500000,0.051948048484848484,FALSE,NA,NA,NA,FALSE
2314,forward,81500000,0.015260736196319019,FALSE,NA,NA,NA,FALSE
2315,forward,83500000,0.009880239520958085,TRUE,12.016361464937772,1.940096868395564,0.8071778243732889,FALSE
2316,forward,88000000,0.025852272727272727,TRUE,13.407218993171897,-1.3469023265052282,-0.5603790755308542,TRUE
2317,defense,81500000,0.015644171779141104,FALSE,NA,NA,NA,FALSE
2318,defense,83500000,0.04637125748502994,TRUE,19.229721753368583,2.54603907996475,1.0592802446173033,FALSE
2319,defense,81500000,0.009938650306748465,FALSE,NA,NA,NA,FALSE
2320,defense,88000000,0.008806818181818181,FALSE,NA,NA,NA,FALSE
2321,defense,79500000,0.011635220125786163,FALSE,NA,NA,NA,FALSE
2322,defense,83500000,0.009880239520958085,TRUE,15.449446813612472,-1.991370146945803,-0.8285100857169679,FALSE
2323,forward,79500000,0.043081761006289306,FALSE,NA,NA,NA,FALSE
2324,forward,81500000,0.07484705521472393,TRUE,17.673724151696323,-5.650492485029655,-2.3508889195185945,FALSE
2325,forward,82500000,0.05842424242424243,TRUE,16.243612373855154,-2.313265707188485,-0.9624348202107579,TRUE
2326,forward,79500000,0.044968553459119494,FALSE,NA,NA,NA,FALSE
2327,forward,81500000,0.0950920245398773,TRUE,19.436672401993356,-1.9956424019933543,-0.8302875585795999,TRUE
2328,defense,81500000,0.011349693251533743,FALSE,NA,NA,NA,FALSE
2329,defense,83500000,0.009281437125748504,FALSE,NA,NA,NA,FALSE
2330,defense,88000000,0.008806818181818181,FALSE,NA,NA,NA,FALSE
2331,defense,81500000,0.011349693251533743,FALSE,NA,NA,NA,FALSE
2332,defense,83500000,0.009281437125748504,FALSE,NA,NA,NA,FALSE
2333,defense,88000000,0.010795454545454546,TRUE,15.544258211447376,-0.6337465447807062,-0.26367042056164025,FALSE
2334,forward,81500000,0.011349693251533743,FALSE,NA,NA,NA,FALSE
2335,forward,88000000,0.01960227272727273,TRUE,12.862963954431649,0.01135271223501455,0.004723298981546882,TRUE
2336,forward,81500000,0.010184049079754601,FALSE,NA,NA,NA,FALSE
2337,forward,83500000,0.009281437125748504,FALSE,NA,NA,NA,FALSE
2338,forward,88000000,0.008806818181818181,FALSE,NA,NA,NA,FALSE
2339,defense,79500000,0.04748427672955975,FALSE,NA,NA,NA,FALSE
2340,defense,81500000,0.0736196319018405,TRUE,22.05250809104702,3.0250007978418694,1.2585523962773726,FALSE
2341,defense,83500000,0.1317365269461078,FALSE,NA,NA,NA,FALSE
2342,forward,81500000,0.011349693251533743,FALSE,NA,NA,NA,FALSE
2343,forward,88000000,0.008806818181818181,TRUE,11.92288706933486,-0.1400754026681934,-0.05827840898863402,FALSE
2344,forward,92400000,0.008928571428571428,FALSE,NA,NA,NA,FALSE
2345,forward,81500000,0.021779141104294478,FALSE,NA,NA,NA,FALSE
2346,forward,83500000,0.009281437125748504,FALSE,NA,NA,NA,FALSE
2347,forward,79500000,0.0139937106918239,FALSE,NA,NA,NA,FALSE
2348,forward,83500000,0.011976047904191617,TRUE,12.198866148587197,-2.459653648587196,-1.0233395626375696,FALSE
2349,forward,79500000,0.01839622641509434,FALSE,NA,NA,NA,FALSE
2350,forward,83500000,0.010778443113772455,TRUE,12.094577757930383,0.5768505754029487,0.23999883718553433,FALSE
2351,forward,88000000,0.014772727272727272,TRUE,12.442403242677823,-0.6304999093444916,-0.26231965701440346,TRUE
2352,forward,79500000,0.033647798742138364,FALSE,NA,NA,NA,FALSE
2353,forward,82500000,0.021515151515151515,TRUE,13.029538981440028,4.226160185226641,1.7582950827529185,FALSE
2354,forward,88000000,0.030113636363636363,TRUE,13.778301974131153,2.341649692535512,0.9742439849554045,TRUE
2355,forward,81500000,0.011349693251533743,FALSE,NA,NA,NA,FALSE
2356,forward,83500000,0.009281437125748504,FALSE,NA,NA,NA,FALSE
2357,forward,88000000,0.008806818181818181,TRUE,11.92288706933486,-2.1127437360015264,-0.8790076001175744,TRUE
2358,forward,79500000,0.016352201257861635,FALSE,NA,NA,NA,FALSE
2359,forward,82500000,0.009242424242424243,TRUE,11.960819996277365,0.17385667038930208,0.07233311451797492,TRUE
2360,forward,88000000,0.008806818181818181,FALSE,NA,NA,NA,FALSE
2361,forward,82500000,0.016363636363636365,TRUE,12.580940888902616,0.7217957777640525,0.3003033276473619,FALSE
2362,forward,83500000,0.019161664670658683,FALSE,NA,NA,NA,FALSE
2363,defense,81500000,0.011349693251533743,FALSE,NA,NA,NA,FALSE
2364,defense,83500000,0.012574850299401197,TRUE,15.728594126197022,3.6248158738029783,1.5081056201022112,FALSE
2365,forward,79500000,0.011635220125786163,FALSE,NA,NA,NA,FALSE
2366,forward,83500000,0.009281437125748504,FALSE,NA,NA,NA,FALSE
2367,forward,88000000,0.008806818181818181,FALSE,NA,NA,NA,FALSE
2368,defense,79500000,0.01839622641509434,FALSE,NA,NA,NA,FALSE
2369,defense,82500000,0.048484848484848485,TRUE,19.448678514108302,3.3880270414472555,1.409589562656664,FALSE
2370,forward,81500000,0.011349693251533743,FALSE,NA,NA,NA,FALSE
2371,forward,83500000,0.009281437125748504,TRUE,11.964217269609367,0.2243010637239653,0.09332051794457642,FALSE
2372,forward,88000000,0.008806818181818181,FALSE,NA,NA,NA,FALSE
2373,defense,79500000,0.02232704402515723,FALSE,NA,NA,NA,FALSE
2374,defense,82500000,0.03151515151515152,TRUE,17.690708367784588,-0.8607805900068115,-0.3581279961959052,FALSE
2375,defense,88000000,0.008806818181818181,FALSE,NA,NA,NA,FALSE
2376,defense,79500000,0.011635220125786163,FALSE,NA,NA,NA,FALSE
2377,defense,82500000,0.01696969696969697,TRUE,16.183876813792835,4.039796519540502,1.6807584294747904,FALSE
2378,defense,88000000,0.05227272727272727,TRUE,19.841082564626987,-0.8089408979603192,-0.3365600783646305,TRUE
2379,defense,82500000,0.011212121212121211,FALSE,NA,NA,NA,FALSE
2380,defense,88000000,0.008948863636363637,FALSE,NA,NA,NA,FALSE
2381,defense,81500000,0.021779141104294478,FALSE,NA,NA,NA,FALSE
2382,defense,88000000,0.014204545454545454,TRUE,15.897421856914194,-0.8863118569141921,-0.3687502866657805,FALSE
2383,defense,81500000,0.014826171779141105,FALSE,NA,NA,NA,FALSE
2384,defense,83500000,0.009640718562874252,FALSE,NA,NA,NA,FALSE
2385,forward,79500000,0.011635220125786163,FALSE,NA,NA,NA,FALSE
2386,forward,83500000,0.009431137724550898,TRUE,11.977253318441468,-1.8465474851081343,-0.7682565782729037,FALSE
2387,defense,79500000,0.016666666666666666,FALSE,NA,NA,NA,FALSE
2388,defense,83500000,0.009281437125748504,FALSE,NA,NA,NA,FALSE
2389,defense,88000000,0.008806818181818181,TRUE,15.338246084925066,-1.673662751591733,-0.6963278383525462,FALSE
2390,defense,82500000,0.013787878787878788,TRUE,15.854257411357139,2.207907588642861,0.9186005466272698,FALSE
2391,defense,83500000,0.016766467065868262,FALSE,NA,NA,NA,FALSE
2392,forward,81500000,0.011349693251533743,FALSE,NA,NA,NA,FALSE
2393,forward,83500000,0.009281437125748504,FALSE,NA,NA,NA,FALSE
2394,forward,88000000,0.008806818181818181,TRUE,11.92288706933486,-4.231220402668194,-1.7604003875816956,FALSE
2395,defense,81500000,0.011349693251533743,FALSE,NA,NA,NA,FALSE
2396,defense,88000000,0.015909090909090907,TRUE,16.074003679647603,1.8051029870190618,0.751013583686017,TRUE
2397,forward,82500000,0.01893939393939394,FALSE,NA,NA,NA,FALSE
2398,forward,88000000,0.04375,TRUE,14.965767513200785,3.8523908201325483,1.6027882377861842,TRUE
2399,defense,79500000,0.016981132075471698,FALSE,NA,NA,NA,FALSE
2400,defense,81500000,0.010725460122699386,TRUE,15.537007162366626,-1.3455054956999604,-0.5597979236982933,FALSE
2401,defense,81500000,0.012269938650306749,FALSE,NA,NA,NA,FALSE
2402,defense,81500000,0.016564417177914112,TRUE,16.141891987774148,1.315683012225854,0.547390271420629,FALSE
2403,defense,82500000,0.03333333333333333,TRUE,17.879062312033557,-1.8122639787002228,-0.753992916202715,FALSE
2404,defense,88000000,0.036931818181818184,TRUE,18.25184616002631,-1.0621411600263109,-0.44190411555911935,TRUE
2405,forward,82500000,0.016363636363636365,TRUE,12.580940888902616,-5.139274222235949,-2.1381964236624635,TRUE
2406,forward,83500000,0.009281437125748504,FALSE,NA,NA,NA,FALSE
2407,forward,88000000,0.008806818181818181,FALSE,NA,NA,NA,FALSE
2408,forward,81500000,0.011349693251533743,FALSE,NA,NA,NA,FALSE
2409,forward,82500000,0.009696969696969697,TRUE,12.000402180913017,-0.6944355142463507,-0.2889200826453935,FALSE
2410,forward,88000000,0.013409090909090909,TRUE,12.32365668877086,-1.4613766887708604,-0.6080061647681597,FALSE
2411,defense,81500000,0.010122699386503068,FALSE,NA,NA,NA,FALSE
2412,defense,83500000,0.009281437125748504,TRUE,15.387414077482573,1.1416175891840918,0.4749703053054015,FALSE
2413,defense,88000000,0.011363636363636364,TRUE,15.60311881902518,1.606169514308153,0.6682472588114206,FALSE
2414,forward,81500000,0.010153374233128834,FALSE,NA,NA,NA,FALSE
2415,forward,83500000,0.009580838323353293,TRUE,11.99028936727357,0.2946881327264297,0.12260507695136816,FALSE
2416,forward,88000000,0.008806818181818181,FALSE,NA,NA,NA,FALSE
2417,defense,81500000,0.009918196319018404,FALSE,NA,NA,NA,FALSE
2418,defense,83500000,0.009580838323353293,TRUE,15.418430445547523,-2.0755821122141906,-0.8635464965368822,FALSE
2419,defense,92400000,0.01001082251082251,FALSE,NA,NA,NA,FALSE
2420,forward,81500000,0.011349693251533743,FALSE,NA,NA,NA,FALSE
2421,forward,88000000,0.009375,TRUE,11.97236480012943,0.8911768665372364,0.3707743752291168,FALSE
2422,defense,81500000,0.014447852760736197,FALSE,NA,NA,NA,FALSE
2423,defense,82500000,0.030303030303030304,FALSE,NA,NA,NA,FALSE
2424,forward,81500000,0.011349693251533743,FALSE,NA,NA,NA,FALSE
2425,forward,82500000,0.009393939393939394,TRUE,11.974014057822583,-2.296009057822582,-0.9552551865965551,FALSE
2426,forward,88000000,0.009488636363636364,TRUE,11.982260346288342,-2.968468679621676,-1.2350321932733204,TRUE
2427,forward,81500000,0.009938650306748465,FALSE,NA,NA,NA,FALSE
2428,forward,82500000,0.00909090909090909,FALSE,NA,NA,NA,FALSE
2429,forward,83500000,0.009281437125748504,TRUE,11.964217269609367,0.7553593970573012,0.3142674804897003,FALSE
2430,forward,88000000,0.011363636363636364,TRUE,12.145536857910418,1.7539798087562506,0.7297437716073295,TRUE
2431,forward,79500000,0.010062893081761006,FALSE,NA,NA,NA,FALSE
2432,forward,82500000,0.009393939393939394,TRUE,11.974014057822583,0.9559326088440852,0.39771601924823513,FALSE
2433,forward,83500000,0.011077844311377245,FALSE,NA,NA,NA,FALSE
2434,forward,81500000,0.011349693251533743,FALSE,NA,NA,NA,FALSE
2435,forward,83500000,0.009281437125748504,FALSE,NA,NA,NA,FALSE
2436,forward,88000000,0.008806818181818181,TRUE,11.92288706933486,-0.9210354026681973,-0.3831970272243709,FALSE
2437,defense,82500000,0.011212121212121211,FALSE,NA,NA,NA,FALSE
2438,defense,88000000,0.009375,FALSE,NA,NA,NA,FALSE
2439,defense,81500000,0.026687116564417177,FALSE,NA,NA,NA,FALSE
2440,defense,82500000,0.00909090909090909,FALSE,NA,NA,NA,FALSE
2441,defense,83500000,0.009281437125748504,TRUE,15.387414077482573,-0.11550074414924083,-0.04805411569628471,FALSE
2442,defense,88000000,0.013068181818181817,TRUE,15.779700641758588,0.0854493582414122,0.035551228499449375,FALSE
2443,forward,81500000,0.010286294478527608,FALSE,NA,NA,NA,FALSE
2444,forward,88000000,0.008806818181818181,TRUE,11.92288706933486,2.1437795973318057,0.8919200785789427,FALSE
2445,forward,79500000,0.011635220125786163,FALSE,NA,NA,NA,FALSE
2446,forward,81500000,0.024539877300613498,TRUE,13.292934541367266,2.170013791966065,0.9028348223188154,FALSE
2447,forward,83500000,0.037125748502994015,TRUE,14.38892235238028,2.7705451476197247,1.1526860545025635,FALSE
2448,forward,88000000,0.06534090909090909,FALSE,NA,NA,NA,FALSE
2449,forward,81500000,0.011349693251533743,FALSE,NA,NA,NA,FALSE
2450,forward,82500000,0.00909090909090909,TRUE,11.947625934732145,-2.3309592680654774,-0.9697962309767666,FALSE
2451,forward,83500000,0.009281437125748504,FALSE,NA,NA,NA,FALSE
2452,forward,88000000,0.008806818181818181,FALSE,NA,NA,NA,FALSE
2453,forward,81500000,0.010122699386503068,FALSE,NA,NA,NA,FALSE
2454,forward,83500000,0.013173652694610778,TRUE,12.30315453924401,0.33462212742265685,0.13921962619503148,TRUE
2455,forward,81500000,0.010429447852760737,FALSE,NA,NA,NA,FALSE
2456,forward,83500000,0.009281437125748504,FALSE,NA,NA,NA,FALSE
2457,forward,88000000,0.008806818181818181,FALSE,NA,NA,NA,FALSE
2458,defense,81500000,0.011349693251533743,FALSE,NA,NA,NA,FALSE
2459,defense,82500000,0.00909090909090909,TRUE,15.367676388713967,3.981468611286033,1.6564910875435481,FALSE
2460,defense,83500000,0.009281437125748504,TRUE,15.387414077482573,1.8407109225174256,0.7658282748358269,FALSE
2461,defense,88000000,0.01534090909090909,TRUE,16.0151430720698,0.2202102612635315,0.09161853847966209,TRUE
2462,forward,81500000,0.00997954601226994,FALSE,NA,NA,NA,FALSE
2463,forward,88000000,0.008806818181818181,TRUE,11.92288706933486,-3.720927069334861,-1.5480927088765453,FALSE
2464,forward,81500000,0.011349693251533743,FALSE,NA,NA,NA,FALSE
2465,forward,82500000,0.009696969696969697,TRUE,12.000402180913017,-1.02823301424635,-0.4277966223792372,FALSE
2466,forward,88000000,0.008806818181818181,TRUE,11.92288706933486,-2.3951104026681946,-0.9964863277978196,FALSE
2467,defense,81500000,0.011349693251533743,FALSE,NA,NA,NA,FALSE
2468,defense,83500000,0.009281437125748504,FALSE,NA,NA,NA,FALSE
2469,defense,88000000,0.008806818181818181,TRUE,15.338246084925066,-2.6210677515917347,-1.090495943645554,FALSE
2470,defense,92400000,0.010551948051948052,FALSE,NA,NA,NA,FALSE
2471,defense,81500000,0.009386503067484663,FALSE,NA,NA,NA,FALSE
2472,defense,82500000,0.00909090909090909,TRUE,15.367676388713967,1.2523236112860339,0.5210295756031603,FALSE
2473,defense,83500000,0.009281437125748504,TRUE,15.387414077482573,-0.8158757441492401,-0.3394453229884032,FALSE
2474,defense,88000000,0.013494318181818182,FALSE,NA,NA,NA,FALSE
2475,defense,79500000,0.009853245283018867,FALSE,NA,NA,NA,FALSE
2476,defense,83500000,0.009281437125748504,TRUE,15.387414077482573,0.6699075891840938,0.27871523282028315,FALSE
2477,defense,88000000,0.019318181818181818,TRUE,16.42716732511442,0.05302100821891287,0.02205940474282259,TRUE
2478,forward,79500000,0.014308176100628931,FALSE,NA,NA,NA,FALSE
2479,forward,81500000,0.008895705521472393,TRUE,11.930627450532786,1.940770882800546,0.8074582482479276,TRUE
2480,forward,81500000,0.012883435582822086,FALSE,NA,NA,NA,FALSE
2481,forward,88000000,0.028409090909090908,TRUE,13.629868781747453,0.6723045515858814,0.27971248967281315,TRUE
2482,defense,81500000,0.011349693251533743,FALSE,NA,NA,NA,FALSE
2483,defense,83500000,0.009281437125748504,TRUE,15.387414077482573,-3.5813540774825725,-1.4900233280431183,TRUE
2484,forward,83500000,0.009580838323353293,FALSE,NA,NA,NA,FALSE
2485,forward,88000000,0.008806818181818181,TRUE,11.92288706933486,-2.183515402668192,-0.9084521710860914,TRUE
2486,forward,81500000,0.011349693251533743,FALSE,NA,NA,NA,FALSE
2487,forward,83500000,0.009281437125748504,FALSE,NA,NA,NA,FALSE
2488,forward,88000000,0.008806818181818181,FALSE,NA,NA,NA,FALSE
2489,forward,81500000,0.011349693251533743,FALSE,NA,NA,NA,FALSE
2490,forward,81500000,0.008588957055214725,FALSE,NA,NA,NA,FALSE
2491,forward,82500000,0.00909090909090909,TRUE,11.947625934732145,-0.2764142680654782,-0.11500223063982443,FALSE
2492,forward,83500000,0.009281437125748504,TRUE,11.964217269609367,-2.366300602942701,-0.9845000028663818,FALSE
2493,forward,88000000,0.008806818181818181,FALSE,NA,NA,NA,FALSE
2494,forward,81500000,0.011349693251533743,FALSE,NA,NA,NA,FALSE
2495,forward,81500000,0.009202453987730062,TRUE,11.957339354274637,-0.4003960209413062,-0.16658487229990745,FALSE
2496,forward,82500000,0.009696969696969697,TRUE,12.000402180913017,0.5954311524203142,0.2477292912555316,TRUE
2497,forward,88000000,0.008806818181818181,FALSE,NA,NA,NA,FALSE
2498,defense,81500000,0.009202453987730062,FALSE,NA,NA,NA,FALSE
2499,defense,82500000,0.00909090909090909,TRUE,15.367676388713967,-0.6652963887139673,-0.27679674162334417,FALSE
2500,defense,83500000,0.009281437125748504,FALSE,NA,NA,NA,FALSE
2501,defense,88000000,0.008806818181818181,FALSE,NA,NA,NA,FALSE
2502,defense,92400000,0.008387445887445888,FALSE,NA,NA,NA,FALSE
2503,forward,81500000,0.05243558282208589,TRUE,15.722115067651337,-3.827671734318006,-1.5925038554786246,FALSE
2504,forward,81500000,0.010725460122699386,FALSE,NA,NA,NA,FALSE
2505,forward,81500000,0.008895705521472393,TRUE,11.930627450532786,-0.026349117199451655,-0.010962557304058181,TRUE
2506,forward,82500000,0.024242424242424242,TRUE,13.267032089253954,-0.05378542258728558,-0.02237743954656568,FALSE
2507,defense,81500000,0.06299079754601226,FALSE,NA,NA,NA,FALSE
2508,defense,81500000,0.008588957055214725,FALSE,NA,NA,NA,FALSE
2509,defense,81500000,0.009202453987730062,FALSE,NA,NA,NA,FALSE
2510,defense,82500000,0.00909090909090909,FALSE,NA,NA,NA,FALSE
2511,defense,83500000,0.009281437125748504,FALSE,NA,NA,NA,FALSE
2512,forward,81500000,0.018302662576687116,TRUE,12.74979285477498,0.31211131189168384,0.12985399533342107,TRUE
2513,forward,81500000,0.0098159509202454,FALSE,NA,NA,NA,FALSE
2514,forward,82500000,0.020303030303030302,TRUE,12.923986489078283,-0.5415898224116145,-0.22532859141123618,FALSE
2515,forward,88000000,0.021022727272727273,TRUE,12.98665828141807,-0.5637032814180696,-0.23452890198385187,TRUE
2516,defense,81500000,0.08058282208588957,FALSE,NA,NA,NA,FALSE
2517,defense,81500000,0.010429447852760737,FALSE,NA,NA,NA,FALSE
2518,defense,81500000,0.008588957055214725,FALSE,NA,NA,NA,FALSE
2519,defense,81500000,0.009202453987730062,FALSE,NA,NA,NA,FALSE
2520,defense,83500000,0.009281437125748504,FALSE,NA,NA,NA,FALSE
2521,defense,88000000,0.00909090909090909,FALSE,NA,NA,NA,FALSE
2522,forward,82500000,0.011212121212121211,FALSE,NA,NA,NA,FALSE
2523,forward,88000000,0.008806818181818181,TRUE,11.92288706933486,-3.25483206933486,-1.3541737586529932,FALSE
2524,forward,81500000,0.011349693251533743,FALSE,NA,NA,NA,FALSE
2525,forward,82500000,0.009393939393939394,TRUE,11.974014057822583,-0.02361489115591553,-0.009824981822586763,FALSE
2526,forward,88000000,0.011931818181818182,TRUE,12.195014588704986,0.9549854112950147,0.3973219374529572,FALSE
2527,forward,81500000,0.011349693251533743,FALSE,NA,NA,NA,FALSE
2528,forward,88000000,0.009375,TRUE,11.97236480012943,-2.151531466796097,-0.8951452459563775,FALSE
2529,defense,82500000,0.016363636363636365,TRUE,16.121092165709847,0.6205745009568204,0.2581901881827764,TRUE
2530,defense,83500000,0.010179640718562874,FALSE,NA,NA,NA,FALSE
2531,forward,81500000,0.016411042944785275,FALSE,NA,NA,NA,FALSE
2532,forward,88000000,0.016477272727272726,TRUE,12.590836435061528,1.052790231605142,0.43801365927220653,TRUE
2533,forward,81500000,0.042024539877300614,FALSE,NA,NA,NA,FALSE
2534,forward,82500000,0.040757575757575756,TRUE,14.705184797682724,1.023591868983944,0.4258656726434092,TRUE
2535,defense,81500000,0.042024539877300614,FALSE,NA,NA,NA,FALSE
2536,defense,83500000,0.04610778443113772,TRUE,19.202427349471428,2.436195983861907,1.0135799949137707,FALSE
2537,defense,81500000,0.011349693251533743,FALSE,NA,NA,NA,FALSE
2538,defense,88000000,0.009375,TRUE,15.39710669250287,-0.7105483591695378,-0.29562383611329024,TRUE
2539,forward,81500000,0.021779141104294478,FALSE,NA,NA,NA,FALSE
2540,forward,83500000,0.08502994011976048,TRUE,18.560457978652824,-1.4365838119861571,-0.5976910817076002,TRUE
2541,forward,81500000,0.030368098159509204,FALSE,NA,NA,NA,FALSE
2542,forward,88000000,0.008806818181818181,TRUE,11.92288706933486,-0.1635120693348604,-0.06802924046449059,TRUE
2543,forward,81500000,0.021779141104294478,FALSE,NA,NA,NA,FALSE
2544,forward,83500000,0.0688622754491018,TRUE,17.152564704785842,-0.06607220478584352,-0.027489358587897986,TRUE
2545,forward,81500000,0.011349693251533743,FALSE,NA,NA,NA,FALSE
2546,forward,83500000,0.010468562874251497,FALSE,NA,NA,NA,FALSE
2547,forward,88000000,0.008806818181818181,TRUE,11.92288706933486,-1.8414070693348599,-0.7661179069066244,FALSE
2548,forward,81500000,0.013803680981595092,FALSE,NA,NA,NA,FALSE
2549,forward,83500000,0.013173652694610778,TRUE,12.30315453924401,-0.3185903725773471,-0.1325496102758652,FALSE
2550,forward,88000000,0.03409090909090909,FALSE,NA,NA,NA,FALSE
2551,forward,81500000,0.01605316564417178,FALSE,NA,NA,NA,FALSE
2552,forward,83500000,0.09401197604790419,FALSE,NA,NA,NA,FALSE
2553,defense,81500000,0.011349693251533743,FALSE,NA,NA,NA,FALSE
2554,defense,83500000,0.009580838323353293,TRUE,15.418430445547523,-2.2733337788808576,-0.9458211306886277,TRUE
2555,defense,81500000,0.021779141104294478,FALSE,NA,NA,NA,FALSE
2556,defense,88000000,0.0971590909090909,TRUE,24.491070563273418,0.5582144367265833,0.23224526667235287,TRUE
2557,forward,81500000,0.011349693251533743,FALSE,NA,NA,NA,FALSE
2558,forward,88000000,0.008806818181818181,FALSE,NA,NA,NA,FALSE
2559,defense,81500000,0.01605316564417178,FALSE,NA,NA,NA,FALSE
2560,defense,83500000,0.019161676646706587,FALSE,NA,NA,NA,FALSE
2561,forward,81500000,0.011349693251533743,FALSE,NA,NA,NA,FALSE
2562,forward,88000000,0.008806818181818181,FALSE,NA,NA,NA,FALSE
2563,forward,82500000,0.013787878787878788,TRUE,12.356641842633907,2.2252414906994264,0.9258123212442191,TRUE
2564,forward,88000000,0.017045454545454544,FALSE,NA,NA,NA,FALSE
2565,forward,81500000,0.04386503067484662,FALSE,NA,NA,NA,FALSE
2566,forward,82500000,0.025454545454545455,TRUE,13.3725845816157,0.9204870850509668,0.3829688995321141,FALSE
2567,forward,88000000,0.02727272727272727,TRUE,13.530913320158314,2.119331679841686,0.8817485159257583,FALSE
2568,forward,82500000,0.011212121212121211,FALSE,NA,NA,NA,FALSE
2569,forward,81500000,0.01625766871165644,FALSE,NA,NA,NA,FALSE
2570,forward,83500000,0.08383233532934131,FALSE,NA,NA,NA,FALSE
2571,forward,81500000,0.04631901840490798,FALSE,NA,NA,NA,FALSE
2572,forward,81500000,0.09815950920245399,FALSE,NA,NA,NA,FALSE
2573,forward,81500000,0.013087938650306748,FALSE,NA,NA,NA,FALSE
2574,forward,88000000,0.009375,TRUE,11.97236480012943,-0.7616514667960974,-0.3168852977983622,FALSE
2575,defense,82500000,0.011212121212121211,FALSE,NA,NA,NA,FALSE
2576,defense,83500000,0.011077844311377245,FALSE,NA,NA,NA,FALSE
2577,defense,83500000,0.012350299401197605,TRUE,15.70533185014831,2.745464816518359,1.1422513759961732,FALSE
2578,defense,88000000,0.011363636363636364,FALSE,NA,NA,NA,FALSE
2579,defense,82500000,0.018080812121212122,TRUE,16.298982420509304,5.2518159128240285,2.1850194243280447,FALSE
2580,defense,88000000,0.05227272727272727,FALSE,NA,NA,NA,FALSE
2581,defense,81500000,0.013957055214723926,FALSE,NA,NA,NA,FALSE
2582,defense,88000000,0.00909090909090909,TRUE,15.367676388713967,-1.396108055380635,-0.5808511322757315,TRUE
2583,forward,81500000,0.013087938650306748,FALSE,NA,NA,NA,FALSE
2584,forward,88000000,0.009375,TRUE,11.97236480012943,1.4091151998705698,0.5862627582423138,FALSE
2585,forward,81500000,0.011349693251533743,FALSE,NA,NA,NA,FALSE
2586,forward,88000000,0.023863636363636365,TRUE,13.234046935390909,3.7723813979424268,1.5695002961453142,TRUE
2587,defense,81500000,0.016564417177914112,FALSE,NA,NA,NA,FALSE
2588,defense,88000000,0.045454545454545456,TRUE,19.134755273693354,4.211568059639976,1.752224024974362,TRUE
2589,forward,81500000,0.010429447852760737,FALSE,NA,NA,NA,FALSE
2590,forward,88000000,0.009943181818181818,TRUE,12.021842530923998,0.027045802409336517,0.0112524133731796,FALSE
2591,forward,81500000,0.011349693251533743,FALSE,NA,NA,NA,FALSE
2592,forward,88000000,0.008806818181818181,FALSE,NA,NA,NA,FALSE
2593,forward,81500000,0.011349693251533743,FALSE,NA,NA,NA,FALSE
2594,forward,88000000,0.00909090909090909,TRUE,11.947625934732145,-0.5801059347321438,-0.24135323031079411,FALSE
2595,defense,83500000,0.011077844311377245,FALSE,NA,NA,NA,FALSE
2596,forward,81500000,0.011349693251533743,FALSE,NA,NA,NA,FALSE
2597,forward,88000000,0.008806818181818181,TRUE,11.92288706933486,-1.2451104026681943,-0.5180285182159005,FALSE
2598,forward,81500000,0.01625766871165644,FALSE,NA,NA,NA,FALSE
2599,forward,88000000,0.008806818181818181,TRUE,11.92288706933486,5.668047930665141,2.3581928674011934,FALSE
2600,forward,88000000,0.04261363636363636,FALSE,NA,NA,NA,FALSE
2601,defense,81500000,0.021779141104294478,FALSE,NA,NA,NA,FALSE
2602,defense,88000000,0.052055875,TRUE,19.818617825138844,0.5214938415278247,0.21696765315466388,TRUE
2603,defense,81500000,0.013292429447852762,FALSE,NA,NA,NA,FALSE
2604,defense,83500000,0.009281437125748504,TRUE,15.387414077482573,-1.5790807441492394,-0.6569769686944624,TRUE
2605,forward,81500000,0.011349693251533743,FALSE,NA,NA,NA,FALSE
2606,forward,88000000,0.009659090909090909,TRUE,11.997103665526714,5.049456334473286,2.100827667279682,FALSE
2607,forward,81500000,0.011349693251533743,FALSE,NA,NA,NA,FALSE
2608,forward,83500000,0.009880239520958085,FALSE,NA,NA,NA,FALSE
2609,forward,88000000,0.020852272727272726,TRUE,12.9718149621797,3.424375037820301,1.4247121563326108,TRUE
2610,defense,83500000,0.016616766467065867,TRUE,16.147315095073846,4.423177404926154,1.8402641500462649,FALSE
2611,defense,88000000,0.010511363636363636,FALSE,NA,NA,NA,FALSE
2612,defense,81500000,0.011349693251533743,FALSE,NA,NA,NA,FALSE
2613,defense,88000000,0.017045454545454544,TRUE,16.191724894803208,0.6667317718634571,0.27739393316909694,TRUE
2614,defense,81500000,0.011349693251533743,FALSE,NA,NA,NA,FALSE
2615,defense,88000000,0.008806818181818181,TRUE,15.338246084925066,1.1753589150749324,0.4890083930255069,FALSE
2616,defense,81500000,0.011349693251533743,FALSE,NA,NA,NA,FALSE
2617,defense,88000000,0.008806818181818181,TRUE,15.338246084925066,-2.2929344182583975,-0.953975981978178,TRUE
2618,forward,81500000,0.021779141104294478,FALSE,NA,NA,NA,FALSE
2619,forward,88000000,0.011363636363636364,TRUE,12.145536857910418,0.8275581420895826,0.34430578779640364,TRUE
2620,forward,81500000,0.018302662576687116,FALSE,NA,NA,NA,FALSE
2621,forward,83500000,0.03473053892215569,FALSE,NA,NA,NA,FALSE
2622,forward,81500000,0.011349693251533743,FALSE,NA,NA,NA,FALSE
2623,forward,81500000,0.0201840490797546,TRUE,12.91362550823296,2.3454928251003757,0.9758429212935938,TRUE
2624,forward,82500000,0.05757575757575758,TRUE,16.16972562920193,-0.6540756292019303,-0.272128341607714,TRUE
2625,forward,81500000,0.011349693251533743,FALSE,NA,NA,NA,FALSE
2626,forward,81500000,0.012883435582822086,TRUE,12.277882199176869,-1.439728032510203,-0.5989992355030589,FALSE
2627,forward,83500000,0.009281437125748504,TRUE,11.964217269609367,-2.124932269609367,-0.8840786428062901,FALSE
2628,forward,88000000,0.008806818181818181,TRUE,11.92288706933486,0.5545762639984719,0.23073160392941996,FALSE
2629,forward,81500000,0.011349693251533743,FALSE,NA,NA,NA,FALSE
2630,forward,88000000,0.00909090909090909,TRUE,11.947625934732145,-2.7388759347321443,-1.1395100699552807,FALSE
2631,forward,81500000,0.011349693251533743,FALSE,NA,NA,NA,FALSE
2632,forward,88000000,0.03835227272727273,TRUE,14.49572907065239,1.9995075960142774,0.8318956735925216,TRUE
2633,defense,81500000,0.00997954601226994,FALSE,NA,NA,NA,FALSE
2634,defense,88000000,0.008806818181818181,FALSE,NA,NA,NA,FALSE
2635,defense,81500000,0.011349693251533743,FALSE,NA,NA,NA,FALSE
2636,defense,88000000,0.008806818181818181,FALSE,NA,NA,NA,FALSE
2637,forward,81500000,0.011349693251533743,FALSE,NA,NA,NA,FALSE
2638,forward,83500000,0.009281437125748504,FALSE,NA,NA,NA,FALSE
2639,forward,88000000,0.008806818181818181,FALSE,NA,NA,NA,FALSE
2640,forward,81500000,0.011349693251533743,FALSE,NA,NA,NA,FALSE
2641,forward,88000000,0.008806818181818181,TRUE,11.92288706933486,-1.3728870693348583,-0.5711900347802579,FALSE
2642,defense,81500000,0.011349693251533743,FALSE,NA,NA,NA,FALSE
2643,defense,83500000,0.009730538922155689,FALSE,NA,NA,NA,FALSE
2644,forward,81500000,0.011349693251533743,FALSE,NA,NA,NA,FALSE
2645,forward,83500000,0.04101796407185629,TRUE,14.727859622014927,0.25335287798507267,0.10540753308870703,TRUE
2646,forward,82500000,0.011212121212121211,FALSE,NA,NA,NA,FALSE
2647,forward,88000000,0.008806818181818181,FALSE,NA,NA,NA,FALSE
2648,forward,83500000,0.011077844311377245,FALSE,NA,NA,NA,FALSE
2649,forward,82500000,0.010303030303030303,TRUE,12.053178427093892,-3.078178427093892,-1.2806769632431831,TRUE
2650,forward,83500000,0.009281437125748504,FALSE,NA,NA,NA,FALSE
2651,forward,82500000,0.011212121212121211,FALSE,NA,NA,NA,FALSE
2652,forward,82500000,0.010262630303030302,FALSE,NA,NA,NA,FALSE
2653,forward,81500000,0.013803680981595092,FALSE,NA,NA,NA,FALSE
2654,forward,82500000,0.009242424242424243,FALSE,NA,NA,NA,FALSE
2655,forward,88000000,0.008806818181818181,FALSE,NA,NA,NA,FALSE
2656,forward,81500000,0.010184049079754601,FALSE,NA,NA,NA,FALSE
2657,forward,83500000,0.009281437125748504,FALSE,NA,NA,NA,FALSE
2658,forward,83500000,0.011077844311377245,FALSE,NA,NA,NA,FALSE
2659,forward,88000000,0.009933238636363636,FALSE,NA,NA,NA,FALSE
2660,forward,82500000,0.011212121212121211,FALSE,NA,NA,NA,FALSE
2661,defense,81500000,0.011349693251533743,FALSE,NA,NA,NA,FALSE
2662,defense,88000000,0.008806818181818181,TRUE,15.338246084925066,2.2835922484082705,0.950089169697105,FALSE
2663,forward,81500000,0.00997954601226994,FALSE,NA,NA,NA,FALSE
2664,forward,88000000,0.008806818181818181,FALSE,NA,NA,NA,FALSE
2665,forward,81500000,0.021779141104294478,FALSE,NA,NA,NA,FALSE
2666,forward,82500000,0.00909090909090909,TRUE,11.947625934732145,-2.1320476013988117,-0.8870389785127477,FALSE
2667,forward,83500000,0.011077844311377245,TRUE,12.120649855594586,2.992887644405412,1.24519171014522,FALSE
2668,forward,92400000,0.027056277056277056,FALSE,NA,NA,NA,FALSE
2669,forward,81500000,0.016564417177914112,FALSE,NA,NA,NA,FALSE
2670,forward,82500000,0.009242424242424243,FALSE,NA,NA,NA,FALSE
2671,forward,88000000,0.008806818181818181,FALSE,NA,NA,NA,FALSE
2672,forward,81500000,0.011349693251533743,FALSE,NA,NA,NA,FALSE
2673,forward,81500000,0.009202453987730062,TRUE,11.957339354274637,-3.12192268760797,-1.2988767746060932,FALSE
2674,forward,82500000,0.00909090909090909,TRUE,11.947625934732145,0.7948857319345226,0.3307124227559236,FALSE
2675,forward,83500000,0.009281437125748504,TRUE,11.964217269609367,1.7251577303906345,0.7177523381443633,FALSE
2676,forward,88000000,0.011363636363636364,TRUE,12.145536857910418,1.2473998087562475,0.5189810262351469,TRUE
2677,defense,81500000,0.016564417177914112,FALSE,NA,NA,NA,FALSE
2678,defense,81500000,0.011196319018404908,TRUE,15.585785633971593,-1.7732864673049242,-0.7377763120938899,FALSE
2679,defense,83500000,0.009281437125748504,FALSE,NA,NA,NA,FALSE
2680,defense,88000000,0.008806818181818181,FALSE,NA,NA,NA,FALSE
2681,forward,81500000,0.021779141104294478,FALSE,NA,NA,NA,FALSE
2682,forward,82500000,0.00909090909090909,FALSE,NA,NA,NA,FALSE
2683,forward,83500000,0.009281437125748504,TRUE,11.964217269609367,-0.6758839362760352,-0.281201693636728,FALSE
2684,forward,88000000,0.00909090909090909,TRUE,11.947625934732145,0.20100739860118821,0.08362918229955149,TRUE
2685,defense,81500000,0.013957055214723926,FALSE,NA,NA,NA,FALSE
2686,defense,82500000,0.00909090909090909,FALSE,NA,NA,NA,FALSE
2687,defense,83500000,0.009281437125748504,FALSE,NA,NA,NA,FALSE
2688,defense,81500000,0.01625766871165644,FALSE,NA,NA,NA,FALSE
2689,defense,88000000,0.025,TRUE,17.01577340089245,0.7180282657742154,0.2987358532697697,TRUE
2690,forward,81500000,0.013087938650306748,FALSE,NA,NA,NA,FALSE
2691,forward,81500000,0.017689165644171778,FALSE,NA,NA,NA,FALSE
2692,forward,88000000,0.026027920454545453,TRUE,13.42251453886973,3.4175304611302693,1.4218644683581516,TRUE
2693,forward,81500000,0.042024539877300614,FALSE,NA,NA,NA,FALSE
2694,forward,88000000,0.09176136363636364,TRUE,19.146635765341763,-0.2190174320084317,-0.09112226154696619,TRUE
2695,forward,81500000,0.021779141104294478,FALSE,NA,NA,NA,FALSE
2696,forward,83500000,0.01364511377245509,FALSE,NA,NA,NA,FALSE
2697,defense,81500000,0.016503067484662577,FALSE,NA,NA,NA,FALSE
2698,defense,88000000,0.06306818181818181,TRUE,20.959434108605244,0.2742775580614243,0.1141132518674319,TRUE
2699,forward,81500000,0.011349693251533743,FALSE,NA,NA,NA,FALSE
2700,forward,88000000,0.04261363636363636,TRUE,14.866812051611646,1.0311046150550212,0.42899135266872457,TRUE
2701,forward,81500000,0.011349693251533743,FALSE,NA,NA,NA,FALSE
2702,forward,92400000,0.035173160173160176,FALSE,NA,NA,NA,FALSE
2703,forward,81500000,0.017484662576687116,FALSE,NA,NA,NA,FALSE
2704,forward,88000000,0.08977272727272727,TRUE,18.973463707560775,0.4606629591058926,0.19165894814724393,TRUE
2705,defense,83500000,0.01347305389221557,TRUE,15.821643230391873,-1.526946563725204,-0.6352865288944342,TRUE
2706,forward,81500000,0.021779141104294478,FALSE,NA,NA,NA,FALSE
2707,forward,81500000,0.011349693251533743,FALSE,NA,NA,NA,FALSE
2708,defense,82500000,0.022424242424242423,FALSE,NA,NA,NA,FALSE
2709,defense,83500000,0.09640718562874251,FALSE,NA,NA,NA,FALSE
2710,forward,81500000,0.01625766871165644,FALSE,NA,NA,NA,FALSE
2711,forward,88000000,0.045454545454545456,TRUE,15.114200705584485,2.667974294415517,1.110011423414708,TRUE
2712,defense,81500000,0.014212674846625768,FALSE,NA,NA,NA,FALSE
2713,defense,88000000,0.013068181818181817,TRUE,15.779700641758588,0.75596602490808,0.31451986817032207,TRUE
2714,forward,81500000,0.021779141104294478,FALSE,NA,NA,NA,FALSE
2715,forward,88000000,0.056818181818181816,TRUE,16.103755321475845,0.4957680118574892,0.2062644147948845,TRUE
2716,forward,81500000,0.016411042944785275,FALSE,NA,NA,NA,FALSE
2717,forward,88000000,0.013636363636363636,TRUE,12.343447781088686,-0.3007061144220202,-0.1251088598558693,TRUE
2718,defense,83500000,0.012075844311377246,TRUE,15.676899765870532,9.494521900796135,3.950198392767372,TRUE
2719,defense,88000000,0.09659090909090909,FALSE,NA,NA,NA,FALSE
2720,forward,81500000,0.04386503067484662,FALSE,NA,NA,NA,FALSE
2721,forward,88000000,0.07102272727272728,TRUE,17.340698591340036,1.2155814086599612,0.5057429723095206,TRUE
2722,forward,81500000,0.021779141104294478,FALSE,NA,NA,NA,FALSE
2723,defense,81500000,0.011349693251533743,FALSE,NA,NA,NA,FALSE
2724,forward,83500000,0.011077844311377245,FALSE,NA,NA,NA,FALSE
2725,forward,82500000,0.011212121212121211,TRUE,12.132342796365199,3.1009905369681334,1.2901679476974193,TRUE
2726,forward,88000000,0.009933238636363636,FALSE,NA,NA,NA,FALSE
2727,defense,81500000,0.021779141104294478,FALSE,NA,NA,NA,FALSE
2728,defense,83500000,0.027544910179640718,TRUE,17.279412529444524,2.468462470555476,1.0270044753888221,TRUE
2729,forward,81500000,0.011349693251533743,FALSE,NA,NA,NA,FALSE
2730,forward,81500000,0.011349693251533743,FALSE,NA,NA,NA,FALSE
2731,forward,81500000,0.011349693251533743,FALSE,NA,NA,NA,FALSE
2732,forward,81500000,0.014325153374233129,FALSE,NA,NA,NA,FALSE
2733,forward,81500000,0.02034764417177914,FALSE,NA,NA,NA,FALSE
2734,forward,88000000,0.036931818181818184,TRUE,14.372034743665969,0.5645835896673628,0.23489515446795076,TRUE
2735,forward,81500000,0.011349693251533743,FALSE,NA,NA,NA,FALSE
2736,forward,83500000,0.010479041916167664,FALSE,NA,NA,NA,FALSE
2737,forward,81500000,0.011349693251533743,FALSE,NA,NA,NA,FALSE
2738,forward,81500000,0.011349693251533743,FALSE,NA,NA,NA,FALSE
2739,defense,81500000,0.01625766871165644,FALSE,NA,NA,NA,FALSE
2740,forward,88000000,0.01534090909090909,FALSE,NA,NA,NA,FALSE
2741,forward,88000000,0.010227272727272727,FALSE,NA,NA,NA,FALSE
2742,forward,81500000,0.011349693251533743,FALSE,NA,NA,NA,FALSE
2743,defense,83500000,0.014471053892215568,TRUE,15.925030710390132,2.0973092896098677,0.8725860945413462,TRUE
2744,forward,88000000,0.01534090909090909,FALSE,NA,NA,NA,FALSE
2745,forward,81500000,0.011349693251533743,FALSE,NA,NA,NA,FALSE
2746,defense,81500000,0.011349693251533743,FALSE,NA,NA,NA,FALSE
2747,defense,88000000,0.008806818181818181,TRUE,15.338246084925066,-3.4438027515917344,-1.4327950618771887,FALSE
2748,forward,81500000,0.011042944785276074,FALSE,NA,NA,NA,FALSE
2749,forward,88000000,0.008806818181818181,FALSE,NA,NA,NA,FALSE
2750,forward,81500000,0.011349693251533743,FALSE,NA,NA,NA,FALSE
2751,forward,88000000,0.008806818181818181,TRUE,11.92288706933486,0.44169626399847317,0.18376784954193612,FALSE
2752,forward,82500000,0.011212121212121211,FALSE,NA,NA,NA,FALSE
2753,defense,81500000,0.021779141104294478,FALSE,NA,NA,NA,FALSE
2754,defense,81500000,0.03067484662576687,TRUE,17.60365726062658,3.0428727393734185,1.26598802236273,FALSE
2755,defense,82500000,0.055757575757575756,FALSE,NA,NA,NA,FALSE
2756,forward,81500000,0.0105759509202454,FALSE,NA,NA,NA,FALSE
2757,forward,82500000,0.00909090909090909,TRUE,11.947625934732145,-3.139292601398811,-1.3061035319147822,FALSE
2758,forward,83500000,0.009281437125748504,FALSE,NA,NA,NA,FALSE
2759,forward,88000000,0.008806818181818181,FALSE,NA,NA,NA,FALSE
2760,forward,82500000,0.009242424242424243,FALSE,NA,NA,NA,FALSE
2761,forward,88000000,0.01534090909090909,TRUE,12.491880973472393,2.0602690265276067,0.8571754831146707,TRUE
2762,defense,82500000,0.009242424242424243,FALSE,NA,NA,NA,FALSE
2763,defense,88000000,0.008806818181818181,FALSE,NA,NA,NA,FALSE
2764,forward,81500000,0.009570552147239264,FALSE,NA,NA,NA,FALSE
2765,forward,82500000,0.009242424242424243,FALSE,NA,NA,NA,FALSE
2766,forward,88000000,0.008806818181818181,FALSE,NA,NA,NA,FALSE
2767,defense,81500000,0.011349693251533743,FALSE,NA,NA,NA,FALSE
2768,forward,82500000,0.011212121212121211,FALSE,NA,NA,NA,FALSE
2769,forward,81500000,0.010736196319018405,FALSE,NA,NA,NA,FALSE
2770,forward,81500000,0.010286294478527608,FALSE,NA,NA,NA,FALSE
2771,defense,81500000,0.01016359509202454,FALSE,NA,NA,NA,FALSE
2772,defense,88000000,0.008806818181818181,TRUE,15.338246084925066,0.33175391507493224,0.13802630567563312,TRUE
2773,forward,81500000,0.01625766871165644,FALSE,NA,NA,NA,FALSE
2774,forward,83500000,0.009580838323353293,FALSE,NA,NA,NA,FALSE
2775,forward,88000000,0.023863636363636365,TRUE,13.234046935390909,2.6400897312757596,1.098410043413841,TRUE
2776,forward,82500000,0.011212121212121211,FALSE,NA,NA,NA,FALSE
2777,defense,82500000,0.010212121212121212,FALSE,NA,NA,NA,FALSE
2778,defense,88000000,0.008806818181818181,TRUE,15.338246084925066,2.7603039150749336,1.1484251869453463,FALSE
2779,defense,92400000,0.008387445887445888,FALSE,NA,NA,NA,FALSE
2780,forward,82500000,0.011212121212121211,FALSE,NA,NA,NA,FALSE
2781,forward,83500000,0.009880239520958085,FALSE,NA,NA,NA,FALSE
2782,defense,83500000,0.012574850299401197,FALSE,NA,NA,NA,FALSE
2783,defense,82500000,0.011212121212121211,FALSE,NA,NA,NA,FALSE
2784,defense,88000000,0.00909090909090909,TRUE,15.367676388713967,-2.227448055380636,-0.9267303630738472,TRUE
2785,forward,81500000,0.011349693251533743,FALSE,NA,NA,NA,FALSE
2786,forward,82500000,0.010595454545454545,FALSE,NA,NA,NA,FALSE
2787,forward,83500000,0.009281437125748504,FALSE,NA,NA,NA,FALSE
2788,forward,88000000,0.008806818181818181,FALSE,NA,NA,NA,FALSE
2789,defense,81500000,0.011349693251533743,FALSE,NA,NA,NA,FALSE
2790,defense,82500000,0.009242424242424243,TRUE,15.383372550734716,3.494999949265285,1.4540956697516405,FALSE
2791,defense,88000000,0.014204545454545454,TRUE,15.897421856914194,2.0074548097524723,0.8352021140077008,TRUE
2792,forward,81500000,0.01023517791411043,FALSE,NA,NA,NA,FALSE
2793,forward,88000000,0.008806818181818181,TRUE,11.92288706933486,-2.0324120693348604,-0.8455855885754894,FALSE
2794,forward,81500000,0.011349693251533743,FALSE,NA,NA,NA,FALSE
2795,forward,81500000,0.0098159509202454,FALSE,NA,NA,NA,FALSE
2796,forward,88000000,0.008806818181818181,TRUE,11.92288706933486,-3.5228870693348604,-1.4656981135638465,TRUE
2797,defense,81500000,0.016564417177914112,FALSE,NA,NA,NA,FALSE
2798,defense,82500000,0.009242424242424243,FALSE,NA,NA,NA,FALSE
2799,defense,88000000,0.008806818181818181,FALSE,NA,NA,NA,FALSE
2800,forward,81500000,0.010153374233128834,FALSE,NA,NA,NA,FALSE
2801,forward,83500000,0.009880239520958085,TRUE,12.016361464937772,-3.8996947982711045,-1.6224690706250404,TRUE
2802,defense,81500000,0.011349693251533743,FALSE,NA,NA,NA,FALSE
2803,defense,88000000,0.03835227272727273,TRUE,18.39899767897082,0.9204456543625135,0.38295166228302985,TRUE
2804,forward,83500000,0.011077844311377245,FALSE,NA,NA,NA,FALSE
2805,forward,82500000,0.022424242424242423,TRUE,13.108703350711336,2.0450949826219986,0.8508623180628646,FALSE
2806,forward,88000000,0.020454545454545454,FALSE,NA,NA,NA,FALSE
2807,forward,82500000,0.022424242424242423,TRUE,13.108703350711336,4.784451649288668,1.9905723966689184,FALSE
2808,forward,88000000,0.08116882954545454,FALSE,NA,NA,NA,FALSE
2809,defense,88000000,0.013162875,FALSE,NA,NA,NA,FALSE
2810,forward,81500000,0.021779141104294478,FALSE,NA,NA,NA,FALSE
2811,defense,82500000,0.022424242424242423,TRUE,16.74893864653974,6.061817464571369,2.5220207879862953,FALSE
2812,defense,83500000,0.1,FALSE,NA,NA,NA,FALSE
2813,forward,83500000,0.017864275449101796,TRUE,12.711617750277831,4.65244391638883,1.9356505438592386,TRUE
2814,defense,83500000,0.02215568862275449,TRUE,16.721117904275424,4.531278762391246,1.8852397489206822,TRUE
2815,forward,81500000,0.011349693251533743,FALSE,NA,NA,NA,FALSE
2816,forward,81500000,0.021779141104294478,FALSE,NA,NA,NA,FALSE
2817,forward,88000000,0.08116882954545454,TRUE,18.224229357020945,-1.3623660236876098,-0.5668127509064371,TRUE
2818,forward,81500000,0.011349693251533743,FALSE,NA,NA,NA,FALSE
2819,forward,81500000,0.020040895705521474,FALSE,NA,NA,NA,FALSE
2820,defense,81500000,0.011349693251533743,FALSE,NA,NA,NA,FALSE
2821,forward,81500000,0.011349693251533743,FALSE,NA,NA,NA,FALSE
2822,forward,83500000,0.011077844311377245,FALSE,NA,NA,NA,FALSE
2823,forward,83500000,0.011077844311377245,TRUE,12.120649855594586,3.9717609777387466,1.6524522239928885,TRUE
2824,forward,81500000,0.011349693251533743,FALSE,NA,NA,NA,FALSE
2825,defense,81500000,0.021779141104294478,FALSE,NA,NA,NA,FALSE
2826,forward,81500000,0.016411042944785275,FALSE,NA,NA,NA,FALSE
2827,forward,81500000,0.012653374233128834,FALSE,NA,NA,NA,FALSE
2828,forward,92400000,0.09090909090909091,FALSE,NA,NA,NA,FALSE
2829,forward,81500000,0.011349693251533743,FALSE,NA,NA,NA,FALSE
2830,forward,81500000,0.042024539877300614,FALSE,NA,NA,NA,FALSE
2831,forward,81500000,0.01687116564417178,FALSE,NA,NA,NA,FALSE
2832,forward,82500000,0.01094949090909091,FALSE,NA,NA,NA,FALSE
2833,defense,82500000,0.021515151515151515,FALSE,NA,NA,NA,FALSE
2834,forward,83500000,0.011077844311377245,FALSE,NA,NA,NA,FALSE
2835,defense,81500000,0.011349693251533743,FALSE,NA,NA,NA,FALSE
2836,forward,88000000,0.010511363636363636,FALSE,NA,NA,NA,FALSE
2837,defense,82500000,0.011212121212121211,FALSE,NA,NA,NA,FALSE
2838,defense,81500000,0.011349693251533743,FALSE,NA,NA,NA,FALSE
2839,defense,83500000,0.011377245508982036,FALSE,NA,NA,NA,FALSE
2840,defense,88000000,0.00909090909090909,FALSE,NA,NA,NA,FALSE
2841,defense,81500000,0.01016359509202454,FALSE,NA,NA,NA,FALSE
2842,defense,88000000,0.014772727272727272,TRUE,15.956282464491997,-1.0186574644919961,-0.42381271232618434,TRUE
2843,forward,82500000,0.011212121212121211,TRUE,12.132342796365199,-2.0740094630318655,-0.8628921954212161,TRUE
2844,forward,83500000,0.009281437125748504,FALSE,NA,NA,NA,FALSE
2845,forward,88000000,0.008806818181818181,TRUE,11.92288706933486,-2.727053736001528,-1.1345914409908522,FALSE
2846,forward,82500000,0.011515151515151515,FALSE,NA,NA,NA,FALSE
2847,defense,83500000,0.017365269461077845,FALSE,NA,NA,NA,FALSE
2848,defense,88000000,0.01534090909090909,FALSE,NA,NA,NA,FALSE
2849,forward,83500000,0.053293413173652694,FALSE,NA,NA,NA,FALSE
2850,forward,88000000,0.02159090909090909,FALSE,NA,NA,NA,FALSE
2851,defense,88000000,0.015151511363636364,FALSE,NA,NA,NA,FALSE
2852,defense,82500000,0.023636363636363636,FALSE,NA,NA,NA,FALSE
2853,forward,82500000,0.023636363636363636,FALSE,NA,NA,NA,FALSE
2854,defense,82500000,0.023636363636363636,FALSE,NA,NA,NA,FALSE
2855,forward,88000000,0.016477272727272726,FALSE,NA,NA,NA,FALSE
2856,defense,82500000,0.02101009696969697,FALSE,NA,NA,NA,FALSE
2857,forward,88000000,0.017613636363636363,FALSE,NA,NA,NA,FALSE
2858,defense,82500000,0.05090909090909091,FALSE,NA,NA,NA,FALSE
2859,forward,82500000,0.017474751515151515,FALSE,NA,NA,NA,FALSE
2860,forward,83500000,0.011377245508982036,FALSE,NA,NA,NA,FALSE
2861,forward,82500000,0.023636363636363636,FALSE,NA,NA,NA,FALSE
2862,forward,82500000,0.05393939393939394,FALSE,NA,NA,NA,FALSE
2863,forward,88000000,0.08636363636363636,FALSE,NA,NA,NA,FALSE
2864,forward,82500000,0.04863636363636364,FALSE,NA,NA,NA,FALSE
2865,forward,82500000,0.011212121212121211,FALSE,NA,NA,NA,FALSE
2866,forward,88000000,0.008806818181818181,TRUE,11.92288706933486,1.9771129306651396,0.8225783670453316,TRUE
2867,forward,82500000,0.01006060606060606,FALSE,NA,NA,NA,FALSE
2868,forward,83500000,0.009281437125748504,FALSE,NA,NA,NA,FALSE
2869,forward,92400000,0.008387445887445888,FALSE,NA,NA,NA,FALSE
2870,forward,88000000,0.008806818181818181,FALSE,NA,NA,NA,FALSE
2871,defense,82500000,0.023352084848484847,TRUE,16.845058175675916,2.3290151576574196,0.9689873833181364,FALSE
2872,defense,82500000,0.01,FALSE,NA,NA,NA,FALSE
2873,defense,88000000,0.008806818181818181,TRUE,15.338246084925066,3.7197389150749327,1.547598376976849,TRUE
2874,forward,82500000,0.0125,TRUE,12.244492319499553,-2.6479123194995537,-1.1016646333502045,TRUE
2875,forward,83500000,0.009281437125748504,FALSE,NA,NA,NA,FALSE
2876,forward,88000000,0.008806818181818181,FALSE,NA,NA,NA,FALSE
2877,forward,83500000,0.009281437125748504,FALSE,NA,NA,NA,FALSE
2878,forward,88000000,0.008806818181818181,TRUE,11.92288706933486,-1.294100402668196,-0.5384108209040909,TRUE
2879,defense,82500000,0.011212121212121211,FALSE,NA,NA,NA,FALSE
2880,defense,88000000,0.008806818181818181,FALSE,NA,NA,NA,FALSE
2881,forward,82500000,0.011212121212121211,FALSE,NA,NA,NA,FALSE
2882,forward,88000000,0.008806818181818181,FALSE,NA,NA,NA,FALSE
2883,forward,82500000,0.02181818181818182,FALSE,NA,NA,NA,FALSE
2884,forward,83500000,0.0658682634730539,TRUE,16.891843728143808,-1.8740862281438098,-0.7797140797263721,FALSE
2885,forward,83500000,0.016367269461077843,FALSE,NA,NA,NA,FALSE
2886,forward,83500000,0.011077844311377245,FALSE,NA,NA,NA,FALSE
2887,forward,83500000,0.053293413173652694,FALSE,NA,NA,NA,FALSE
2888,forward,83500000,0.019161676646706587,FALSE,NA,NA,NA,FALSE
2889,forward,83500000,0.05029940119760479,FALSE,NA,NA,NA,FALSE
2890,forward,83500000,0.04970059880239521,FALSE,NA,NA,NA,FALSE
2891,forward,88000000,0.04715909090909091,FALSE,NA,NA,NA,FALSE
2892,defense,83500000,0.024271461077844312,FALSE,NA,NA,NA,FALSE
2893,defense,83500000,0.009431137724550898,FALSE,NA,NA,NA,FALSE
2894,defense,83500000,0.027664670658682635,FALSE,NA,NA,NA,FALSE
2895,defense,83500000,0.009281437125748504,FALSE,NA,NA,NA,FALSE
2896,defense,83500000,0.010179640718562874,FALSE,NA,NA,NA,FALSE
2897,defense,83500000,0.011377245508982036,FALSE,NA,NA,NA,FALSE
2898,defense,88000000,0.008806818181818181,FALSE,NA,NA,NA,FALSE
2899,defense,83500000,0.011377245508982036,FALSE,NA,NA,NA,FALSE
2900,defense,88000000,0.009659090909090909,TRUE,15.426536996291771,-0.7311536629584392,-0.3041966783016448,TRUE
2901,defense,83500000,0.010598802395209581,FALSE,NA,NA,NA,FALSE
2902,defense,88000000,0.008806818181818181,TRUE,15.338246084925066,-2.8371360849250653,-1.180391231894842,FALSE
2903,forward,88000000,0.048295454545454544,FALSE,NA,NA,NA,FALSE
2904,defense,88000000,0.04801136363636364,FALSE,NA,NA,NA,FALSE
2905,forward,88000000,0.050852272727272725,FALSE,NA,NA,NA,FALSE
2906,forward,88000000,0.009943181818181818,FALSE,NA,NA,NA,FALSE
2907,forward,88000000,0.009659090909090909,FALSE,NA,NA,NA,FALSE
2908,forward,88000000,0.02215909090909091,FALSE,NA,NA,NA,FALSE
