contract_id,walk_year_position_group,walk_year_toi_per_game,walk_year_toi_total,walk_year_games,walk_year_goals,walk_year_assists,walk_year_points,walk_year_points_per_game,post_signing_seasons_observed,post_signing_avg_toi_per_game,post_signing_avg_points_per_game,contract_complete,post_signing_toi_change,post_signing_points_change,trajectory_prior_seasons_found,trajectory_toi_slope,trajectory_points_slope,trajectory,tier_toi_percentile,tier
1,NA,NA,NA,NA,NA,NA,NA,NA,0,NA,NA,FALSE,NA,NA,NA,NA,NA,insufficient_history,NA,NA
2,NA,NA,NA,NA,NA,NA,NA,NA,0,NA,NA,FALSE,NA,NA,NA,NA,NA,insufficient_history,NA,NA
3,NA,NA,NA,NA,NA,NA,NA,NA,0,NA,NA,FALSE,NA,NA,NA,NA,NA,insufficient_history,NA,NA
4,NA,NA,NA,NA,NA,NA,NA,NA,0,NA,NA,FALSE,NA,NA,NA,NA,NA,insufficient_history,NA,NA
5,defense,26.50527333333334,2093.916593333334,79,7,39,46,0.5822784810126582,12,25.18781388888889,0.4833319284207407,FALSE,-1.3174594444444487,-0.09894655259191754,1,NA,NA,insufficient_history,0.9932659932659933,top
6,NA,NA,NA,NA,NA,NA,NA,NA,4,20.718640416666666,0.27074864498644985,TRUE,NA,NA,3,-1.0687475000003537,0.02090301003345839,declining,NA,NA
7,defense,18.939836666666668,1553.0666066666668,82,2,15,17,0.2073170731707317,1,19.899768333333334,0.18055555555555555,TRUE,0.959931666666666,-0.026761517615176145,2,-3.2760166666654142,-0.08536585365850423,declining,0.5100401606425703,middle
8,defense,25.86402333333333,2120.849913333333,82,27,48,75,0.9146341463414634,7,24.49688880952381,0.7608262817322051,FALSE,-1.3671345238095185,-0.15380786460925833,3,3.8370116666678915,0.032520325203260314,rising,0.9802631578947368,top
9,forward,19.06969666666667,839.0666533333334,44,15,21,36,0.8181818181818182,7,17.04702095238095,0.6595461098077059,FALSE,-2.022675714285718,-0.15863570837411234,2,0.15950499999993958,-0.08841463414630785,stable,0.9051094890510949,top
10,forward,14.822579999999999,459.49997999999994,31,6,4,10,0.3225806451612903,1,13.723975,0.3684210526315789,TRUE,-1.0986049999999992,0.04584040747028861,3,0.03463583333333769,-0.03297835795259552,stable,0.6293103448275862,middle
11,forward,13.723975,782.266575,57,5,16,21,0.3684210526315789,0,NA,NA,FALSE,NA,NA,3,-1.4466366666671555,-0.16188040912672944,declining,0.5258620689655172,middle
12,NA,NA,NA,NA,NA,NA,NA,NA,2,12.5374725,0.39822342667871125,TRUE,NA,NA,3,-2.0265100000004317,-0.16085989621944485,declining,NA,NA
13,forward,11.562345,936.549945,81,12,13,25,0.30864197530864196,1,13.382098333333333,0.4074074074074074,TRUE,1.819753333333333,0.09876543209876543,2,-0.10568749999998715,0.05969191270859389,stable,0.31655844155844154,fringe
14,forward,13.382098333333333,722.63331,54,12,10,22,0.4074074074074074,1,11.664491666666667,0.3333333333333333,TRUE,-1.7176066666666667,-0.07407407407407407,2,-1.9502549999992589,-0.17916290274007043,declining,0.36525612472160357,middle
15,forward,13.382098333333333,722.63331,54,12,10,22,0.4074074074074074,1,11.664491666666667,0.3333333333333333,TRUE,-1.7176066666666667,-0.07407407407407407,2,-1.9502549999992589,-0.17916290274007043,declining,0.36525612472160357,middle
16,defense,26.16111,2040.56658,78,19,30,49,0.6282051282051282,8,25.308943958333334,0.5999526435662402,FALSE,-0.852166041666667,-0.028252484638887965,1,NA,NA,insufficient_history,0.9865319865319865,top
17,NA,NA,NA,NA,NA,NA,NA,NA,4,19.439003749999998,1.027901457956079,FALSE,NA,NA,3,0.260075833333352,-0.03784074605453523,stable,NA,NA
18,forward,19.70268666666667,610.7832866666668,31,9,24,33,1.064516129032258,7,19.19139738095238,1.150573609589932,FALSE,-0.5112892857142874,0.08605748055767393,2,0.08827083333330009,0.15203980099496736,stable,0.9470802919708029,top
19,forward,18.329673333333336,751.5166066666668,41,20,22,42,1.024390243902439,3,18.355639999999998,0.8570679255179648,FALSE,0.02596666666666181,-0.1673223183844742,2,0.7172916666667767,0.28663101604282293,rising,0.8799392097264438,top
20,forward,18.471968333333333,406.38330333333334,22,8,29,37,1.6818181818181819,11,20.50439606060606,1.1991855022036806,FALSE,2.032427727272726,-0.4826326796145013,1,NA,NA,insufficient_history,0.853781512605042,top
21,forward,20.086788333333335,1647.1166433333335,82,42,52,94,1.146341463414634,1,20.356189999999998,1.1142857142857143,FALSE,0.26940166666666343,-0.03205574912891973,2,0.1690999999999289,-0.08324496288437977,stable,0.9465478841870824,top
22,defense,19.546319999999998,1505.0666399999998,77,3,8,11,0.14285714285714285,4,18.657194583333332,0.13518071340844048,FALSE,-0.8891254166666656,-0.0076764294487023654,3,-1.1717325000003906,-0.11292065452301586,declining,0.6622950819672131,middle
23,defense,19.458955,1303.749985,67,3,8,11,0.16417910447761194,0,NA,NA,FALSE,NA,NA,3,-1.2719508333335707,-0.06097560975610645,declining,0.6445182724252492,middle
24,NA,NA,NA,NA,NA,NA,NA,NA,1,16.748196666666665,0.12162162162162163,TRUE,NA,NA,3,-0.043682499999996426,0.010660980810236758,stable,NA,NA
25,defense,16.748196666666665,1239.3665533333333,74,1,8,9,0.12162162162162163,1,19.143171666666667,0.0963855421686747,TRUE,2.3949750000000023,-0.025236079452946925,2,0.18050000000002817,0.005642519111759118,stable,0.4563953488372093,middle
26,defense,19.143171666666667,1588.8832483333333,83,2,6,8,0.0963855421686747,1,14.927291666666667,0.2,TRUE,-4.21588,0.10361445783132531,2,-1.3553791666665078,-0.021278741427992666,declining,0.6276276276276276,middle
27,defense,14.927291666666667,1194.1833333333334,80,3,13,16,0.2,1,12.722368333333332,0.13157894736842105,TRUE,-2.204923333333335,-0.06842105263157897,2,2.394974999999098,-0.025236079452937328,rising,0.1606425702811245,fringe
28,forward,20.866666666666667,1690.2,81,25,49,74,0.9135802469135802,7,20.989653333333333,0.8609162601949447,FALSE,0.12298666666666591,-0.05266398671863548,3,-0.5444966666668826,-0.04174521949906814,declining,0.9966159052453468,top
29,forward,20.302235,1664.78327,82,28,46,74,0.9024390243902439,2,19.33756833333333,0.8378958668813741,TRUE,-0.9646666666666697,-0.06454315750886985,2,-0.13532999999998416,-0.029276895943559138,stable,0.9707792207792207,top
30,forward,19.529374999999998,1562.35,80,19,35,54,0.675,5,18.745908,0.7302157276412674,TRUE,-0.7834669999999981,0.055215727641267365,1,NA,NA,insufficient_history,0.9243697478991597,top
31,forward,17.854901666666667,1214.1333133333333,68,33,23,56,0.8235294117647058,6,17.726561944444445,0.6300480138561099,FALSE,-0.128339722222222,-0.19348139790859598,3,-0.01042166666666003,-0.06099683544305871,stable,0.864406779661017,top
32,defense,23.157519999999998,1898.91664,82,4,19,23,0.2804878048780488,5,21.603043999999997,0.3452247887546395,TRUE,-1.554476000000001,0.06473698387659071,1,NA,NA,insufficient_history,0.8754208754208754,top
33,defense,21.23444333333333,1592.58325,75,6,22,28,0.37333333333333335,7,18.331023333333334,0.24316841956455695,FALSE,-2.903419999999997,-0.1301649137687764,3,1.2076208333336158,0.1428966279712996,rising,0.7661016949152543,top
34,defense,25.63619,897.26665,35,5,33,38,1.0857142857142856,7,25.599885476190476,0.7683647302803062,FALSE,-0.036304523809523204,-0.31734955543397947,2,1.6390299999993785,0.22683319903295182,rising,0.9792387543252595,top
35,defense,25.77735,2010.6333,78,10,58,68,0.8717948717948718,3,24.385663333333333,0.5644484834271419,FALSE,-1.391686666666665,-0.3073463883677299,2,-0.23382166666669088,-0.14022698612864606,stable,0.9912790697674418,top
36,forward,6.530833333333334,391.85,60,3,1,4,0.06666666666666667,2,7.985274166666667,0.13325950535252862,TRUE,1.454440833333333,0.06659283868586195,NA,NA,NA,insufficient_history,0.06890756302521009,fringe
37,forward,8.522486666666667,536.9166600000001,63,2,6,8,0.12698412698412698,4,8.25725625,0.1249326066572902,TRUE,-0.26523041666666813,-0.002051520326836781,2,0.9172283333334675,0.07286821705427432,rising,0.13425129087779691,fringe
38,forward,7.59578,600.0666200000001,79,4,6,10,0.12658227848101267,2,10.5075975,0.2306338028169014,TRUE,2.911817499999999,0.10405152433588874,3,0.18283000000009977,0.007175925925935404,stable,0.044596912521440824,fringe
39,forward,10.142486666666667,720.1165533333333,71,8,7,15,0.2112676056338028,1,10.649033333333334,0.18840579710144928,FALSE,0.5065466666666669,-0.022861808532353534,3,0.993854166667101,0.04375000000001747,rising,0.19655172413793104,fringe
40,NA,NA,NA,NA,NA,NA,NA,NA,1,10.649033333333334,0.18840579710144928,TRUE,NA,NA,3,1.2733533333334837,0.04234266357639882,rising,NA,NA
41,forward,9.320775,680.416575,73,5,10,15,0.2054794520547945,2,7.958400000000001,0.08979591836734693,FALSE,-1.3623749999999983,-0.11568353368744758,2,0.25327333333330454,-0.01143090426617542,stable,0.12175324675324675,fringe
42,forward,17.622586666666667,1339.3165866666666,76,28,27,55,0.7236842105263158,4,17.103264166666666,0.696000950269243,TRUE,-0.5193225000000012,-0.027683260257072795,1,NA,NA,insufficient_history,0.8050420168067227,top
43,forward,18.600215,1432.216555,77,37,24,61,0.7922077922077922,7,19.300914523809524,1.0998454943477431,FALSE,0.7006995238095257,0.3076377021399509,3,-0.032005833333259216,-0.12727272727275687,stable,0.9120135363790186,top
44,forward,14.644918333333333,1200.8833033333333,82,15,32,47,0.573170731707317,3,17.137507777777778,0.6344719040921573,TRUE,2.4925894444444445,0.06130117238484023,1,NA,NA,insufficient_history,0.611764705882353,middle
45,forward,16.058333333333334,1124.0833333333333,70,18,21,39,0.5571428571428572,6,18.14475,0.5806635162242465,TRUE,2.086416666666665,0.02352065908138934,2,1.8795250000002814,-0.15094850948511687,rising,0.7177280550774526,top
46,NA,NA,NA,NA,NA,NA,NA,NA,2,12.414825833333332,0.3182291666666667,TRUE,NA,NA,3,0.15871583333343564,0.002176616915421857,stable,NA,NA
47,forward,12.366109999999999,741.9666,60,10,16,26,0.43333333333333335,1,17.764638333333334,0.5,TRUE,5.398528333333335,0.06666666666666665,2,-3.102059999999641,-0.12978078358207443,declining,0.4025974025974026,middle
48,forward,17.764638333333334,1314.5832366666666,74,17,20,37,0.5,1,16.134328333333332,0.417910447761194,FALSE,-1.6303100000000015,-0.08208955223880599,2,-0.09743166666662673,0.230208333333246,stable,0.7639198218262806,top
49,defense,20.841095,1521.399935,73,4,22,26,0.3561643835616438,4,22.905651666666664,0.36893924347270146,TRUE,2.0645566666666646,0.012774859911057646,1,NA,NA,insufficient_history,0.7138047138047138,top
50,defense,24.419503333333335,1147.7166566666667,47,12,11,23,0.48936170212765956,6,21.8498625,0.34183596714913966,FALSE,-2.5696408333333345,-0.1475257349785199,3,1.0828900000003585,0.06566780821921872,rising,0.9475409836065574,top
51,defense,17.254496666666668,1087.03329,63,0,8,8,0.12698412698412698,1,14.473381666666668,0.08955223880597014,TRUE,-2.781115,-0.03743188817815683,2,-1.8844524999997803,0.026744441998676212,declining,0.4894894894894895,middle
52,defense,14.473381666666668,969.7165716666668,67,5,1,6,0.08955223880597014,1,13.780951666666665,0.10714285714285714,TRUE,-0.6924300000000034,0.017590618336886993,2,-0.023208333333316625,-0.19769119769112264,stable,0.12048192771084337,fringe
53,forward,15.203125,729.75,48,5,9,14,0.2916666666666667,1,13.257305,0.1506849315068493,TRUE,-1.9458199999999994,-0.14098173515981738,2,2.0550691666658882,0.048611111111092654,rising,0.6040145985401459,middle
54,forward,13.257305,967.783265,73,6,5,11,0.1506849315068493,2,14.3333125,0.2778995433789954,TRUE,1.0760074999999993,0.1272146118721461,2,1.966320000000295,0.1944444444444731,rising,0.4836488812392427,middle
55,forward,14.559776666666666,1091.98325,75,8,8,16,0.21333333333333335,4,13.857836666666667,0.29051221375468145,TRUE,-0.7019399999999987,0.0771788804213481,3,-0.5481383333333546,0.025399543379015538,declining,0.6125211505922166,middle
56,NA,NA,NA,NA,NA,NA,NA,NA,1,12.831458333333336,0.2,TRUE,NA,NA,3,-1.6668333333337872,-0.08403361344539702,declining,NA,NA
57,NA,NA,NA,NA,NA,NA,NA,NA,1,12.831458333333336,0.2,TRUE,NA,NA,3,-1.6668333333337872,-0.08403361344539702,declining,NA,NA
58,forward,12.831458333333336,1026.5166666666669,80,6,10,16,0.2,1,12.118698333333331,0.24390243902439024,TRUE,-0.7127600000000047,0.04390243902439023,2,-2.1218350000003108,-0.05844155844156701,declining,0.44072948328267475,middle
59,forward,12.118698333333331,993.7332633333332,82,9,11,20,0.24390243902439024,1,11.635771666666669,0.1951219512195122,TRUE,-0.4829266666666623,-0.04878048780487804,2,0.46528333333328037,-0.007142857142856301,rising,0.3717532467532468,middle
60,forward,11.635771666666669,954.1332766666668,82,8,8,16,0.1951219512195122,1,10.293536666666666,0.1836734693877551,TRUE,-1.3422350000000023,-0.01144848183175709,2,-0.7127599999997324,0.04390243902437355,declining,0.19821826280623608,fringe
61,defense,21.76050166666667,1588.5166216666669,73,2,23,25,0.3424657534246575,2,21.74690916666667,0.23125,TRUE,-0.01359250000000145,-0.1112157534246575,NA,NA,NA,insufficient_history,0.7744107744107744,top
62,defense,21.584791666666668,1726.7833333333333,80,7,10,17,0.2125,1,21.250853333333335,0.28205128205128205,TRUE,-0.33393833333333234,0.06955128205128205,2,0.14852500000001648,-0.09246575342467103,stable,0.801980198019802,top
63,defense,21.250853333333335,1657.5665600000002,78,7,15,22,0.28205128205128205,5,22.74628866666667,0.46005530071870726,FALSE,1.495435333333333,0.1780040186674252,3,-0.08785500000004824,-0.06498287671234264,stable,0.7573770491803279,top
64,defense,23.646008333333334,1678.8665916666666,71,11,29,40,0.5633802816901409,3,21.08534,0.4113408893761861,FALSE,-2.5606683333333358,-0.15203939231395475,3,0.5021541666667145,0.10548780487807034,rising,0.9335548172757475,top
65,forward,21.17152666666667,1016.23328,48,13,35,48,1,7,20.210456666666666,0.9378443192511768,FALSE,-0.961070000000003,-0.06215568074882316,2,2.465370833332402,0.3173107380423249,rising,0.9927007299270073,top
66,forward,19.07,1430.25,75,21,44,65,0.8666666666666667,3,19.169995,0.7986921173559561,TRUE,0.09999499999999983,-0.06797454931071056,2,-2.4719250000003568,-0.2684694238247125,declining,0.9270516717325228,top
67,forward,20.055375,1243.43325,62,25,25,50,0.8064516129032258,9,18.47152925925926,0.5379576623951072,FALSE,-1.5838457407407418,-0.26849395050811853,1,NA,NA,insufficient_history,0.9563025210084034,top
68,forward,16.268106666666668,1317.71664,81,17,17,34,0.41975308641975306,2,15.427176666666668,0.4266304347826087,FALSE,-0.8409300000000002,0.00687734836285564,2,-0.43740583333328187,0.03223981900452116,declining,0.702922077922078,top
69,forward,19.024043333333335,1160.4666433333334,61,12,42,54,0.8852459016393442,3,16.309106111111113,0.4410120021822149,FALSE,-2.714937222222222,-0.4442338994571293,3,0.8463750000001602,-0.0618902439024456,rising,0.9241379310344827,top
70,NA,NA,NA,NA,NA,NA,NA,NA,2,16.798859999999998,0.5,TRUE,NA,NA,NA,NA,NA,insufficient_history,NA,NA
71,forward,16.778861666666668,1375.8666566666668,82,17,24,41,0.5,2,16.860660833333334,0.5145192140497304,TRUE,0.08179916666666642,0.014519214049730444,1,NA,NA,insufficient_history,0.7624784853700516,top
72,forward,16.795266666666667,1360.4166,81,14,26,40,0.49382716049382713,6,17.200215277777776,0.6210013815824432,FALSE,0.40494861111110936,0.1271742210886161,3,0.05359833333335288,0.017605633802822606,stable,0.7732656514382402,top
73,forward,17.208941666666664,1411.1332166666664,82,27,37,64,0.7804878048780488,2,18.034219166666666,0.5,FALSE,0.8252775000000021,-0.2804878048780488,2,0.3833116666666236,-5.380200860831116e-4,rising,0.7954545454545454,top
74,forward,19.910161666666667,816.3166283333334,41,12,21,33,0.8048780487804879,5,19.663791,0.996233727128036,TRUE,-0.2463706666666674,0.19135567834754819,2,1.6854083333326904,0.19366197183091244,rising,0.9543795620437956,top
75,forward,20.02195,1641.7999,82,41,48,89,1.0853658536585367,7,17.35875119047619,0.764017934295165,FALSE,-2.6631988095238093,-0.3213479193633717,3,0.018902500000064777,0.12804878048783316,stable,0.9830795262267343,top
76,defense,17.745555000000003,266.183325,15,0,1,1,0.06666666666666667,2,15.533244166666666,0.23443008225616924,TRUE,-2.212310833333337,0.16776341558950258,1,NA,NA,insufficient_history,0.43944636678200694,middle
77,defense,15.982431666666667,1182.6999433333333,74,5,12,17,0.22972972972972974,3,18.278125555555555,0.2636412294787087,TRUE,2.295693888888888,0.033911499748978974,3,-0.4130991666669596,0.004180602006703948,declining,0.2819672131147541,fringe
78,defense,17.77537166666667,1190.9499016666668,67,5,15,20,0.29850746268656714,2,18.72728083333333,0.30563380281690145,FALSE,0.9519091666666633,0.007126340130334308,3,1.9187633333338634,0.045628962295648896,rising,0.5081967213114754,middle
79,NA,NA,NA,NA,NA,NA,NA,NA,1,17.152,0.25333333333333335,TRUE,NA,NA,3,-0.03845583333351765,0.050746268656740506,stable,NA,NA
80,defense,17.152,1286.4,75,2,17,19,0.25333333333333335,1,19.386323333333333,0.21794871794871795,TRUE,2.2343233333333323,-0.0353846153846154,2,-2.057641666666964,0.1887323943662251,declining,0.49127906976744184,middle
81,defense,19.386323333333333,1512.13322,78,3,14,17,0.21794871794871795,1,18.689315,0.14102564102564102,TRUE,-0.6970083333333328,-0.07692307692307693,2,-0.2732299999999669,-0.0733333333333248,stable,0.6576576576576577,middle
82,defense,18.689315,1457.76657,78,2,9,11,0.14102564102564102,1,20.316431666666666,0.2112676056338028,TRUE,1.6271166666666659,0.07024196460816179,2,2.234323333332489,-0.03538461538460195,rising,0.4859437751004016,middle
83,defense,20.316431666666666,1442.4666483333333,71,1,14,15,0.2112676056338028,0,NA,NA,FALSE,NA,NA,3,0.7686575000000642,-0.05615384615386194,rising,0.62109375,middle
84,forward,12.541666666666666,25.083333333333332,2,0,0,0,0,1,9.785896666666668,0.23076923076923078,TRUE,-2.7557699999999983,0.23076923076923078,NA,NA,NA,insufficient_history,0.4756302521008403,middle
85,forward,9.785896666666668,127.21665666666668,13,2,1,3,0.23076923076923078,2,13.2978825,0.4733075874602453,TRUE,3.5119858333333323,0.24253835669101453,1,NA,NA,insufficient_history,0.20437956204379562,fringe
86,forward,12.312901666666667,763.3999033333333,62,11,18,29,0.46774193548387094,3,14.452980555555557,0.4574639193183794,TRUE,2.1400788888888904,-0.010278016165491566,2,-2.7557700000004037,0.23076923076926475,declining,0.41308089500860584,middle
87,forward,16.536035000000002,1223.66659,74,17,26,43,0.581081081081081,1,14.169593333333333,0.3783783783783784,TRUE,-2.3664416666666686,-0.20270270270270263,3,1.2273950000005636,0.019822639540964537,rising,0.7598627787307033,top
88,forward,14.169593333333333,1048.5499066666666,74,10,18,28,0.3783783783783784,1,12.413801666666666,0.359375,TRUE,-1.755791666666667,-0.0190033783783784,3,2.098805000000331,0.10304054054056269,rising,0.5758620689655173,middle
89,forward,12.413801666666666,794.4833066666666,64,9,14,23,0.359375,1,12.396090000000001,0.3333333333333333,FALSE,-0.017711666666665238,-0.026041666666666685,3,-1.2840300000004128,-0.07007007007009865,declining,0.40344827586206894,middle
90,forward,12.396090000000001,1004.08329,81,11,16,27,0.3333333333333333,2,11.593310833333334,0.2443627450980392,TRUE,-0.8027791666666673,-0.0889705882352941,2,-1.7557916666669247,-0.019003378378381112,declining,0.3981762917933131,middle
91,forward,12.84183,654.93333,51,4,12,16,0.3137254901960784,1,11.621036666666667,0.29508196721311475,TRUE,-1.220793333333333,-0.01864352298296368,2,-2.0512983333325527,-0.15833333333327318,declining,0.3184855233853007,fringe
92,forward,14.894031666666667,1206.416565,81,36,18,54,0.6666666666666666,4,15.742692083333335,0.5680394508863121,FALSE,0.848660416666668,-0.0986272157803545,3,-1.5969508333337563,0.03658536585366708,declining,0.6174957118353345,middle
93,forward,15.353824999999999,936.583325,61,12,17,29,0.47540983606557374,1,13.506101666666666,0.5352112676056338,TRUE,-1.8477233333333327,0.05980143154006001,2,0.6056941666665968,-0.07132298595712404,rising,0.637987012987013,middle
94,forward,13.506101666666666,958.9332183333332,71,11,27,38,0.5352112676056338,1,12.333333333333334,0.47619047619047616,TRUE,-1.172768333333332,-0.05902079141515759,2,-0.7585733333330447,0.01199520191922785,declining,0.37861915367483295,middle
95,forward,18.096875,868.6500000000001,48,21,16,37,0.7708333333333334,5,18.31001666666667,0.76690602859664,TRUE,0.21314166666666878,-0.003927304736693338,2,4.151791666665093,0.22624999999991421,rising,0.8248175182481752,top
96,forward,18.547435,1446.69993,78,34,27,61,0.782051282051282,5,18.787876333333333,0.6650420191070597,FALSE,0.24044133333333306,-0.11700926294422231,3,-0.7332108333334395,-0.052372201804216964,declining,0.8970840480274442,top
97,forward,12.80052,409.61664,32,4,5,9,0.28125,2,14.491075,0.3482070910556003,TRUE,1.6905549999999998,0.06695709105560033,1,NA,NA,insufficient_history,0.4197080291970803,middle
98,forward,16.312745,1109.26666,68,8,17,25,0.36764705882352944,1,12.95625,0.34375,TRUE,-3.356494999999999,-0.023897058823529438,3,1.048035833333497,0.06438356164385022,rising,0.7334494773519163,top
99,forward,12.95625,829.2,64,9,13,22,0.34375,2,14.607279166666668,0.37467511371020146,TRUE,1.6510291666666674,0.030925113710201457,3,1.756112500000592,0.043198529411775044,rising,0.4703891708967851,middle
100,forward,15.40921,1171.09996,76,15,26,41,0.5394736842105263,2,11.341615833333332,0.18629807692307693,FALSE,-4.067594166666668,-0.3531756072874494,3,-1.253698333333471,-0.07888525780685068,declining,0.6723842195540308,top
101,NA,NA,NA,NA,NA,NA,NA,NA,1,11.427550000000002,0.08163265306122448,TRUE,NA,NA,3,-1.782860833333547,-0.16036184210528448,declining,NA,NA
102,NA,NA,NA,NA,NA,NA,NA,NA,0,NA,NA,FALSE,NA,NA,2,-0.2079691666666393,-0.06855867346937979,stable,NA,NA
103,defense,18.40098,625.63332,34,0,8,8,0.23529411764705882,2,18.1397525,0.2193291326908821,TRUE,-0.2612275000000004,-0.01596498495617671,1,NA,NA,insufficient_history,0.48788927335640137,middle
104,defense,17.891008333333332,1359.7166333333332,76,4,9,13,0.17105263157894737,2,18.42250166666667,0.2072829131652661,TRUE,0.5314933333333371,0.03623028158631872,3,1.3787725000002207,-0.11619718309860824,rising,0.46885245901639344,middle
105,defense,19.24183,981.33333,51,3,6,9,0.17647058823529413,3,14.521600555555555,0.17239988207730142,FALSE,-4.7202294444444455,-0.0040707061579927095,3,-0.3926616666667536,-0.01475519785378632,declining,0.6135593220338983,middle
106,NA,NA,NA,NA,NA,NA,NA,NA,1,13.918146666666667,0.17777777777777778,TRUE,NA,NA,3,-3.0329058333341874,-0.026392961876843708,declining,NA,NA
107,defense,13.918146666666667,626.3166,45,4,4,8,0.17777777777777778,2,15.826930833333334,0.1607142857142857,TRUE,1.908784166666667,-0.017063492063492086,2,-4.194155000000613,-0.07731694828470158,declining,0.2005813953488372,fringe
108,defense,16.100528333333333,1014.333285,63,5,10,15,0.23809523809523808,1,12.944046666666667,0.14285714285714285,TRUE,-3.156481666666666,-0.09523809523809523,2,1.6351866666660522,-0.09444444444440861,rising,0.25301204819277107,fringe
109,forward,18.286548333333332,1042.333255,57,21,21,42,0.7368421052631579,4,17.418310416666667,0.5662044142824659,TRUE,-0.8682379166666649,-0.17063769098069193,1,NA,NA,insufficient_history,0.8420168067226891,top
110,forward,15.212674999999999,1080.099925,71,12,24,36,0.5070422535211268,2,17.55315,0.7519163763066202,TRUE,2.3404749999999996,0.24487412278549348,3,-0.33948000000020645,-0.007330246913600281,stable,0.6565143824027073,middle
111,forward,17.808333333333334,1246.5833333333333,70,16,50,66,0.9428571428571428,3,17.466101666666667,0.8342780783505256,FALSE,-0.3422316666666667,-0.10857906450661725,3,-0.015008333333168132,0.027401385124971353,stable,0.8490566037735849,top
112,forward,16.986318333333333,1138.0833283333334,67,27,30,57,0.8507462686567164,2,16.273720833333336,0.6506739409499358,TRUE,-0.7125974999999976,-0.20007232770678063,2,1.2213466666668407,0.03805287867556784,rising,0.78419452887538,top
113,forward,15.628946666666668,1187.7999466666668,76,17,30,47,0.618421052631579,1,13.687096666666667,0.3870967741935484,FALSE,-1.9418500000000005,-0.2313242784380306,2,-0.06782333333330828,-0.16781943938835994,stable,0.5523385300668151,middle
114,forward,19.610143333333333,1353.09989,69,29,40,69,1,7,21.07082619047619,1.1559386067849349,FALSE,1.4606828571428565,0.15593860678493487,2,-0.14153166666668163,0.36533471717701305,stable,0.9345955249569707,top
115,forward,19.308675,1409.533275,73,21,36,57,0.7808219178082192,1,18.37633333333333,0.94,TRUE,-0.9323416666666695,0.15917808219178076,2,0.24128833333330676,-0.010256410256408872,stable,0.9237012987012987,top
116,forward,18.37633333333333,918.8166666666666,50,20,27,47,0.94,1,17.70527666666667,0.8333333333333334,TRUE,-0.6710566666666615,-0.10666666666666658,2,-2.514614999999044,-0.39866526167880884,declining,0.8285077951002228,top
117,defense,10.9,65.4,6,0,0,0,0,1,13.29111,0.26666666666666666,TRUE,2.3911099999999994,0.26666666666666666,NA,NA,NA,insufficient_history,0.06060606060606061,fringe
118,defense,13.29111,199.36665,15,2,2,4,0.26666666666666666,2,15.296377500000002,0.1710239651416122,TRUE,2.005267500000002,-0.09564270152505447,1,NA,NA,insufficient_history,0.09688581314878893,fringe
119,defense,15.114051666666667,770.816635,51,3,5,8,0.1568627450980392,2,13.678004166666668,0.09013157894736842,TRUE,-1.436047499999999,-0.06673116615067079,3,2.289351666667226,0.09259259259260119,rising,0.19344262295081968,fringe
120,defense,13.269166666666667,530.7666666666667,40,2,1,3,0.075,2,14.444693333333333,0.1429093567251462,TRUE,1.1755266666666664,0.06790935672514621,3,0.9114708333334516,-0.054901960784325264,rising,0.12828947368421054,fringe
121,defense,14.802545,1065.78324,72,4,9,13,0.18055555555555555,2,14.298684166666668,0.15617433414043583,FALSE,-0.5038608333333325,-0.024381221415119725,3,-0.5136050000000216,-0.025799793601652982,declining,0.2360655737704918,fringe
122,defense,13.7363,1002.7499,73,1,5,6,0.0821917808219178,2,13.148765000000001,0.05813953488372093,TRUE,-0.587534999999999,-0.024052245938196874,2,-2.348958333333679,-0.026634382566589867,declining,0.18604651162790697,fringe
123,NA,NA,NA,NA,NA,NA,NA,NA,3,18.05844111111111,0.8043987784178664,TRUE,NA,NA,NA,NA,NA,insufficient_history,NA,NA
124,forward,17.105313333333335,1180.26662,69,25,22,47,0.6811594202898551,2,15.273096666666666,0.5016684229012996,FALSE,-1.8322166666666693,-0.17949099738855545,2,-0.3277366666665406,-0.024719841793003,stable,0.8,top
125,forward,14.723971666666666,1074.8499316666666,73,7,26,33,0.4520547945205479,2,13.450775833333331,0.4901960784313726,TRUE,-1.2731958333333342,0.038141283910824664,2,-0.641545833333259,-0.06493868450389438,declining,0.5909090909090909,middle
126,forward,15.383333333333335,630.7166666666667,41,4,7,11,0.2682926829268293,1,15.124478333333334,0.5,TRUE,-0.2588550000000005,0.23170731707317072,1,NA,NA,insufficient_history,0.6588235294117647,middle
127,forward,15.124478333333334,483.9833066666667,32,8,8,16,0.5,2,18.139928333333334,0.5161943319838057,TRUE,3.0154499999999995,0.01619433198380571,2,1.3909424999994726,-0.0832449628843798,rising,0.5967153284671532,middle
128,forward,17.74455,922.7166,52,10,17,27,0.5192307692307693,3,17.685999444444445,0.5920907357221721,TRUE,-0.05855055555555566,0.0728599664914028,3,1.5759866666672098,0.12243260590502782,rising,0.8606271777003485,top
129,forward,19.022966666666665,1559.8832666666665,82,14,31,45,0.5487804878048781,5,18.070663,0.5774786189420336,FALSE,-0.9523036666666655,0.02869813113715547,3,-0.06929166666658222,0.06754510921179367,stable,0.9228130360205832,top
130,forward,18.163006666666668,1489.3665466666669,82,19,37,56,0.6829268292682927,2,19.020530833333332,0.4253048780487805,TRUE,0.8575241666666642,-0.25762195121951226,2,-0.4135916666666175,-0.08362369337978125,declining,0.862012987012987,top
131,defense,24.358155,1144.833285,47,4,15,19,0.40425531914893614,6,23.345784166666668,0.5092885551702604,TRUE,-1.0123708333333319,0.10503323602132425,1,NA,NA,insufficient_history,0.9307958477508651,top
132,defense,23.32777666666667,1469.64993,63,4,25,29,0.4603174603174603,6,21.52291138888889,0.36831113245060343,FALSE,-1.804865277777779,-0.09200632786685686,3,0.6122566666669336,0.040332906530102824,rising,0.898360655737705,top
133,forward,18.260758333333335,1442.5999083333336,79,33,32,65,0.8227848101265823,6,18.518460833333336,0.7885924572146706,TRUE,0.2577025000000006,-0.034192352911911694,1,NA,NA,insufficient_history,0.8403361344537815,top
134,forward,19.012238333333336,1216.7832533333335,64,17,20,37,0.578125,3,17.431716666666667,0.8281186731890957,FALSE,-1.5805216666666695,0.2499936731890957,3,-0.10870833333330468,-0.005169753086417026,stable,0.9210977701543739,top
135,forward,13.643333333333334,68.21666666666667,5,3,0,3,0.6,1,14.433686666666667,0.48936170212765956,TRUE,0.7903533333333321,-0.11063829787234042,2,-0.26831249999996704,0.009570241964607137,stable,0.5048701298701299,middle
136,forward,14.433686666666667,678.3832733333334,47,4,19,23,0.48936170212765956,1,13.497746666666666,0.35135135135135137,TRUE,-0.9359400000000004,-0.1380103507763082,2,-3.7352983333319147,-0.3487179487178162,declining,0.45434298440979953,middle
137,defense,16.022838333333333,432.616635,27,1,4,5,0.18518518518518517,2,17.806446666666666,0.37675644028103045,TRUE,1.7836083333333335,0.19157125509584527,2,-0.34419999999987017,0.11764705882348477,stable,0.2975778546712803,fringe
138,defense,15.68224,956.61664,61,11,11,22,0.36065573770491804,6,21.409333888888888,0.3673839352103341,TRUE,5.727093888888888,0.006728197505416034,2,1.3029050000001894,-0.05010893246188105,rising,0.28052805280528054,fringe
139,NA,NA,NA,NA,NA,NA,NA,NA,3,19.26983888888889,0.2662004662004662,TRUE,NA,NA,3,-0.6773558333334402,-0.0054749172396229865,declining,NA,NA
140,defense,19.044241666666668,1047.4332916666667,55,4,13,17,0.3090909090909091,1,18.746123333333333,0.27906976744186046,TRUE,-0.2981183333333348,-0.03002114164904862,2,-0.3154916666665449,-0.1258741258740781,stable,0.5220883534136547,middle
141,forward,15.31118,1209.58322,79,16,12,28,0.35443037974683544,2,15.395590833333333,0.49491812535290797,TRUE,0.0844108333333331,0.14048774560607252,1,NA,NA,insufficient_history,0.6521008403361345,middle
142,forward,15.961471666666665,1229.0333183333332,77,12,14,26,0.33766233766233766,4,14.989489999999998,0.3643852631194403,TRUE,-0.9719816666666663,0.026722925457102642,2,-0.48147000000006973,0.29774353329668674,declining,0.7108433734939759,top
143,forward,15.300616666666667,1239.34995,81,18,20,38,0.4691358024691358,4,16.116145,0.4285067287784679,FALSE,0.815528333333333,-0.04062907369066787,3,-0.7992641666669159,-0.02100368767035962,declining,0.6620926243567753,middle
144,forward,14.791865,1242.51666,84,10,13,23,0.27380952380952384,2,14.734438333333333,0.3434361549497848,TRUE,-0.05742666666666629,0.06962663114026096,2,-0.4457983333332796,-0.06733091787438822,declining,0.599025974025974,middle
145,defense,26.835568333333335,2200.5166033333335,82,10,50,60,0.7317073170731707,6,25.825466111111112,0.6148667200016146,FALSE,-1.0101022222222227,-0.11684059707155614,3,-0.9258125000002329,-0.012195121951228806,declining,1,top
146,forward,19.754545,1521.099965,77,36,28,64,0.8311688311688312,7,18.443370476190477,1.1432924067004138,FALSE,-1.3111745238095232,0.31212357553158254,3,-1.3276175000002983,-0.15472560975614044,declining,0.9678510998307953,top
147,forward,18.22848,1440.0499200000002,79,40,41,81,1.0253164556962024,1,18.02071333333333,0.6428571428571429,FALSE,-0.20776666666667154,-0.38245931283905954,2,0.5376549999998003,-0.2716049382715018,rising,0.8173719376391982,top
148,defense,25.112765000000003,1180.2999550000002,47,5,19,24,0.5106382978723404,7,25.193062142857144,0.6167156861661791,TRUE,0.08029714285714107,0.10607738829383873,2,4.078600833331787,0.20370370370362645,rising,0.9619377162629758,top
149,defense,24.183333333333334,1692.8333333333333,70,16,36,52,0.7428571428571429,4,23.669684166666666,0.570740741923942,FALSE,-0.5136491666666672,-0.1721164009332009,3,-0.6024400000002403,-0.011267605633814274,declining,0.9568106312292359,top
150,defense,23.123736666666666,763.08331,33,5,9,14,0.42424242424242425,7,20.916798333333332,0.24301881767319555,TRUE,-2.2069383333333334,-0.1812236065692287,2,0.9531391666663083,0.08879392212722181,rising,0.8685121107266436,top
151,defense,16.630246666666668,449.01666000000006,27,1,6,7,0.25925925925925924,0,NA,NA,FALSE,NA,NA,3,0.7697325000003299,0.04793956043958803,rising,0.4019933554817276,middle
152,defense,16.630246666666668,449.01666000000006,27,1,6,7,0.25925925925925924,0,NA,NA,FALSE,NA,NA,3,0.7697325000003299,0.04793956043958803,rising,0.4019933554817276,middle
153,NA,NA,NA,NA,NA,NA,NA,NA,3,16.072670555555558,0.16358231140839835,TRUE,NA,NA,3,-1.2631166666672924,0.10185185185186595,declining,NA,NA
154,defense,17.880511666666667,1162.2332583333334,65,3,11,14,0.2153846153846154,1,16.232141666666667,0.21428571428571427,FALSE,-1.64837,-0.0010989010989011228,2,-0.387499999999854,-0.05797101449273161,declining,0.43775100401606426,middle
155,defense,17.571295,1265.13324,72,4,12,16,0.2222222222222222,2,17.2166525,0.10596955128205128,TRUE,-0.35464250000000064,-0.11625267094017093,3,-1.8964691666668627,0.0036683785766771304,declining,0.5,middle
156,defense,16.384375,1048.6,64,1,6,7,0.109375,1,13.905126666666664,0.07692307692307693,TRUE,-2.4792483333333344,-0.03245192307692307,3,-0.010448333333299517,-0.06940760389038403,stable,0.3770491803278688,middle
157,defense,13.905126666666664,361.5332933333333,26,0,2,2,0.07692307692307693,1,12.451333333333334,0.12,TRUE,-1.45379333333333,0.04307692307692307,3,-0.5934600000002405,-0.05642361111111992,declining,0.2037037037037037,fringe
158,defense,12.451333333333334,311.28333333333336,25,1,2,3,0.12,0,NA,NA,FALSE,NA,NA,3,-2.071901666667219,-0.01282051282051766,declining,0.08637873754152824,fringe
159,NA,NA,NA,NA,NA,NA,NA,NA,2,16.782305,0.2859307359307359,TRUE,NA,NA,3,-1.9665208333337831,0.005312500000004442,declining,NA,NA
160,defense,16.35476166666667,1144.8333166666669,70,4,18,22,0.3142857142857143,2,15.466324166666666,0.10033167495854062,FALSE,-0.888437500000002,-0.21395403932717366,2,2.379257499999724,0.06878787878787082,rising,0.3963963963963964,middle
161,defense,20.346875,1627.75,80,9,22,31,0.3875,4,20.835293749999998,0.28072695477645265,FALSE,0.48841874999999746,-0.10677304522354736,3,-0.596022500000168,0.03458068827264059,declining,0.7283950617283951,top
162,defense,18.948916666666666,1459.0665833333333,77,5,24,29,0.37662337662337664,1,20.807959999999998,0.3283582089552239,FALSE,1.8590433333333323,-0.04826516766815275,2,-1.0718416666662547,-0.0015634771732326413,declining,0.5140562248995983,middle
163,defense,25.316871666666664,2050.666605,81,19,59,78,0.9629629629629629,7,26.93223023809524,0.8821743496295232,TRUE,1.615358571428576,-0.08078861333343967,1,NA,NA,insufficient_history,0.9730639730639731,top
164,defense,24.49025,1297.98325,53,3,42,45,0.8490566037735849,5,24.237857,0.8046728610143244,FALSE,-0.25239299999999787,-0.04438374275926049,3,-1.1171091666668704,-0.06338028169015562,declining,0.9660493827160493,top
165,forward,17.597221666666666,1372.58329,78,34,42,76,0.9743589743589743,6,18.046072777777777,0.732102802106926,TRUE,0.44885111111111087,-0.24225617225204832,NA,NA,NA,insufficient_history,0.7966386554621848,top
166,forward,16.526921666666667,1289.09989,78,19,18,37,0.47435897435897434,4,17.473329999999997,0.6447531111899105,FALSE,0.9464083333333306,0.17039413683093618,3,-0.8939658333335411,0.023617820719282617,declining,0.7620689655172413,top
167,forward,17.444871666666664,1360.6999899999998,78,17,27,44,0.5641025641025641,1,15.99301,0.6774193548387096,FALSE,-1.4518616666666642,0.11331679073614553,2,-1.2679716666661802,0.21133065761029368,declining,0.7461024498886414,top
168,defense,21.858333333333334,1792.3833333333334,82,9,23,32,0.3902439024390244,6,23.63338861111111,0.6033117176409859,TRUE,1.7750552777777742,0.2130678152019615,1,NA,NA,insufficient_history,0.7845117845117845,top
169,defense,24.781706666666665,2032.0999466666665,82,15,53,68,0.8292682926829268,6,24.402822222222223,0.814750355100302,FALSE,-0.37888444444444147,-0.014517937582624763,3,-0.1815208333334495,-0.0784214092141205,stable,0.9606557377049181,top
170,defense,23.52951333333333,1129.41664,48,5,13,18,0.375,7,25.55230452380952,0.714261765426488,TRUE,2.022791190476191,0.339261765426488,1,NA,NA,insufficient_history,0.8996539792387543,top
171,defense,25.16544666666666,2063.5666266666663,82,15,41,56,0.6829268292682927,5,25.232801666666667,0.95523849967235,FALSE,0.06735500000000627,0.27231167040405724,3,-0.5068558333334768,-0.023209876543211605,declining,0.9876543209876543,top
172,forward,12.301666666666668,123.01666666666668,10,1,2,3,0.3,1,7.13,0.12727272727272726,TRUE,-5.171666666666668,-0.17272727272727273,1,NA,NA,insufficient_history,0.36678832116788324,middle
173,forward,7.13,392.15,55,4,3,7,0.12727272727272726,1,9.276983333333334,0.14285714285714285,TRUE,2.146983333333334,0.01558441558441559,2,2.71729166666707,0.11250000000001657,rising,0.07917383820998279,fringe
174,forward,9.276983333333334,194.81665,21,1,2,3,0.14285714285714285,1,10.25,0.5,TRUE,0.9730166666666662,0.35714285714285715,3,-1.2271875000006347,-0.0301136363636558,declining,0.1602787456445993,fringe
175,forward,10.25,20.5,2,1,0,1,0.5,1,8.555555,0.3333333333333333,TRUE,-1.694445,-0.16666666666666669,3,-1.5123416666667426,-0.07857142857144041,declining,0.1996615905245347,fringe
176,forward,8.555555,76.999995,9,1,2,3,0.3333333333333333,2,8.229166666666668,0.5,TRUE,-0.32638833333333217,0.16666666666666669,3,1.56000000000034,0.18636363636369693,rising,0.06949152542372881,fringe
177,forward,9.016666666666667,9.016666666666667,1,0,1,1,1,0,NA,NA,FALSE,NA,NA,3,-1.4041666666669943,-0.25000000000006933,declining,0.11206896551724138,fringe
178,NA,NA,NA,NA,NA,NA,NA,NA,2,7.267261666666666,0.14285714285714285,TRUE,NA,NA,2,1.5749999999994042,0.9999999999996205,rising,NA,NA
179,forward,8.40119,117.61666,14,2,2,4,0.2857142857142857,0,NA,NA,FALSE,NA,NA,1,NA,NA,insufficient_history,0.06818181818181818,fringe
180,defense,22.80381833333333,1094.5832799999998,48,3,7,10,0.20833333333333334,7,21.97777357142857,0.28100717392599117,TRUE,-0.8260447619047575,0.07267384059265783,1,NA,NA,insufficient_history,0.8442906574394463,top
181,NA,NA,NA,NA,NA,NA,NA,NA,1,18.845734999999998,0.23255813953488372,TRUE,NA,NA,3,0.2482350000000581,0.045675675675680295,stable,NA,NA
182,NA,NA,NA,NA,NA,NA,NA,NA,2,18.702978333333334,0.25627906976744186,TRUE,NA,NA,3,0.2482350000000581,0.045675675675680295,stable,NA,NA
183,defense,18.560221666666667,1392.016625,75,6,15,21,0.28,2,15.8946775,0.11704545454545454,TRUE,-2.665544166666667,-0.1629545454545455,2,-1.1744658333331954,-0.003720930232557687,declining,0.5795795795795796,middle
184,forward,18.318253333333335,769.3666400000001,42,11,5,16,0.38095238095238093,6,18.005483055555555,0.5623431403986959,TRUE,-0.3127702777777799,0.181390759446315,1,NA,NA,insufficient_history,0.843065693430657,top
185,forward,17.785185000000002,1440.599985,81,24,26,50,0.6172839506172839,4,17.229499999999998,0.6137175204022638,FALSE,-0.555685000000004,-0.003566430215020122,3,0.21429916666656182,-0.042764227642294976,stable,0.8473413379073756,top
186,forward,16.849186666666665,1381.6333066666664,82,24,27,51,0.6219512195121951,1,14.27971,0.2608695652173913,FALSE,-2.569476666666665,-0.3610816542948038,2,0.760566666666376,-0.11123470522798891,rising,0.6926503340757239,top
187,defense,20.21666666666666,950.1833333333332,47,2,12,14,0.2978723404255319,2,24.63539,0.4444444444444444,TRUE,4.4187233333333396,0.14657210401891252,1,NA,NA,insufficient_history,0.643598615916955,middle
188,defense,24.06296166666667,1949.0998950000003,81,4,27,31,0.38271604938271603,5,23.840124666666664,0.4913580567652446,TRUE,-0.2228370000000055,0.10864200738252855,2,3.7376550000005486,0.038613081166278304,rising,0.9207920792079208,top
189,defense,20.45807166666667,1309.3165866666668,64,4,15,19,0.296875,3,21.416687777777778,0.30539201943743577,FALSE,0.9586161111111089,0.008517019437435769,3,-1.0550000000003656,-0.004322321704231208,declining,0.7109634551495017,top
190,defense,21.721153333333334,1694.24996,78,1,25,26,0.3333333333333333,1,15.632406666666666,0.18518518518518517,FALSE,-6.088746666666667,-0.14814814814814814,2,-0.09385333333329748,-0.10008410428928075,stable,0.7791164658634538,top
191,forward,13.039393333333333,286.8666533333333,22,3,3,6,0.2727272727272727,2,16.754668333333335,0.7503209242618742,TRUE,3.715275000000002,0.47759365153460154,1,NA,NA,insufficient_history,0.4416058394160584,middle
192,forward,16.656706666666665,1365.8499466666665,82,27,27,54,0.6585365853658537,4,16.993985833333333,0.5961287025150953,TRUE,0.3372791666666686,-0.06240788285075838,3,3.128630000000836,0.22660818713458772,rising,0.7717770034843205,top
193,forward,17.519751666666668,1419.099885,81,22,38,60,0.7407407407407407,3,17.83087888888889,0.5919177427068388,FALSE,0.3111272222222219,-0.14882299803390187,3,1.3404466666669217,-0.018292682926844318,rising,0.8206896551724138,top
194,forward,17.619606666666666,898.59994,51,11,16,27,0.5294117647058824,2,17.569477499999998,0.6320806100217865,TRUE,-0.05012916666666811,0.10266884531590414,2,-0.09586499999998711,0.023170731707314422,stable,0.8327922077922078,top
195,forward,12.157708333333336,972.6166666666668,80,7,7,14,0.175,4,11.407860833333334,0.20584225900681596,TRUE,-0.7498475000000013,0.030842259006815975,1,NA,NA,insufficient_history,0.4436974789915966,middle
196,forward,10.556458333333333,844.5166666666667,80,10,9,19,0.2375,4,9.68564,0.1760414667240295,TRUE,-0.8708183333333341,-0.06145853327597048,3,-0.3185766666667741,-0.02483974358974753,stable,0.22673434856175972,fringe
197,NA,NA,NA,NA,NA,NA,NA,NA,4,9.922248333333334,0.1287942485974979,TRUE,NA,NA,3,1.2175000000001173,-0.047272727272740456,rising,NA,NA
198,forward,9.312571666666665,530.8165849999999,57,4,4,8,0.14035087719298245,1,7.788193333333335,0.041666666666666664,TRUE,-1.5243783333333303,-0.09868421052631579,2,-0.2911116666665545,0.13597635193874166,stable,0.053452115812917596,fringe
199,forward,15.586189999999997,545.5166499999999,35,9,9,18,0.5142857142857142,2,16.390026666666667,0.5095748133722817,TRUE,0.8038366666666708,-0.004710900913432514,1,NA,NA,insufficient_history,0.6368613138686131,middle
200,forward,16.991025,1325.29995,78,22,18,40,0.5128205128205128,3,18.26114111111111,0.7060369521074128,TRUE,1.2701161111111112,0.19321643928690002,3,0.2006875000000482,-0.006094702297235615,stable,0.794425087108014,top
201,forward,18.083738333333333,1482.8665433333333,82,35,27,62,0.7560975609756098,5,18.063270333333335,0.6492065810901427,FALSE,-0.020467999999997488,-0.10689097988546703,3,1.0045591666668976,0.07399593686515907,rising,0.8847457627118644,top
202,forward,15.945475,1116.18325,70,13,15,28,0.4,1,8.79035,0.23684210526315788,TRUE,-7.155125,-0.16315789473684214,1,NA,NA,insufficient_history,0.6035634743875279,middle
203,defense,21.543588333333332,840.199945,39,5,10,15,0.38461538461538464,3,22.647446666666667,0.3811569856345976,TRUE,1.103858333333335,-0.0034583989807870363,1,NA,NA,insufficient_history,0.7750865051903114,top
204,defense,22.622726666666665,1493.09996,66,9,16,25,0.3787878787878788,4,23.850506666666668,0.5018927493937491,TRUE,1.2277800000000028,0.12310487060587028,3,0.520879166666843,0.02974413646055955,rising,0.8524590163934426,top
205,defense,24.144715,1979.86663,82,14,29,43,0.524390243902439,5,21.850361666666668,0.4748786788956246,FALSE,-2.2943533333333335,-0.04951156500681447,3,0.9335291666668603,0.11496700021292972,rising,0.9506172839506173,top
206,forward,16.585783333333335,563.9166333333334,34,6,16,22,0.6470588235294118,2,17.006666666666668,0.5615853658536585,TRUE,0.4208833333333324,-0.08547345767575332,1,NA,NA,insufficient_history,0.7299270072992701,top
207,forward,16.475,1350.95,82,20,27,47,0.573170731707317,1,16.639638333333334,0.6216216216216216,TRUE,0.16463833333333255,0.048450889914304573,3,0.36739583333346915,-0.012500000000010187,rising,0.7526132404181185,top
208,forward,16.639638333333334,1231.3332366666666,74,17,29,46,0.6216216216216216,3,16.302947222222222,0.5691056910569106,TRUE,-0.3366911111111115,-0.052515930564711044,3,-0.05539166666676871,-0.036944045911051715,stable,0.766497461928934,top
209,forward,15.923561666666666,923.5665766666666,58,13,17,30,0.5172413793103449,1,17.147221666666667,0.5,FALSE,1.2236600000000006,-0.017241379310344862,3,-0.32413000000014025,-0.06943150046601348,stable,0.7206896551724138,top
210,NA,NA,NA,NA,NA,NA,NA,NA,1,16.128501666666665,0.42028985507246375,TRUE,NA,NA,3,0.5779216666668614,0.008620689655172344,rising,NA,NA
211,forward,16.128501666666665,1112.866615,69,9,20,29,0.42028985507246375,1,16.49,0.575,TRUE,0.3614983333333335,0.1547101449275362,2,1.2236600000001792,-0.017241379310347214,rising,0.7218844984802432,top
212,forward,16.49,1319.1999999999998,80,19,27,46,0.575,2,16.017543333333336,0.39722572509457754,TRUE,-0.47245666666666253,-0.1777742749054224,2,-0.5093599999999384,-0.0398550724637635,declining,0.724025974025974,top
213,forward,12.326983333333336,517.7333000000001,42,10,11,21,0.5,3,14.614637777777777,0.5468378664513109,TRUE,2.28765444444444,0.04683786645131094,1,NA,NA,insufficient_history,0.3795620437956204,middle
214,forward,17.804876666666665,1459.9998866666665,82,30,27,57,0.6951219512195121,4,17.481081666666665,0.6850401968345516,FALSE,-0.3237950000000005,-0.010081754384960506,3,0.8849000000003208,0.004385964912287268,rising,0.8510998307952623,top
215,NA,NA,NA,NA,NA,NA,NA,NA,4,17.099161666666667,0.5949136494470535,TRUE,NA,NA,3,-0.0995825000001049,-0.008684863523573411,stable,NA,NA
216,forward,18.508045,536.733305,29,6,14,20,0.6896551724137931,2,19.770574166666666,0.7353658536585366,TRUE,1.262529166666667,0.04571068124474342,2,1.382098333332808,0.17901234567894442,rising,0.8667883211678832,top
217,forward,19.820416666666667,1585.6333333333332,80,28,36,64,0.8,2,20.727853333333336,0.7579010649261422,TRUE,0.9074366666666691,-0.04209893507385787,2,-1.0224066666668146,0.010642826734782578,declining,0.9432013769363167,top
218,forward,19.720731666666666,1617.0999966666666,82,17,38,55,0.6707317073170732,6,20.737271666666665,0.8173024657647162,FALSE,1.0165399999999991,0.146570758447643,3,0.14498250000013332,0.0604938271605129,stable,0.9773519163763066,top
219,forward,17.938993333333332,950.7666466666666,53,16,14,30,0.5660377358490566,2,19.376707500000002,0.7341645431379686,FALSE,1.4377141666666695,0.16812680728891205,2,-0.7465874999999116,-0.05778259299385384,declining,0.849025974025974,top
220,forward,19.92520166666667,1633.866536666667,82,37,47,84,1.024390243902439,6,18.434272222222223,0.9613884947996556,FALSE,-1.490929444444447,-0.06300174910278344,3,-0.12716999999999187,-0.09581881533102982,stable,0.967409948542024,top
221,defense,23.066238333333335,1799.16659,78,10,37,47,0.6025641025641025,7,24.39841714285714,0.8557167586178444,FALSE,1.332178809523807,0.2531526560537418,3,0.012214166666681993,0.09476117103236566,stable,0.8914473684210527,top
222,defense,24.804273333333335,1934.73332,78,13,63,76,0.9743589743589743,1,23.30223833333333,0.8059701492537313,FALSE,-1.502035000000003,-0.168388825105243,2,-1.356529999999476,-0.3918485237482466,declining,0.9718875502008032,top
223,forward,16.288505,944.73329,58,14,14,28,0.4827586206896552,2,19.708639999999995,0.9504045549895115,TRUE,3.420134999999995,0.4676459342998563,1,NA,NA,insufficient_history,0.7210084033613445,top
224,forward,20.920566666666662,983.2666333333332,47,17,26,43,0.9148936170212766,5,18.459051,0.7369885434675975,TRUE,-2.4615156666666635,-0.17790507355367913,2,-0.7222083333330572,-0.09812686249464121,declining,0.9817518248175182,top
225,forward,18.834245,1374.899885,73,31,39,70,0.958904109589041,5,17.642324333333335,0.8708891695159301,FALSE,-1.1919206666666646,-0.08801494007311095,3,-0.12922833333335437,-0.028401797175855722,stable,0.9086206896551724,top
226,forward,18.319951666666668,1300.7165683333335,71,22,34,56,0.7887323943661971,1,16.76625,0.8125,TRUE,-1.5537016666666688,0.02376760563380287,2,1.066559999999876,0.2331002331002061,rising,0.8668831168831169,top
227,forward,16.76625,1341.3,80,25,40,65,0.8125,1,17.231189999999998,1.0142857142857142,TRUE,0.4649399999999986,0.20178571428571423,2,-0.6937233333330668,-0.31383170819778655,declining,0.6815144766146993,top
228,forward,17.517116666666666,1296.2666333333334,74,30,27,57,0.7702702702702703,6,19.978259722222223,0.6296571984071984,TRUE,2.4611430555555565,-0.14061307186307193,1,NA,NA,insufficient_history,0.7932773109243697,top
229,forward,19.576281666666667,1526.94997,78,29,25,54,0.6923076923076923,5,18.575892333333332,0.7284747623099155,FALSE,-1.0003893333333345,0.03616707000222319,3,-0.0553541666668317,0.009845559845567642,stable,0.9485420240137221,top
230,forward,19.450386666666667,836.3666266666667,43,22,17,39,0.9069767441860465,1,18.703251666666667,0.6829268292682927,TRUE,-0.7471350000000001,-0.22404991491775372,2,1.1280983333335002,-0.012291666666668536,rising,0.9468085106382979,top
231,forward,19.450386666666667,836.3666266666667,43,22,17,39,0.9069767441860465,2,17.740045000000002,0.627177700348432,FALSE,-1.7103416666666647,-0.27979904383761445,2,1.1280983333335002,-0.012291666666668536,rising,0.9468085106382979,top
232,forward,15.74817,1291.34994,82,20,21,41,0.5,2,16.98701916666667,0.6553353658536585,TRUE,1.2388491666666699,0.15533536585365848,2,1.4046950000002096,0.21985815602840125,rising,0.6867469879518072,top
233,forward,16.893958333333337,1351.5166666666669,80,26,33,59,0.7375,4,18.645104583333335,0.7791906191704099,TRUE,1.751146249999998,0.04169061917040984,3,0.7755016666669009,0.009989621172815124,rising,0.7851099830795262,top
234,forward,18.589813333333332,1338.4665599999998,72,17,37,54,0.75,5,17.985888666666668,0.751764318756318,FALSE,-0.6039246666666642,0.0017643187563179952,3,1.4157233333337247,0.05807926829270549,rising,0.8931034482758621,top
235,defense,25.09618,1204.61664,48,3,21,24,0.5,6,24.635696111111113,0.5594665769676919,TRUE,-0.4604838888888878,0.059466576967691864,1,NA,NA,insufficient_history,0.9584775086505191,top
236,defense,23.68191,1941.91662,82,14,28,42,0.5121951219512195,6,21.427421944444443,0.429674741256714,FALSE,-2.254488055555555,-0.08252038069450551,3,-0.2987016666667393,-0.015359678913267305,stable,0.921311475409836,top
237,defense,20.175925,1089.49995,54,2,20,22,0.4074074074074074,1,18.39375,0.4,TRUE,-1.7821749999999987,-0.007407407407407363,2,-0.34384999999996213,-0.04372842347525379,stable,0.7357357357357357,top
238,defense,18.39375,1471.5,80,9,23,32,0.4,1,21.026086666666668,0.4057971014492754,FALSE,2.632336666666667,0.005797101449275366,2,-2.144959999999178,0.04031879981245535,declining,0.4578313253012048,middle
239,forward,16.052083333333332,770.5,48,18,26,44,0.9166666666666666,2,17.49634,0.5876361081840534,TRUE,1.4442566666666679,-0.3290305584826132,2,-1.636904999999375,0.1666666666666034,declining,0.677007299270073,top
240,forward,17.60251,1284.9832299999998,73,18,21,39,0.5342465753424658,1,18.273463333333332,0.5921052631578947,TRUE,0.6709533333333333,0.05785868781542891,3,1.6153233333337091,0.15384615384615646,rising,0.8432055749128919,top
241,forward,18.273463333333332,1388.7832133333332,76,17,28,45,0.5921052631578947,5,17.238629999999997,0.793075326133804,FALSE,-1.034833333333335,0.20097006297590936,3,0.7752133333334759,-0.1912100456621412,rising,0.8815566835871405,top
242,forward,19.238966666666666,1365.9666333333332,71,28,59,87,1.2253521126760563,3,18.28357777777778,0.7837280546718511,FALSE,-0.9553888888888871,-0.4416240580042051,2,1.2360916666668527,0.10314262691379453,rising,0.9361702127659575,top
243,defense,16.067291666666666,1285.3833333333332,80,6,21,27,0.3375,5,22.24139,0.5266129054793823,TRUE,6.174098333333333,0.1891129054793823,2,1.5515633333335603,-0.15625000000002293,rising,0.30033003300330036,fringe
244,defense,23.356438333333333,1027.6832866666666,44,9,23,32,0.7272727272727273,3,23.440938333333335,0.8418367346938775,FALSE,0.08450000000000202,0.11456400742115025,3,2.4869866666673337,0.03484701311317827,rising,0.9049180327868852,top
245,defense,21.024181666666667,1072.233265,51,3,13,16,0.3137254901960784,3,19.830431666666666,0.2372385518726982,TRUE,-1.1937500000000014,-0.07648693832338022,1,NA,NA,insufficient_history,0.7524752475247525,top
246,defense,19.84817,1627.54994,82,5,20,25,0.3048780487804878,1,18.74949333333333,0.36363636363636365,TRUE,-1.0986766666666696,0.05875831485587585,3,-0.19565583333323502,-0.045751633986932654,stable,0.6711864406779661,top
247,defense,18.74949333333333,618.7332799999999,33,1,11,12,0.36363636363636365,3,19.12623333333333,0.17067592329961145,FALSE,0.37674000000000163,-0.1929604403367522,3,0.418957500000003,0.06013133208256836,rising,0.5770491803278689,middle
248,defense,18.956521666666664,1307.999995,69,4,4,8,0.11594202898550725,1,13.533018333333333,0.22641509433962265,TRUE,-5.423503333333331,0.1104730653541154,2,1.399658333333541,0.01770736253495139,rising,0.6308139534883721,middle
249,defense,13.533018333333333,717.2499716666666,53,2,10,12,0.22641509433962265,1,16.625423333333337,0.1694915254237288,TRUE,3.0924050000000047,-0.05692356891589384,2,-0.4771983333332789,-0.04547726136931005,declining,0.15315315315315314,fringe
250,defense,16.625423333333337,980.8999766666668,59,3,7,10,0.1694915254237288,1,14.973758333333334,0.1702127659574468,TRUE,-1.651665000000003,7.212405337179983e-4,2,-5.4235033333312685,0.11047306535407349,declining,0.321285140562249,fringe
251,defense,20.97647,713.19998,34,3,7,10,0.29411764705882354,2,21.502311666666667,0.2679688821241333,TRUE,0.5258416666666683,-0.02614876493469026,2,1.9597366666659244,0.12373225152125127,rising,0.7058823529411765,top
252,defense,21.693208333333335,1757.149875,81,8,11,19,0.2345679012345679,3,21.416236666666666,0.2124941904889442,TRUE,-0.27697166666666817,-0.022073710745623698,2,-0.8792766666667944,-0.1886409736308594,declining,0.8118811881188119,top
253,defense,21.902836666666662,1029.4333233333332,47,2,3,5,0.10638297872340426,3,17.584923888888888,0.15958698136866517,TRUE,-4.317912777777774,0.053204002645260914,3,-0.32937500000007724,-0.0024190857524254753,stable,0.823728813559322,top
254,defense,20.019280000000002,1020.98328,51,2,8,10,0.19607843137254902,0,NA,NA,FALSE,NA,NA,3,-3.119693333333968,-5.599104143398116e-4,declining,0.6843853820598007,top
255,NA,NA,NA,NA,NA,NA,NA,NA,2,18.835085,0.26940298507462684,TRUE,NA,NA,3,1.4736191666672702,0.009329538266928727,rising,NA,NA
256,defense,19.474128333333333,1304.7665983333334,67,3,13,16,0.23880597014925373,1,16.513815,0.2631578947368421,TRUE,-2.960313333333332,0.024351924587588364,2,-0.9116191666665576,0.05196078431371948,declining,0.6666666666666666,middle
257,defense,16.513815,1255.04994,76,1,19,20,0.2631578947368421,1,19.276715000000006,0.19117647058823528,FALSE,2.7629000000000055,-0.07198142414860681,2,1.2780866666661843,-0.061194029850722996,rising,0.2971887550200803,fringe
258,defense,17.419443333333334,836.13328,48,6,12,18,0.375,2,18.366038333333336,0.4262038774233896,TRUE,0.9465950000000021,0.05120387742338961,1,NA,NA,insufficient_history,0.40484429065743943,middle
259,defense,20.361751666666667,1588.21663,78,10,27,37,0.47435897435897434,6,21.972454444444445,0.42896692763223926,FALSE,1.610702777777778,-0.04539204672673508,3,-2.856097500000569,-0.036585365853664405,declining,0.6885245901639344,top
260,defense,21.414221666666666,1606.066625,75,3,21,24,0.32,3,20.742281666666667,0.24385776824801217,FALSE,-0.6719399999999993,-0.07614223175198784,2,-0.43777833333339466,0.03292682926829752,declining,0.813953488372093,top
261,NA,NA,NA,NA,NA,NA,NA,NA,3,13.850612777777776,0.4220136144049187,TRUE,NA,NA,NA,NA,NA,insufficient_history,NA,NA
262,forward,15.728786666666668,1038.09992,66,17,20,37,0.5606060606060606,2,15.834209999999999,0.5596518987341772,TRUE,0.10542333333333076,-9.541618718833522e-4,1,NA,NA,insufficient_history,0.685025817555938,top
263,forward,15.956961666666668,1260.5999716666668,79,21,22,43,0.5443037974683544,4,16.81973,0.6792778158841013,TRUE,0.8627683333333316,0.13497401841574685,3,2.7999325000004602,0.2222826086956902,rising,0.7191201353637902,top
264,forward,17.249734999999994,1086.7333049999995,63,24,21,45,0.7142857142857143,4,18.278300833333333,0.7380761265048434,FALSE,1.0285658333333387,0.023790412219129142,3,0.2005091666668457,-0.02421940928270286,stable,0.8172413793103448,top
265,defense,17.227776666666667,206.73332,12,0,0,0,0,2,17.35704,0.255433837593462,TRUE,0.12926333333333417,0.255433837593462,1,NA,NA,insufficient_history,0.40264026402640263,middle
266,defense,18.81502,1524.01662,81,2,12,14,0.1728395061728395,2,17.608529166666667,0.13950053705692803,TRUE,-1.2064908333333335,-0.03333896911591147,2,-1.328716666666858,0.3380281690141343,declining,0.5888157894736842,middle
267,defense,15.065305000000002,738.1999450000001,49,2,2,4,0.08163265306122448,3,19.88163555555555,0.17388661621014803,FALSE,4.816330555555549,0.09225396314892355,3,0.7936216666670347,0.08641975308642033,rising,0.2440677966101695,fringe
268,defense,19.7,1359.3,69,3,15,18,0.2608695652173913,3,19.775206666666666,0.2557491289198606,TRUE,0.07520666666666642,-0.005120436297530673,2,0.5359533333334127,-0.07077030081725957,rising,0.686046511627907,top
269,defense,19.354065,1587.03333,82,4,22,26,0.3170731707317073,1,20.127856666666666,0.24285714285714285,FALSE,0.7737916666666678,-0.07421602787456447,2,0.14369833333327994,-0.05355249204663924,stable,0.5622489959839357,middle
270,forward,8.4,25.200000000000003,3,0,0,0,0,3,13.674608888888889,0.45300720774975517,TRUE,5.2746088888888885,0.45300720774975517,NA,NA,NA,insufficient_history,0.15798319327731092,fringe
271,forward,14.7063,1205.9166,82,20,31,51,0.6219512195121951,1,15.400409999999999,0.49382716049382713,TRUE,0.6941099999999985,-0.128124059018368,2,2.5171166666670413,0.24324324324327912,rising,0.6024096385542169,middle
272,forward,15.400409999999999,1247.43321,81,13,27,40,0.49382716049382713,2,18.482154166666668,0.5361280487804878,TRUE,3.0817441666666685,0.042300888286660676,3,3.153150000000836,0.31097560975618055,rising,0.6689895470383276,top
273,forward,18.610975,1526.09995,82,25,25,50,0.6097560975609756,4,18.11538375,0.708700496139402,FALSE,-0.49559125000000037,0.0989443985784264,3,2.241646666667092,0.12529195862530204,rising,0.9153976311336718,top
274,forward,17.78363,995.88328,56,16,22,38,0.6785714285714286,3,16.205122777777778,0.5739588159069698,TRUE,-1.5785072222222212,-0.10461261266445876,2,-0.35941500000005,0.044347164065480525,declining,0.831306990881459,top
275,forward,14.350683333333333,1047.5998833333333,73,19,20,39,0.5342465753424658,3,15.950546111111112,0.5998193315266487,TRUE,1.5998627777777799,0.0655727561841829,1,NA,NA,insufficient_history,0.5662650602409639,middle
276,forward,17.277235,1416.7332700000002,82,25,21,46,0.5609756097560976,3,16.322979444444442,0.6788976566236251,FALSE,-0.9542555555555587,0.1179220468675275,3,2.7499999984390906e-4,0.010654490106536038,stable,0.8152542372881356,top
277,NA,NA,NA,NA,NA,NA,NA,NA,2,14.974654166666667,0.49005134788189986,TRUE,NA,NA,3,0.014334999999993096,0.2412123385940284,stable,NA,NA
278,forward,15.11707166666667,1239.599876666667,82,20,28,48,0.5853658536585366,1,12.45238,0.34285714285714286,TRUE,-2.66469166666667,-0.2425087108013937,2,-0.7309399999999132,-0.25116099071204506,declining,0.6217532467532467,middle
279,forward,12.45238,871.6666,70,9,15,24,0.34285714285714286,1,10.880768333333332,0.23076923076923078,TRUE,-1.5716116666666675,-0.11208791208791208,2,0.2848349999998959,0.19062901155320108,stable,0.2739420935412027,fringe
280,defense,18.541926666666665,1186.6833066666666,64,13,25,38,0.59375,2,22.282494166666666,0.6453525641025641,TRUE,3.740567500000001,0.05160256410256414,2,3.935103333333919,0.40625000000005984,rising,0.5544554455445545,middle
281,defense,23.199571666666664,1809.56659,78,13,36,49,0.6282051282051282,4,22.414540833333334,0.6663254802960685,TRUE,-0.7850308333333302,0.038120352090940335,3,-0.1081766666664524,0.12812500000002694,stable,0.9078947368421053,top
282,defense,21.877380000000002,1531.4166000000002,70,5,34,39,0.5571428571428572,0,NA,NA,FALSE,NA,NA,3,-0.7657941666668727,0.12144837144838475,declining,0.813953488372093,top
283,NA,NA,NA,NA,NA,NA,NA,NA,3,19.02097888888889,0.5248521058941452,TRUE,NA,NA,3,-0.40983916666673054,-0.14054621848743493,declining,NA,NA
284,defense,18.32195,751.1999500000001,41,1,14,15,0.36585365853658536,0,NA,NA,FALSE,NA,NA,2,0.8158733333330231,0.085414987912941,rising,0.4497991967871486,middle
285,defense,19.597838333333332,1058.28327,54,3,8,11,0.2037037037037037,1,16.026421666666668,0.35365853658536583,FALSE,-3.5714166666666642,0.14995483288166214,2,-1.9313883333336166,-0.11666666666668374,declining,0.6633663366336634,middle
286,defense,16.026421666666668,1314.1665766666667,82,8,21,29,0.35365853658536583,1,19.533941666666667,0.4024390243902439,TRUE,3.5075199999999995,0.04878048780487809,2,4.654504999998238,0.0037037037037023026,rising,0.3717105263157895,middle
287,defense,19.533941666666667,1601.7832166666667,82,6,27,33,0.4024390243902439,5,22.089562,0.42579850522865537,FALSE,2.5556203333333336,0.02335948083841144,2,-1.7857083333331254,0.07497741644082238,declining,0.6406779661016949,middle
288,defense,22.545453333333334,1487.99992,66,7,29,36,0.5454545454545454,2,18.518315,0.350844277673546,TRUE,-4.027138333333333,-0.19461026778099944,2,-0.6058383333332634,0.03461098398168937,declining,0.8888888888888888,top
289,NA,NA,NA,NA,NA,NA,NA,NA,2,17.452083333333334,0.14583333333333331,FALSE,NA,NA,NA,NA,NA,insufficient_history,NA,NA
290,defense,15.670833333333333,125.36666666666666,8,1,0,1,0.125,2,19.715921666666667,0.20840867992766726,TRUE,4.045088333333334,0.08340867992766726,1,NA,NA,insufficient_history,0.23934426229508196,fringe
291,defense,20.546190000000003,1438.2333,70,1,14,15,0.21428571428571427,5,21.031381999999997,0.27101320374105997,FALSE,0.4851919999999943,0.0567274894553457,3,-0.17383999999976535,0.01793248945148619,stable,0.7288135593220338,top
292,defense,20.640853333333332,1692.5499733333334,82,1,24,25,0.3048780487804878,2,18.250430833333333,0.24285714285714285,TRUE,-2.3904224999999997,-0.06202090592334494,2,0.3813124999999558,-0.024436090225561053,rising,0.7717717717717718,top
293,defense,16.816666666666666,1042.6333333333332,62,1,8,9,0.14516129032258066,2,19.625208333333337,0.3259146341463415,TRUE,2.8085416666666703,0.18075334382376082,2,3.6666666666672074,0,rising,0.36303630363036304,middle
294,defense,19.008750000000006,1520.7000000000005,80,7,11,18,0.225,5,22.802921333333334,0.43247285544750874,FALSE,3.7941713333333276,0.20747285544750874,3,2.2000000000004247,0.07258064516131442,rising,0.5672131147540984,middle
295,NA,NA,NA,NA,NA,NA,NA,NA,4,22.126538333333336,0.4739269770498951,TRUE,NA,NA,3,-0.10204083333335383,0.032770515613652906,stable,NA,NA
296,forward,15.062386666666667,1114.6166133333334,74,7,12,19,0.25675675675675674,2,14.704794166666668,0.3287719298245614,TRUE,-0.3575924999999991,0.07201517306780464,2,-2.188171666666985,-0.5455927051672536,declining,0.6282271944922547,middle
297,forward,13.184443333333334,988.83325,75,10,13,23,0.30666666666666664,1,15.471666666666664,0.2875,TRUE,2.28722333333333,-0.019166666666666665,3,1.2989208333336442,-0.016050765210894515,rising,0.49238578680203043,middle
298,forward,15.471666666666664,1237.7333333333331,80,13,10,23,0.2875,3,12.473182777777778,0.3180458097779305,FALSE,-2.9984838888888863,0.030545809777930533,3,-0.9389716666670774,0.02495495495495538,declining,0.6644067796610169,middle
299,NA,NA,NA,NA,NA,NA,NA,NA,3,15.29359,0.4302148302148302,TRUE,NA,NA,3,1.8617266666671917,0.06251375742903793,rising,NA,NA
300,forward,14.990768333333335,974.3999416666668,65,7,14,21,0.3230769230769231,2,14.350263333333334,0.3641791044776119,FALSE,-0.640505000000001,0.04110218140068883,2,0.9107208333332282,0.07191937700411442,rising,0.6152597402597403,middle
301,forward,14.1875,1021.5,72,14,22,36,0.5,2,15.128091666666666,0.46547756041426924,TRUE,0.9405916666666663,-0.03452243958573076,NA,NA,NA,insufficient_history,0.5865546218487395,middle
302,forward,15.740446666666665,1290.7166266666666,82,23,21,44,0.5365853658536586,5,14.587998,0.48357187331239976,TRUE,-1.1524486666666647,-0.05301349254125881,3,1.105933333333724,0.079113924050678,rising,0.6968641114982579,top
303,forward,13.424636666666666,926.29993,69,18,13,31,0.4492753623188406,2,12.711355,0.36824324324324326,FALSE,-0.713281666666667,-0.08103211907559732,3,0.6514000000000866,0.06410256410256257,rising,0.4982758620689655,middle
304,forward,10.999738333333333,703.9832533333333,64,9,7,16,0.25,1,10.216666666666667,0.26666666666666666,TRUE,-0.7830716666666664,0.016666666666666663,2,0.4991674999999413,0.018605562083820804,rising,0.2727272727272727,fringe
305,forward,10.216666666666667,766.25,75,11,9,20,0.26666666666666666,1,11.619503333333334,0.3617021276595745,TRUE,1.4028366666666674,0.09503546099290783,2,-3.423233333332029,-0.23648648648639678,declining,0.0935412026726058,fringe
306,forward,13.373541666666664,1069.8833333333332,80,6,10,16,0.2,2,12.599389166666667,0.3098214285714286,TRUE,-0.7741524999999978,0.10982142857142857,2,0.18555666666669515,0.06666666666667649,stable,0.49225473321858865,middle
307,forward,12.681875,1014.55,80,8,21,29,0.3625,4,13.85984375,0.3582688186866342,FALSE,1.1779687499999998,-0.004231181313365806,3,0.8651183333334054,-0.03809523809523978,rising,0.4467005076142132,middle
308,NA,NA,NA,NA,NA,NA,NA,NA,4,13.77141125,0.24386886886886888,FALSE,NA,NA,3,0.5393233333334411,0.01302083333332211,rising,NA,NA
309,defense,13.2,52.8,4,0,0,0,0,1,17.82880833333333,0.21428571428571427,TRUE,4.628808333333332,0.21428571428571427,1,NA,NA,insufficient_history,0.08996539792387544,fringe
310,defense,17.82880833333333,1248.016583333333,70,5,10,15,0.21428571428571427,2,23.058232500000003,0.41181988742964354,TRUE,5.229424166666671,0.19753417314392926,2,-3.374730000000494,-0.32258064516133783,declining,0.49174917491749176,middle
311,defense,22.943901666666665,1881.3999366666665,82,11,25,36,0.43902439024390244,5,20.963034666666665,0.2694809384670695,TRUE,-1.980867,-0.16954345177683294,3,0.6270391666671522,-0.05414746543777925,rising,0.8885245901639345,top
312,NA,NA,NA,NA,NA,NA,NA,NA,4,20.216012083333332,0.3047491039426523,TRUE,NA,NA,3,0.6527491666668487,-0.01788307915760281,rising,NA,NA
313,forward,13.142156666666667,223.41666333333333,17,1,0,1,0.058823529411764705,2,11.099836666666668,0.17717770034843205,TRUE,-2.0423199999999984,0.11835417093666735,NA,NA,NA,insufficient_history,0.4784853700516351,middle
314,forward,10.328333333333335,722.9833333333335,70,6,6,12,0.17142857142857143,2,9.505349166666665,0.1444991789819376,TRUE,-0.8229841666666697,-0.026929392446633837,2,-1.2708166666668512,0.12410329985654629,declining,0.2098138747884941,fringe
315,forward,11.594826666666666,672.4999466666667,58,10,4,14,0.2413793103448276,2,9.909318333333333,0.16225282485875706,TRUE,-1.685508333333333,-0.07912648548607054,3,-2.22773416666728,-0.06765389082464408,declining,0.3053173241852487,fringe
316,forward,9.78079,577.06661,59,7,6,13,0.22033898305084745,1,11.365431666666666,0.16049382716049382,FALSE,1.5846416666666663,-0.059845155890353635,3,1.310987500000087,0.02827380952380282,rising,0.16379310344827586,fringe
317,forward,11.365431666666666,920.599965,81,8,5,13,0.16049382716049382,3,8.36201111111111,0.08737373737373737,FALSE,-3.0034205555555555,-0.07312008978675645,2,-0.25705666666670685,0.11617231638419792,stable,0.31458966565349544,fringe
318,NA,NA,NA,NA,NA,NA,NA,NA,3,16.094877222222223,0.27415678706001284,TRUE,NA,NA,NA,NA,NA,insufficient_history,NA,NA
319,defense,16.737948333333332,1087.9666416666666,65,5,12,17,0.26153846153846155,2,14.154099166666667,0.1646689497716895,TRUE,-2.583849166666665,-0.09686951176677205,2,0.8855733333334647,0.11648745519714977,rising,0.40460526315789475,middle
320,defense,15.176255,1107.866615,73,11,10,21,0.2876712328767123,2,16.925833333333333,0.08,TRUE,1.749578333333334,-0.2076712328767123,3,-1.542092500000557,-0.14852150537638703,declining,0.26229508196721313,fringe
321,NA,NA,NA,NA,NA,NA,NA,NA,1,13.076495,0.07692307692307693,TRUE,NA,NA,3,0.1618724999997878,-0.14383561643839338,stable,NA,NA
322,NA,NA,NA,NA,NA,NA,NA,NA,1,13.076495,0.07692307692307693,TRUE,NA,NA,3,0.1618724999997878,-0.14383561643839338,stable,NA,NA
323,defense,13.076495,509.983305,39,1,2,3,0.07692307692307693,0,NA,NA,FALSE,NA,NA,2,-2.851666666667082,-0.16000000000002354,declining,0.13662790697674418,fringe
324,NA,NA,NA,NA,NA,NA,NA,NA,0,NA,NA,FALSE,NA,NA,1,NA,NA,insufficient_history,NA,NA
325,defense,10.783333333333331,10.783333333333331,1,0,0,0,0,1,17.022916666666667,0.2,TRUE,6.239583333333336,0.2,NA,NA,NA,insufficient_history,0.036303630363036306,fringe
326,defense,17.022916666666667,680.9166666666667,40,2,6,8,0.2,2,14.889520833333332,0.17312348668280872,TRUE,-2.133395833333335,-0.026876513317191292,1,NA,NA,insufficient_history,0.4065573770491803,middle
327,defense,15.321185,903.949915,59,2,10,12,0.2033898305084746,2,16.946130833333335,0.25101214574898784,TRUE,1.624945833333335,0.04762231524051325,3,1.8372616666667585,0.07142857142857853,rising,0.2576271186440678,fringe
328,defense,18.61623833333333,1452.06659,78,5,15,20,0.2564102564102564,2,22.993475833333335,0.32784958871915393,FALSE,4.377237500000003,0.07143933230889754,3,0.409083333333395,0.05137844611530024,rising,0.5864197530864198,middle
329,defense,22.853378333333335,1691.1499966666668,74,9,17,26,0.35135135135135137,3,20.57354833333333,0.22305351653177738,FALSE,-2.279830000000004,-0.128297834819574,2,4.517335000000672,0.04793756967670724,rising,0.8895348837209303,top
330,NA,NA,NA,NA,NA,NA,NA,NA,2,11.148419166666667,0.2602657004830918,TRUE,NA,NA,NA,NA,NA,insufficient_history,NA,NA
331,forward,12.150461666666667,874.83324,72,7,7,14,0.19444444444444445,2,13.2701925,0.40423976608187134,TRUE,1.1197308333333336,0.2097953216374269,1,NA,NA,insufficient_history,0.37456445993031356,middle
332,forward,13.813193333333334,994.54992,72,15,11,26,0.3611111111111111,3,16.597338333333333,0.5634502923976609,TRUE,2.7841449999999988,0.20233918128654976,3,1.2904075000002597,0.060640732265477275,rising,0.5559322033898305,middle
333,forward,15.830554999999999,759.86664,48,12,12,24,0.5,0,NA,NA,FALSE,NA,NA,3,1.3872916666668287,0.05277777777776515,rising,0.6948275862068966,top
334,NA,NA,NA,NA,NA,NA,NA,NA,2,15.862208333333331,0.538301282051282,TRUE,NA,NA,3,-0.7715641666668613,-0.1118421052631738,declining,NA,NA
335,forward,16.631041666666665,1330.4833333333331,80,14,27,41,0.5125,2,15.663925,0.37433095450490633,FALSE,-0.967116666666664,-0.13816904549509362,2,-0.3685899999999543,0.03205128205127837,declining,0.7451298701298701,top
336,NA,NA,NA,NA,NA,NA,NA,NA,2,11.961363333333333,0.8181818181818181,TRUE,NA,NA,NA,NA,NA,insufficient_history,NA,NA
337,forward,15.722726666666667,345.8999866666667,22,9,5,14,0.6363636363636364,1,14.393201666666664,0.5394736842105263,TRUE,-1.329525000000002,-0.09688995215311003,1,NA,NA,insufficient_history,0.6833046471600689,top
338,forward,14.393201666666664,1093.8833266666666,76,25,16,41,0.5394736842105263,4,16.129849999999998,0.617506022282445,TRUE,1.7366483333333331,0.07803233807191867,2,7.522726666663812,-0.36363636363622553,rising,0.5801393728222997,middle
339,forward,17.087803333333333,1401.1998733333332,82,28,23,51,0.6219512195121951,5,16.96203,0.5979753211606518,FALSE,-0.12577333333333485,-0.023975898351543345,3,1.3452050000003626,0.15304878048783968,rising,0.8,top
340,NA,NA,NA,NA,NA,NA,NA,NA,0,NA,NA,FALSE,NA,NA,NA,NA,NA,insufficient_history,NA,NA
341,NA,NA,NA,NA,NA,NA,NA,NA,1,17.755781666666667,0.2653061224489796,FALSE,NA,NA,NA,NA,NA,insufficient_history,NA,NA
342,defense,17.755781666666667,870.0333016666667,49,4,9,13,0.2653061224489796,2,18.053819166666663,0.2175925925925926,TRUE,0.29803749999999596,-0.04771352985638702,NA,NA,NA,insufficient_history,0.4576271186440678,middle
343,defense,19.85208333333333,1588.1666666666663,80,2,18,20,0.25,3,19.26227111111111,0.2568620749735301,FALSE,-0.5898122222222177,0.006862074973530086,2,-1.5002266666653052,-0.0801209372637218,declining,0.691358024691358,top
344,defense,20.616666666666664,1587.4833333333331,77,5,24,29,0.37662337662337664,2,19.980854166666667,0.24807692307692308,FALSE,-0.6358124999999966,-0.12854645354645355,2,0.760319999999915,0.07933436532506823,rising,0.7657657657657657,top
345,NA,NA,NA,NA,NA,NA,NA,NA,0,NA,NA,FALSE,NA,NA,NA,NA,NA,insufficient_history,NA,NA
346,NA,NA,NA,NA,NA,NA,NA,NA,1,10.576666666666666,0,TRUE,NA,NA,NA,NA,NA,insufficient_history,NA,NA
347,forward,10.576666666666666,52.88333333333333,5,0,0,0,0,2,11.495862500000001,0.19285714285714284,TRUE,0.919195833333335,0.19285714285714284,NA,NA,NA,insufficient_history,0.23011844331641285,fringe
348,forward,10.536011666666667,590.0166533333334,56,3,1,4,0.07142857142857142,1,10.292708333333334,0.34375,TRUE,-0.24330333333333343,0.2723214285714286,2,1.8790466666659562,0.314285714285595,rising,0.20240137221269297,fringe
349,forward,10.292708333333334,658.7333333333333,64,8,14,22,0.34375,2,12.549831666666666,0.3214285714285714,FALSE,2.2571233333333325,-0.022321428571428603,3,-0.020327500000162913,0.03571428571427145,stable,0.2,fringe
350,NA,NA,NA,NA,NA,NA,NA,NA,3,14.272129444444445,0.36778846153846156,TRUE,NA,NA,3,0.1504458333334006,0.09821428571429566,stable,NA,NA
351,NA,NA,NA,NA,NA,NA,NA,NA,0,NA,NA,FALSE,NA,NA,NA,NA,NA,insufficient_history,NA,NA
352,NA,NA,NA,NA,NA,NA,NA,NA,1,10.470369999999999,0.2222222222222222,TRUE,NA,NA,NA,NA,NA,insufficient_history,NA,NA
353,forward,10.470369999999999,94.23333,9,0,2,2,0.2222222222222222,1,12.668181666666667,0.09090909090909091,FALSE,2.1978116666666683,-0.1313131313131313,NA,NA,NA,insufficient_history,0.20677966101694914,fringe
354,forward,12.668181666666667,139.34999833333333,11,0,1,1,0.09090909090909091,1,10.954596666666667,0.20689655172413793,FALSE,-1.7135850000000001,0.11598746081504702,1,NA,NA,insufficient_history,0.4103448275862069,middle
355,NA,NA,NA,NA,NA,NA,NA,NA,1,9.586363333333333,0.18181818181818182,FALSE,NA,NA,2,-1.7135850000002544,0.11598746081506413,declining,NA,NA
356,NA,NA,NA,NA,NA,NA,NA,NA,1,9.841666666666667,0.11363636363636363,FALSE,NA,NA,2,-0.684116666666587,-0.012539184952976599,declining,NA,NA
357,defense,21.09333333333333,1687.4666666666665,80,6,11,17,0.2125,1,19.571041666666666,0.125,TRUE,-1.5222916666666642,-0.0875,2,1.3965266666668699,0.16666666666669122,rising,0.7623762376237624,top
358,defense,19.571041666666666,1565.6833333333334,80,2,8,10,0.125,5,17.53520633333333,0.20219796083035838,TRUE,-2.0358353333333348,0.07719796083035838,3,0.555000000000063,0.10625000000002147,rising,0.6196721311475409,middle
359,defense,19.45797,1342.59993,69,1,13,14,0.2028985507246377,3,19.054151666666666,0.2644642071934446,FALSE,-0.4038183333333336,0.061565656468806906,3,0.6379025000001378,0.07241794640169798,rising,0.6411960132890365,middle
360,defense,18.741341666666663,1443.083308333333,77,8,12,20,0.2597402597402597,1,18.450924999999994,0.20833333333333334,FALSE,-0.290416666666669,-0.05140692640692637,2,0.7557133333330532,0.02732324791601316,rising,0.4899598393574297,middle
361,NA,NA,NA,NA,NA,NA,NA,NA,1,9.75,1,FALSE,NA,NA,NA,NA,NA,insufficient_history,NA,NA
362,forward,9.75,9.75,1,0,1,1,1,1,8.561110000000001,0.2222222222222222,TRUE,-1.188889999999999,-0.7777777777777778,NA,NA,NA,insufficient_history,0.19686411149825783,fringe
363,forward,8.561110000000001,77.04999000000001,9,0,2,2,0.2222222222222222,0,NA,NA,FALSE,NA,NA,1,NA,NA,insufficient_history,0.07952622673434856,fringe
364,NA,NA,NA,NA,NA,NA,NA,NA,1,7.810604999999999,0.18181818181818182,FALSE,NA,NA,2,-1.1888899999995466,-0.7777777777774825,declining,NA,NA
365,forward,7.810604999999999,85.91665499999999,11,1,1,2,0.18181818181818182,1,7.355301666666666,0.13636363636363635,FALSE,-0.45530333333333317,-0.04545454545454547,1,NA,NA,insufficient_history,0.06206896551724138,fringe
366,NA,NA,NA,NA,NA,NA,NA,NA,1,6.866666666666666,0,TRUE,NA,NA,2,-0.45530333333339884,-0.04545454545455215,declining,NA,NA
367,forward,6.866666666666666,6.866666666666666,1,0,0,0,0,1,16.370833333333334,0.75,FALSE,9.504166666666666,0.75,2,-0.45530333333339884,-0.04545454545455215,declining,0.030395136778115502,fringe
368,NA,NA,NA,NA,NA,NA,NA,NA,0,NA,NA,FALSE,NA,NA,2,9.50416666666306,0.7499999999997156,rising,NA,NA
369,defense,16.99242333333333,373.8333133333333,22,2,3,5,0.22727272727272727,3,18.656860000000002,0.2156235706367111,TRUE,1.6644366666666706,-0.011649156636016178,NA,NA,NA,insufficient_history,0.370242214532872,middle
370,defense,19.84364,1508.11664,76,5,9,14,0.18421052631578946,4,17.749534999999998,0.2674226271241196,TRUE,-2.0941050000000025,0.08321210080833016,3,0.0037883333331550032,-0.032991202346058145,stable,0.6578947368421053,middle
371,defense,16.7291,1053.9333,63,2,13,15,0.23809523809523808,2,17.688230833333336,0.22195165945165946,FALSE,0.9591308333333366,-0.016143578643578627,3,-0.7084825000000607,-0.04177166117465067,declining,0.4119601328903654,middle
372,defense,17.36087833333334,1249.9832400000005,72,2,15,17,0.2361111111111111,2,19.5125375,0.2378129117259552,FALSE,2.1516591666666613,0.0017018006148440956,2,0.6432416666665921,-0.015151515151513386,rising,0.4924924924924925,middle
373,defense,17.289035000000002,656.98333,38,2,5,7,0.18421052631578946,1,20.736718333333332,0.265625,TRUE,3.4476833333333303,0.08141447368421054,1,NA,NA,insufficient_history,0.39792387543252594,middle
374,defense,20.736718333333332,1327.1499733333333,64,6,11,17,0.265625,1,21.080951666666667,0.2857142857142857,TRUE,0.34423333333333517,0.0200892857142857,2,0.5650350000000832,0.10421052631580481,rising,0.735973597359736,top
375,defense,21.080951666666667,1475.6666166666666,70,2,18,20,0.2857142857142857,5,20.31467166666667,0.2438980926101517,TRUE,-0.7662799999999983,-0.04181619310413401,3,2.0063591666672838,0.09281250000002217,rising,0.7377049180327869,top
376,defense,19.5314,1347.6666,69,2,18,20,0.2898550724637681,3,20.08765777777778,0.26493224932249326,FALSE,0.5562577777777769,-0.024922823141274864,3,-0.08869666666665275,0.01475128644939843,stable,0.6511627906976745,middle
377,defense,19.683776666666667,1476.28325,75,2,17,19,0.25333333333333335,1,19.71984,0.2698412698412698,FALSE,0.03606333333333467,0.01650793650793647,2,-0.3386866666665293,-0.14146341463409262,stable,0.606425702811245,middle
378,forward,16.424443333333333,246.36665,15,3,5,8,0.5333333333333333,1,17.13961,0.7662337662337663,TRUE,0.7151666666666685,0.23290043290043294,1,NA,NA,insufficient_history,0.7062043795620438,top
379,forward,16.424443333333333,246.36665,15,3,5,8,0.5333333333333333,1,17.13961,0.7662337662337663,TRUE,0.7151666666666685,0.23290043290043294,1,NA,NA,insufficient_history,0.7062043795620438,top
380,forward,17.13961,1319.74997,77,19,40,59,0.7662337662337663,1,17.258973333333333,0.6282051282051282,TRUE,0.11936333333333238,-0.13802863802863807,2,6.381110000000938,0.2333333333333678,rising,0.7917383820998278,top
381,forward,17.258973333333333,1346.19992,78,15,34,49,0.6282051282051282,4,19.02021166666667,0.7466049382716049,TRUE,1.7612383333333348,0.11839981006647671,3,3.5481383333339807,0.23311688311694106,rising,0.8153310104529616,top
382,forward,19.851388333333333,952.86664,48,12,28,40,0.8333333333333334,4,18.403717916666665,0.8674550087593565,FALSE,-1.4476704166666678,0.03412167542602318,3,0.2238125000000435,-0.0452932098765571,stable,0.9482758620689655,top
383,forward,20.193588333333327,1575.0998899999995,78,22,45,67,0.8589743589743589,2,19.24323833333333,0.8358320839580209,TRUE,-0.9503499999999967,-0.023142275016338032,2,1.3248991666665129,0.27967032967029726,rising,0.9626623376623377,top
384,NA,NA,NA,NA,NA,NA,NA,NA,2,13.458689166666666,0.4966216216216216,FALSE,NA,NA,NA,NA,NA,insufficient_history,NA,NA
385,forward,12.849323333333333,950.8499266666666,74,7,11,18,0.24324324324324326,1,16.135389999999997,0.37037037037037035,TRUE,3.286066666666665,0.1271271271271271,1,NA,NA,insufficient_history,0.4442508710801394,middle
386,forward,16.135389999999997,1306.9665899999998,81,16,14,30,0.37037037037037035,5,15.802875333333333,0.4424662620663489,FALSE,-0.33251466666666474,0.07209589169597858,2,-1.2187316666668462,-0.5067567567568314,declining,0.7360406091370558,top
387,forward,16.037625000000002,1058.4832500000002,66,12,18,30,0.45454545454545453,3,14.298505,0.4555547192533494,FALSE,-1.7391200000000016,0.0010092647078948636,2,0.5047766666667451,0.20213607594939692,rising,0.709726443768997,top
388,NA,NA,NA,NA,NA,NA,NA,NA,0,NA,NA,FALSE,NA,NA,NA,NA,NA,insufficient_history,NA,NA
389,NA,NA,NA,NA,NA,NA,NA,NA,1,17.358333333333334,1,TRUE,NA,NA,NA,NA,NA,insufficient_history,NA,NA
390,defense,17.358333333333334,34.71666666666667,2,2,0,2,1,2,15.495442500000001,0.17780748663101603,TRUE,-1.8628908333333332,-0.822192513368984,NA,NA,NA,insufficient_history,0.4819672131147541,middle
391,defense,12.481816666666667,137.29998333333333,11,0,1,1,0.09090909090909091,2,19.35864,0.29901960784313725,FALSE,6.876823333333334,0.20811051693404634,1,NA,NA,insufficient_history,0.11419753086419752,fringe
392,defense,20.241458333333334,1619.3166666666666,80,2,16,18,0.225,2,14.967890000000002,0.10611205432937182,FALSE,-5.273568333333332,-0.11888794567062819,2,0.8495716666665678,0.034313725490192085,rising,0.7417417417417418,top
393,forward,11.025,66.15,6,0,2,2,0.3333333333333333,3,13.103925555555556,0.3326330532212885,TRUE,2.0789255555555552,-7.002801120448154e-4,NA,NA,NA,insufficient_history,0.346218487394958,middle
394,forward,12.987300000000001,272.73330000000004,21,4,1,5,0.23809523809523808,2,15.319291666666665,0.4168737917702292,TRUE,2.3319916666666636,0.17877855367499113,2,0.24000000000003888,-0.08333333333334556,stable,0.4664371772805508,middle
395,forward,15.579106666666664,1106.1165733333332,71,13,10,23,0.323943661971831,2,16.123419166666668,0.6877122568694041,TRUE,0.5443125000000038,0.36376859489757307,3,1.8972383333338165,0.1299019607843578,rising,0.6802030456852792,top
396,forward,16.960975,1390.79995,82,33,31,64,0.7804878048780488,4,15.973289166666667,0.5579676533944826,FALSE,-0.9876858333333338,-0.2225201514835662,3,0.11319333333332653,0.04256639364609547,stable,0.7924528301886793,top
397,forward,15.655981666666667,1221.16657,78,27,21,48,0.6153846153846154,1,13.823911666666667,0.463768115942029,TRUE,-1.8320699999999999,-0.15161649944258643,2,-0.7584483333332448,-0.1343495934959193,declining,0.6558441558441559,middle
398,forward,13.823911666666667,953.849905,69,14,18,32,0.463768115942029,1,16.124316666666665,0.7540983606557377,TRUE,2.300404999999998,0.29033024471370866,2,0.8356566666663512,0.2007504690430759,rising,0.41648106904231624,middle
399,forward,16.124316666666665,983.5833166666666,61,19,27,46,0.7540983606557377,0,NA,NA,FALSE,NA,NA,3,-0.49820666666690283,0.02456698480027431,declining,0.6280087527352297,middle
400,forward,14.589035,1108.76666,76,23,26,49,0.6447368421052632,2,16.949258333333333,0.6234998064266357,TRUE,2.360223333333332,-0.021237035678627447,2,0.9595683333329725,-0.03225806451611673,rising,0.6114982578397212,middle
401,forward,16.585713333333334,1044.89994,63,16,18,34,0.5396825396825397,3,16.72654166666667,0.5449545671927307,TRUE,0.1408283333333351,0.0052720275101910685,3,2.187450833333919,0.11978756884345544,rising,0.7559322033898305,top
402,forward,16.848528333333338,1145.699926666667,68,24,20,44,0.6470588235294118,3,16.624826111111112,0.7495361987489187,FALSE,-0.2237022222222258,0.10247737521950695,3,0.31334250000014063,-0.06252419667056172,stable,0.7758620689655172,top
403,forward,16.960125,1339.849875,79,33,22,55,0.6962025316455697,1,16.73109333333333,0.6716417910447762,FALSE,-0.22903166666667119,-0.024560740600793496,2,0.3075966666665478,0.2280817402767756,stable,0.7015590200445434,top
404,NA,NA,NA,NA,NA,NA,NA,NA,3,15.569017777777775,0.4112596917474966,TRUE,NA,NA,NA,NA,NA,insufficient_history,NA,NA
405,forward,17.091189999999994,1196.3832999999995,70,12,18,30,0.42857142857142855,5,16.374526666666668,0.5204620733076017,TRUE,-0.7166633333333259,0.0918906447361732,1,NA,NA,insufficient_history,0.7865748709122203,top
406,forward,16.77695333333333,1358.93322,81,12,22,34,0.41975308641975306,5,17.282000666666665,0.5357955865272939,FALSE,0.5050473333333336,0.1160425001075408,3,-0.3871183333334144,0.02420546932741429,declining,0.7758620689655172,top
407,NA,NA,NA,NA,NA,NA,NA,NA,3,18.892342222222222,0.17668088412769264,TRUE,NA,NA,NA,NA,NA,insufficient_history,NA,NA
408,defense,16.896453333333334,794.1333066666667,47,1,4,5,0.10638297872340426,2,17.326060833333333,0.10294117647058823,TRUE,0.4296074999999995,-0.003441802252816026,2,1.3280100000001944,5.827505827507129e-4,rising,0.4407894736842105,middle
409,defense,16.085783333333335,546.9166333333334,34,1,2,3,0.08823529411764706,2,18.016220833333335,0.20300751879699247,TRUE,1.9304375,0.1147722246793454,3,-0.993976666666694,-0.0472370766488483,declining,0.34098360655737703,middle
410,defense,18.15408,889.54992,49,2,5,7,0.14285714285714285,0,NA,NA,FALSE,NA,NA,3,-0.3439883333332416,0.07275541795668292,stable,0.5481727574750831,middle
411,NA,NA,NA,NA,NA,NA,NA,NA,1,17.112801666666666,0.2898550724637681,TRUE,NA,NA,3,1.034148333333525,0.027310924369742414,rising,NA,NA
412,defense,17.112801666666666,1180.783315,69,4,16,20,0.2898550724637681,3,14.086981666666667,0.13342699918042383,TRUE,-3.0258199999999995,-0.1564280732833443,2,0.2757183333333794,-0.1203007518797169,stable,0.4883720930232558,middle
413,forward,8.971666666666666,89.71666666666665,10,1,0,1,0.1,1,12.443136666666668,0.11764705882352941,TRUE,3.471470000000002,0.017647058823529405,NA,NA,NA,insufficient_history,0.16523235800344235,fringe
414,forward,12.443136666666668,211.53332333333336,17,2,0,2,0.11764705882352941,0,NA,NA,FALSE,NA,NA,1,NA,NA,insufficient_history,0.397212543554007,middle
415,NA,NA,NA,NA,NA,NA,NA,NA,1,9.924193333333333,0.3548387096774194,TRUE,NA,NA,2,3.4714700000005156,0.017647058823532,rising,NA,NA
416,forward,9.924193333333333,307.6499933333333,31,8,3,11,0.3548387096774194,3,13.037107222222224,0.3034264887988292,TRUE,3.1129138888888903,-0.051412220878590154,2,3.4714700000005156,0.017647058823532,rising,0.16779661016949152,fringe
417,forward,12.049470000000001,759.11661,63,8,12,20,0.31746031746031744,1,10.94017,0.1282051282051282,FALSE,-1.109300000000001,-0.18925518925518925,3,1.7290375000002607,-0.049759780370639745,rising,0.3603448275862069,middle
418,forward,10.94017,426.66663,39,1,4,5,0.1282051282051282,1,10.075681666666666,0.26229508196721313,TRUE,-0.864488333333334,0.13408995376208493,2,-1.332798333333529,0.062141168524156416,declining,0.2826747720364742,fringe
419,forward,10.075681666666666,614.6165816666667,61,7,9,16,0.26229508196721313,0,NA,NA,FALSE,NA,NA,2,-0.5546499999999362,-0.09462759462758362,declining,0.18019480519480519,fringe
420,NA,NA,NA,NA,NA,NA,NA,NA,0,NA,NA,FALSE,NA,NA,2,-0.8644883333330046,0.1340899537620341,declining,NA,NA
421,defense,23.41162166666667,1779.2832466666669,76,5,27,32,0.42105263157894735,6,22.81161,0.455937895341482,TRUE,-0.600011666666667,0.034885263762534646,2,1.1637016666668414,0.06140350877193893,rising,0.8910891089108911,top
422,defense,22.42378,1838.74996,82,11,24,35,0.4268292682926829,5,22.293300333333335,0.48612988869153734,FALSE,-0.1304796666666661,0.05930062039885442,3,-0.8883841666668912,-0.0851151315789687,declining,0.8703703703703703,top
423,NA,NA,NA,NA,NA,NA,NA,NA,2,15.072699166666666,0.43665311653116534,FALSE,NA,NA,NA,NA,NA,insufficient_history,NA,NA
424,forward,15.883130000000001,1302.41666,82,20,22,42,0.5121951219512195,3,15.393297777777777,0.49207066144735523,TRUE,-0.48983222222222444,-0.020124460503864294,1,NA,NA,insufficient_history,0.710801393728223,top
425,forward,14.728455,1207.73331,82,19,16,35,0.4268292682926829,1,17.97215333333333,0.6463414634146342,TRUE,3.243698333333331,0.21951219512195125,3,-0.1174916666667021,0.021680216802176668,stable,0.6037735849056604,middle
426,forward,17.97215333333333,1473.7165733333331,82,25,28,53,0.6463414634146342,5,18.423751666666664,0.8159609160030219,FALSE,0.4515983333333331,0.16961945258838773,3,-0.5374183333334995,-0.03349894610058841,declining,0.846551724137931,top
427,defense,16.259595,536.566635,33,0,3,3,0.09090909090909091,2,17.552777499999998,0.27164502164502163,TRUE,1.2931824999999968,0.18073593073593072,2,-6.54484166666418,0.14285714285708864,declining,0.3016393442622951,fringe
428,defense,18.15,889.3499999999999,49,1,13,14,0.2857142857142857,1,14.656715,0.19402985074626866,TRUE,-3.4932849999999984,-0.09168443496801704,3,2.3599208333337827,0.05735930735933067,rising,0.5050847457627119,middle
429,defense,14.656715,981.999905,67,2,11,13,0.19402985074626866,1,16.52619,0.05714285714285714,TRUE,1.8694749999999996,-0.13688699360341153,3,0.9452025000002506,0.09740259740261584,rising,0.22295081967213115,fringe
430,defense,16.52619,578.41665,35,0,2,2,0.05714285714285714,0,NA,NA,FALSE,NA,NA,3,-1.1494200000004844,-0.03177295341475743,declining,0.404320987654321,middle
431,NA,NA,NA,NA,NA,NA,NA,NA,0,NA,NA,FALSE,NA,NA,3,-0.8119049999999808,-0.11428571428574466,declining,NA,NA
432,NA,NA,NA,NA,NA,NA,NA,NA,0,NA,NA,FALSE,NA,NA,2,1.8694749999992908,-0.1368869936033596,rising,NA,NA
433,NA,NA,NA,NA,NA,NA,NA,NA,0,NA,NA,FALSE,NA,NA,1,NA,NA,insufficient_history,NA,NA
434,NA,NA,NA,NA,NA,NA,NA,NA,0,NA,NA,FALSE,NA,NA,NA,NA,NA,insufficient_history,NA,NA
435,NA,NA,NA,NA,NA,NA,NA,NA,0,NA,NA,FALSE,NA,NA,NA,NA,NA,insufficient_history,NA,NA
436,forward,15.210605,167.316655,11,1,0,1,0.09090909090909091,3,16.10373444444444,0.5348949695964621,TRUE,0.8931294444444422,0.44398587868737116,NA,NA,NA,insufficient_history,0.6058394160583942,middle
437,forward,16.21907833333333,1232.649953333333,76,16,22,38,0.5,6,14.619493333333333,0.4202668829174259,TRUE,-1.5995849999999958,-0.07973311708257408,1,NA,NA,insufficient_history,0.7349397590361446,top
438,NA,NA,NA,NA,NA,NA,NA,NA,1,10.260525,0.22807017543859648,TRUE,NA,NA,3,-1.4431908333338155,-0.22185741088185904,declining,NA,NA
439,forward,10.260525,584.849925,57,7,6,13,0.22807017543859648,1,16.20042666666667,0.3717948717948718,TRUE,5.939901666666669,0.14372469635627533,2,-2.8856766666670852,-0.2524038461538833,declining,0.2006079027355623,fringe
440,forward,16.20042666666667,1263.6332800000002,78,17,12,29,0.3717948717948718,2,14.967670833333331,0.4415071770334928,TRUE,-1.2327558333333375,0.06971230523862099,2,-0.9864041666665514,0.037112010796217,declining,0.6964285714285714,top
441,NA,NA,NA,NA,NA,NA,NA,NA,1,11.045236666666666,0.14285714285714285,FALSE,NA,NA,NA,NA,NA,insufficient_history,NA,NA
442,defense,11.045236666666666,154.63331333333332,14,1,1,2,0.14285714285714285,2,20.452045,0.22514071294559101,TRUE,9.406808333333332,0.08228357008844817,NA,NA,NA,insufficient_history,0.039473684210526314,fringe
443,defense,20.11605666666667,1649.516646666667,82,2,16,18,0.21951219512195122,2,20.765004166666664,0.20180436847103514,TRUE,0.6489474999999949,-0.01770782665091608,1,NA,NA,insufficient_history,0.6915254237288135,top
444,defense,17.8125,356.25,20,0,1,1,0.05,0,NA,NA,FALSE,NA,NA,3,0.3129591666667104,-0.023336344474564615,stable,0.4983388704318937,middle
445,NA,NA,NA,NA,NA,NA,NA,NA,3,17.87808,0.173572820941242,TRUE,NA,NA,3,-1.4877666666671574,-0.09038461538464063,declining,NA,NA
446,defense,17.793808333333335,622.7832916666667,35,0,4,4,0.11428571428571428,1,17.384073333333333,0.17777777777777778,TRUE,-0.4097350000000013,0.0634920634920635,2,-0.37623499999985255,0.038011695906418314,declining,0.43373493975903615,middle
447,NA,NA,NA,NA,NA,NA,NA,NA,2,13.3518975,0.5126582278481013,TRUE,NA,NA,NA,NA,NA,insufficient_history,NA,NA
448,forward,13.662868333333332,1079.3665983333333,79,14,22,36,0.45569620253164556,2,16.95603,0.611842105263158,TRUE,3.2931616666666663,0.1561459027315124,1,NA,NA,insufficient_history,0.5346869712351946,middle
449,forward,17.35328833333334,1318.8499133333337,76,25,19,44,0.5789473684210527,1,18.280046666666667,0.7746478873239436,TRUE,0.9267583333333285,0.19570051890289097,3,1.7589225000005275,0.03755829447037489,rising,0.8250428816466552,top
450,forward,18.280046666666667,1297.8833133333333,71,19,36,55,0.7746478873239436,5,15.982900333333333,0.527485573956405,FALSE,-2.297146333333334,-0.24716231336753858,3,1.8452100000003715,0.06162558294470824,rising,0.8724137931034482,top
451,defense,23.26056833333333,1907.3666033333332,82,5,24,29,0.35365853658536583,5,22.614919,0.4259760226064574,TRUE,-0.6456493333333313,0.07231748602109156,NA,NA,NA,insufficient_history,0.8821548821548821,top
452,defense,24.848125,1987.85,80,11,28,39,0.4875,7,23.55591,0.49692096951275483,FALSE,-1.2922149999999988,0.00942096951275484,3,-0.5410908333332952,-0.05424430641823017,declining,0.9593220338983051,top
453,NA,NA,NA,NA,NA,NA,NA,NA,3,15.402732777777778,0.706642316017316,TRUE,NA,NA,NA,NA,NA,insufficient_history,NA,NA
454,forward,17.624675,1357.099975,77,37,36,73,0.948051948051948,7,17.778691904761903,0.9110488575627829,FALSE,0.1540169047619031,-0.03700309048916517,2,1.7633499999993358,0.17187499999993489,rising,0.8449477351916377,top
455,forward,16.80024,1159.2165599999998,69,18,32,50,0.7246376811594203,1,15.736841666666669,0.7236842105263158,TRUE,-1.0633983333333301,-9.534706331044696e-4,2,0.36816666666662334,0.04666666666666124,rising,0.7597402597402597,top
456,forward,15.736841666666669,1195.9999666666668,76,23,32,55,0.7236842105263158,1,14.859313333333334,0.4117647058823529,FALSE,-0.8775283333333341,-0.3119195046439629,2,-0.1110933333332846,-0.3686956521737729,stable,0.5723830734966593,middle
457,forward,7.264645,239.733285,33,2,2,4,0.12121212121212122,0,NA,NA,FALSE,NA,NA,2,-1.7586533333326642,-0.09213930348255207,declining,0.0022271714922048997,fringe
458,NA,NA,NA,NA,NA,NA,NA,NA,0,NA,NA,FALSE,NA,NA,3,-2.3634483333339737,-0.05879692446857818,declining,NA,NA
459,forward,11.688095,81.816665,7,2,1,3,0.42857142857142855,3,16.080687777777776,0.6096296296296296,TRUE,4.392592777777775,0.18105820105820108,NA,NA,NA,insufficient_history,0.40336134453781514,middle
460,forward,17.527916666666663,1402.2333333333331,80,25,31,56,0.7,2,17.7247675,0.7533333333333333,TRUE,0.19685083333333608,0.053333333333333344,2,0.78005166666678,-0.13968253968256025,rising,0.8141135972461274,top
461,forward,17.203535,567.716655,33,8,14,22,0.6666666666666666,4,18.651510416666667,0.7453242850493113,FALSE,1.4479754166666687,0.07865761838264462,3,2.8889266666672055,0.27555555555561284,rising,0.8037225042301185,top
462,NA,NA,NA,NA,NA,NA,NA,NA,4,17.580493333333333,0.5615844149465231,FALSE,NA,NA,3,-0.6069350000000988,-0.07439800090866708,declining,NA,NA
463,NA,NA,NA,NA,NA,NA,NA,NA,1,8.788888333333334,0,FALSE,NA,NA,NA,NA,NA,insufficient_history,NA,NA
464,forward,8.788888333333334,79.099995,9,0,0,0,0,1,9.155038333333332,0.13953488372093023,TRUE,0.36614999999999753,0.13953488372093023,NA,NA,NA,insufficient_history,0.13066202090592335,fringe
465,forward,9.155038333333332,393.6666483333333,43,4,2,6,0.13953488372093023,2,11.317710833333331,0.18266117162201945,TRUE,2.1626724999999993,0.043126287901089216,1,NA,NA,insufficient_history,0.13028764805414553,fringe
466,forward,13.27805833333333,1048.9666083333332,79,7,9,16,0.20253164556962025,2,12.947085833333333,0.19962686567164178,TRUE,-0.3309724999999979,-0.0029047798979784656,3,0.28423750000006337,0.08139534883722475,stable,0.4699828473413379,middle
467,forward,13.452630000000001,1022.39988,76,12,7,19,0.25,2,14.195770833333333,0.07462686567164178,FALSE,0.7431408333333316,-0.17537313432835822,3,2.0615100000006645,0.03149838092435354,rising,0.4862068965517241,middle
468,forward,12.6,12.6,1,0,0,0,0,0,NA,NA,FALSE,NA,NA,2,1.754229166666464,-0.07462686567163311,rising,0.42045454545454547,middle
469,NA,NA,NA,NA,NA,NA,NA,NA,0,NA,NA,FALSE,NA,NA,2,-3.3499999999987247,0,declining,NA,NA
470,forward,18.62473833333333,1191.983253333333,64,20,24,44,0.6875,6,17.073059166666667,0.6252616506433325,TRUE,-1.5516791666666627,-0.0622383493566675,NA,NA,NA,insufficient_history,0.8722689075630252,top
471,forward,18.51808833333333,1518.4832433333331,82,40,23,63,0.7682926829268293,5,15.910382333333333,0.6473853627281003,FALSE,-2.6077059999999985,-0.12090732019872896,3,0.21077249999994863,-0.012195121951238326,stable,0.8896551724137931,top
472,forward,15.996170000000001,1183.71658,74,24,22,46,0.6216216216216216,1,12.570555,0.4,TRUE,-3.4256150000000005,-0.22162162162162158,2,0.29350666666656317,0.25047468354420876,stable,0.6124721603563474,middle
473,NA,NA,NA,NA,NA,NA,NA,NA,2,16.191704166666664,0.3582317073170732,TRUE,NA,NA,NA,NA,NA,insufficient_history,NA,NA
474,forward,16.696949999999998,1369.1499,82,10,18,28,0.34146341463414637,3,17.909796111111113,0.5969199542865354,FALSE,1.2128461111111157,0.25545653965238907,1,NA,NA,insufficient_history,0.7661016949152543,top
475,NA,NA,NA,NA,NA,NA,NA,NA,4,19.55737541666667,0.8449773067954697,FALSE,NA,NA,3,0.869177500000294,0.11884265901485737,rising,NA,NA
476,defense,17.981025,1168.766625,65,3,6,9,0.13846153846153847,2,19.36524083333333,0.15583881578947367,TRUE,1.3842158333333323,0.017377277327935203,2,4.550520000000671,0.013888888888890972,rising,0.5115511551155115,middle
477,defense,20.1125,1287.2,64,2,7,9,0.140625,1,20.334999999999997,0.2,TRUE,0.2224999999999966,0.05937500000000001,3,-0.0652274999999614,0.023026315789480212,stable,0.680921052631579,top
478,defense,20.334999999999997,610.05,30,1,5,6,0.2,1,18.420833333333334,0.09615384615384616,TRUE,-1.914166666666663,-0.10384615384615385,3,1.065737500000299,0.0010817307692283877,rising,0.7050847457627119,top
479,defense,18.420833333333334,957.8833333333334,52,2,3,5,0.09615384615384616,2,18.798684166666668,0.1540247678018576,FALSE,0.37785083333333347,0.05787092164801143,3,0.8585091666668206,0.014473684210533596,rising,0.5573770491803278,middle
480,NA,NA,NA,NA,NA,NA,NA,NA,1,18.139315,0.21794871794871795,TRUE,NA,NA,3,0.47291666666683413,0.040158371040734366,rising,NA,NA
481,defense,18.139315,1414.86657,78,6,11,17,0.21794871794871795,3,18.954418333333333,0.173015873015873,FALSE,0.8151033333333331,-0.04493284493284494,2,1.1359650000001669,0.04489164086687972,rising,0.5581395348837209,middle
482,forward,18.218578333333333,1111.3332783333333,61,27,26,53,0.8688524590163934,7,19.31682523809524,0.9669213256474379,TRUE,1.0982469047619077,0.09806886663104453,NA,NA,NA,insufficient_history,0.8369747899159664,top
483,forward,19.173844999999996,1246.2999249999998,65,16,36,52,0.8,0,NA,NA,FALSE,NA,NA,3,0.17792500000007225,0.1925505050505283,stable,0.9310344827586207,top
484,NA,NA,NA,NA,NA,NA,NA,NA,4,15.923295833333333,0.5683883461205865,TRUE,NA,NA,3,0.016089166666617135,-0.21184210526321975,stable,NA,NA
485,forward,17.646543333333334,1447.0165533333334,82,33,30,63,0.7682926829268293,3,18.633503888888892,0.7865853658536586,TRUE,0.9869605555555587,0.018292682926829285,2,3.3488433333338277,-0.013432835820897463,rising,0.8244406196213425,top
486,forward,18.835568333333338,1544.5166033333337,82,14,47,61,0.7439024390243902,6,16.854730555555555,0.6140991161840008,FALSE,-1.9808377777777828,-0.12980332284038942,3,-0.04191750000016979,-0.009146341463425902,stable,0.9355932203389831,top
487,forward,16.939093333333332,1372.06656,81,29,38,67,0.8271604938271605,6,19.120936944444445,0.9407218150820006,TRUE,2.1818436111111126,0.11356132125484009,NA,NA,NA,insufficient_history,0.7630252100840336,top
488,forward,20.908534999999997,1714.4998699999996,82,40,38,78,0.9512195121951219,6,17.850157222222222,0.7967363178340557,FALSE,-3.0583777777777748,-0.15448319436106617,3,-0.5453025000001733,-0.10322913088288653,declining,0.9897084048027445,top
489,defense,8.033333333333333,8.033333333333333,1,0,0,0,0,1,14.124018333333334,0.11764705882352941,TRUE,6.090685000000001,0.11764705882352941,1,NA,NA,insufficient_history,0.006557377049180328,fringe
490,defense,14.124018333333334,480.21662333333336,34,2,2,4,0.11764705882352941,1,9.516666666666667,0.16666666666666666,TRUE,-4.607351666666666,0.04901960784313725,2,1.0083333333334803,0,rising,0.18421052631578946,fringe
491,defense,9.516666666666667,57.10000000000001,6,1,0,1,0.16666666666666666,1,15.188095,0,FALSE,5.671428333333333,-0.16666666666666666,3,3.549509166667759,0.05882352941178423,rising,0.010169491525423728,fringe
492,defense,15.188095,106.316665,7,0,0,0,0,1,14.819791666666667,0,FALSE,-0.3683033333333334,0,2,-4.607351666664918,0.04901960784311868,declining,0.2808641975308642,fringe
493,NA,NA,NA,NA,NA,NA,NA,NA,1,11.675000000000002,0.16666666666666666,FALSE,NA,NA,2,-0.3683033333333832,0,declining,NA,NA
494,defense,11.675000000000002,70.05000000000001,6,0,1,1,0.16666666666666666,1,10.907575,0.18181818181818182,FALSE,-0.7674250000000029,0.015151515151515166,1,NA,NA,insufficient_history,0.057057057057057055,fringe
495,defense,12.066666666666666,156.86666666666667,13,0,2,2,0.15384615384615385,1,14.298333333333336,0,TRUE,2.231666666666669,-0.15384615384615385,2,2.81855999999893,-0.15909090909084866,rising,0.05901639344262295,fringe
496,defense,14.298333333333336,142.98333333333335,10,0,0,0,0,0,NA,NA,FALSE,NA,NA,3,0.17708333333315862,-0.04807692307692583,stable,0.20723684210526316,fringe
497,NA,NA,NA,NA,NA,NA,NA,NA,0,NA,NA,FALSE,NA,NA,3,-0.11636333333316971,-0.04545454545456579,stable,NA,NA
498,NA,NA,NA,NA,NA,NA,NA,NA,0,NA,NA,FALSE,NA,NA,2,2.231666666665824,-0.15384615384609546,rising,NA,NA
499,NA,NA,NA,NA,NA,NA,NA,NA,1,16.61369,0.17857142857142858,FALSE,NA,NA,1,NA,NA,insufficient_history,NA,NA
500,NA,NA,NA,NA,NA,NA,NA,NA,2,14.650215833333334,0.16233766233766234,TRUE,NA,NA,1,NA,NA,insufficient_history,NA,NA
501,defense,16.457575000000002,724.1333000000001,44,2,6,8,0.18181818181818182,1,15.645833333333334,0.17307692307692307,TRUE,-0.8117416666666681,-0.00874125874125875,2,-1.8854166666664447,-0.017857142857140785,declining,0.4114114114114114,middle
502,defense,15.645833333333334,813.5833333333334,52,0,9,9,0.17307692307692307,0,NA,NA,FALSE,NA,NA,2,3.614718333331964,0.038961038961024215,rising,0.19678714859437751,fringe
503,NA,NA,NA,NA,NA,NA,NA,NA,3,16.133358333333334,0.5068731196182177,TRUE,NA,NA,NA,NA,NA,insufficient_history,NA,NA
504,forward,17.896813333333334,1216.9833066666667,68,8,31,39,0.5735294117647058,2,18.47199833333333,0.6942186088527552,TRUE,0.5751849999999976,0.12068919708804937,2,4.146471666665091,0.35449735449722,rising,0.8658536585365854,top
505,forward,18.824485,1524.783285,81,26,43,69,0.8518518518518519,3,18.309146666666667,0.6766215500392715,TRUE,-0.5153383333333323,-0.17523030181258037,3,0.3973225000000834,-0.057104142470008806,rising,0.9322033898305084,top
506,forward,17.802380000000003,1121.54994,63,17,13,30,0.47619047619047616,0,NA,NA,FALSE,NA,NA,3,-0.24051333333341138,-0.08415377402722136,stable,0.8413793103448276,top
507,NA,NA,NA,NA,NA,NA,NA,NA,4,19.761331666666667,0.7513634919035401,TRUE,NA,NA,3,-0.48961083333346145,-0.19696969696974703,declining,NA,NA
508,forward,14.094854999999999,1141.683255,81,14,22,36,0.4444444444444444,3,15.053483333333332,0.5606707317073171,TRUE,0.9586283333333334,0.11622628726287265,1,NA,NA,insufficient_history,0.54216867469879515,middle
509,forward,15.071746666666666,1235.8832266666666,82,25,32,57,0.6951219512195121,4,15.220990416666666,0.5434451147283328,FALSE,0.14924375000000012,-0.15167683649117936,3,0.7243200000002006,0.03997289972900902,rising,0.6457627118644068,middle
510,forward,14.839776666666667,1112.98325,75,24,20,44,0.5866666666666667,2,15.625843333333334,0.48359973359973363,TRUE,0.7860666666666667,-0.10306693306693304,2,-1.4075400000002027,-0.2135056425191432,declining,0.6352583586626139,middle
511,forward,16.286751666666667,1270.36663,78,24,17,41,0.5256410256410257,2,14.8364575,0.4461313334552771,FALSE,-1.4502941666666676,-0.07950969218574855,2,0.011057499999999701,0.07691542288556323,stable,0.7045454545454546,top
512,NA,NA,NA,NA,NA,NA,NA,NA,2,12.261875,0.20557491289198607,TRUE,NA,NA,NA,NA,NA,insufficient_history,NA,NA
513,forward,12.49756,512.39996,41,4,7,11,0.2682926829268293,2,14.842645000000001,0.520976353928299,TRUE,2.345085000000001,0.2526836710014697,1,NA,NA,insufficient_history,0.42470389170896783,middle
514,forward,16.049033333333334,1107.3833,69,13,25,38,0.5507246376811594,3,18.146607777777778,0.8236531986531986,FALSE,2.0975744444444437,0.2729285609720392,3,0.8050333333335585,0.17418546365919527,rising,0.7152658662092625,top
515,forward,18.770276666666668,1126.2166,60,24,34,58,0.9666666666666667,3,19.063278333333333,0.7854576475529528,FALSE,0.2930016666666653,-0.1812090191137139,2,3.8607533333339035,0.5320707070707854,rising,0.9103343465045592,top
516,NA,NA,NA,NA,NA,NA,NA,NA,1,6.484375,0.125,FALSE,NA,NA,NA,NA,NA,insufficient_history,NA,NA
517,forward,6.484375,103.75,16,1,1,2,0.125,1,11.466666666666667,0,TRUE,4.982291666666667,-0.125,NA,NA,NA,insufficient_history,0.033101045296167246,fringe
518,forward,11.466666666666667,34.4,3,0,0,0,0,0,NA,NA,FALSE,NA,NA,1,NA,NA,insufficient_history,0.29949238578680204,fringe
519,NA,NA,NA,NA,NA,NA,NA,NA,1,10.219443333333334,0.16666666666666666,FALSE,NA,NA,2,4.982291666664776,-0.12499999999995255,rising,NA,NA
520,forward,10.219443333333334,61.316660000000006,6,0,1,1,0.16666666666666666,1,13.766666666666667,0.2222222222222222,TRUE,3.547223333333333,0.05555555555555555,1,NA,NA,insufficient_history,0.19655172413793104,fringe
521,forward,13.766666666666667,123.9,9,1,1,2,0.2222222222222222,0,NA,NA,FALSE,NA,NA,1,NA,NA,insufficient_history,0.5327586206896552,middle
522,NA,NA,NA,NA,NA,NA,NA,NA,1,11.467186666666667,0.296875,TRUE,NA,NA,2,3.547223333333857,0.055555555555563796,rising,NA,NA
523,forward,11.467186666666667,733.8999466666667,64,11,8,19,0.296875,2,11.393838333333333,0.17120379620379622,TRUE,-0.07334833333333357,-0.12567120379620378,2,3.547223333333857,0.055555555555563796,rising,0.32370820668693007,fringe
524,forward,12.222293333333333,941.1165866666666,77,10,6,16,0.2077922077922078,1,11.813144999999999,0.2535211267605634,FALSE,-0.40914833333333434,0.04572891896835557,2,-0.9018033333329886,-0.16225961538455375,declining,0.26280623608017817,fringe
525,forward,15.964401666666667,1293.116535,81,19,22,41,0.5061728395061729,6,16.28727888888889,0.6337515331651158,TRUE,0.32287722222222115,0.12757869365894292,1,NA,NA,insufficient_history,0.7125645438898451,top
526,forward,16.910451666666663,997.7166483333332,59,22,21,43,0.7288135593220338,4,14.226774583333333,0.41108245456071546,FALSE,-2.6836770833333308,-0.3177311047613184,3,0.6509491666667906,0.09051067073172013,rising,0.7827586206896552,top
527,NA,NA,NA,NA,NA,NA,NA,NA,2,11.546851666666665,0.1206896551724138,FALSE,NA,NA,NA,NA,NA,insufficient_history,NA,NA
528,forward,11.80431,684.6499799999999,58,6,8,14,0.2413793103448276,2,14.367376666666667,0.34428518242740136,TRUE,2.5630666666666677,0.10290587208257376,1,NA,NA,insufficient_history,0.3362369337979094,middle
529,forward,13.796568333333335,938.1666466666668,68,6,15,21,0.3088235294117647,3,15.73638222222222,0.3960362968323777,TRUE,1.9398138888888852,0.08721276742061296,3,1.8243958333338934,0.18987341772156194,rising,0.5508474576271186,middle
530,forward,16.60700333333333,1145.88323,69,12,17,29,0.42028985507246375,2,14.771013333333334,0.3885670731707317,FALSE,-1.8359899999999971,-0.031722781901732056,3,0.9619425000002256,-0.0028966131907448033,rising,0.753448275862069,top
531,forward,14.731458333333336,1178.5166666666669,80,10,19,29,0.3625,1,12.604565,0.2602739726027397,FALSE,-2.126893333333337,-0.10222602739726028,2,-0.8982174999998946,-0.0028278543654998156,declining,0.5941558441558441,middle
532,NA,NA,NA,NA,NA,NA,NA,NA,2,12.913503333333335,0.07142857142857142,TRUE,NA,NA,NA,NA,NA,insufficient_history,NA,NA
533,defense,14.15034,693.36666,49,1,6,7,0.14285714285714285,1,14.033333333333333,0.1875,TRUE,-0.1170066666666667,0.04464285714285715,1,NA,NA,insufficient_history,0.2,fringe
534,defense,14.033333333333333,224.53333333333333,16,0,3,3,0.1875,1,14.709258333333334,0.08333333333333333,TRUE,0.6759250000000012,-0.10416666666666667,2,2.4736733333323953,0.14285714285708864,rising,0.18360655737704917,fringe
535,defense,14.709258333333334,529.5333,36,0,3,3,0.08333333333333333,1,11.088888333333335,0,TRUE,-3.6203699999999994,-0.08333333333333333,3,1.1783333333335175,0.09375000000001925,rising,0.24691358024691357,fringe
536,NA,NA,NA,NA,NA,NA,NA,NA,0,NA,NA,FALSE,NA,NA,3,-1.4722225000005473,-0.09375000000002254,declining,NA,NA
537,NA,NA,NA,NA,NA,NA,NA,NA,1,14.26884,0.043478260869565216,FALSE,NA,NA,2,-3.6203700000005328,-0.08333333333334558,declining,NA,NA
538,NA,NA,NA,NA,NA,NA,NA,NA,0,NA,NA,FALSE,NA,NA,1,NA,NA,insufficient_history,NA,NA
539,defense,21.841538333333332,1419.6999916666666,65,11,29,40,0.6153846153846154,6,23.170500277777776,0.6804525564224532,FALSE,1.328961944444444,0.06506794103783775,NA,NA,NA,insufficient_history,0.8032786885245902,top
540,defense,22.209008333333333,1643.4666166666666,74,6,41,47,0.6351351351351351,1,20.624376666666667,0.4925373134328358,TRUE,-1.5846316666666667,-0.1425978217022993,2,-2.3655266666670074,-0.15140086206898787,declining,0.8604651162790697,top
541,defense,20.624376666666667,1381.8332366666666,67,10,23,33,0.4925373134328358,1,20.551190000000002,0.35714285714285715,TRUE,-0.07318666666666473,-0.13539445628997865,2,0.02203333333333069,0.041705498602045504,stable,0.7687687687687688,top
542,defense,17.351666666666667,173.51666666666665,10,1,3,4,0.4,0,NA,NA,FALSE,NA,NA,3,-0.8289091666668118,-0.13899613899617336,declining,0.40625,middle
543,forward,17.02125,1361.6999999999998,80,26,38,64,0.8,3,19.78268166666667,0.8809540769521342,TRUE,2.7614316666666703,0.08095407695213419,2,4.47127166666497,0.4210526315787876,rising,0.7979094076655052,top
544,forward,20.67298833333333,1199.033323333333,58,20,42,62,1.0689655172413792,1,19.885279999999998,0.948051948051948,TRUE,-0.787708333333331,-0.12091356918943119,3,0.7701258333333327,-0.019718309859162862,rising,0.9828473413379074,top
545,forward,19.885279999999998,1531.16656,77,33,40,73,0.948051948051948,5,19.20470733333333,0.9398953591976847,FALSE,-0.6805726666666665,-0.008156588854263291,3,0.27971666666688044,0.12781609195406957,stable,0.9517241379310345,top
546,forward,7.094443333333333,21.28333,3,0,1,1,0.3333333333333333,1,8.35,0,TRUE,1.2555566666666662,-0.3333333333333333,1,NA,NA,insufficient_history,0.04878048780487805,fringe
547,forward,8.35,8.35,1,0,0,0,0,1,11.153508333333333,0.23684210526315788,TRUE,2.8035083333333333,0.23684210526315788,2,-1.6347224999998096,0.16666666666664734,declining,0.0727580372250423,fringe
548,forward,11.153508333333333,423.83331666666663,38,2,7,9,0.23684210526315788,0,NA,NA,FALSE,NA,NA,2,1.2555566666661913,-0.33333333333320675,rising,0.29491525423728815,fringe
549,NA,NA,NA,NA,NA,NA,NA,NA,0,NA,NA,FALSE,NA,NA,3,2.0295325000005686,-0.048245614035076115,rising,NA,NA
550,NA,NA,NA,NA,NA,NA,NA,NA,1,8.108333333333333,0,FALSE,NA,NA,2,2.803508333332272,0.23684210526306798,rising,NA,NA
551,NA,NA,NA,NA,NA,NA,NA,NA,1,9.895000000000001,0.4,FALSE,NA,NA,1,NA,NA,insufficient_history,NA,NA
552,NA,NA,NA,NA,NA,NA,NA,NA,1,10.970666666666666,0.28,FALSE,NA,NA,2,0.8933333333332317,0.1999999999999768,rising,NA,NA
553,NA,NA,NA,NA,NA,NA,NA,NA,0,NA,NA,FALSE,NA,NA,NA,NA,NA,insufficient_history,NA,NA
554,NA,NA,NA,NA,NA,NA,NA,NA,0,NA,NA,FALSE,NA,NA,NA,NA,NA,insufficient_history,NA,NA
555,NA,NA,NA,NA,NA,NA,NA,NA,1,10.392423333333333,0,TRUE,NA,NA,NA,NA,NA,insufficient_history,NA,NA
556,forward,10.392423333333333,114.31665666666666,11,0,0,0,0,1,12.13387,0.45161290322580644,TRUE,1.7414466666666666,0.45161290322580644,NA,NA,NA,insufficient_history,0.22340425531914893,fringe
557,forward,12.13387,376.14997,31,6,8,14,0.45161290322580644,0,NA,NA,FALSE,NA,NA,1,NA,NA,insufficient_history,0.37337662337662336,middle
558,NA,NA,NA,NA,NA,NA,NA,NA,2,10.346604166666665,0.18518518518518517,TRUE,NA,NA,NA,NA,NA,insufficient_history,NA,NA
559,forward,10.95432,295.76664,27,3,7,10,0.37037037037037035,1,11.933906666666667,0.3448275862068966,FALSE,0.9795866666666679,-0.025542784163473775,1,NA,NA,insufficient_history,0.25862068965517243,fringe
560,forward,11.933906666666667,692.1665866666667,58,10,10,20,0.3448275862068966,2,13.146683333333332,0.2307032590051458,TRUE,1.2127766666666648,-0.11412432720175078,2,1.2154316666668492,0.37037037037042486,rising,0.3586626139817629,middle
561,forward,14.492423333333333,637.6666266666666,44,8,4,12,0.2727272727272727,1,11.605951666666666,0.26785714285714285,TRUE,-2.886471666666667,-0.004870129870129858,2,-0.13296333333327964,-0.15614834092381838,stable,0.46547884187082406,middle
562,forward,18.034566666666667,1460.7999,81,23,36,59,0.7283950617283951,3,18.155917222222218,0.7261648745519713,TRUE,0.12135055555555141,-0.002230187176423759,1,NA,NA,insufficient_history,0.8416523235800344,top
563,forward,19.117333333333328,1433.7999999999995,75,17,35,52,0.6933333333333334,4,16.14255916666667,0.5967041337285902,FALSE,-2.974774166666659,-0.09662919960474314,3,-0.057740833333304056,-0.04161688570293045,stable,0.9508474576271186,top
564,forward,16.49675166666667,1270.2498783333335,77,18,31,49,0.6363636363636364,3,15.036484444444445,0.42455151074514313,FALSE,-1.4602672222222228,-0.21181212561849322,2,1.302355000000197,0.06295289855073391,rising,0.7477203647416414,top
565,NA,NA,NA,NA,NA,NA,NA,NA,2,18.608160833333333,0.15920523138832998,TRUE,NA,NA,NA,NA,NA,insufficient_history,NA,NA
566,defense,18.43392833333333,516.1499933333332,28,0,3,3,0.10714285714285714,2,18.704102500000005,0.20929233940226727,TRUE,0.27017416666667415,0.10214948225941013,NA,NA,NA,insufficient_history,0.521311475409836,middle
567,defense,18.62581166666667,1527.3165566666669,82,5,12,17,0.2073170731707317,3,21.09717444444444,0.28623873873873873,FALSE,2.4713627777777702,0.07892166556800703,2,0.3484649999998719,0.10412474849090621,stable,0.5694915254237288,middle
568,defense,18.977611666666668,1271.4999816666668,67,6,10,16,0.23880597014925373,3,17.837288333333333,0.337272579597141,FALSE,-1.1403233333333347,0.0984666094478873,2,-1.675981666666917,-0.03621621621622153,declining,0.6395348837209303,middle
569,NA,NA,NA,NA,NA,NA,NA,NA,1,10.458333333333334,0.2,FALSE,NA,NA,NA,NA,NA,insufficient_history,NA,NA
570,forward,10.458333333333334,209.16666666666669,20,2,2,4,0.2,1,6.759523333333333,0,TRUE,-3.698810000000001,-0.2,NA,NA,NA,insufficient_history,0.22165820642978004,fringe
571,forward,6.759523333333333,47.31666333333333,7,0,0,0,0,2,7.925555,0.11904761904761904,TRUE,1.166031666666667,0.11904761904761904,1,NA,NA,insufficient_history,0.01694915254237288,fringe
572,forward,7.5,105,14,1,0,1,0.07142857142857142,0,NA,NA,FALSE,NA,NA,3,-1.0536116666667124,-0.016666666666655644,declining,0.05172413793103448,fringe
573,NA,NA,NA,NA,NA,NA,NA,NA,0,NA,NA,FALSE,NA,NA,3,0.3702383333333231,0.03571428571428372,rising,NA,NA
574,NA,NA,NA,NA,NA,NA,NA,NA,1,8.1,0,TRUE,NA,NA,2,-0.8511099999996766,-0.09523809523805908,declining,NA,NA
575,forward,8.1,81,10,0,0,0,0,0,NA,NA,FALSE,NA,NA,1,NA,NA,insufficient_history,0.0547112462006079,fringe
576,NA,NA,NA,NA,NA,NA,NA,NA,0,NA,NA,FALSE,NA,NA,1,NA,NA,insufficient_history,NA,NA
577,NA,NA,NA,NA,NA,NA,NA,NA,0,NA,NA,FALSE,NA,NA,NA,NA,NA,insufficient_history,NA,NA
578,NA,NA,NA,NA,NA,NA,NA,NA,1,8.825,0.125,TRUE,NA,NA,NA,NA,NA,insufficient_history,NA,NA
579,forward,8.825,70.6,8,0,1,1,0.125,2,10.790539166666667,0.3970125786163522,TRUE,1.9655391666666677,0.2720125786163522,NA,NA,NA,insufficient_history,0.09605488850771869,fringe
580,forward,11.752776666666668,282.06664,24,3,7,10,0.4166666666666667,0,NA,NA,FALSE,NA,NA,2,1.003301666666289,0.252358490565942,rising,0.3293103448275862,fringe
581,NA,NA,NA,NA,NA,NA,NA,NA,1,16.513061666666665,0.47297297297297297,TRUE,NA,NA,3,1.463888333333735,0.14583333333336077,rising,NA,NA
582,forward,16.513061666666665,1221.9665633333332,74,17,18,35,0.47297297297297297,2,13.076079166666666,0.45731707317073167,TRUE,-3.436982499999999,-0.015655899802241302,2,1.924475000000288,0.03930817610063467,rising,0.7522796352583586,top
583,forward,9.621875,153.95,16,2,6,8,0.5,1,7.805554999999999,0,TRUE,-1.8163200000000002,-0.5,2,0.01722166666666913,-0.058338826631487414,stable,0.0645879732739421,fringe
584,NA,NA,NA,NA,NA,NA,NA,NA,0,NA,NA,FALSE,NA,NA,NA,NA,NA,insufficient_history,NA,NA
585,defense,13.618146666666666,612.8166,45,2,2,4,0.08888888888888889,2,15.049243333333331,0.31873015873015875,TRUE,1.4310966666666651,0.22984126984126985,NA,NA,NA,insufficient_history,0.14473684210526316,fringe
586,defense,14.20582,894.9666599999999,63,0,20,20,0.31746031746031744,2,19.713567499999996,0.22760290556900725,TRUE,5.507747499999997,-0.08985741189131019,2,2.274519999999138,0.23111111111102348,rising,0.1901639344262295,fringe
587,defense,20.142936666666664,1188.4332633333331,59,0,10,10,0.1694915254237288,3,19.929894444444443,0.3030338040222508,FALSE,-0.2130422222222208,0.13354227859852197,3,1.6957658333340337,-0.017142857142862705,rising,0.6910299003322259,top
588,defense,21.72967333333333,1781.833213333333,82,3,28,31,0.3780487804878049,1,21.445069999999998,0.23943661971830985,FALSE,-0.2846033333333331,-0.13861216076949504,2,1.0617666666662626,0.1889473684209809,rising,0.7831325301204819,top
589,forward,15.183333333333334,15.183333333333334,1,1,0,1,1,3,18.712889444444443,0.878187998124707,TRUE,3.529556111111109,-0.12181200187529295,NA,NA,NA,insufficient_history,0.6419965576592083,middle
590,forward,19.93059,1574.51661,79,30,48,78,0.9873417721518988,5,19.070787333333335,1.0671099496709253,FALSE,-0.8598026666666634,0.07976817751902654,2,2.5335416666670407,-0.20000000000002935,rising,0.9796954314720813,top
591,forward,18.574796666666668,1523.1333266666668,82,40,75,115,1.4024390243902438,2,19.115543333333335,0.8328703703703704,FALSE,0.5407466666666672,-0.5695686540198734,2,-1.2841866666668522,-0.37874564459935883,declining,0.8936170212765957,top
592,NA,NA,NA,NA,NA,NA,NA,NA,1,14.534848333333336,0.18181818181818182,FALSE,NA,NA,NA,NA,NA,insufficient_history,NA,NA
593,defense,14.534848333333336,319.7666633333334,22,0,4,4,0.18181818181818182,2,12.130320000000001,0.09096244131455399,FALSE,-2.404528333333335,-0.09085574050362784,NA,NA,NA,insufficient_history,0.2098360655737705,fringe
594,NA,NA,NA,NA,NA,NA,NA,NA,1,13.078293333333335,0.06976744186046512,TRUE,NA,NA,3,-1.3035358333335878,-0.0492424242424337,declining,NA,NA
595,defense,13.078293333333335,562.3666133333334,43,1,2,3,0.06976744186046512,2,15.718983333333332,0.18245838668373882,TRUE,2.6406899999999975,0.1126909448232737,2,-0.40508666666672766,-0.015258215962443554,declining,0.13953488372093023,fringe
596,defense,16.948356666666665,1203.3333233333333,71,1,12,13,0.18309859154929578,1,16.58383,0.22388059701492538,FALSE,-0.36452666666666644,0.0407820054656296,2,1.4113166666661288,0.1120507399576742,rising,0.3413654618473896,middle
597,NA,NA,NA,NA,NA,NA,NA,NA,2,10.724444166666666,0.15583333333333332,TRUE,NA,NA,NA,NA,NA,insufficient_history,NA,NA
598,forward,12.248888333333333,918.666625,75,6,8,14,0.18666666666666668,2,13.5322575,0.3145539906103286,FALSE,1.2833691666666667,0.12788732394366195,1,NA,NA,insufficient_history,0.37735849056603776,middle
599,NA,NA,NA,NA,NA,NA,NA,NA,4,14.086863333333334,0.2939772063465839,TRUE,NA,NA,3,0.5207241666667102,0.07333333333334856,rising,NA,NA
600,NA,NA,NA,NA,NA,NA,NA,NA,2,16.446,0.42000000000000004,FALSE,NA,NA,NA,NA,NA,insufficient_history,NA,NA
601,forward,17.770175,1350.5332999999998,76,25,28,53,0.6973684210526315,5,19.290173666666668,0.6867770810650433,FALSE,1.5199986666666696,-0.01059133998758821,2,-4.881333333334053,0.04000000000000583,declining,0.8460236886632826,top
602,forward,17.873866666666668,1447.7832,81,21,30,51,0.6296296296296297,3,20.67108277777778,0.8032176800641245,FALSE,2.797216111111112,0.17358805043449488,2,-2.933856666667094,-0.005278592375367309,declining,0.8389057750759878,top
603,NA,NA,NA,NA,NA,NA,NA,NA,0,NA,NA,FALSE,NA,NA,NA,NA,NA,insufficient_history,NA,NA
604,NA,NA,NA,NA,NA,NA,NA,NA,1,7.483333333333333,0,TRUE,NA,NA,NA,NA,NA,insufficient_history,NA,NA
605,forward,7.483333333333333,22.45,3,0,0,0,0,0,NA,NA,FALSE,NA,NA,NA,NA,NA,insufficient_history,0.03728813559322034,fringe
606,NA,NA,NA,NA,NA,NA,NA,NA,1,8.473958333333334,0.0625,TRUE,NA,NA,1,NA,NA,insufficient_history,NA,NA
607,forward,8.473958333333334,135.58333333333334,16,0,1,1,0.0625,0,NA,NA,FALSE,NA,NA,1,NA,NA,insufficient_history,0.09137931034482759,fringe
608,NA,NA,NA,NA,NA,NA,NA,NA,1,10.841666666666669,0,TRUE,NA,NA,1,NA,NA,insufficient_history,NA,NA
609,forward,10.841666666666669,21.683333333333337,2,0,0,0,0,0,NA,NA,FALSE,NA,NA,1,NA,NA,insufficient_history,0.2689969604863222,fringe
610,NA,NA,NA,NA,NA,NA,NA,NA,0,NA,NA,FALSE,NA,NA,1,NA,NA,insufficient_history,NA,NA
611,NA,NA,NA,NA,NA,NA,NA,NA,2,13.885796666666668,0.25861486486486485,FALSE,NA,NA,NA,NA,NA,insufficient_history,NA,NA
612,forward,14.018468333333335,1037.3666566666668,74,7,10,17,0.22972972972972974,2,15.471445,0.41016260162601625,TRUE,1.4529766666666646,0.1804328718962865,1,NA,NA,insufficient_history,0.5651438240270727,middle
613,forward,14.893703333333333,670.21665,45,8,13,21,0.4666666666666667,2,14.799904999999999,0.24947671376242805,FALSE,-0.09379833333333387,-0.21718995290423862,3,1.148030833333689,0.033079268292698645,rising,0.6157804459691252,middle
614,NA,NA,NA,NA,NA,NA,NA,NA,4,15.656176666666665,0.399315850200897,FALSE,NA,NA,3,0.033930000000030394,-0.13129251700683212,stable,NA,NA
615,NA,NA,NA,NA,NA,NA,NA,NA,2,9.773842499999999,0.1527777777777778,FALSE,NA,NA,NA,NA,NA,insufficient_history,NA,NA
616,forward,10.731018333333333,386.31666,36,6,5,11,0.3055555555555556,1,12.00111,0.26666666666666666,TRUE,1.2700916666666675,-0.03888888888888892,1,NA,NA,insufficient_history,0.24534686971235195,fringe
617,forward,12.00111,720.0666,60,6,10,16,0.26666666666666666,2,13.2036625,0.3004694835680751,TRUE,1.2025524999999995,0.03380281690140846,2,1.9143516666659461,0.3055555555554396,rising,0.3728813559322034,middle
618,forward,13.544649999999999,1097.11665,81,7,20,27,0.3333333333333333,1,13.511025,0.38461538461538464,TRUE,-0.033624999999998906,0.05128205128205132,3,1.0658283333335803,-0.01897496087637248,rising,0.496551724137931,middle
619,forward,13.511025,878.216625,65,10,15,25,0.38461538461538464,1,12.468381666666666,0.3235294117647059,FALSE,-1.0426433333333343,-0.06108597285067874,3,0.7717700000001816,0.03333333333334427,rising,0.5051724137931034,middle
620,forward,12.468381666666666,847.8499533333332,68,9,13,22,0.3235294117647059,2,11.605758333333334,0.27958172812328014,TRUE,-0.8626233333333317,-0.04394768364142576,2,-0.033624999999998816,0.05128205128205897,stable,0.4072948328267477,middle
621,NA,NA,NA,NA,NA,NA,NA,NA,1,12.846376666666666,0.08695652173913043,FALSE,NA,NA,NA,NA,NA,insufficient_history,NA,NA
622,forward,12.846376666666666,295.4666633333333,23,1,1,2,0.08695652173913043,1,14.395568333333332,0.31645569620253167,TRUE,1.5491916666666654,0.22949917446340123,NA,NA,NA,insufficient_history,0.45084745762711864,middle
623,forward,14.395568333333332,1137.2498983333332,79,13,12,25,0.31645569620253167,2,16.865053333333332,0.4731934731934732,FALSE,2.4694850000000006,0.15673777699094155,1,NA,NA,insufficient_history,0.5780445969125214,middle
624,NA,NA,NA,NA,NA,NA,NA,NA,4,16.206335,0.5067244624508676,FALSE,NA,NA,3,1.1611800000001664,0.08419639432299249,rising,NA,NA
625,NA,NA,NA,NA,NA,NA,NA,NA,3,11.977280555555556,0.2986243386243386,TRUE,NA,NA,NA,NA,NA,insufficient_history,NA,NA
626,forward,14.187333333333333,709.3666666666667,50,10,9,19,0.38,2,16.4164625,0.4634146341463415,TRUE,2.2291291666666684,0.08341463414634148,2,-1.2480816666661894,-0.3730158730157313,declining,0.5662020905923345,middle
627,forward,16.13069,1322.71658,82,12,21,33,0.4024390243902439,3,17.913574999999998,0.43545095037632353,TRUE,1.7828849999999967,0.033011925986079604,3,3.227010833334077,0.22648083623698337,rising,0.7220338983050848,top
628,forward,19.156965,1283.516655,67,26,16,42,0.6268656716417911,4,17.062910833333333,0.5044186337870357,FALSE,-2.094054166666666,-0.12244703785475541,3,0.8570908333335632,-0.04737335834898134,rising,0.9293103448275862,top
629,NA,NA,NA,NA,NA,NA,NA,NA,2,12.232065,0.15010141987829614,TRUE,NA,NA,NA,NA,NA,insufficient_history,NA,NA
630,defense,12.381371666666666,210.48331833333333,17,1,0,1,0.058823529411764705,2,16.81915083333333,0.2543859649122807,TRUE,4.437779166666665,0.195562435500516,1,NA,NA,insufficient_history,0.07796610169491526,fringe
631,defense,18.675729999999998,1064.51661,57,3,8,11,0.19298245614035087,1,18.020075000000002,0.36363636363636365,FALSE,-0.6556549999999959,0.17065390749601278,3,1.439906666667117,0.03720508166971893,rising,0.5925925925925926,middle
632,NA,NA,NA,NA,NA,NA,NA,NA,3,17.61613,0.24543325526932083,TRUE,NA,NA,3,1.528751666666864,0.02392344497609465,rising,NA,NA
633,defense,16.735,167.35,10,0,1,1,0.1,1,17.15601,0.39344262295081966,TRUE,0.421009999999999,0.2934426229508197,2,0.46865249999994796,-0.060389610389603346,rising,0.44144144144144143,middle
634,defense,17.15601,1046.51661,61,6,18,24,0.39344262295081966,1,14.976041666666667,0.125,TRUE,-2.1799683333333313,-0.26844262295081966,2,-2.222379999999154,-0.14285714285708861,declining,0.3614457831325301,middle
635,NA,NA,NA,NA,NA,NA,NA,NA,1,6.764101666666666,0,FALSE,NA,NA,NA,NA,NA,insufficient_history,NA,NA
636,forward,6.764101666666666,87.93332166666666,13,0,0,0,0,0,NA,NA,FALSE,NA,NA,NA,NA,NA,insufficient_history,0.01864406779661017,fringe
637,NA,NA,NA,NA,NA,NA,NA,NA,0,NA,NA,FALSE,NA,NA,NA,NA,NA,insufficient_history,NA,NA
638,NA,NA,NA,NA,NA,NA,NA,NA,2,17.2375,0.08333333333333333,FALSE,NA,NA,NA,NA,NA,insufficient_history,NA,NA
639,defense,17.108333333333334,102.65,6,1,0,1,0.16666666666666666,2,15.992339999999999,0.3076595744680851,TRUE,-1.1159933333333356,0.14099290780141846,1,NA,NA,insufficient_history,0.45723684210526316,middle
640,defense,17.84468,838.69996,47,2,10,12,0.2553191489361702,4,19.868130833333336,0.25557526847564394,FALSE,2.023450833333335,2.5611953947374255e-4,2,-2.9683333333322124,0.19333333333325997,declining,0.5114754098360655,middle
641,defense,21.028861666666668,1724.3666566666668,82,6,18,24,0.2926829268292683,2,17.796396666666666,0.12132043734230447,FALSE,-3.2324650000000013,-0.1713624894869638,2,-0.08715249999998824,0.05052605823341718,stable,0.7867867867867868,top
642,NA,NA,NA,NA,NA,NA,NA,NA,2,16.174644166666667,0.47558243727598565,FALSE,NA,NA,NA,NA,NA,insufficient_history,NA,NA
643,forward,16.409145000000002,1345.5498900000002,82,30,19,49,0.5975609756097561,2,16.2613575,0.42065040650406504,TRUE,-0.1477875000000033,-0.17691056910569103,2,4.190495000000621,0.1456093189964372,rising,0.754653130287648,top
644,forward,16.461333333333332,1234.6,75,13,19,32,0.4266666666666667,3,18.548539444444444,0.5273754494093477,FALSE,2.0872061111111115,0.10070878274268097,3,-1.1042550000002205,-0.06687647521639145,declining,0.7461406518010292,top
645,NA,NA,NA,NA,NA,NA,NA,NA,4,19.633075416666667,0.6991724948307786,TRUE,NA,NA,3,0.8275475000002205,-0.041904761904781436,rising,NA,NA
646,forward,17.253251666666664,1414.7666366666665,82,23,29,52,0.6341463414634146,5,17.237613666666665,0.5818246856871752,FALSE,-0.015637999999999153,-0.052321655776239484,3,1.1368583333335038,0.3012820512821025,rising,0.813588850174216,top
647,NA,NA,NA,NA,NA,NA,NA,NA,4,15.784726250000002,0.5219391297291123,FALSE,NA,NA,3,-0.37832583333347863,0.07106812447435847,declining,NA,NA
648,forward,14.709561666666668,897.2832616666667,61,12,14,26,0.4262295081967213,0,NA,NA,FALSE,NA,NA,3,-0.3841591666668288,-0.058005003126964785,declining,0.5076586433260394,middle
649,NA,NA,NA,NA,NA,NA,NA,NA,1,14.929351666666669,0.13432835820895522,FALSE,NA,NA,NA,NA,NA,insufficient_history,NA,NA
650,defense,14.929351666666669,1000.2665616666668,67,1,8,9,0.13432835820895522,2,19.2544675,0.2318840579710145,TRUE,4.3251158333333315,0.09755569976205927,NA,NA,NA,insufficient_history,0.2631578947368421,fringe
651,defense,20.740336666666668,1431.0832300000002,69,7,10,17,0.2463768115942029,1,19.38697833333333,0.171875,TRUE,-1.353358333333336,-0.07450181159420291,2,2.839246666665592,0.08306294613883936,rising,0.7573770491803279,top
652,defense,19.38697833333333,1240.7666133333332,64,2,9,11,0.171875,1,18.44926333333333,0.29411764705882354,TRUE,-0.9377150000000007,0.12224264705882354,3,2.9054925000007255,0.056024226692635536,rising,0.6512345679012346,middle
653,defense,18.44926333333333,1254.5499066666664,68,7,13,20,0.29411764705882354,3,18.604981111111112,0.19210743375605732,FALSE,0.15571777777778095,-0.10201021330276622,3,0.80919000000002,-0.022758152173922998,rising,0.5647840531561462,middle
654,defense,16.666036666666667,883.2999433333333,53,1,5,6,0.11320754716981132,1,20.656921666666666,0.2923076923076923,FALSE,3.9908849999999987,0.179100145137881,2,-0.017759999999984198,-0.03688524590162535,stable,0.3253012048192771,fringe
655,NA,NA,NA,NA,NA,NA,NA,NA,3,14.163847222222222,0.3307892356399819,TRUE,NA,NA,NA,NA,NA,insufficient_history,NA,NA
656,forward,13.159451666666666,881.6832616666666,67,8,9,17,0.2537313432835821,1,14.924858333333333,0.22033898305084745,TRUE,1.7654066666666672,-0.03339236023273465,2,1.1785566666668394,0.011363636363637979,rising,0.4906937394247039,middle
657,forward,14.924858333333333,880.5666416666667,59,7,6,13,0.22033898305084745,1,14.909008333333333,0.35135135135135137,TRUE,-0.015850000000000364,0.13101236830050392,3,-0.4586575000002551,-0.054952510176409994,declining,0.6338983050847458,middle
658,forward,14.909008333333333,1103.2666166666666,74,15,11,26,0.35135135135135137,2,13.6369525,0.3296875,TRUE,-1.272055833333333,-0.02166385135135135,3,-0.1652324999998837,-0.0773305084745919,stable,0.6226415094339622,middle
659,forward,13.503333333333332,945.2333333333332,70,8,13,21,0.3,0,NA,NA,FALSE,NA,NA,3,-0.5771433333335254,0.06951800847458839,declining,0.503448275862069,middle
660,NA,NA,NA,NA,NA,NA,NA,NA,2,13.96413,0.2695767195767196,TRUE,NA,NA,3,-0.7028375000001417,-0.025675675675684944,declining,NA,NA
661,forward,13.524690000000001,1095.49989,81,12,12,24,0.2962962962962963,2,11.919928333333335,0.13929618768328444,TRUE,-1.6047616666666666,-0.15700010861301184,2,0.4501183333332842,-0.02857142857142523,rising,0.49512987012987014,middle
662,NA,NA,NA,NA,NA,NA,NA,NA,2,13.350851666666667,0.24250440917107582,FALSE,NA,NA,NA,NA,NA,insufficient_history,NA,NA
663,forward,14.469958333333333,1172.066625,81,9,11,20,0.24691358024691357,2,16.05215833333333,0.629930743751882,TRUE,1.5821999999999985,0.3830171635049684,1,NA,NA,insufficient_history,0.6091370558375635,middle
664,forward,18.71686833333333,1534.7832033333332,82,43,35,78,0.9512195121951219,1,18.84695,0.6829268292682927,TRUE,0.1300816666666691,-0.2682926829268292,3,0.5778516666666689,0.03527336860671291,rising,0.9073756432246999,top
665,forward,18.84695,1545.4499,82,24,32,56,0.6829268292682927,5,17.874387666666667,0.6487671976932988,FALSE,-0.9725623333333324,-0.03415963157499391,3,2.1234550000007903,0.35215296597421597,rising,0.9103448275862069,top
666,NA,NA,NA,NA,NA,NA,NA,NA,2,14.033039166666667,0.5694183864915572,FALSE,NA,NA,NA,NA,NA,insufficient_history,NA,NA
667,forward,18.212336666666666,1402.3499233333332,77,30,36,66,0.8571428571428571,3,19.742781666666666,1.3198747528015822,TRUE,1.5304450000000003,0.4627318956587251,2,1.8359516666669413,0.446529080675488,rising,0.8781725888324873,top
668,forward,19.821458333333332,1585.7166666666667,80,39,61,100,1.25,6,20.343783333333334,1.4866226265421907,FALSE,0.5223250000000021,0.23662262654219068,3,2.2452125000004717,0.17798286090974372,rising,0.9588336192109777,top
669,forward,18.865416666666665,754.6166666666666,40,4,20,24,0.6,7,19.49260119047619,0.7333618098328852,TRUE,0.6271845238095253,0.13336180983288526,1,NA,NA,insufficient_history,0.8923357664233577,top
670,NA,NA,NA,NA,NA,NA,NA,NA,4,19.416223333333335,0.8987739126226666,FALSE,NA,NA,3,1.188306666666888,0.08213399503724235,rising,NA,NA
671,forward,19.325924999999998,695.7332999999999,36,9,8,17,0.4722222222222222,7,19.458657619047617,0.7605807429835718,TRUE,0.13273261904761924,0.2883585207613496,1,NA,NA,insufficient_history,0.9215328467153284,top
672,NA,NA,NA,NA,NA,NA,NA,NA,1,20.31764666666667,1.1568627450980393,FALSE,NA,NA,3,-0.056920833333439134,0.009971509971493769,stable,NA,NA
673,forward,16.747889999999998,1323.0833099999998,79,15,39,54,0.6835443037974683,2,18.031496666666666,0.8075127334465195,TRUE,1.2836066666666675,0.12396842964905119,2,-1.2624549999995267,-0.2400362318839668,declining,0.7752613240418118,top
674,forward,18.143639999999998,1378.91664,76,20,39,59,0.7763157894736842,5,18.834989333333333,1.0740118188348784,FALSE,0.6913493333333349,0.2976960293611942,3,-0.08976999999992963,0.018855485232093547,stable,0.8747884940778342,top
675,forward,19.42458333333333,1553.9666666666665,80,30,85,115,1.4375,3,17.867685555555557,0.7117597631876358,FALSE,-1.556897777777774,-0.7257402368123642,2,-0.0822000000000092,0.008483563096501995,stable,0.9452887537993921,top
676,defense,17.784615,462.39998999999995,26,1,2,3,0.11538461538461539,1,20.96276,0.375,TRUE,3.1781450000000007,0.2596153846153846,2,-2.5191616666670376,-0.11476091476093159,declining,0.47854785478547857,middle
677,defense,20.96276,1341.61664,64,3,21,24,0.375,5,21.209173,0.2065438298402617,FALSE,0.24641300000000044,-0.1684561701597383,3,-1.4179483333336007,-0.08076923076924808,declining,0.7278688524590164,top
678,NA,NA,NA,NA,NA,NA,NA,NA,4,22.519281250000002,0.3098496125806328,TRUE,NA,NA,3,-1.0504916666669888,-0.041950113378701887,declining,NA,NA
679,defense,22.945061666666668,1858.549995,81,4,14,18,0.2222222222222222,1,21.214788333333335,0.30985915492957744,FALSE,-1.7302733333333329,0.08763693270735523,2,1.3623983333328138,0.09756097560971912,rising,0.8594377510040161,top
680,forward,15.657745,1111.699895,71,8,20,28,0.39436619718309857,2,14.913925000000003,0.4247083775185578,TRUE,-0.7438199999999977,0.030342180335459212,2,0.2087533333333696,0.13079746413081667,stable,0.6920473773265652,top
681,forward,15.22012166666667,1248.049976666667,82,13,21,34,0.4146341463414634,2,17.5783825,0.6374779541446208,TRUE,2.358260833333331,0.22284380780315743,3,-0.39510666666682004,-0.0912506709608278,declining,0.6483704974271012,middle
682,forward,19.58619,1371.0332999999998,70,18,41,59,0.8428571428571429,1,18.31779166666667,0.7297297297297297,FALSE,-1.2683983333333302,-0.11312741312741315,3,0.48142333333344,-0.0013419216317755722,rising,0.95,top
683,forward,18.31779166666667,1355.5165833333335,74,21,33,54,0.7297297297297297,3,16.62738277777778,0.5253767329716696,FALSE,-1.6904088888888893,-0.20435299675806007,2,4.015615000000595,0.4107583774251046,rising,0.878419452887538,top
684,forward,16.437291666666663,1314.9833333333331,80,20,26,46,0.575,2,17.416155000000003,0.6451719576719577,TRUE,0.9788633333333401,0.07017195767195772,3,0.7146133333335126,0.18357487922708382,rising,0.7473867595818815,top
685,forward,17.072023333333338,956.0333066666668,56,14,23,37,0.6607142857142857,4,19.947934583333332,0.967751568963058,FALSE,2.8759112499999944,0.30703728324877233,3,1.7155300000003904,0.07568438003222315,rising,0.7966101694915254,top
686,NA,NA,NA,NA,NA,NA,NA,NA,4,19.53145208333333,0.9221964578800718,FALSE,NA,NA,3,1.8318041666670586,0.33150584795330557,rising,NA,NA
687,forward,18.548824999999997,1316.966575,71,29,32,61,0.8591549295774648,7,20.957378095238095,0.9925413152495306,FALSE,2.408553095238098,0.13338638567206584,3,3.5317066666674357,0.29878048780493244,rising,0.9052453468697124,top
688,forward,20.478805,1658.7832050000002,81,42,26,68,0.8395061728395061,2,20.3148575,1.0287400076132471,FALSE,-0.16394750000000258,0.189233834773741,2,-0.335314999999958,0.00830355265923804,stable,0.9756493506493507,top
689,forward,15.88913,730.89998,46,4,11,15,0.32608695652173914,2,18.737499166666666,0.46341463414634143,TRUE,2.848369166666666,0.1373276776246023,1,NA,NA,insufficient_history,0.6678832116788321,top
690,forward,18.38821,1507.83322,82,15,22,37,0.45121951219512196,5,20.119378333333334,0.7732201732519867,FALSE,1.7311683333333328,0.3220006610568647,3,2.4738058333340076,0.062480202724127853,rising,0.8972125435540069,top
691,NA,NA,NA,NA,NA,NA,NA,NA,3,18.402981666666665,0.5404865135000068,FALSE,NA,NA,3,-0.8800125000003378,-0.03587840226229755,declining,NA,NA
692,defense,21.335878333333334,1536.18324,72,10,32,42,0.5833333333333334,5,20.78786633333333,0.6009866292516353,FALSE,-0.5480120000000035,0.017653295918301892,2,1.9746899999992586,0.009672619047615573,rising,0.7639344262295082,top
693,NA,NA,NA,NA,NA,NA,NA,NA,4,20.941938333333333,0.7053076567632036,FALSE,NA,NA,3,0.8765741666671065,0.15723923196684492,rising,NA,NA
694,defense,23.901265000000002,1888.199935,79,8,11,19,0.24050632911392406,6,21.30996888888889,0.27050089741006106,TRUE,-2.591296111111113,0.029994568296137003,1,NA,NA,insufficient_history,0.9075907590759076,top
695,defense,21.551448333333333,1487.049935,69,2,26,28,0.4057971014492754,4,23.078010416666665,0.3917388988975379,FALSE,1.5265620833333315,-0.014058202551737509,3,0.4875774999999894,-0.07406743185080714,rising,0.7973421926910299,top
696,defense,13.399073333333334,482.36664,36,1,7,8,0.2222222222222222,1,12.715788333333334,0.10526315789473684,TRUE,-0.6832849999999997,-0.11695906432748537,2,2.957141666665548,-0.12499999999995255,rising,0.11475409836065574,fringe
697,defense,12.715788333333334,241.59997833333335,19,0,2,2,0.10526315789473684,1,16.210568333333335,0.17073170731707318,TRUE,3.4947800000000004,0.06546854942233635,3,-0.7171300000004868,0.0486111111111376,declining,0.09868421052631579,fringe
698,defense,16.210568333333335,664.6333016666667,41,5,2,7,0.17073170731707318,1,16.66053833333333,0.25,TRUE,0.4499699999999969,0.07926829268292682,3,-2.5373433333338133,0.05263157894736744,declining,0.3389830508474576,middle
699,defense,16.66053833333333,1132.9166066666664,68,5,12,17,0.25,2,15.270740833333331,0.17772692601067885,FALSE,-1.3897975000000002,-0.07227307398932115,3,1.405747500000522,-0.025745257452573417,rising,0.39672131147540984,middle
700,NA,NA,NA,NA,NA,NA,NA,NA,4,19.316821666666666,0.2373885930760716,FALSE,NA,NA,3,-0.4253174999999837,-0.05253623188407218,declining,NA,NA
701,forward,12.699711666666667,736.5832766666667,58,10,13,23,0.39655172413793105,1,15.034754999999999,0.524390243902439,TRUE,2.3350433333333314,0.127838519764508,2,-2.070939999999215,0.04615384615382867,declining,0.42334494773519166,middle
702,forward,15.034754999999999,1232.84991,82,22,21,43,0.524390243902439,2,16.693394166666664,0.6951219512195121,TRUE,1.6586391666666653,0.1707317073170731,3,-0.4120024999999667,0.12135278514592499,declining,0.6362098138747885,middle
703,forward,17.020325,1395.66665,82,23,35,58,0.7073170731707317,4,19.131072500000002,0.9799976516371445,FALSE,2.110747500000002,0.2726805784664128,3,1.8333758333337444,0.14318755256521767,rising,0.7993138936535163,top
704,forward,21.076875,1686.15,80,32,67,99,1.2375,3,19.44840888888889,1.0618633205154153,FALSE,-1.6284661111111127,-0.17563667948458472,2,5.4380100000008005,0.41681159420296016,rising,0.9924012158054711,top
705,NA,NA,NA,NA,NA,NA,NA,NA,1,14.783333333333331,0,FALSE,NA,NA,NA,NA,NA,insufficient_history,NA,NA
706,forward,12.16124,522.93332,43,4,6,10,0.23255813953488372,2,13.869305,0.350210970464135,TRUE,1.7080650000000013,0.1176528309292513,1,NA,NA,insufficient_history,0.3756345177664975,middle
707,forward,12.601476666666668,995.5166566666668,79,12,17,29,0.3670886075949367,1,15.793566666666667,0.40350877192982454,TRUE,3.1920899999999985,0.03642016433488782,3,0.17690000000027342,0.16666666666670263,stable,0.4099485420240137,middle
708,forward,15.793566666666667,900.2333,57,13,10,23,0.40350877192982454,1,17.226148333333335,0.5172413793103449,FALSE,1.4325816666666675,0.11373260738052032,3,0.22011833333315825,0.06726523403004042,stable,0.7068965517241379,top
709,NA,NA,NA,NA,NA,NA,NA,NA,4,14.700107916666667,0.3263374165733947,TRUE,NA,NA,3,2.3123358333338326,0.07507638585772591,rising,NA,NA
710,defense,20.509615,1599.74997,78,6,11,17,0.21794871794871795,5,19.610748666666666,0.231602910096558,FALSE,-0.8988663333333342,0.013654192147840055,2,-1.179871666666833,-0.17077625570778765,declining,0.7171052631578947,top
711,NA,NA,NA,NA,NA,NA,NA,NA,4,20.45178875,0.20123877206133775,TRUE,NA,NA,3,2.438555000000548,0.07168784029039943,rising,NA,NA
712,forward,10.033333333333331,10.033333333333331,1,0,0,0,0,1,11.125378333333334,0.22727272727272727,TRUE,1.0920450000000024,0.22727272727272727,1,NA,NA,insufficient_history,0.18612521150592218,fringe
713,forward,11.125378333333334,489.5166466666667,44,8,2,10,0.22727272727272727,1,13.286573333333333,0.375,TRUE,2.1611949999999993,0.14772727272727273,2,3.1333333333321423,0,rising,0.29152542372881357,fringe
714,forward,13.286573333333333,956.63328,72,13,14,27,0.375,1,12.73211333333333,0.1951219512195122,TRUE,-0.5544600000000024,-0.1798780487804878,3,2.112689166667106,0.11363636363640137,rising,0.4751286449399657,middle
715,forward,12.73211333333333,522.0166466666666,41,3,5,8,0.1951219512195122,1,11.531666666666666,0.225,TRUE,-1.2004466666666644,0.029878048780487804,3,1.626620000000449,0.18750000000004338,rising,0.4224137931034483,middle
716,forward,11.531666666666666,461.26666666666665,40,7,2,9,0.225,0,NA,NA,FALSE,NA,NA,3,0.8033675000000842,-0.016075388026625198,rising,0.30689655172413793,fringe
717,NA,NA,NA,NA,NA,NA,NA,NA,1,14.325,0,TRUE,NA,NA,3,-0.8774533333335804,-0.07500000000001003,declining,NA,NA
718,forward,14.325,28.65,2,0,0,0,0,2,12.097823333333334,0.4591642924976258,TRUE,-2.227176666666665,0.4591642924976258,2,-1.2004466666668419,0.02987804878049221,declining,0.5911854103343465,middle
719,forward,11.863168333333334,960.916635,81,14,23,37,0.4567901234567901,1,15.836903333333332,0.5142857142857142,FALSE,3.973734999999998,0.05749559082892414,2,-1.9925216666659096,0.4615384615382864,declining,0.22048997772828507,fringe
720,NA,NA,NA,NA,NA,NA,NA,NA,1,9.5,0,FALSE,NA,NA,NA,NA,NA,insufficient_history,NA,NA
721,forward,12.757188333333334,650.616605,51,4,6,10,0.19607843137254902,2,16.084763333333335,0.48428705440900566,TRUE,3.3275750000000013,0.28820862303645667,1,NA,NA,insufficient_history,0.45854483925549916,middle
722,forward,16.58782,862.56664,52,8,17,25,0.4807692307692308,2,18.310747499999998,0.6581464093201183,FALSE,1.7229274999999973,0.17737717855088747,3,3.040853333334071,0.24390243902445488,rising,0.7632933104631218,top
723,NA,NA,NA,NA,NA,NA,NA,NA,4,18.075570833333334,0.6090205182222508,FALSE,NA,NA,3,1.1281550000002702,0.090601300108358,rising,NA,NA
724,NA,NA,NA,NA,NA,NA,NA,NA,2,10.733090833333334,0.18604651162790697,FALSE,NA,NA,NA,NA,NA,insufficient_history,NA,NA
725,forward,11.995348333333334,515.7999783333333,43,9,7,16,0.37209302325581395,1,14.115833333333336,0.4375,TRUE,2.120485000000002,0.06540697674418605,1,NA,NA,insufficient_history,0.35365853658536583,middle
726,forward,14.115833333333336,1129.2666666666669,80,14,21,35,0.4375,2,15.936280833333335,0.4854854854854855,TRUE,1.8204474999999984,0.04798548548548548,2,2.524515000000374,0.37209302325586874,rising,0.5752961082910322,middle
727,forward,17.087653333333336,1384.09992,81,22,26,48,0.5925925925925926,2,15.425255833333331,0.4371794871794872,TRUE,-1.6623975000000044,-0.15541310541310538,3,1.3947800000002875,0.0031426775612778232,rising,0.8061749571183533,top
728,forward,15.058205,978.783325,65,17,14,31,0.47692307692307695,1,14.649333333333335,0.4,FALSE,-0.4088716666666645,-0.07692307692307693,3,0.5036991666666389,0.009528759528744784,rising,0.653448275862069,middle
729,forward,14.649333333333335,1098.7,75,16,14,30,0.4,1,12.624241666666668,0.3246753246753247,TRUE,-2.0250916666666665,-0.07532467532467535,2,-0.7341016666667707,0.07948717948719138,declining,0.6185410334346505,middle
730,forward,12.624241666666668,972.0666083333334,77,8,17,25,0.3246753246753247,2,14.7331,0.4983735170302334,TRUE,2.108858333333332,0.17369819235490874,2,-0.2044358333333079,-0.03846153846153394,stable,0.4253246753246753,middle
731,forward,15.001243333333331,1005.0833033333332,67,11,24,35,0.5223880597014925,0,NA,NA,FALSE,NA,NA,3,-0.0921883333331999,0.03717948717950577,stable,0.5273522975929978,middle
732,NA,NA,NA,NA,NA,NA,NA,NA,3,11.080811666666666,0.21961398017736045,TRUE,NA,NA,NA,NA,NA,insufficient_history,NA,NA
733,forward,16.07199,1157.18328,72,20,23,43,0.5972222222222222,5,18.283946333333333,0.6938940585848118,FALSE,2.211956333333333,0.09667183636258958,3,1.8110325000003693,0.2183098591549836,rising,0.7292724196277496,top
734,forward,17.985236666666665,1258.9665666666665,70,20,21,41,0.5857142857142857,3,18.107509999999998,0.7111727274214392,FALSE,0.12227333333333235,0.12545844170715348,2,-0.31373166666671043,0.022965440356748128,stable,0.8495440729483282,top
735,NA,NA,NA,NA,NA,NA,NA,NA,1,15.794839999999997,0.38095238095238093,FALSE,NA,NA,NA,NA,NA,insufficient_history,NA,NA
736,defense,15.794839999999997,663.3832799999999,42,3,13,16,0.38095238095238093,2,17.5797725,0.35655737704918034,TRUE,1.7849325000000036,-0.024395003903200596,NA,NA,NA,insufficient_history,0.34539473684210525,middle
737,defense,19.343698333333336,1586.1832633333336,82,10,31,41,0.5,3,18.5873,0.34342039109840966,FALSE,-0.7563983333333368,-0.15657960890159034,2,0.021006666666660463,-0.16783762685395665,stable,0.6327868852459017,middle
738,defense,18.982016666666667,721.3166333333334,38,2,12,14,0.3684210526315789,2,16.238611666666667,0.230737479361585,TRUE,-2.743404999999999,-0.13768357326999392,2,-2.5119100000003693,-0.23046757164407616,declining,0.6424418604651163,middle
739,defense,15.705071666666667,722.4332966666667,46,4,5,9,0.1956521739130435,1,14.04654,0.22641509433962265,FALSE,-1.6585316666666667,0.03076292042657916,2,-2.2098649999991578,-0.10259826782141344,declining,0.20883534136546184,fringe
740,NA,NA,NA,NA,NA,NA,NA,NA,2,11.441666666666666,0.25,FALSE,NA,NA,NA,NA,NA,insufficient_history,NA,NA
741,forward,11.941666666666666,23.883333333333333,2,1,0,1,0.5,1,12.089258333333333,0.4,TRUE,0.147591666666667,-0.09999999999999998,1,NA,NA,insufficient_history,0.34843205574912894,middle
742,forward,12.089258333333333,544.016625,45,7,11,18,0.4,2,17.207716666666666,0.827012987012987,TRUE,5.118458333333333,0.42701298701298696,2,0.4999999999999422,0.24999999999997097,rising,0.37055837563451777,middle
743,forward,17.504545,1347.849965,77,27,48,75,0.974025974025974,5,17.605596333333335,0.7783035749017777,FALSE,0.10105133333333427,-0.1957223991241963,3,2.4846108333341452,0.09000000000003816,rising,0.8353344768439108,top
744,forward,17.894918333333333,1467.3833033333333,82,42,27,69,0.8414634146341463,1,18.141428333333337,0.7,FALSE,0.24651000000000423,-0.14146341463414636,2,-0.42324499999983517,-0.11842105263153377,declining,0.7750556792873051,top
745,NA,NA,NA,NA,NA,NA,NA,NA,3,10.882486111111112,0.2492063492063492,TRUE,NA,NA,NA,NA,NA,insufficient_history,NA,NA
746,forward,11.305555,33.916665,3,0,1,1,0.3333333333333333,2,10.946491666666667,0.2525947067981318,TRUE,-0.3590633333333333,-0.08073862653520153,2,-0.8014299999996893,0.014285714285708842,declining,0.3101694915254237,fringe
747,forward,10.884041666666667,511.54995833333334,47,7,7,14,0.2978723404255319,2,13.465541666666667,0.28937282229965156,TRUE,2.5815,-0.008499518125880345,3,0.11694416666676996,0.0666666666666876,stable,0.24013722126929674,fringe
748,NA,NA,NA,NA,NA,NA,NA,NA,4,14.329026666666667,0.26721180563801744,FALSE,NA,NA,3,2.519050000000825,0.03677811550153942,rising,NA,NA
749,defense,17.125,34.25,2,0,1,1,0.5,3,17.629088333333332,0.6687763713080169,TRUE,0.5040883333333319,0.16877637130801693,NA,NA,NA,insufficient_history,0.43097643097643096,middle
750,defense,17.509915,1383.283285,79,14,26,40,0.5063291139240507,1,19.59401666666667,0.5,TRUE,2.084101666666669,-0.006329113924050667,2,-1.3416666666668637,0.5000000000000737,declining,0.44224422442244227,middle
751,defense,19.59401666666667,1528.3333000000002,78,12,27,39,0.5,1,21.613785,0.5432098765432098,TRUE,2.0197683333333316,0.043209876543209846,3,0.19245750000017284,0.0031645569619848627,stable,0.6262295081967213,middle
752,defense,21.613785,1750.716585,81,4,40,44,0.5432098765432098,4,20.947405833333335,0.7593372769069759,TRUE,-0.6663791666666654,0.2161274003637661,3,1.9053416666671545,-0.2500000000000421,rising,0.7828947368421053,top
753,defense,20.487431666666666,1249.7333316666666,61,9,40,49,0.8032786885245902,3,20.36816222222222,0.5621016714766714,FALSE,-0.11926944444444487,-0.24117701704791872,3,-0.15017833333328867,0.09924768518520578,stable,0.717607973421927,top
754,NA,NA,NA,NA,NA,NA,NA,NA,1,13.913986666666668,0.125,TRUE,NA,NA,NA,NA,NA,insufficient_history,NA,NA
755,forward,13.913986666666668,779.1832533333334,56,1,6,7,0.125,3,14.071063888888888,0.2226535478567999,TRUE,0.15707722222222031,0.09765354785679989,NA,NA,NA,insufficient_history,0.5301204819277109,middle
756,forward,14.577776666666667,1180.79991,81,8,13,21,0.25925925925925924,4,14.314310416666666,0.22735582572539095,TRUE,-0.26346625000000046,-0.03190343353386829,2,0.8063383333334562,0.09451219512196517,rising,0.6159052453468697,middle
757,NA,NA,NA,NA,NA,NA,NA,NA,2,13.089015,0.14041811846689894,TRUE,NA,NA,3,1.0777050000001414,-0.06268115942031234,rising,NA,NA
758,forward,12.06238,844.3666,70,3,3,6,0.08571428571428572,2,11.230984166666666,0.11790123456790123,TRUE,-0.8313958333333336,0.03218694885361552,2,-0.6193966666665925,0.022560975609753498,declining,0.36038961038961037,middle
759,NA,NA,NA,NA,NA,NA,NA,NA,1,7.316666666666666,0.5,FALSE,NA,NA,NA,NA,NA,insufficient_history,NA,NA
760,forward,7.316666666666666,14.633333333333333,2,0,1,1,0.5,1,15.367500000000001,0.4,TRUE,8.050833333333335,-0.09999999999999998,NA,NA,NA,insufficient_history,0.03553299492385787,fringe
761,forward,15.367500000000001,307.35,20,6,2,8,0.4,2,15.998129999999996,0.6902439024390243,TRUE,0.6306299999999947,0.2902439024390243,1,NA,NA,insufficient_history,0.6610169491525424,middle
762,forward,16.15792666666666,1324.9499866666663,82,25,39,64,0.7804878048780488,5,16.593842333333335,0.536462533962534,FALSE,0.4359156666666735,-0.24402527091551485,2,8.05083333333028,-0.09999999999996201,rising,0.7289879931389366,top
763,NA,NA,NA,NA,NA,NA,NA,NA,2,18.985949166666668,0.3639438525283274,FALSE,NA,NA,NA,NA,NA,insufficient_history,NA,NA
764,defense,23.22703166666667,1904.6165966666667,82,9,27,36,0.43902439024390244,5,22.965857666666665,0.6642517684975282,FALSE,-0.261174000000004,0.22522737825362577,2,2.703408333333735,-0.011838322340607136,rising,0.9111842105263158,top
765,NA,NA,NA,NA,NA,NA,NA,NA,4,22.673029999999997,0.6878268411804997,FALSE,NA,NA,3,1.3004641666669696,-0.054871220604737744,rising,NA,NA
766,NA,NA,NA,NA,NA,NA,NA,NA,2,20.595939166666668,0.41025641025641024,FALSE,NA,NA,NA,NA,NA,insufficient_history,NA,NA
767,defense,22.001875000000002,1760.15,80,10,18,28,0.35,5,22.868933333333334,0.38234453876717067,FALSE,0.8670583333333326,0.032344538767170694,2,2.3286316666670093,0.05128205128205889,rising,0.8125,top
768,defense,22.504928333333336,1597.849911666667,71,5,22,27,0.38028169014084506,3,22.443247222222222,0.47680969648133226,FALSE,-0.061681111111113296,0.0965280063404872,2,-1.3390833333335297,0.04229323308271309,declining,0.8808139534883721,top
769,NA,NA,NA,NA,NA,NA,NA,NA,2,13.72953,0.21485411140583555,FALSE,NA,NA,NA,NA,NA,insufficient_history,NA,NA
770,defense,16.840533333333333,1364.0832,81,10,16,26,0.32098765432098764,2,22.070356666666665,0.5285622593068036,TRUE,5.229823333333332,0.20757460498581592,2,2.5616266666670464,0.12201591511938138,rising,0.4342105263157895,middle
771,defense,23.814836666666668,1952.8166066666668,82,14,36,50,0.6097560975609756,4,22.564674583333336,0.4215563718390638,FALSE,-1.2501620833333327,-0.1881997257219118,3,2.6577666666673943,0.0857531760435818,rising,0.9245901639344263,top
772,defense,21.27763666666667,1680.9332966666668,79,4,10,14,0.17721518987341772,1,19.732674999999997,0.15789473684210525,TRUE,-1.5449616666666728,-0.019320453031312468,2,0.30275166666663617,0.06292906178488979,stable,0.8108108108108109,top
773,defense,19.732674999999997,1499.6832999999997,76,4,8,12,0.15789473684210525,1,15.119606666666666,0.13725490196078433,FALSE,-4.613068333333331,-0.02063983488132093,2,-1.8276249999992995,-0.2964690206527855,declining,0.6144578313253012,middle
774,NA,NA,NA,NA,NA,NA,NA,NA,2,13.281046666666665,0.30453929539295393,FALSE,NA,NA,NA,NA,NA,insufficient_history,NA,NA
775,forward,12.295833333333333,442.65,36,1,6,7,0.19444444444444445,1,10.502040000000001,0.2653061224489796,TRUE,-1.7937933333333316,0.07086167800453516,1,NA,NA,insufficient_history,0.4,middle
776,forward,10.502040000000001,514.59996,49,5,8,13,0.2653061224489796,1,10.135416666666666,0.16666666666666666,TRUE,-0.36662333333333486,-0.09863945578231295,2,-1.970426666665917,-0.22018970189693537,declining,0.19725557461406518,fringe
777,forward,10.135416666666666,243.25,24,1,3,4,0.16666666666666666,1,11.288333333333332,0.2,TRUE,1.1529166666666661,0.033333333333333354,3,-1.8821100000004616,-0.07466401194624848,declining,0.1879310344827586,fringe
778,forward,11.288333333333332,225.76666666666665,20,1,3,4,0.2,0,NA,NA,FALSE,NA,NA,3,-1.0802083333335455,-0.013888888888899444,declining,0.2896551724137931,fringe
779,NA,NA,NA,NA,NA,NA,NA,NA,0,NA,NA,FALSE,NA,NA,3,0.3931466666668264,-0.03265306122449249,rising,NA,NA
780,NA,NA,NA,NA,NA,NA,NA,NA,1,14.571110000000001,0.4,TRUE,NA,NA,2,1.1529166666668371,0.03333333333333828,rising,NA,NA
781,forward,14.571110000000001,437.1333,30,6,6,12,0.4,1,12.095423333333335,0.19607843137254902,FALSE,-2.4756866666666664,-0.203921568627451,1,NA,NA,insufficient_history,0.577922077922078,middle
782,NA,NA,NA,NA,NA,NA,NA,NA,0,NA,NA,FALSE,NA,NA,NA,NA,NA,insufficient_history,NA,NA
783,forward,9.491226666666668,540.9999200000001,57,0,5,5,0.08771929824561403,2,10.460509166666668,0.5810810810810811,TRUE,0.9692825000000003,0.4933617828354671,1,NA,NA,insufficient_history,0.13220338983050847,fringe
784,forward,7.61111,22.83333,3,1,2,3,1,1,9.166666666666666,1,TRUE,1.555556666666666,0,3,0.2757875000003627,0.056081081081096565,stable,0.05517241379310345,fringe
785,NA,NA,NA,NA,NA,NA,NA,NA,1,8.09611,0.23333333333333334,TRUE,NA,NA,3,-2.071620833333551,0.41891891891898836,declining,NA,NA
786,forward,8.09611,242.8833,30,5,2,7,0.23333333333333334,1,10.463333333333333,0.2,FALSE,2.3672233333333335,-0.033333333333333326,2,1.5555566666668936,3.1401849173680123e-16,rising,0.05319148936170213,fringe
787,NA,NA,NA,NA,NA,NA,NA,NA,1,9.671211666666666,0.09090909090909091,FALSE,NA,NA,2,2.3672233333324377,-0.03333333333332064,rising,NA,NA
788,NA,NA,NA,NA,NA,NA,NA,NA,3,18.740347222222223,0.2641260162601626,TRUE,NA,NA,NA,NA,NA,insufficient_history,NA,NA
789,defense,21.025,1724.05,82,4,21,25,0.3048780487804878,5,21.230763333333332,0.44219346686067956,FALSE,0.20576333333333352,0.13731541808019176,2,-0.27062499999989115,0.4874999999998149,stable,0.7704918032786885,top
790,defense,21.278125,1702.25,80,13,34,47,0.5875,1,21.715,0.35714285714285715,FALSE,0.43687500000000057,-0.23035714285714287,2,0.6661599999997508,-0.006473953628422615,rising,0.7590361445783133,top
791,NA,NA,NA,NA,NA,NA,NA,NA,2,12.050365000000001,0.3304761904761905,FALSE,NA,NA,NA,NA,NA,insufficient_history,NA,NA
792,forward,13.292063333333337,558.2666600000001,42,12,4,16,0.38095238095238093,2,15.390274166666664,0.5028481012658228,TRUE,2.0982108333333276,0.12189572031344187,1,NA,NA,insufficient_history,0.4965156794425087,middle
793,forward,16.32,1305.6,80,24,20,44,0.55,3,15.510347222222222,0.49249293036408626,FALSE,-0.809652777777778,-0.05750706963591379,3,1.8259408333337306,0.08784810126584355,rising,0.7389830508474576,top
794,NA,NA,NA,NA,NA,NA,NA,NA,3,14.162509444444444,0.36596119929453264,TRUE,NA,NA,3,0.2723183333335827,0.08218451749738863,stable,NA,NA
795,forward,12.93858,698.68332,54,5,8,13,0.24074074074074073,1,11.920958333333335,0.36363636363636365,TRUE,-1.017621666666665,0.12289562289562292,2,-2.5608549999990275,-0.14285714285708856,declining,0.32293986636971045,fringe
796,NA,NA,NA,NA,NA,NA,NA,NA,2,12.118010000000002,0.0967741935483871,FALSE,NA,NA,NA,NA,NA,insufficient_history,NA,NA
797,forward,10.241666666666667,20.483333333333334,2,0,0,0,0,2,12.985588333333332,0.318578741342969,TRUE,2.7439216666666653,0.318578741342969,2,-2.285551666665798,0.10222626079051103,declining,0.18305084745762712,fringe
798,forward,14.851218333333334,1217.7999033333333,82,12,20,32,0.3902439024390244,1,14.607141666666667,0.5510204081632653,FALSE,-0.2440766666666665,0.16077650572424085,3,0.34307833333346094,-0.024430533820188793,stable,0.6327586206896552,middle
799,NA,NA,NA,NA,NA,NA,NA,NA,4,16.290060416666666,0.4679279562347187,FALSE,NA,NA,3,1.7435916666669338,0.15205341395821434,rising,NA,NA
800,NA,NA,NA,NA,NA,NA,NA,NA,2,11.828009166666668,0.1736111111111111,TRUE,NA,NA,NA,NA,NA,insufficient_history,NA,NA
801,forward,13.356018333333333,961.63332,72,17,8,25,0.3472222222222222,2,11.902860833333333,0.2650316455696202,TRUE,-1.4531574999999997,-0.08219057665260199,1,NA,NA,insufficient_history,0.49056603773584906,middle
802,forward,11.097916666666666,621.4833333333333,56,5,2,7,0.125,0,NA,NA,FALSE,NA,NA,3,1.2039025000001453,0.20253164556965872,rising,0.2706896551724138,fringe
803,NA,NA,NA,NA,NA,NA,NA,NA,1,13.644736666666667,0.2631578947368421,TRUE,NA,NA,3,-1.1290508333336566,-0.11111111111115288,declining,NA,NA
804,forward,13.644736666666667,259.2499966666667,19,2,3,5,0.2631578947368421,1,12.439666666666664,0.24,TRUE,-1.2050700000000028,-0.0231578947368421,2,-1.6098883333335685,-0.2800632911392817,declining,0.5167173252279635,middle
805,forward,12.439666666666664,621.9833333333332,50,7,5,12,0.24,1,12.667186666666668,0.46875,TRUE,0.22752000000000372,0.22875,2,1.2734099999998527,0.06907894736841302,rising,0.4074675324675325,middle
806,forward,12.667186666666668,405.34997333333337,32,7,8,15,0.46875,1,12.343055,0.3125,FALSE,-0.32413166666666804,-0.15625,2,-1.2050699999995438,-0.02315789473683324,declining,0.3028953229398664,fringe
807,NA,NA,NA,NA,NA,NA,NA,NA,2,19.603524999999998,0.4108974358974359,FALSE,NA,NA,NA,NA,NA,insufficient_history,NA,NA
808,defense,19.960198333333338,1337.3332883333337,67,6,13,19,0.2835820895522388,5,18.42258233333333,0.21940303598840183,FALSE,-1.537616000000007,-0.06417905356383696,2,2.20961666666699,0.07820512820513983,rising,0.6677631578947368,top
809,defense,18.283079999999998,1206.68328,66,1,7,8,0.12121212121212122,1,18.70705,0.2948717948717949,TRUE,0.4239700000000006,0.17365967365967366,2,-0.1700000000000242,0.028205128205132456,stable,0.5755813953488372,middle
810,defense,18.70705,1459.1499,78,6,17,23,0.2948717948717949,2,17.9839525,0.23529411764705882,TRUE,-0.723097499999998,-0.05957767722473606,2,-0.06845999999999293,-0.07016317016316202,stable,0.5975975975975976,middle
811,defense,19.91397,1354.14996,68,2,13,15,0.22058823529411764,0,NA,NA,FALSE,NA,NA,3,-1.1145725000004063,0.06439393939394633,declining,0.60546875,middle
812,NA,NA,NA,NA,NA,NA,NA,NA,3,19.974485,0.1810699588477366,TRUE,NA,NA,NA,NA,NA,insufficient_history,NA,NA
813,defense,21.052880000000002,1705.28328,81,7,10,17,0.20987654320987653,7,22.21801476190476,0.47835743118631074,FALSE,1.1651347619047598,0.2684808879764342,1,NA,NA,insufficient_history,0.752542372881356,top
814,NA,NA,NA,NA,NA,NA,NA,NA,2,17.19772916666667,0.40304449648711943,FALSE,NA,NA,NA,NA,NA,insufficient_history,NA,NA
815,forward,15.03615,1067.56665,71,7,11,18,0.2535211267605634,1,13.159555000000001,0.21333333333333335,TRUE,-1.8765949999999982,-0.04018779342723003,2,3.763555000000555,0.1775175644028365,rising,0.637901861252115,middle
816,forward,13.159555000000001,986.966625,75,7,9,16,0.21333333333333335,2,13.660600000000002,0.2306338028169014,TRUE,0.5010450000000013,0.01730046948356806,3,-0.13990083333369602,-0.03038229376260036,stable,0.48983050847457626,middle
817,forward,13.611341666666668,980.0166000000002,72,5,13,18,0.25,1,13.793718333333334,0.2753623188405797,TRUE,0.1823766666666664,0.025362318840579712,3,-0.6631458333333977,-0.021126760563383976,declining,0.5017241379310344,middle
818,forward,13.793718333333334,951.766565,69,12,7,19,0.2753623188405797,2,13.88308,0.27321428571428574,FALSE,0.08936166666666523,-0.002148033126293969,3,0.2258933333333609,0.018333333333339523,stable,0.5344827586206896,middle
819,forward,12.976875000000001,1038.15,80,10,8,18,0.225,1,11.849735,0.2222222222222222,TRUE,-1.1271400000000007,-0.0027777777777777957,2,0.4977833333332741,0.023033126293993237,rising,0.45292207792207795,middle
820,forward,11.849735,746.533305,63,8,6,14,0.2222222222222222,1,11.486189999999999,0.08571428571428572,FALSE,-0.363545000000002,-0.1365079365079365,2,-1.8124099999993042,-0.09642857142853482,declining,0.21603563474387527,fringe
821,NA,NA,NA,NA,NA,NA,NA,NA,2,18.247169166666666,0.2214663643235072,FALSE,NA,NA,NA,NA,NA,insufficient_history,NA,NA
822,defense,19.30022166666667,1447.5166250000002,75,10,16,26,0.3466666666666667,2,23.272245833333333,0.22344859524544614,TRUE,3.972024166666664,-0.12321807142122054,2,2.0854950000003085,0.0755857898715153,rising,0.625,middle
823,defense,23.33943,1913.83326,82,5,14,19,0.23170731707317074,1,22.561035,0.35135135135135137,TRUE,-0.7783949999999997,0.11964403427818063,3,1.9575725000006425,-0.02203469292078347,rising,0.9016393442622951,top
824,defense,22.561035,1669.51659,74,7,19,26,0.35135135135135137,1,20.541069999999998,0.14285714285714285,TRUE,-2.0199650000000027,-0.20849420849420852,3,2.0196041666670093,-0.057479674796756156,rising,0.8796296296296297,top
825,defense,20.541069999999998,1150.29992,56,1,7,8,0.14285714285714285,0,NA,NA,FALSE,NA,NA,3,-0.32201333333345744,0.0680807389668361,stable,0.7275747508305648,top
826,NA,NA,NA,NA,NA,NA,NA,NA,4,20.65099958333333,0.29107497954764733,TRUE,NA,NA,3,-1.3991800000004047,-0.044425087108038705,declining,NA,NA
827,NA,NA,NA,NA,NA,NA,NA,NA,2,9.437614166666666,0.1878412813978886,FALSE,NA,NA,NA,NA,NA,insufficient_history,NA,NA
828,forward,12.912803333333331,1058.849873333333,82,7,16,23,0.2804878048780488,2,14.457045,0.34021263289555975,TRUE,1.5442416666666698,0.059724828017510945,2,2.99840166666711,0.13178012377140638,rising,0.467005076142132,middle
829,forward,15.988888333333334,1247.13329,78,14,21,35,0.44871794871794873,5,18.143225333333334,0.6176571529512705,FALSE,2.154337,0.16893920423332182,3,0.9941933333334997,-0.011012013105211582,rising,0.7084048027444254,top
830,forward,17.617676666666668,581.38333,33,13,9,22,0.6666666666666666,2,18.39582,0.6640227183705445,FALSE,0.7781433333333325,-0.002643948296122134,2,0.1553474999999817,0.009803921568626365,stable,0.8295454545454546,top
831,NA,NA,NA,NA,NA,NA,NA,NA,3,15.284620555555556,0.5405418969104606,TRUE,NA,NA,NA,NA,NA,insufficient_history,NA,NA
832,forward,15.973045,1293.816645,81,21,25,46,0.5679012345679012,2,17.662642500000004,0.5156290364246965,TRUE,1.6895975000000032,-0.05227219814320472,2,-0.7759400000001168,-0.2976268951879146,declining,0.7208121827411168,top
833,forward,18.10147666666667,1430.016656666667,79,22,24,46,0.5822784810126582,3,19.135026111111113,0.8305089219723366,FALSE,1.0335494444444429,0.2482304409596784,3,1.3356850000003226,0.03546540567446085,rising,0.8782161234991424,top
834,forward,19.940243333333335,1635.0999533333334,82,30,34,64,0.7804878048780488,3,18.96040111111111,0.7813430669970755,FALSE,-0.9798422222222243,8.552621190266452e-4,2,-0.5745583333334181,-0.21103896103899195,declining,0.9604863221884499,top
835,NA,NA,NA,NA,NA,NA,NA,NA,3,14.07454277777778,0.23780794369029665,TRUE,NA,NA,NA,NA,NA,insufficient_history,NA,NA
836,forward,16.240123333333333,1315.44999,81,15,27,42,0.5185185185185185,2,17.402235000000005,0.853658536585366,TRUE,1.1621116666666715,0.33514001806684746,3,0.6252141666669773,0.2243589743590269,rising,0.735593220338983,top
837,forward,17.917275,1469.21655,82,21,55,76,0.926829268292683,4,17.55082,0.7530281251256483,FALSE,-0.3664549999999984,-0.17380114316703466,3,0.7711616666668489,0.16588492808009925,rising,0.843103448275862,top
838,forward,16.401753333333332,1246.5332533333333,76,25,28,53,0.6973684210526315,1,16.972065,0.7746478873239436,FALSE,0.5703116666666688,0.0772794662713121,2,-0.7907433333330246,-0.30003819709690666,declining,0.6503340757238307,middle
839,NA,NA,NA,NA,NA,NA,NA,NA,1,17.546568333333333,0.20588235294117646,FALSE,NA,NA,NA,NA,NA,insufficient_history,NA,NA
840,defense,14.884848333333336,163.7333316666667,11,0,0,0,0,1,17.85164166666667,0.30985915492957744,TRUE,2.9667933333333334,0.30985915492957744,2,-2.0935383333325346,0.11229946524059914,declining,0.23389830508474577,fringe
841,defense,17.85164166666667,1267.4665583333335,71,3,19,22,0.30985915492957744,1,17.158333333333335,0.1935483870967742,TRUE,-0.6933083333333343,-0.11631076783280325,3,-1.3308600000002722,-0.10294117647063177,declining,0.5147540983606558,middle
842,defense,17.158333333333335,1063.8166666666668,62,3,9,12,0.1935483870967742,1,8.333333333333334,0,TRUE,-8.825000000000001,-0.1935483870967742,3,1.1993058333337785,-0.004161331626095408,rising,0.46296296296296297,middle
843,defense,8.333333333333334,16.666666666666668,2,0,0,0,0,0,NA,NA,FALSE,NA,NA,3,1.1367425000001303,0.09677419354839355,rising,0.013289036544850499,fringe
844,defense,15.501515000000001,170.51666500000002,11,0,4,4,0.36363636363636365,1,16.945833333333333,0.25,TRUE,1.4443183333333316,-0.11363636363636365,2,-8.825000000001296,-0.1935483870968027,declining,0.34593023255813954,middle
845,defense,16.945833333333333,135.56666666666666,8,0,2,2,0.25,0,NA,NA,FALSE,NA,NA,2,3.5840908333329176,0.1818181818181607,rising,0.4624624624624625,middle
846,defense,16.945833333333333,135.56666666666666,8,0,2,2,0.25,0,NA,NA,FALSE,NA,NA,2,3.5840908333329176,0.1818181818181607,rising,0.4624624624624625,middle
847,NA,NA,NA,NA,NA,NA,NA,NA,3,22.606426666666668,0.3479582146248813,TRUE,NA,NA,NA,NA,NA,insufficient_history,NA,NA
848,defense,22.06646,1787.3832599999998,81,6,15,21,0.25925925925925924,2,23.43060583333333,0.49318181818181817,TRUE,1.3641458333333318,0.23392255892255892,2,0.8800000000001409,-0.10769230769232348,rising,0.819078947368421,top
849,defense,21.89787833333333,1204.3833083333332,55,3,21,24,0.43636363636363634,1,22.878048333333332,0.6097560975609756,TRUE,0.9801700000000011,0.17339246119733925,3,0.8234616666670369,0.1057692307692724,rising,0.8131147540983606,top
850,defense,22.878048333333332,1875.9999633333332,82,8,42,50,0.6097560975609756,5,21.606849,0.350957711233427,FALSE,-1.2711993333333318,-0.2587983863275486,3,-0.08429083333360587,0.0885521885521938,stable,0.8950617283950617,top
851,NA,NA,NA,NA,NA,NA,NA,NA,3,14.73756222222222,0.45096935584740466,TRUE,NA,NA,NA,NA,NA,insufficient_history,NA,NA
852,forward,19.052641666666666,1562.3166166666667,82,33,31,64,0.7804878048780488,5,18.011395,0.884617404004067,FALSE,-1.041246666666666,0.10412959912601816,3,0.9271133333339776,0.2841463414634936,rising,0.9306260575296108,top
853,forward,18.097825,1248.749925,69,42,42,84,1.2173913043478262,3,18.36519388888889,0.9716376306620209,FALSE,0.267368888888889,-0.24575367368580525,2,-1.2658766666668515,-0.019345238095240868,declining,0.8586626139817629,top
854,NA,NA,NA,NA,NA,NA,NA,NA,0,NA,NA,FALSE,NA,NA,NA,NA,NA,insufficient_history,NA,NA
855,forward,16.1725,1293.8,80,12,21,33,0.4125,3,15.864100555555554,0.3637073974626717,TRUE,-0.30839944444444534,-0.048792602537328256,1,NA,NA,insufficient_history,0.7271186440677966,top
856,forward,15.89116,1048.81656,66,11,9,20,0.30303030303030304,4,13.742277916666668,0.24177256260589594,FALSE,-2.1488820833333317,-0.0612577404244071,3,0.12866750000011246,-0.021064814814822287,stable,0.7,top
857,NA,NA,NA,NA,NA,NA,NA,NA,2,14.612021666666667,0.12295081967213115,TRUE,NA,NA,NA,NA,NA,insufficient_history,NA,NA
858,defense,16.74071,1021.18331,61,3,12,15,0.2459016393442623,2,18.594819166666667,0.2907754010695187,TRUE,1.8541091666666674,0.04487376172525642,1,NA,NA,insufficient_history,0.4163934426229508,middle
859,defense,18.058578333333333,1227.9833266666667,68,4,17,21,0.3088235294117647,3,17.85270666666667,0.2833456548525042,FALSE,-0.20587166666666334,-0.025477874559260538,3,3.323863333334081,0.1363636363636612,rising,0.5282392026578073,middle
860,defense,17.597618333333333,1108.649955,63,2,9,11,0.1746031746031746,1,20.411341666666665,0.4583333333333333,TRUE,2.813723333333332,0.2837301587301587,2,-1.4938349999994354,0.017899543378988723,declining,0.42168674698795183,middle
861,NA,NA,NA,NA,NA,NA,NA,NA,2,20.29201833333333,0.42491014220972023,TRUE,NA,NA,NA,NA,NA,insufficient_history,NA,NA
862,defense,21.197118333333332,1716.966585,81,4,31,35,0.43209876543209874,4,22.990599583333335,0.41295731707317074,FALSE,1.7934812500000028,-0.019141448358928004,1,NA,NA,insufficient_history,0.7559322033898305,top
863,NA,NA,NA,NA,NA,NA,NA,NA,4,23.56984,0.4152153629156749,FALSE,NA,NA,3,0.19395666666671071,0.005335365853666643,stable,NA,NA
864,NA,NA,NA,NA,NA,NA,NA,NA,2,9.742221666666666,0.1111111111111111,FALSE,NA,NA,NA,NA,NA,insufficient_history,NA,NA
865,forward,9.173333333333332,91.73333333333332,10,0,0,0,0,1,10.476586666666666,0.11904761904761904,TRUE,1.303253333333334,0.11904761904761904,1,NA,NA,insufficient_history,0.1135593220338983,fringe
866,forward,10.476586666666666,440.01664,42,1,4,5,0.11904761904761904,1,13.81869333333333,0.4189189189189189,TRUE,3.3421066666666643,0.2998712998712999,2,-1.1377766666662343,-0.2222222222221379,declining,0.19382504288164665,fringe
867,forward,13.81869333333333,1022.5833066666664,74,14,17,31,0.4189189189189189,3,14.08167222222222,0.4037499093885316,FALSE,0.26297888888889,-0.0151690095303873,3,0.08273833333345387,-0.05158730158730029,stable,0.5362068965517242,middle
868,forward,13.865173333333331,928.9666133333332,67,10,18,28,0.417910447761194,1,13.249765,0.29577464788732394,TRUE,-0.6154083333333311,-0.12213579987387008,2,-0.19048666666664194,-0.006839131727623329,stable,0.5211038961038961,middle
869,forward,13.249765,940.733315,71,6,15,21,0.29577464788732394,1,13.233625,0.2982456140350877,FALSE,-0.016140000000000043,0.0024709661477637646,2,-0.1342616666666171,0.028079939286607104,stable,0.3518930957683742,middle
870,NA,NA,NA,NA,NA,NA,NA,NA,2,17.95841833333333,0.1232876712328767,FALSE,NA,NA,NA,NA,NA,insufficient_history,NA,NA
871,defense,21.87100333333333,1596.583243333333,73,6,12,18,0.2465753424657534,2,23.202583333333337,0.3638719512195122,TRUE,1.331580000000006,0.1172966087537588,1,NA,NA,insufficient_history,0.8169491525423729,top
872,defense,24.326625,1994.78325,82,11,21,32,0.3902439024390244,5,21.602307,0.31726450272021517,FALSE,-2.7243180000000002,-0.07297939971880923,3,4.016354166667351,0.1687500000000355,rising,0.9598765432098766,top
873,defense,20.47174666666666,1678.6832266666663,82,5,21,26,0.3170731707317073,1,22.168808333333338,0.3142857142857143,FALSE,1.6970616666666771,-0.0027874564459930418,2,-2.1283066666658543,-0.03626444159177062,declining,0.6706827309236948,top
874,NA,NA,NA,NA,NA,NA,NA,NA,2,8.368286666666666,0,FALSE,NA,NA,NA,NA,NA,insufficient_history,NA,NA
875,forward,8.879166666666666,35.516666666666666,4,0,0,0,0,2,11.992655,0.22026585820895522,TRUE,3.1134883333333327,0.22026585820895522,1,NA,NA,insufficient_history,0.08983050847457627,fringe
876,forward,12.116404999999999,775.4499199999999,64,5,6,11,0.171875,1,14.324871666666667,0.4,TRUE,2.208466666666668,0.22812500000000002,3,2.0057491666672473,0.1343283582089998,rising,0.35344827586206895,middle
877,forward,14.324871666666667,931.1166583333334,65,11,15,26,0.4,3,18.939169444444442,0.7641985726936501,FALSE,4.614297777777775,0.3641985726936501,3,1.618619166666953,0.0859375000000062,rising,0.5862068965517241,middle
878,forward,18.483555000000003,1386.2666250000002,75,16,35,51,0.68,1,19.503621666666668,0.6956521739130435,FALSE,1.020066666666665,0.01565217391304341,2,-0.29979999999988705,-0.007657446476008809,stable,0.8351893095768375,top
879,NA,NA,NA,NA,NA,NA,NA,NA,3,17.41433111111111,0.4106359649122807,TRUE,NA,NA,NA,NA,NA,insufficient_history,NA,NA
880,defense,19.594296666666665,1489.1665466666666,76,7,32,39,0.5131578947368421,5,20.48289966666667,0.5524048959170911,FALSE,0.8886030000000034,0.03924700118024893,2,7.532029999997145,0.7187499999997272,rising,0.6474576271186441,middle
881,defense,20.816666666666666,1561.25,75,13,28,41,0.5466666666666666,1,19.087448333333334,0.691358024691358,TRUE,-1.729218333333332,0.14469135802469135,2,1.9487949999997751,0.16811846689893523,rising,0.7747747747747747,top
882,defense,19.087448333333334,1546.083315,81,10,46,56,0.691358024691358,1,18.378415,0.639344262295082,FALSE,-0.7090333333333341,-0.052013762396275975,2,-1.37377999999948,-0.07528455284549974,declining,0.5261044176706827,middle
883,NA,NA,NA,NA,NA,NA,NA,NA,0,NA,NA,FALSE,NA,NA,NA,NA,NA,insufficient_history,NA,NA
884,NA,NA,NA,NA,NA,NA,NA,NA,1,8.032183333333332,0.1724137931034483,TRUE,NA,NA,NA,NA,NA,insufficient_history,NA,NA
885,forward,8.032183333333332,232.93331666666663,29,3,2,5,0.1724137931034483,1,8.95392,0.19607843137254902,TRUE,0.9217366666666678,0.02366463826910073,NA,NA,NA,insufficient_history,0.07586206896551724,fringe
886,forward,8.95392,456.64992,51,7,3,10,0.19607843137254902,1,7.9690466666666655,0.14285714285714285,FALSE,-0.9848733333333346,-0.05322128851540617,1,NA,NA,insufficient_history,0.1103448275862069,fringe
887,forward,7.9690466666666655,111.56665333333332,14,0,2,2,0.14285714285714285,0,NA,NA,FALSE,NA,NA,2,0.921736666666805,0.023664638269104272,rising,0.04559270516717325,fringe
888,NA,NA,NA,NA,NA,NA,NA,NA,0,NA,NA,FALSE,NA,NA,2,-0.49243666666660985,-0.026610644257699986,declining,NA,NA
889,NA,NA,NA,NA,NA,NA,NA,NA,3,13.893563333333335,0.26422764227642276,TRUE,NA,NA,NA,NA,NA,insufficient_history,NA,NA
890,forward,15.428455000000001,1265.1333100000002,82,11,21,32,0.3902439024390244,2,12.953005833333334,0.32412280701754387,TRUE,-2.4754491666666674,-0.06612109542148054,2,2.0189016666659025,0.40243902439009127,rising,0.6740994854202401,top
891,NA,NA,NA,NA,NA,NA,NA,NA,1,9.561563333333334,0.22448979591836735,TRUE,NA,NA,3,-1.8912650000005333,-0.06178861788619872,declining,NA,NA
892,NA,NA,NA,NA,NA,NA,NA,NA,2,9.263228333333334,0.2079895788102475,TRUE,NA,NA,3,-1.8912650000005333,-0.06178861788619872,declining,NA,NA
893,forward,8.964893333333332,421.3499866666666,47,1,8,9,0.19148936170212766,0,NA,NA,FALSE,NA,NA,2,-1.0421808333332132,-0.02108843537414718,declining,0.09415584415584416,fringe
894,NA,NA,NA,NA,NA,NA,NA,NA,1,8.567708333333334,0.08333333333333333,TRUE,NA,NA,2,-0.596669999999776,-0.03300043421622711,declining,NA,NA
895,NA,NA,NA,NA,NA,NA,NA,NA,2,17.206859166666668,0.22474747474747475,FALSE,NA,NA,NA,NA,NA,insufficient_history,NA,NA
896,defense,16.83409,740.69996,44,3,7,10,0.22727272727272727,3,19.678549444444442,0.24988753936122357,FALSE,2.8444594444444427,0.022614812088496306,1,NA,NA,insufficient_history,0.39322033898305087,middle
897,NA,NA,NA,NA,NA,NA,NA,NA,4,21.174713750000002,0.3315093746330119,FALSE,NA,NA,3,0.9289358333336927,-0.003373819163296136,rising,NA,NA
898,NA,NA,NA,NA,NA,NA,NA,NA,2,13.982486666666665,0.34596518987341773,TRUE,NA,NA,NA,NA,NA,insufficient_history,NA,NA
899,forward,14.331223333333332,1132.1666433333332,79,17,11,28,0.35443037974683544,2,14.930395833333332,0.37229938271604934,TRUE,0.5991724999999999,0.0178690029692139,1,NA,NA,insufficient_history,0.5711835334476844,middle
900,forward,13.803384999999999,883.4166399999999,64,9,11,20,0.3125,0,NA,NA,FALSE,NA,NA,3,1.2118283333336768,0.047299382716063584,rising,0.5362068965517242,middle
901,NA,NA,NA,NA,NA,NA,NA,NA,1,14.424018333333333,0.22058823529411764,TRUE,NA,NA,3,-0.2639191666669008,-0.020965189873431184,stable,NA,NA
902,forward,14.424018333333333,980.8332466666666,68,8,7,15,0.22058823529411764,1,13.610493333333332,0.30864197530864196,TRUE,-0.8135250000000003,0.08805374001452432,2,-2.2540216666669974,-0.11959876543211627,declining,0.601823708206687,middle
903,forward,13.610493333333332,1102.44996,81,11,14,25,0.30864197530864196,2,11.515520833333333,0.24583333333333335,TRUE,-2.094972499999999,-0.06280864197530861,2,0.31031666666663377,-0.045955882352935816,stable,0.5016233766233766,middle
904,NA,NA,NA,NA,NA,NA,NA,NA,1,11.697916666666664,0.125,FALSE,NA,NA,NA,NA,NA,insufficient_history,NA,NA
905,forward,11.697916666666664,93.58333333333331,8,0,1,1,0.125,2,15.43498,0.3104858104858105,TRUE,3.737063333333335,0.18548581048581048,NA,NA,NA,insufficient_history,0.32752613240418116,fringe
906,forward,15.67922,1207.29994,77,11,14,25,0.3246753246753247,2,14.248029166666667,0.2450316169828365,TRUE,-1.4311908333333339,-0.07964370769248819,2,3.4928233333320127,0.1712962962962313,rising,0.688135593220339,top
907,forward,14.485771666666668,1187.8332766666667,82,15,10,25,0.3048780487804878,1,11.259628333333334,0.28888888888888886,FALSE,-3.2261433333333347,-0.015989159891598936,3,-0.5902266666669063,-0.055555555555576404,declining,0.5948275862068966,middle
908,NA,NA,NA,NA,NA,NA,NA,NA,3,13.82684,0.3530384456386937,TRUE,NA,NA,3,-1.3753291666671659,0.05185185185185905,declining,NA,NA
909,forward,14.64695,1201.0499,82,14,18,32,0.3902439024390244,1,15.283808333333331,0.45714285714285713,FALSE,0.6368583333333309,0.06689895470383272,2,4.4318766666649845,0.16039685820580935,rising,0.48106904231625836,middle
910,NA,NA,NA,NA,NA,NA,NA,NA,1,21.963071666666668,0.3333333333333333,FALSE,NA,NA,NA,NA,NA,insufficient_history,NA,NA
911,defense,20.352291666666666,1628.1833333333334,80,3,28,31,0.3875,5,21.649047666666664,0.4446163999016039,FALSE,1.2967559999999985,0.05711639990160389,2,-3.7982583333318933,-0.04166666666665083,declining,0.711864406779661,top
912,defense,19.954936666666665,1616.3498699999998,81,7,26,33,0.4074074074074074,2,20.171765,0.3955223880597015,FALSE,0.21682833333333562,-0.01188501934770586,2,0.3209949999999611,0.06286231884057239,stable,0.7147147147147147,top
913,NA,NA,NA,NA,NA,NA,NA,NA,0,NA,NA,FALSE,NA,NA,NA,NA,NA,insufficient_history,NA,NA
914,forward,8.333333333333334,16.666666666666668,2,0,0,0,0,1,10.287253333333332,0.36764705882352944,TRUE,1.9539199999999983,0.36764705882352944,NA,NA,NA,insufficient_history,0.061016949152542375,fringe
915,forward,10.287253333333332,699.5332266666666,68,11,14,25,0.36764705882352944,1,9.185554999999999,0.2,TRUE,-1.1016983333333332,-0.16764705882352943,1,NA,NA,insufficient_history,0.18696397941680962,fringe
916,forward,9.185554999999999,275.56665,30,1,5,6,0.2,1,13.838235000000001,0.47058823529411764,TRUE,4.652680000000002,0.27058823529411763,2,1.9539199999982284,0.36764705882319626,rising,0.1310344827586207,fringe
917,forward,13.838235000000001,235.249995,17,6,2,8,0.47058823529411764,1,14.030555,0.3333333333333333,FALSE,0.19231999999999871,-0.13725490196078433,3,0.42611083333331107,0.10000000000000268,rising,0.5379310344827586,middle
918,forward,14.030555,84.18333,6,2,0,2,0.3333333333333333,0,NA,NA,FALSE,NA,NA,2,4.6526800000006885,0.2705882352941576,rising,0.5562310030395137,middle
919,NA,NA,NA,NA,NA,NA,NA,NA,0,NA,NA,FALSE,NA,NA,1,NA,NA,insufficient_history,NA,NA
920,NA,NA,NA,NA,NA,NA,NA,NA,1,10.617646666666667,0.23529411764705882,FALSE,NA,NA,NA,NA,NA,insufficient_history,NA,NA
921,forward,9.959313333333334,338.6166533333334,34,4,2,6,0.17647058823529413,3,14.420482777777776,0.30191570881226054,TRUE,4.461169444444442,0.1254451205769664,1,NA,NA,insufficient_history,0.1793570219966159,fringe
922,forward,16.044221666666665,1203.316625,75,15,15,30,0.4,5,15.483406666666667,0.3439777049078636,FALSE,-0.5608149999999981,-0.05602229509213641,3,3.0674625000009197,0.07843137254904592,rising,0.7275862068965517,top
923,NA,NA,NA,NA,NA,NA,NA,NA,0,NA,NA,FALSE,NA,NA,NA,NA,NA,insufficient_history,NA,NA
924,NA,NA,NA,NA,NA,NA,NA,NA,1,11.057141666666666,0.35714285714285715,TRUE,NA,NA,NA,NA,NA,insufficient_history,NA,NA
925,forward,11.057141666666666,309.59996666666666,28,6,4,10,0.35714285714285715,1,15.811593333333333,0.3188405797101449,FALSE,4.754451666666666,-0.03830227743271225,NA,NA,NA,insufficient_history,0.2655172413793103,fringe
926,NA,NA,NA,NA,NA,NA,NA,NA,2,13.963868333333334,0.3423687423687424,TRUE,NA,NA,2,4.754451666667371,-0.03830227743271787,rising,NA,NA
927,forward,12.909788333333333,813.316665,63,4,12,16,0.25396825396825395,1,14.935293333333336,0.4117647058823529,TRUE,2.0255050000000026,0.15779645191409897,2,-0.396822499999951,0.05596432552953644,declining,0.4448051948051948,middle
928,forward,14.935293333333336,1015.5999466666668,68,6,22,28,0.4117647058823529,1,14.327463333333332,0.30985915492957744,FALSE,-0.6078300000000034,-0.10190555095277548,2,-2.108159999999198,-0.1768009768009097,declining,0.48997772828507796,middle
929,defense,15.214284999999999,106.49999499999998,7,0,1,1,0.14285714285714285,3,16.982525,0.14832535885167464,TRUE,1.7682400000000005,0.005468215994531789,NA,NA,NA,insufficient_history,0.22112211221122113,fringe
930,defense,19.117531666666665,1472.049938333333,77,4,10,14,0.18181818181818182,3,19.71696722222222,0.2422870415565617,TRUE,0.599435555555555,0.06046885973837987,2,-4.089285000000601,-0.14285714285716386,declining,0.6118421052631579,middle
931,defense,18.944914999999998,1117.749985,59,4,10,14,0.23728813559322035,1,18.52878666666667,0.19696969696969696,FALSE,-0.41612833333332944,-0.040318438623523384,3,0.19170583333326086,0.02229845626072103,stable,0.6141975308641975,middle
932,NA,NA,NA,NA,NA,NA,NA,NA,4,20.4762,0.3334277995122547,TRUE,NA,NA,3,-0.4860783333334527,-0.01472269868496868,declining,NA,NA
933,defense,20.65662,1507.93326,73,8,20,28,0.3835616438356164,1,21.465846666666668,0.32786885245901637,FALSE,0.8092266666666674,-0.05569279137660005,2,-0.8323333333330146,0.035614035087705914,declining,0.6947791164658634,top
934,NA,NA,NA,NA,NA,NA,NA,NA,1,11.184126666666666,0.19047619047619047,FALSE,NA,NA,NA,NA,NA,insufficient_history,NA,NA
935,forward,11.997368333333332,683.8499949999999,57,7,9,16,0.2807017543859649,2,14.403109166666665,0.3460365853658537,TRUE,2.4057408333333328,0.06533483097988879,1,NA,NA,insufficient_history,0.3711864406779661,middle
936,forward,14.309551666666666,1173.3832366666666,82,10,16,26,0.3170731707317073,1,13.201960000000001,0.25,FALSE,-1.1075916666666643,-0.06707317073170732,3,1.6562700000004806,0.09226190476192787,rising,0.5862068965517241,middle
937,NA,NA,NA,NA,NA,NA,NA,NA,4,12.703964166666665,0.2574439102564103,TRUE,NA,NA,3,-0.6473533333335355,-0.06250000000001601,declining,NA,NA
938,NA,NA,NA,NA,NA,NA,NA,NA,2,15.752940833333334,0.19349845201238391,FALSE,NA,NA,NA,NA,NA,insufficient_history,NA,NA
939,defense,15.533333333333333,295.1333333333333,19,2,2,4,0.21052631578947367,2,15.735409999999998,0.18736106700539853,TRUE,0.2020766666666649,-0.023165248784075138,1,NA,NA,insufficient_history,0.3190789473684211,fringe
940,defense,15.134751666666665,711.3333283333333,47,4,8,12,0.2553191489361702,1,16.798528333333334,0.3235294117647059,TRUE,1.663776666666669,0.0682102628285357,2,0.8027349999996979,-0.09112333071481218,rising,0.25901639344262295,fringe
941,defense,16.798528333333334,571.1499633333333,34,2,9,11,0.3235294117647059,1,14.40977,0.20689655172413793,FALSE,-2.3887583333333335,-0.11663286004056797,3,-0.19929083333346873,0.022396416573363203,stable,0.42592592592592593,middle
942,NA,NA,NA,NA,NA,NA,NA,NA,0,NA,NA,FALSE,NA,NA,3,-0.3624908333335951,-0.024211298606029892,declining,NA,NA
943,NA,NA,NA,NA,NA,NA,NA,NA,1,16.9,1,TRUE,NA,NA,2,-2.3887583333336826,-0.11663286004058514,declining,NA,NA
944,defense,16.9,16.9,1,0,1,1,1,0,NA,NA,FALSE,NA,NA,1,NA,NA,insufficient_history,0.4594594594594595,middle
945,NA,NA,NA,NA,NA,NA,NA,NA,0,NA,NA,FALSE,NA,NA,1,NA,NA,insufficient_history,NA,NA
946,NA,NA,NA,NA,NA,NA,NA,NA,2,7.298873333333334,0.27702702702702703,TRUE,NA,NA,NA,NA,NA,insufficient_history,NA,NA
947,forward,6.7,13.4,2,1,0,1,0.5,1,11.142028333333334,0.2391304347826087,TRUE,4.442028333333334,-0.2608695652173913,1,NA,NA,insufficient_history,0.017241379310344827,fringe
948,forward,11.142028333333334,512.5333033333334,46,4,7,11,0.2391304347826087,0,NA,NA,FALSE,NA,NA,2,-1.1977466666662124,0.44594594594577674,declining,0.27586206896551724,fringe
949,NA,NA,NA,NA,NA,NA,NA,NA,2,8.162575,0.19090909090909092,TRUE,NA,NA,3,1.62214083333397,0.09253819036427104,rising,NA,NA
950,forward,7.926666666666667,39.63333333333333,5,0,1,1,0.2,1,8.054166666666667,0,FALSE,0.1275000000000004,-0.2,2,-1.3717724999998413,-0.028656126482210078,declining,0.05844155844155844,fringe
951,NA,NA,NA,NA,NA,NA,NA,NA,3,22.33768333333333,0.36598270744612205,TRUE,NA,NA,NA,NA,NA,insufficient_history,NA,NA
952,defense,23.438209999999998,1921.93322,82,5,29,34,0.4146341463414634,6,22.580793055555556,0.4361688424503421,FALSE,-0.8574169444444415,0.021534696108878704,1,NA,NA,insufficient_history,0.9186440677966101,top
953,defense,20.93189166666667,1695.4832250000002,81,6,31,37,0.4567901234567901,1,21.720951666666668,0.32857142857142857,FALSE,0.7890599999999992,-0.12821869488536153,2,-1.53828999999941,-0.1763824117254492,declining,0.7228915662650602,top
954,NA,NA,NA,NA,NA,NA,NA,NA,1,9.017566666666665,0.3783783783783784,FALSE,NA,NA,NA,NA,NA,insufficient_history,NA,NA
955,forward,13.464321666666667,861.7165866666667,64,18,11,29,0.453125,1,15.314083333333336,0.4647887323943662,TRUE,1.8497616666666694,0.011663732394366189,1,NA,NA,insufficient_history,0.5169491525423728,middle
956,forward,15.314083333333336,1087.2999166666668,71,16,17,33,0.4647887323943662,2,16.4095525,0.5916267942583732,TRUE,1.095469166666664,0.12683806186400698,2,4.4467549999983165,0.07474662162159329,rising,0.6638078902229846,middle
957,forward,15.844545,871.449975,55,11,15,26,0.4727272727272727,0,NA,NA,FALSE,NA,NA,3,1.7551191666670938,0.1287006578947785,rising,0.696551724137931,top
958,NA,NA,NA,NA,NA,NA,NA,NA,1,15.233928333333333,0.6071428571428571,TRUE,NA,NA,3,0.2652308333332782,0.003969270166434087,stable,NA,NA
959,forward,15.233928333333333,426.5499933333333,28,11,6,17,0.6071428571428571,1,16.003496666666667,0.49382716049382713,TRUE,0.7695683333333339,-0.11331569664902996,2,-1.1300150000001672,-0.237799043062236,declining,0.6610942249240122,middle
960,forward,16.003496666666667,1296.28323,81,20,20,40,0.49382716049382713,1,13.097618333333333,0.32142857142857145,FALSE,-2.905878333333334,-0.17239858906525568,2,-0.30530833333329743,0.06720779220778439,stable,0.685064935064935,top
961,NA,NA,NA,NA,NA,NA,NA,NA,3,15.368187777777779,0.047619047619047616,TRUE,NA,NA,NA,NA,NA,insufficient_history,NA,NA
962,defense,14.242063333333336,299.08333000000005,21,0,3,3,0.14285714285714285,1,12.98568,0.11267605633802817,TRUE,-1.2563833333333356,-0.030181086519114678,2,-7.170833333330604,0,declining,0.2033898305084746,fringe
963,defense,12.98568,921.98328,71,2,6,8,0.11267605633802817,1,17.842981666666667,0.2982456140350877,TRUE,4.857301666666666,0.18556955769705952,3,-2.637301666666948,0.07142857142859514,declining,0.10163934426229508,fringe
964,defense,17.842981666666667,1017.049955,57,6,11,17,0.2982456140350877,2,17.447155833333333,0.20439189189189189,FALSE,-0.3958258333333333,-0.09385372214319582,3,0.3199233333332794,0.05633802816902091,stable,0.5216049382716049,middle
965,defense,17.754728333333333,1313.8498966666666,74,5,16,21,0.28378378378378377,3,17.688454444444446,0.2558652729384437,FALSE,-0.066273888888886745,-0.027918510845340083,2,-0.7033983333334326,-0.17324561403511315,declining,0.5377906976744186,middle
966,NA,NA,NA,NA,NA,NA,NA,NA,1,15.449593333333333,0.34146341463414637,FALSE,NA,NA,NA,NA,NA,insufficient_history,NA,NA
967,NA,NA,NA,NA,NA,NA,NA,NA,1,18.555236666666666,0.45714285714285713,TRUE,NA,NA,1,NA,NA,insufficient_history,NA,NA
968,defense,18.555236666666666,649.4332833333333,35,5,11,16,0.45714285714285713,2,21.482955000000004,0.5994438051400077,TRUE,2.9277183333333383,0.1423009479971506,1,NA,NA,insufficient_history,0.5704918032786885,middle
969,defense,20.38131166666667,1345.16657,66,6,23,29,0.4393939393939394,0,NA,NA,FALSE,NA,NA,2,4.0293616666651415,0.30235081374310424,rising,0.707641196013289,top
970,NA,NA,NA,NA,NA,NA,NA,NA,1,16.218078333333334,0.3050847457627119,TRUE,NA,NA,3,0.9130374999999695,-0.008874458874486993,rising,NA,NA
971,defense,16.218078333333334,956.8666216666668,59,3,15,18,0.3050847457627119,1,19.77285666666667,0.6,TRUE,3.554778333333335,0.2949152542372881,2,-2.203286666666987,-0.3200997314921838,declining,0.39825581395348836,middle
972,defense,19.77285666666667,1384.099966666667,70,7,35,42,0.6,1,17.391885,0.40789473684210525,TRUE,-2.380971666666671,-0.19210526315789472,2,-2.0816166666664233,-0.06715459681560593,declining,0.6906906906906907,top
973,defense,17.391885,1321.78326,76,6,25,31,0.40789473684210525,1,16.314443333333333,0.3,FALSE,-1.0774416666666653,-0.10789473684210527,2,3.554778333331989,0.29491525423717624,rising,0.3855421686746988,middle
974,NA,NA,NA,NA,NA,NA,NA,NA,2,12.074304999999999,0.25,FALSE,NA,NA,NA,NA,NA,insufficient_history,NA,NA
975,forward,12.019871666666667,937.54999,78,17,12,29,0.3717948717948718,3,17.040126666666666,0.40106912058131566,TRUE,5.020254999999999,0.029274248786443857,2,-2.751389999998951,0.16666666666660346,declining,0.37457627118644066,middle
976,forward,16.058973333333334,417.5333066666667,26,1,3,4,0.15384615384615385,4,15.947688333333334,0.3756967670011148,FALSE,-0.11128500000000052,0.22185061315496096,3,2.5018525000003273,0.10068792995624729,rising,0.7189655172413794,top
977,NA,NA,NA,NA,NA,NA,NA,NA,2,16.946337500000002,0.26480335837384006,TRUE,NA,NA,NA,NA,NA,insufficient_history,NA,NA
978,defense,17.282191666666666,1261.5999916666667,73,6,15,21,0.2876712328767123,2,14.086184166666664,0.21445182724252493,TRUE,-3.196007500000002,-0.07321940563418738,1,NA,NA,insufficient_history,0.46885245901639344,middle
979,defense,13.227131666666667,568.7666616666667,43,1,7,8,0.18604651162790697,1,16.337178333333334,0.16923076923076924,FALSE,3.1100466666666673,-0.016815742397137734,3,-0.8326233333336768,4.608294930838433e-4,declining,0.11960132890365449,fringe
980,defense,16.337178333333334,1061.9165916666668,65,0,11,11,0.16923076923076924,3,17.099602222222224,0.15151515151515152,FALSE,0.7624238888888897,-0.01771561771561772,2,-1.7181050000002434,-0.05681063122924418,declining,0.4127906976744186,middle
981,NA,NA,NA,NA,NA,NA,NA,NA,3,11.496123888888889,0.2619047619047619,TRUE,NA,NA,NA,NA,NA,insufficient_history,NA,NA
982,forward,13.819666666666667,690.9833333333333,50,7,18,25,0.5,2,14.186981666666668,0.4325980392156863,TRUE,0.3673150000000014,-0.06740196078431371,2,3.287754999998753,0.2857142857141773,rising,0.5334476843910806,middle
983,forward,13.106371666666666,891.2332733333333,68,5,17,22,0.3235294117647059,0,NA,NA,FALSE,NA,NA,3,1.644680833333725,0.1279761904762151,rising,0.4672413793103448,middle
984,NA,NA,NA,NA,NA,NA,NA,NA,1,13.871773333333334,0.4032258064516129,TRUE,NA,NA,3,-0.356647500000241,-0.08823529411767986,declining,NA,NA
985,forward,13.871773333333334,860.0499466666666,62,13,12,25,0.4032258064516129,1,12.60064,0.4230769230769231,TRUE,-1.2711333333333332,0.019851116625310194,2,-2.1612200000003123,-0.2181372549019929,declining,0.5395136778115501,middle
986,forward,12.60064,327.61664,26,2,9,11,0.4230769230769231,0,NA,NA,FALSE,NA,NA,2,0.3827008333332899,0.03984819734344886,rising,0.42207792207792205,middle
987,NA,NA,NA,NA,NA,NA,NA,NA,1,13.231666666666666,0.26666666666666666,FALSE,NA,NA,2,-1.2711333333328472,0.019851116625302652,declining,NA,NA
988,NA,NA,NA,NA,NA,NA,NA,NA,1,14.971428333333332,0.8571428571428571,FALSE,NA,NA,NA,NA,NA,insufficient_history,NA,NA
989,forward,16.205893333333332,1328.8832533333332,82,20,16,36,0.43902439024390244,3,16.30675777777778,0.4335852513454712,TRUE,0.10086444444444709,-0.005439138898431228,1,NA,NA,insufficient_history,0.7305084745762712,top
990,forward,20.114788333333333,1428.1499716666667,71,16,27,43,0.6056338028169014,2,18.411718333333333,0.3046875,FALSE,-1.7030700000000003,-0.3009463028169014,3,-1.2069108333336376,-0.04268292682927446,declining,0.9672413793103448,top
991,forward,16.766666666666666,67.06666666666666,4,0,0,0,0,1,12.799529999999999,0.16901408450704225,TRUE,-3.9671366666666668,0.16901408450704225,2,-0.029009166666663262,0.0018705985915491734,stable,0.7564935064935064,top
992,forward,12.799529999999999,908.76663,71,4,8,12,0.16901408450704225,1,13.563808333333332,0.35714285714285715,TRUE,0.7642783333333334,0.1881287726358149,2,-3.290103333332079,-0.6093749999997687,declining,0.31625835189309576,fringe
993,NA,NA,NA,NA,NA,NA,NA,NA,2,20.18514083333333,0.3004694835680751,TRUE,NA,NA,NA,NA,NA,insufficient_history,NA,NA
994,defense,19.873333333333335,1490.5,75,1,24,25,0.3333333333333333,2,19.455714166666667,0.1829831447702609,TRUE,-0.4176191666666682,-0.15035018856307242,NA,NA,NA,insufficient_history,0.6611842105263158,middle
995,defense,22.355796666666667,1542.54997,69,5,15,20,0.2898550724637681,1,18.261281666666665,0.24615384615384617,TRUE,-4.094515000000001,-0.04370122630992196,3,-0.7294266666669651,-0.11748633879784781,declining,0.8611111111111112,top
996,NA,NA,NA,NA,NA,NA,NA,NA,1,15.465228333333332,0.22413793103448276,TRUE,NA,NA,3,-0.0765991666670246,0.0738965952080792,stable,NA,NA
997,NA,NA,NA,NA,NA,NA,NA,NA,1,15.465228333333332,0.22413793103448276,TRUE,NA,NA,3,-0.0765991666670246,0.0738965952080792,stable,NA,NA
998,defense,15.465228333333332,896.9832433333332,58,3,10,13,0.22413793103448276,2,16.12590416666667,0.25098347757671124,TRUE,0.660675833333336,0.026845546542228482,2,-4.094515000000599,-0.04370122630992835,declining,0.34011627906976744,middle
999,defense,15.994085,495.816635,31,3,5,8,0.25806451612903225,2,13.720528333333334,0.12195121951219512,TRUE,-2.273556666666666,-0.13611329661683713,2,-1.398026666666501,-0.01100795755968041,declining,0.3633633633633634,middle
1000,NA,NA,NA,NA,NA,NA,NA,NA,2,14.162125,0.5413826679649465,TRUE,NA,NA,NA,NA,NA,insufficient_history,NA,NA
1001,forward,14.882478333333333,1160.83331,78,15,27,42,0.5384615384615384,3,14.867588333333334,0.4809881175734834,FALSE,-0.014889999999999404,-0.057473420888055016,1,NA,NA,insufficient_history,0.6362068965517241,middle
1002,forward,14.618901666666666,1198.7499366666666,82,10,22,32,0.3902439024390244,2,16.359325833333333,0.4152353143249743,TRUE,1.740424166666667,0.024991411885949888,2,0.22270166666664168,0.09559099437147107,stable,0.5811688311688312,middle
1003,forward,15.284506666666665,1085.1999733333332,71,10,10,20,0.28169014084507044,0,NA,NA,FALSE,NA,NA,3,1.1097558333337487,-0.036585365853651526,rising,0.5645514223194749,middle
1004,NA,NA,NA,NA,NA,NA,NA,NA,1,15.333333333333334,0,FALSE,NA,NA,NA,NA,NA,insufficient_history,NA,NA
1005,defense,15.333333333333334,15.333333333333334,1,0,0,0,0,2,15.122618333333332,0.10714285714285714,TRUE,-0.2107150000000022,0.10714285714285714,NA,NA,NA,insufficient_history,0.26101694915254237,fringe
1006,defense,14.532141666666664,406.8999666666666,28,1,3,4,0.14285714285714285,0,NA,NA,FALSE,NA,NA,2,0.37976166666632055,0.0714285714285067,rising,0.2345679012345679,fringe
1007,NA,NA,NA,NA,NA,NA,NA,NA,1,19.120453333333334,0.18181818181818182,TRUE,NA,NA,2,-1.180953333332885,0.07142857142854432,declining,NA,NA
1008,defense,19.120453333333334,841.2999466666666,44,2,6,8,0.18181818181818182,2,18.194576666666666,0.13383838383838384,TRUE,-0.9258766666666673,-0.04797979797979798,1,NA,NA,insufficient_history,0.6540697674418605,middle
1009,defense,17.523104999999997,771.0166199999999,44,0,2,2,0.045454545454545456,0,NA,NA,FALSE,NA,NA,2,-0.2544049999998998,0.04040404040402504,stable,0.40963855421686746,middle
1010,NA,NA,NA,NA,NA,NA,NA,NA,0,NA,NA,FALSE,NA,NA,NA,NA,NA,insufficient_history,NA,NA
1011,NA,NA,NA,NA,NA,NA,NA,NA,2,6.8384608333333325,0.07692307692307693,FALSE,NA,NA,NA,NA,NA,insufficient_history,NA,NA
1012,forward,6.133333333333334,6.133333333333334,1,0,0,0,0,1,6.916666666666667,0,TRUE,0.7833333333333332,0,1,NA,NA,insufficient_history,0.010169491525423728,fringe
1013,forward,6.916666666666667,20.75,3,0,0,0,0,0,NA,NA,FALSE,NA,NA,2,-0.7051274999997311,-0.07692307692304773,declining,0.025728987993138937,fringe
1014,NA,NA,NA,NA,NA,NA,NA,NA,0,NA,NA,FALSE,NA,NA,2,0.7833333333326236,0,rising,NA,NA
1015,NA,NA,NA,NA,NA,NA,NA,NA,1,9.47735,0.07692307692307693,TRUE,NA,NA,1,NA,NA,insufficient_history,NA,NA
1016,NA,NA,NA,NA,NA,NA,NA,NA,1,9.47735,0.07692307692307693,TRUE,NA,NA,1,NA,NA,insufficient_history,NA,NA
1017,forward,9.47735,369.61665,39,2,1,3,0.07692307692307693,2,10.578059166666666,0.19154761904761905,TRUE,1.1007091666666664,0.11462454212454212,NA,NA,NA,insufficient_history,0.1474164133738602,fringe
1018,forward,9.729333333333333,729.6999999999999,75,5,9,14,0.18666666666666668,1,9.200616666666667,0.07407407407407407,FALSE,-0.5287166666666661,-0.1125925925925926,2,1.9494349999992615,0.11950549450544916,rising,0.06904231625835189,fringe
1019,NA,NA,NA,NA,NA,NA,NA,NA,0,NA,NA,FALSE,NA,NA,NA,NA,NA,insufficient_history,NA,NA
1020,NA,NA,NA,NA,NA,NA,NA,NA,1,11.603919999999999,0.11764705882352941,TRUE,NA,NA,NA,NA,NA,insufficient_history,NA,NA
1021,defense,11.603919999999999,394.53327999999993,34,1,3,4,0.11764705882352941,2,11.530150833333334,0.13434343434343435,TRUE,-0.07376916666666489,0.016696375519904938,NA,NA,NA,insufficient_history,0.05901639344262295,fringe
1022,defense,13.713333333333335,617.1,45,3,5,8,0.17777777777777778,1,7.399136666666666,0.08620689655172414,FALSE,-6.3141966666666685,-0.09157088122605364,2,-2.2569516666658056,-0.026737967914428337,declining,0.1461794019933555,fringe
1023,defense,7.399136666666666,429.14992666666666,58,2,3,5,0.08620689655172414,2,6.582579166666667,0.1015151515151515,TRUE,-0.8165574999999992,0.015308254963427359,2,4.366365000000647,0.08686868686869971,rising,0.014534883720930232,fringe
1024,defense,4.832961666666667,217.483275,45,2,1,3,0.06666666666666667,1,5.666666666666668,0,FALSE,0.833705000000001,-0.06666666666666667,2,0.9330599999996482,0.050156739811893176,rising,0,fringe
1025,NA,NA,NA,NA,NA,NA,NA,NA,0,NA,NA,FALSE,NA,NA,NA,NA,NA,insufficient_history,NA,NA
1026,NA,NA,NA,NA,NA,NA,NA,NA,0,NA,NA,FALSE,NA,NA,NA,NA,NA,insufficient_history,NA,NA
1027,NA,NA,NA,NA,NA,NA,NA,NA,1,7.014285,0.17142857142857143,TRUE,NA,NA,NA,NA,NA,insufficient_history,NA,NA
1028,NA,NA,NA,NA,NA,NA,NA,NA,1,7.595236666666667,0.2857142857142857,TRUE,NA,NA,1,NA,NA,insufficient_history,NA,NA
1029,NA,NA,NA,NA,NA,NA,NA,NA,1,7.595236666666667,0.2857142857142857,TRUE,NA,NA,1,NA,NA,insufficient_history,NA,NA
1030,forward,7.595236666666667,53.16665666666667,7,0,2,2,0.2857142857142857,0,NA,NA,FALSE,NA,NA,1,NA,NA,insufficient_history,0.041033434650455926,fringe
1031,NA,NA,NA,NA,NA,NA,NA,NA,0,NA,NA,FALSE,NA,NA,2,0.2904758333333002,0.057142857142850514,stable,NA,NA
1032,NA,NA,NA,NA,NA,NA,NA,NA,2,16.290287499999998,0.15473032714412024,TRUE,NA,NA,NA,NA,NA,insufficient_history,NA,NA
1033,defense,18.694251666666666,542.1332983333333,29,2,4,6,0.20689655172413793,1,13.886323333333333,0.10256410256410256,TRUE,-4.807928333333333,-0.10433244916003537,NA,NA,NA,insufficient_history,0.570957095709571,middle
1034,defense,13.886323333333333,541.56661,39,1,3,4,0.10256410256410256,2,16.7741425,0.25277777777777777,TRUE,2.8878191666666666,0.1502136752136752,1,NA,NA,insufficient_history,0.13442622950819672,fringe
1035,defense,15.47861,928.7166,60,3,14,17,0.2833333333333333,2,22.095913333333336,0.4827437446074202,TRUE,6.617303333333336,0.19941041127408687,3,-0.31228833333304296,0.007662835249053306,stable,0.27796610169491526,fringe
1036,defense,22.241008333333333,1690.3166333333334,76,5,31,36,0.47368421052631576,5,19.824559,0.38452785582230775,FALSE,-2.4164493333333326,-0.08915635470400801,3,0.796143333333246,0.09038461538463542,rising,0.8327868852459016,top
1037,defense,16.816401666666668,1059.433305,63,2,12,14,0.2222222222222222,1,16.078985,0.2608695652173913,TRUE,-0.7374166666666682,0.03864734299516909,2,-1.7425866666659984,-0.1479787817815426,declining,0.3373493975903614,middle
1038,defense,14.197618333333333,99.38332833333332,7,0,0,0,0,2,15.170535000000001,0.1488095238095238,TRUE,0.9729166666666682,0.1488095238095238,NA,NA,NA,insufficient_history,0.1453287197231834,fringe
1039,defense,17.87857,375.44997,21,0,1,1,0.047619047619047616,2,13.98125,0.125,TRUE,-3.8973200000000006,0.07738095238095238,1,NA,NA,insufficient_history,0.49504950495049505,middle
1040,defense,15.5,15.5,1,0,0,0,0,1,17.336273333333335,0.29411764705882354,TRUE,1.8362733333333345,0.29411764705882354,3,-0.8675591666672601,0.12500000000003755,declining,0.3157894736842105,fringe
1041,defense,17.336273333333335,589.4332933333334,34,2,8,10,0.29411764705882354,2,16.000840833333335,0.11237373737373738,TRUE,-1.3354324999999996,-0.18174390968508616,3,-1.189284999999948,-0.023809523809548528,declining,0.4271186440677966,middle
1042,defense,16.275925,292.96665,18,1,1,2,0.1111111111111111,1,14.769105000000001,0.14634146341463414,FALSE,-1.5068199999999994,0.03523035230352303,3,0.11287833333321554,0.056818181818176244,stable,0.39197530864197533,middle
1043,defense,14.769105000000001,605.533305,41,2,4,6,0.14634146341463414,0,NA,NA,FALSE,NA,NA,3,-0.530174166666712,-0.09150326797387168,declining,0.24916943521594684,fringe
1044,defense,15.330555,1195.78329,78,4,9,13,0.16666666666666666,2,13.634379166666669,0.09165302782324058,TRUE,-1.6961758333333314,-0.07501363884342607,2,-1.5068200000002185,0.03523035230352825,declining,0.3226744186046512,fringe
1045,defense,12.700320000000001,660.41664,52,1,3,4,0.07692307692307693,0,NA,NA,FALSE,NA,NA,2,-0.7621166666663756,-0.06028368794323952,declining,0.04417670682730924,fringe
1046,NA,NA,NA,NA,NA,NA,NA,NA,2,9.5802625,0.05263157894736842,FALSE,NA,NA,NA,NA,NA,insufficient_history,NA,NA
1047,forward,10.383333333333333,10.383333333333333,1,0,0,0,0,1,13.766666666666667,0,TRUE,3.3833333333333346,0,1,NA,NA,insufficient_history,0.19210977701543738,fringe
1048,forward,13.766666666666667,13.766666666666667,1,0,0,0,0,1,11.516666666666667,0,FALSE,-2.25,0,2,1.606141666665212,-0.10526315789464144,rising,0.5206896551724138,middle
1049,NA,NA,NA,NA,NA,NA,NA,NA,1,10.72552,0.28125,TRUE,NA,NA,3,0.566666666666573,-0,rising,NA,NA
1050,forward,10.72552,343.21664,32,2,7,9,0.28125,1,6.579761666666667,0,TRUE,-4.145758333333332,-0.28125,2,-2.2500000000003295,0,declining,0.2553191489361702,fringe
1051,forward,6.579761666666667,92.11666333333334,14,0,0,0,0,0,NA,NA,FALSE,NA,NA,2,-0.39557333333328654,0.14062499999998365,declining,0.00974025974025974,fringe
1052,NA,NA,NA,NA,NA,NA,NA,NA,0,NA,NA,FALSE,NA,NA,NA,NA,NA,insufficient_history,NA,NA
1053,NA,NA,NA,NA,NA,NA,NA,NA,0,NA,NA,FALSE,NA,NA,NA,NA,NA,insufficient_history,NA,NA
1054,NA,NA,NA,NA,NA,NA,NA,NA,0,NA,NA,FALSE,NA,NA,NA,NA,NA,insufficient_history,NA,NA
1055,NA,NA,NA,NA,NA,NA,NA,NA,2,15.14985,0.11160714285714285,TRUE,NA,NA,NA,NA,NA,insufficient_history,NA,NA
1056,defense,17.363193333333335,833.4332800000001,48,2,3,5,0.10416666666666667,2,13.363347500000001,0.08927727916863486,FALSE,-3.9998458333333335,-0.014889387498031814,1,NA,NA,insufficient_history,0.4954954954954955,middle
1057,NA,NA,NA,NA,NA,NA,NA,NA,1,17.444443333333332,0,FALSE,NA,NA,NA,NA,NA,insufficient_history,NA,NA
1058,defense,17.444443333333332,52.33333,3,0,0,0,0,1,14.572221666666668,0.13333333333333333,TRUE,-2.8722216666666647,0.13333333333333333,NA,NA,NA,insufficient_history,0.43728813559322033,middle
1059,defense,14.572221666666668,874.3333,60,2,6,8,0.13333333333333333,1,16.966405,0.234375,TRUE,2.394183333333334,0.10104166666666667,1,NA,NA,insufficient_history,0.21311475409836064,fringe
1060,defense,16.966405,1085.84992,64,4,11,15,0.234375,1,20.116666666666667,0.4,TRUE,3.1502616666666654,0.16562500000000002,2,-2.8722216666640588,0.13333333333321248,declining,0.4351851851851852,middle
1061,defense,20.116666666666667,905.25,45,7,11,18,0.4,2,22.235529166666666,0.466358024691358,FALSE,2.1188624999999988,0.06635802469135799,3,-0.23901916666651174,0.11718750000002785,stable,0.6877076411960132,top
1062,defense,23.3725,1869.8,80,8,36,44,0.55,3,22.63935222222222,0.5399345224389063,FALSE,-0.7331477777777771,-0.010065477561093772,2,3.150261666667134,0.16562500000002447,rising,0.9127906976744186,top
1063,NA,NA,NA,NA,NA,NA,NA,NA,3,11.795305555555556,0.1935037804603022,TRUE,NA,NA,NA,NA,NA,insufficient_history,NA,NA
1064,forward,12.774773333333334,945.3332266666667,74,9,7,16,0.21621621621621623,1,13.116666666666667,0.23529411764705882,TRUE,0.34189333333333316,0.019077901430842592,2,-0.1625933333331836,-0.05994729907767949,stable,0.42586206896551726,middle
1065,forward,13.116666666666667,445.9666666666667,34,4,4,8,0.23529411764705882,1,14.011206666666668,0.25862068965517243,FALSE,0.894540000000001,0.02332657200811361,3,0.6939525000002414,0.0020475020475076724,rising,0.4724137931034483,middle
1066,forward,14.011206666666668,812.6499866666668,58,7,8,15,0.25862068965517243,1,12.572579999999999,0.3064516129032258,TRUE,-1.4386266666666696,0.04783092324805338,2,0.34189333333338395,0.01907790143084539,stable,0.5531914893617021,middle
1067,forward,12.572579999999999,779.4999599999999,62,8,11,19,0.3064516129032258,1,12.442995,0.13043478260869565,TRUE,-0.12958499999999873,-0.17601683029453016,2,0.4472699999999502,0.011663286004055463,rising,0.4155844155844156,middle
1068,forward,12.442995,858.566655,69,6,3,9,0.13043478260869565,1,11.299999999999999,0.16279069767441862,TRUE,-1.1429950000000009,0.03235591506572297,2,-1.4386266666661223,0.04783092324803526,declining,0.2717149220489978,fringe
1069,NA,NA,NA,NA,NA,NA,NA,NA,1,12.563193333333336,0.08333333333333333,TRUE,NA,NA,NA,NA,NA,insufficient_history,NA,NA
1070,defense,12.563193333333336,301.51664000000005,24,1,1,2,0.08333333333333333,1,17.448245,0.2807017543859649,FALSE,4.885051666666664,0.19736842105263158,NA,NA,NA,insufficient_history,0.08196721311475409,fringe
1071,NA,NA,NA,NA,NA,NA,NA,NA,2,15.481180000000002,0.20416666666666666,FALSE,NA,NA,2,2.4425258333330495,0.09868421052630434,rising,NA,NA
1072,NA,NA,NA,NA,NA,NA,NA,NA,2,16.063383333333334,0.05857385398981324,TRUE,NA,NA,NA,NA,NA,insufficient_history,NA,NA
1073,defense,17.70526166666667,336.3999716666667,19,0,1,1,0.05263157894736842,2,15.242835833333334,0.11559139784946236,FALSE,-2.4624258333333344,0.06295981890209394,NA,NA,NA,insufficient_history,0.5061728395061729,middle
1074,defense,17.855768333333334,1392.74993,78,5,18,23,0.2948717948717949,2,15.943508333333334,0.1972573839662447,FALSE,-1.9122599999999998,-0.09761441090555018,2,0.8213308333332398,0.05107526881719837,rising,0.5435435435435435,middle
1075,NA,NA,NA,NA,NA,NA,NA,NA,1,14.844443333333336,0,FALSE,NA,NA,NA,NA,NA,insufficient_history,NA,NA
1076,NA,NA,NA,NA,NA,NA,NA,NA,1,15.628786666666667,0.2545454545454545,TRUE,NA,NA,1,NA,NA,insufficient_history,NA,NA
1077,defense,15.628786666666667,859.5832666666666,55,7,7,14,0.2545454545454545,2,16.9758875,0.26662660256410253,FALSE,1.3471008333333323,0.012081148018648014,1,NA,NA,insufficient_history,0.3023255813953488,fringe
1078,defense,16.29188,1270.7666399999998,78,3,13,16,0.20512820512820512,2,17.7512975,0.175,FALSE,1.4594175000000007,-0.030128205128205132,2,1.0155541666665484,0.03678977272726851,rising,0.38738738738738737,middle
1079,NA,NA,NA,NA,NA,NA,NA,NA,1,12.28611,0.3333333333333333,FALSE,NA,NA,NA,NA,NA,insufficient_history,NA,NA
1080,forward,12.28611,73.71666,6,0,2,2,0.3333333333333333,2,9.714156666666668,0.2010989010989011,TRUE,-2.571953333333333,-0.1322344322344322,NA,NA,NA,insufficient_history,0.3983050847457627,middle
1081,forward,9.923076666666667,128.99999666666668,13,2,1,3,0.23076923076923078,1,7.400000000000001,0.3333333333333333,TRUE,-2.5230766666666655,0.10256410256410253,2,-2.7808733333308115,-0.1619047619046152,declining,0.1724137931034483,fringe
1082,forward,7.400000000000001,22.200000000000003,3,0,1,1,0.3333333333333333,0,NA,NA,FALSE,NA,NA,3,-1.1815166666668282,-0.051282051282054916,declining,0.04827586206896552,fringe
1083,NA,NA,NA,NA,NA,NA,NA,NA,1,10.85606,0.09090909090909091,TRUE,NA,NA,3,-1.052618333333719,0.08095238095240283,declining,NA,NA
1084,forward,10.85606,238.83332,22,1,1,2,0.09090909090909091,2,10.223055833333333,0.22549019607843135,TRUE,-0.6330041666666659,0.13458110516934044,2,-2.523076666667036,0.10256410256411762,declining,0.27203647416413373,fringe
1085,forward,11.127485,634.266645,57,6,13,19,0.3333333333333333,1,11.100416666666666,0.4,FALSE,-0.027068333333334138,0.06666666666666671,2,-1.5374333333327468,0.026737967914428375,declining,0.14253897550111358,fringe
1086,NA,NA,NA,NA,NA,NA,NA,NA,0,NA,NA,FALSE,NA,NA,NA,NA,NA,insufficient_history,NA,NA
1087,NA,NA,NA,NA,NA,NA,NA,NA,2,13.359153333333335,0.09845559845559845,TRUE,NA,NA,NA,NA,NA,insufficient_history,NA,NA
1088,defense,13.417856666666667,751.3999733333334,56,3,5,8,0.14285714285714285,1,14.216666666666667,0.11538461538461539,FALSE,0.7988099999999996,-0.027472527472527458,1,NA,NA,insufficient_history,0.12624584717607973,fringe
1089,defense,14.216666666666667,739.2666666666667,52,0,6,6,0.11538461538461539,2,15.256903333333334,0.14950980392156862,TRUE,1.040236666666667,0.03412518853695323,2,0.11740666666668376,0.08880308880310189,stable,0.24127906976744187,fringe
1090,defense,14.751306666666666,752.31664,51,3,7,10,0.19607843137254902,1,11.48125,0.125,FALSE,-3.270056666666667,-0.07107843137254902,2,1.545833333332746,-0.012443438914022404,rising,0.14056224899598393,fringe
1091,forward,11.521428333333334,80.64999833333334,7,1,1,2,0.2857142857142857,2,10.054166666666665,0.05,FALSE,-1.4672616666666691,-0.2357142857142857,NA,NA,NA,insufficient_history,0.3062605752961083,fringe
1092,forward,9.7,48.5,5,0,0,0,0,0,NA,NA,FALSE,NA,NA,2,-1.113094999999581,-0.1857142857142152,declining,0.14065180102915953,fringe
1093,NA,NA,NA,NA,NA,NA,NA,NA,0,NA,NA,FALSE,NA,NA,3,-0.9107141666668802,-0.1428571428571749,declining,NA,NA
1094,NA,NA,NA,NA,NA,NA,NA,NA,1,9.883333333333335,0,TRUE,NA,NA,1,NA,NA,insufficient_history,NA,NA
1095,forward,9.883333333333335,108.71666666666668,11,0,0,0,0,1,12.482651666666667,0.3877551020408163,TRUE,2.5993183333333327,0.3877551020408163,NA,NA,NA,insufficient_history,0.16717325227963525,fringe
1096,forward,12.482651666666667,611.6499316666667,49,10,9,19,0.3877551020408163,2,11.0538225,0.1878136200716846,TRUE,-1.4288291666666666,-0.19994148196913172,1,NA,NA,insufficient_history,0.4107142857142857,middle
1097,forward,11.684721666666666,140.21666,12,1,3,4,0.3333333333333333,2,9.992965833333333,0.18459416863672184,TRUE,-1.6917558333333336,-0.14873916469661147,NA,NA,NA,insufficient_history,0.3440677966101695,middle
1098,forward,10.824821666666667,508.7666183333333,47,4,9,13,0.2765957446808511,2,9.438306666666668,0.09280792420327304,TRUE,-1.3865149999999993,-0.18378782047757802,1,NA,NA,insufficient_history,0.2281303602058319,fringe
1099,forward,9.715503333333334,417.7666433333334,43,3,1,4,0.09302325581395349,0,NA,NA,FALSE,NA,NA,3,-1.2618058333336821,-0.12037037037040564,declining,0.15689655172413794,fringe
1100,NA,NA,NA,NA,NA,NA,NA,NA,1,10.847575,0.07272727272727272,TRUE,NA,NA,3,-0.5546591666667134,-0.091786244433464,declining,NA,NA
1101,forward,10.847575,596.616625,55,2,2,4,0.07272727272727272,1,7.911903333333333,0.2857142857142857,TRUE,-2.935671666666668,0.21298701298701297,2,0.55439333333341545,4.3066322136096696e-4,rising,0.270516717325228,fringe
1102,forward,7.911903333333333,55.38332333333333,7,2,0,2,0.2857142857142857,0,NA,NA,FALSE,NA,NA,2,0.5660358333332686,-0.010147991543339192,rising,0.056818181818181816,fringe
1103,NA,NA,NA,NA,NA,NA,NA,NA,1,8.151388333333333,0.16666666666666666,TRUE,NA,NA,2,-2.9356716666655522,0.21298701298693215,declining,NA,NA
1104,NA,NA,NA,NA,NA,NA,NA,NA,3,14.48248722222222,0.5542119863766205,TRUE,NA,NA,NA,NA,NA,insufficient_history,NA,NA
1105,forward,15.174738333333332,971.1832533333333,64,21,17,38,0.59375,1,16.929656666666666,0.6764705882352942,FALSE,1.7549183333333342,0.08272058823529416,2,1.7556533333317443,0.09327620303221595,rising,0.6637931034482759,middle
1106,NA,NA,NA,NA,NA,NA,NA,NA,4,19.122003333333332,0.8958161061228144,TRUE,NA,NA,3,0.9577341666669713,0.047694753577121274,rising,NA,NA
1107,forward,19.824583333333333,1585.9666666666667,80,27,36,63,0.7875,1,18.910293333333335,0.6911764705882353,FALSE,-0.9142899999999976,-0.0963235294117647,2,1.1526833333328983,0.022396173081096427,rising,0.933184855233853,top
1108,NA,NA,NA,NA,NA,NA,NA,NA,3,17.240873333333333,0.7790650406504065,TRUE,NA,NA,NA,NA,NA,insufficient_history,NA,NA
1109,forward,16.486178333333335,1351.8666233333336,82,22,26,48,0.5853658536585366,4,20.048585833333334,1.0176384911622396,FALSE,3.562407499999999,0.43227263750370304,1,NA,NA,insufficient_history,0.7512864493996569,top
1110,forward,20.020646666666668,1341.3833266666668,67,30,47,77,1.1492537313432836,1,20.023188333333334,0.9710144927536232,FALSE,0.002541666666665776,-0.1782392385896604,2,0.018656666666659404,-0.16936572199723687,stable,0.9420935412026726,top
1111,NA,NA,NA,NA,NA,NA,NA,NA,1,14.172830000000001,0.3972602739726027,FALSE,NA,NA,NA,NA,NA,insufficient_history,NA,NA
1112,NA,NA,NA,NA,NA,NA,NA,NA,1,16.926131666666667,0.41975308641975306,TRUE,NA,NA,1,NA,NA,insufficient_history,NA,NA
1113,forward,16.926131666666667,1371.016665,81,19,15,34,0.41975308641975306,1,15.216460000000001,0.30864197530864196,TRUE,-1.7096716666666651,-0.1111111111111111,1,NA,NA,insufficient_history,0.7890222984562607,top
1114,forward,15.216460000000001,1232.5332600000002,81,6,19,25,0.30864197530864196,1,14.619891666666664,0.3387096774193548,TRUE,-0.5965683333333374,0.030067702110712857,2,1.3766508333331744,0.011246406223573912,rising,0.6655172413793103,middle
1115,forward,14.619891666666664,906.4332833333332,62,6,15,21,0.3387096774193548,0,NA,NA,FALSE,NA,NA,2,-1.7096716666660112,-0.1111111111110689,declining,0.6172413793103448,middle
1116,NA,NA,NA,NA,NA,NA,NA,NA,1,14.344278333333332,0.373134328358209,TRUE,NA,NA,3,-1.1531200000002433,-0.040521704500203426,declining,NA,NA
1117,forward,14.344278333333332,961.0666483333332,67,9,16,25,0.373134328358209,1,14.663888333333334,0.3787878787878788,TRUE,0.3196100000000026,0.005653550429669807,2,-0.5965683333334206,0.030067702110717295,declining,0.5942249240121581,middle
1118,forward,14.663888333333334,967.81663,66,10,15,25,0.3787878787878788,1,11.895305,0.16901408450704225,TRUE,-2.768583333333334,-0.20977379428083653,2,-0.13780666666664956,0.01721232546942512,stable,0.586038961038961,middle
1119,forward,11.895305,844.5666550000001,71,4,8,12,0.16901408450704225,1,12.991666666666667,0.25,FALSE,1.0963616666666667,0.08098591549295775,2,0.31960999999988465,0.005653550429667616,stable,0.22717149220489977,fringe
1120,NA,NA,NA,NA,NA,NA,NA,NA,3,13.278442777777778,0.3969064850290904,TRUE,NA,NA,NA,NA,NA,insufficient_history,NA,NA
1121,forward,13.299425000000001,771.36665,58,5,10,15,0.25862068965517243,1,13.283333333333333,0.4107142857142857,TRUE,-0.016091666666667948,0.15209359605911327,2,2.222943333332491,0.15432098765426253,rising,0.5050847457627119,middle
1122,forward,13.283333333333333,743.8666666666667,56,11,12,23,0.4107142857142857,1,12.700899999999999,0.44594594594594594,TRUE,-0.5824333333333342,0.035231660231660245,3,0.5714725000000025,-0.0651340996168927,rising,0.4734133790737564,middle
1123,forward,12.700899999999999,939.8666,74,19,14,33,0.44594594594594594,1,16.260858333333335,0.6060606060606061,TRUE,3.559958333333336,0.16011466011466013,3,-0.5480450000000943,-0.06624779541446049,declining,0.4189655172413793,middle
1124,forward,16.260858333333335,1073.21665,66,23,17,40,0.6060606060606061,0,NA,NA,FALSE,NA,NA,3,-0.2992625000001002,0.09366262814540517,stable,0.7327586206896551,top
1125,NA,NA,NA,NA,NA,NA,NA,NA,3,15.207343333333332,0.6030420831790695,TRUE,NA,NA,3,1.4887625000005404,0.0976731601731896,rising,NA,NA
1126,forward,15.773743333333332,1151.4832633333333,73,24,18,42,0.5753424657534246,1,15.291666666666666,0.275,FALSE,-0.48207666666666604,-0.3003424657534246,2,-0.14495333333328012,-0.3337837837836571,stable,0.579064587973274,middle
1127,NA,NA,NA,NA,NA,NA,NA,NA,0,NA,NA,FALSE,NA,NA,NA,NA,NA,insufficient_history,NA,NA
1128,NA,NA,NA,NA,NA,NA,NA,NA,0,NA,NA,FALSE,NA,NA,NA,NA,NA,insufficient_history,NA,NA
1129,NA,NA,NA,NA,NA,NA,NA,NA,1,9.361538333333334,0.25,TRUE,NA,NA,NA,NA,NA,insufficient_history,NA,NA
1130,forward,9.361538333333334,486.79999333333336,52,9,4,13,0.25,1,16.05299,0.7051282051282052,FALSE,6.6914516666666675,0.4551282051282052,NA,NA,NA,insufficient_history,0.1310344827586207,fringe
1131,NA,NA,NA,NA,NA,NA,NA,NA,3,17.172515555555556,0.8512437313606904,TRUE,NA,NA,1,NA,NA,insufficient_history,NA,NA
1132,forward,17.962500000000002,1365.15,76,34,38,72,0.9473684210526315,1,17.999765,0.647887323943662,FALSE,0.03726499999999788,-0.29948109710896953,2,1.449066666666118,0.19610636277295518,rising,0.7817371937639198,top
1133,NA,NA,NA,NA,NA,NA,NA,NA,1,15.976388333333333,0.6666666666666666,FALSE,NA,NA,NA,NA,NA,insufficient_history,NA,NA
1134,forward,14.292275000000002,1171.96655,82,11,29,40,0.4878048780487805,2,15.139903333333333,0.601113172541744,FALSE,0.847628333333331,0.11330829449296353,2,-1.8866449999992811,-0.16666666666660332,declining,0.5694682675814752,middle
1135,NA,NA,NA,NA,NA,NA,NA,NA,4,16.2610675,0.636177651955091,FALSE,NA,NA,3,1.8246100000007637,0.12344449975116265,rising,NA,NA
1136,NA,NA,NA,NA,NA,NA,NA,NA,0,NA,NA,FALSE,NA,NA,NA,NA,NA,insufficient_history,NA,NA
1137,NA,NA,NA,NA,NA,NA,NA,NA,0,NA,NA,FALSE,NA,NA,NA,NA,NA,insufficient_history,NA,NA
1138,NA,NA,NA,NA,NA,NA,NA,NA,1,6.956666666666666,0,FALSE,NA,NA,NA,NA,NA,insufficient_history,NA,NA
1139,defense,6.956666666666666,173.91666666666666,25,0,0,0,0,0,NA,NA,FALSE,NA,NA,NA,NA,NA,insufficient_history,0.00872093023255814,fringe
1140,NA,NA,NA,NA,NA,NA,NA,NA,0,NA,NA,FALSE,NA,NA,1,NA,NA,insufficient_history,NA,NA
1141,forward,13.1,13.1,1,0,0,0,0,3,13.001889444444444,0.36177944862155387,TRUE,-0.09811055555555548,0.36177944862155387,NA,NA,NA,insufficient_history,0.48223350253807107,middle
1142,forward,12.45899,946.88324,76,19,13,32,0.42105263157894735,3,13.896207222222221,0.23972922502334268,FALSE,1.4372172222222215,-0.18132340655560467,2,-0.24749999999990344,0.2833333333332258,stable,0.4013722126929674,middle
1143,forward,14.76111,44.28333,3,0,0,0,0,1,12.107016666666668,0.35526315789473684,TRUE,-2.654093333333332,0.35526315789473684,2,-0.4608450000000648,-0.042717086834740174,declining,0.6231003039513677,middle
1144,forward,12.107016666666668,920.1332666666668,76,13,14,27,0.35526315789473684,2,12.480450000000001,0.24234234234234237,FALSE,0.37343333333333284,-0.11292081555239447,2,0.7638883333332459,-0.16911764705880392,rising,0.3685064935064935,middle
1145,NA,NA,NA,NA,NA,NA,NA,NA,2,14.338541666666668,0.10416666666666667,FALSE,NA,NA,NA,NA,NA,insufficient_history,NA,NA
1146,forward,7.896968333333334,86.86665166666667,11,1,0,1,0.09090909090909091,1,8.474166666666667,0.1,TRUE,0.5771983333333335,0.009090909090909094,2,4.2895833333317075,-0.20833333333325427,rising,0.0548885077186964,fringe
1147,forward,8.474166666666667,169.48333333333335,20,1,1,2,0.1,1,14.441963333333332,0.35714285714285715,TRUE,5.967796666666665,0.2571428571428571,3,-2.1483908333344037,-0.05871212121212347,declining,0.0896551724137931,fringe
1148,forward,14.441963333333332,808.7499466666666,56,9,11,20,0.35714285714285715,1,16.511875,0.4,FALSE,2.069911666666668,0.04285714285714287,3,-4.004583333333953,0.050000000000009044,declining,0.5982758620689655,middle
1149,forward,16.511875,1320.95,80,16,16,32,0.4,3,16.56297222222222,0.5182418699186992,FALSE,0.05109722222222146,0.11824186991869923,2,5.967796666667544,0.2571428571428951,rising,0.7507598784194529,top
1150,forward,13.266666666666667,13.266666666666667,1,0,1,1,1,3,11.360003333333333,0.25863986115510507,TRUE,-1.9066633333333343,-0.7413601388448949,NA,NA,NA,insufficient_history,0.49477351916376305,middle
1151,forward,12.343228333333334,789.9666133333334,64,9,8,17,0.265625,2,12.94696,0.35189112760692826,TRUE,0.6037316666666666,0.08626612760692826,2,-5.263419999998002,-0.8311688311685155,declining,0.40847457627118644,middle
1152,forward,12.160385,839.066565,69,11,14,25,0.36231884057971014,1,17.696295000000003,0.4126984126984127,FALSE,5.535910000000003,0.05037957211870253,3,2.865144166667258,0.08631612290150936,rising,0.3586206896551724,middle
1153,NA,NA,NA,NA,NA,NA,NA,NA,1,19.178703333333328,0.7361111111111112,TRUE,NA,NA,3,1.9813800000007875,0.03561749903214324,rising,NA,NA
1154,forward,19.178703333333328,1380.8666399999995,72,21,32,53,0.7361111111111112,3,16.37724,0.446876975550949,FALSE,-2.801463333333327,-0.28923413556016214,2,5.535910000000822,0.050379572118710005,rising,0.9331306990881459,top
1155,NA,NA,NA,NA,NA,NA,NA,NA,2,15.731388333333333,0.1,FALSE,NA,NA,NA,NA,NA,insufficient_history,NA,NA
1156,defense,14.886178333333334,610.3333116666666,41,0,1,1,0.024390243902439025,1,17.620586666666668,0.09803921568627451,FALSE,2.7344083333333344,0.07364897178383548,2,4.142776666665097,-0.19999999999992407,rising,0.24262295081967214,fringe
1157,NA,NA,NA,NA,NA,NA,NA,NA,0,NA,NA,FALSE,NA,NA,3,-0.09109499999978854,0.049019607843151514,stable,NA,NA
1158,NA,NA,NA,NA,NA,NA,NA,NA,1,13.738594999999998,0.05263157894736842,TRUE,NA,NA,2,2.7344083333323024,0.07364897178380754,rising,NA,NA
1159,defense,13.738594999999998,261.033305,19,0,1,1,0.05263157894736842,1,14.063888333333333,0.14285714285714285,TRUE,0.32529333333333454,0.09022556390977443,1,NA,NA,insufficient_history,0.18895348837209303,fringe
1160,defense,14.063888333333333,590.68331,42,1,5,6,0.14285714285714285,0,NA,NA,FALSE,NA,NA,1,NA,NA,insufficient_history,0.19519519519519518,fringe
1161,NA,NA,NA,NA,NA,NA,NA,NA,0,NA,NA,FALSE,NA,NA,NA,NA,NA,insufficient_history,NA,NA
1162,NA,NA,NA,NA,NA,NA,NA,NA,1,11.103845,0.19230769230769232,TRUE,NA,NA,NA,NA,NA,insufficient_history,NA,NA
1163,defense,11.103845,288.69997,26,3,2,5,0.19230769230769232,1,18.942753333333332,0.37681159420289856,TRUE,7.8389083333333325,0.18450390189520624,NA,NA,NA,insufficient_history,0.06481481481481481,fringe
1164,defense,18.942753333333332,1307.04998,69,9,17,26,0.37681159420289856,2,20.33493083333333,0.35333333333333333,FALSE,1.392177499999999,-0.023478260869565226,1,NA,NA,insufficient_history,0.5980066445182725,middle
1165,defense,19.947861666666665,1555.93321,78,8,18,26,0.3333333333333333,2,16.79507166666667,0.12941176470588237,FALSE,-3.152789999999996,-0.20392156862745095,2,0.8896233333332332,-0.0017391304347823835,rising,0.7117117117117117,top
1166,NA,NA,NA,NA,NA,NA,NA,NA,2,12.9726125,0.4480534989252448,FALSE,NA,NA,NA,NA,NA,insufficient_history,NA,NA
1167,forward,13.26328,848.84992,64,12,23,35,0.546875,2,12.481915,0.387687969924812,TRUE,-0.7813649999999992,-0.15918703007518797,2,0.1037183333333021,0.06591831860518169,stable,0.5016949152542373,middle
1168,forward,11.125438333333333,845.5333133333334,76,12,13,25,0.32894736842105265,1,15.200573333333333,0.7758620689655172,TRUE,4.0751349999999995,0.4469147005444646,3,0.4069600000001123,-0.017292043399649622,rising,0.27241379310344827,fringe
1169,forward,15.200573333333333,881.6332533333333,58,20,25,45,0.7758620689655172,1,16.25833333333333,0.7625,FALSE,1.0577599999999965,-0.013362068965517282,3,-1.0689208333337383,-0.10896381578950162,declining,0.656896551724138,middle
1170,forward,16.25833333333333,1300.6666666666663,80,22,39,61,0.7625,3,15.18058111111111,0.5065026010404161,FALSE,-1.0777522222222196,-0.25599739895958384,2,4.0751350000006035,0.4469147005445306,rising,0.7310030395136778,top
1171,NA,NA,NA,NA,NA,NA,NA,NA,1,11.681666666666667,0.1,FALSE,NA,NA,NA,NA,NA,insufficient_history,NA,NA
1172,forward,8.762036666666667,157.71666,18,0,1,1,0.05555555555555555,0,NA,NA,FALSE,NA,NA,2,-1.7929583333326542,0.061290322580621885,declining,0.09090909090909091,fringe
1173,NA,NA,NA,NA,NA,NA,NA,NA,0,NA,NA,FALSE,NA,NA,3,-1.4598150000003367,-0.022222222222234717,declining,NA,NA
1174,NA,NA,NA,NA,NA,NA,NA,NA,0,NA,NA,FALSE,NA,NA,2,-1.1266716666656436,-0.10573476702499376,declining,NA,NA
1175,NA,NA,NA,NA,NA,NA,NA,NA,2,10.465700833333333,0.19975490196078433,TRUE,NA,NA,1,NA,NA,insufficient_history,NA,NA
1176,forward,10.542186666666668,337.34997333333337,32,2,2,4,0.125,1,12.766903333333333,0.3142857142857143,TRUE,2.224716666666666,0.18928571428571428,1,NA,NA,insufficient_history,0.22564935064935066,fringe
1177,forward,12.766903333333333,893.6832333333333,70,12,10,22,0.3142857142857143,1,13.421505,0.1774193548387097,FALSE,0.6546016666666663,-0.1368663594470046,2,0.15297166666661297,-0.14950980392151186,stable,0.31403118040089084,fringe
1178,NA,NA,NA,NA,NA,NA,NA,NA,1,19.108771666666666,0.42105263157894735,FALSE,NA,NA,NA,NA,NA,insufficient_history,NA,NA
1179,defense,20.352185,1241.483285,61,6,23,29,0.47540983606557374,6,21.840654444444443,0.7157845434080815,FALSE,1.4884694444444442,0.24037470734250777,2,-1.7955366666659809,-0.15634674922594674,declining,0.7245901639344262,top
1180,defense,22.08829666666666,1038.149943333333,47,5,37,42,0.8936170212765957,1,22.04393833333333,0.8727272727272727,FALSE,-0.0443583333333315,-0.020889748549323017,2,-1.7009433333326844,0.07878787878784901,declining,0.8032128514056225,top
1181,NA,NA,NA,NA,NA,NA,NA,NA,2,11.853333333333333,0.6,FALSE,NA,NA,NA,NA,NA,insufficient_history,NA,NA
1182,forward,8.53395,230.41665000000003,27,0,2,2,0.07407407407407407,1,13.373381666666667,0.3283582089552239,TRUE,4.839431666666666,0.2542841348811498,2,-0.12666666666661516,-0.7999999999996961,stable,0.0823327615780446,fringe
1183,forward,13.373381666666667,896.0165716666667,67,6,16,22,0.3283582089552239,1,14.975126666666666,0.3230769230769231,FALSE,1.6017449999999993,-0.00528128587830079,3,-1.691358333333886,-0.46296296296305034,declining,0.47586206896551725,middle
1184,NA,NA,NA,NA,NA,NA,NA,NA,3,15.183918888888888,0.3296213359155924,TRUE,NA,NA,3,3.2205883333339993,0.12450142450144466,rising,NA,NA
1185,forward,16.570933333333333,1358.8165333333334,82,22,13,35,0.4268292682926829,1,15.699151666666667,0.2711864406779661,FALSE,-0.8717816666666653,-0.15564282761471682,2,2.896953333332236,0.2071960297765963,rising,0.6659242761692651,middle
1186,NA,NA,NA,NA,NA,NA,NA,NA,2,8.7627775,0.16666666666666666,FALSE,NA,NA,NA,NA,NA,insufficient_history,NA,NA
1187,forward,13.062178333333334,1018.84991,78,11,20,31,0.3974358974358974,1,13.11787,0.3132530120481928,TRUE,0.05569166666666625,-0.08418288538770463,3,2.2402191666673277,0.20394736842109262,rising,0.44939965694682676,middle
1188,forward,13.11787,1088.78321,83,12,14,26,0.3132530120481928,1,12.255555,0.2898550724637681,FALSE,-0.8623150000000006,-0.023397939584424654,3,1.911645000000341,0.03205128205128641,rising,0.45689655172413796,middle
1189,NA,NA,NA,NA,NA,NA,NA,NA,3,16.998391666666663,0.6759698930017244,TRUE,NA,NA,3,-0.403311666666806,-0.053790412486075655,declining,NA,NA
1190,forward,16.298021666666667,961.5832783333334,59,15,22,37,0.6271186440677966,2,15.814942499999997,0.5023299161230196,FALSE,-0.48307916666666983,-0.12478872794477702,2,2.9624658333329887,0.25141392718272093,rising,0.7061688311688312,top
1191,NA,NA,NA,NA,NA,NA,NA,NA,3,16.13496,0.35209235209235207,TRUE,NA,NA,NA,NA,NA,insufficient_history,NA,NA
1192,forward,17.475756666666665,1153.39994,66,16,16,32,0.48484848484848486,3,17.870598333333334,0.5227538266853884,FALSE,0.3948416666666681,0.03790534183690353,2,1.0703933333323659,0.09523809523800895,rising,0.8189655172413793,top
1193,forward,20.540650000000003,1684.3333000000002,82,17,35,52,0.6341463414634146,2,18.07879083333333,0.5148133116883117,FALSE,-2.461859166666674,-0.11933302977510296,2,-0.21343083333330665,0.004371002132195665,stable,0.9788961038961039,top
1194,NA,NA,NA,NA,NA,NA,NA,NA,1,21.316666666666663,0,FALSE,NA,NA,NA,NA,NA,insufficient_history,NA,NA
1195,defense,18.13880833333333,1269.7165833333331,70,3,6,9,0.12857142857142856,2,16.270961666666665,0.25460428073668495,TRUE,-1.867846666666665,0.1260328521652564,1,NA,NA,insufficient_history,0.5475409836065573,middle
1196,defense,15.596598333333333,764.2333183333333,49,3,10,13,0.2653061224489796,1,16.01927,0.140625,FALSE,0.4226716666666661,-0.12468112244897961,3,-2.1856708333337966,0.12195121951222491,declining,0.2956810631229236,fringe
1197,defense,16.01927,1025.23328,64,1,8,9,0.140625,1,15.520613333333335,0.18421052631578946,TRUE,-0.49865666666666364,0.043585526315789463,2,-1.3487266666668647,0.021403683424592587,declining,0.3808139534883721,middle
1198,defense,15.520613333333335,589.7833066666667,38,2,5,7,0.18421052631578946,0,NA,NA,FALSE,NA,NA,2,0.21133583333330774,-0.062340561224482546,stable,0.32432432432432434,fringe
1199,NA,NA,NA,NA,NA,NA,NA,NA,1,11.141666666666667,0,TRUE,NA,NA,2,-0.49865666666647424,0.04358552631577296,declining,NA,NA
1200,defense,14.583333333333334,14.583333333333334,1,0,0,0,0,3,17.67127222222222,0.18818413555255661,TRUE,3.0879388888888872,0.18818413555255661,NA,NA,NA,insufficient_history,0.23355263157894737,fringe
1201,defense,20.274073333333334,729.86664,36,2,8,10,0.2777777777777778,2,13.103205,0.05128205128205128,FALSE,-7.170868333333333,-0.22649572649572652,2,1.4999999999994302,0.18421052631571955,rising,0.7147540983606557,top
1202,defense,9.55,19.1,2,0,0,0,0,0,NA,NA,FALSE,NA,NA,3,0.2865383333330775,-0.04082321187586479,stable,0.016611295681063124,fringe
1203,NA,NA,NA,NA,NA,NA,NA,NA,1,12.508333333333333,0.25,FALSE,NA,NA,3,-5.362036666668152,-0.1388888888889205,declining,NA,NA
1204,defense,12.508333333333333,50.03333333333333,4,0,1,1,0.25,0,NA,NA,FALSE,NA,NA,1,NA,NA,insufficient_history,0.08708708708708708,fringe
1205,NA,NA,NA,NA,NA,NA,NA,NA,2,11.336858333333332,0.11538461538461539,FALSE,NA,NA,NA,NA,NA,insufficient_history,NA,NA
1206,defense,13.48205,175.26665,13,0,3,3,0.23076923076923078,1,12.773983333333332,0.1951219512195122,FALSE,-0.7080666666666673,-0.03564727954971858,1,NA,NA,insufficient_history,0.15932203389830507,fringe
1207,NA,NA,NA,NA,NA,NA,NA,NA,1,8.105555,0,TRUE,NA,NA,3,1.7911583333335694,0.09756097560976934,rising,NA,NA
1208,defense,8.105555,24.316665,3,0,0,0,0,0,NA,NA,FALSE,NA,NA,2,-0.7080666666660208,-0.03564727954968625,declining,0.009966777408637873,fringe
1209,NA,NA,NA,NA,NA,NA,NA,NA,0,NA,NA,FALSE,NA,NA,2,-2.3342141666663947,-0.09756097560974475,declining,NA,NA
1210,NA,NA,NA,NA,NA,NA,NA,NA,1,12.933333333333332,0,TRUE,NA,NA,1,NA,NA,insufficient_history,NA,NA
1211,defense,12.933333333333332,38.8,3,0,0,0,0,0,NA,NA,FALSE,NA,NA,1,NA,NA,insufficient_history,0.1111111111111111,fringe
1212,NA,NA,NA,NA,NA,NA,NA,NA,2,11.1171875,0.0625,FALSE,NA,NA,NA,NA,NA,insufficient_history,NA,NA
1213,forward,11.277776666666666,135.33332,12,3,1,4,0.3333333333333333,1,5.734848333333333,0.09090909090909091,TRUE,-5.542928333333333,-0.2424242424242424,2,-0.9697916666662945,0.12499999999995257,declining,0.27615780445969124,fringe
1214,forward,5.734848333333333,63.08333166666666,11,0,1,1,0.09090909090909091,1,5.325,0,TRUE,-0.4098483333333327,-0.09090909090909091,3,-0.16215333333330983,0.1666666666667116,stable,0.01206896551724138,fringe
1215,forward,5.325,10.65,2,0,0,0,0,0,NA,NA,FALSE,NA,NA,3,-2.4487216666675367,-0.017045454545477505,declining,0.005172413793103448,fringe
1216,NA,NA,NA,NA,NA,NA,NA,NA,1,9.078570000000001,0,TRUE,NA,NA,3,-2.9763883333338637,-0.16666666666670188,declining,NA,NA
1217,NA,NA,NA,NA,NA,NA,NA,NA,1,11.28079,0.23728813559322035,TRUE,NA,NA,2,1.876784999999783,0,rising,NA,NA
1218,NA,NA,NA,NA,NA,NA,NA,NA,1,11.28079,0.23728813559322035,TRUE,NA,NA,2,1.876784999999783,0,rising,NA,NA
1219,forward,11.28079,665.56661,59,5,9,14,0.23728813559322035,0,NA,NA,FALSE,NA,NA,1,NA,NA,insufficient_history,0.1603563474387528,fringe
1220,NA,NA,NA,NA,NA,NA,NA,NA,3,15.301097222222223,0.3599307475017465,TRUE,NA,NA,NA,NA,NA,insufficient_history,NA,NA
1221,forward,15.557520000000002,1275.71664,82,11,20,31,0.3780487804878049,1,15.427856666666665,0.38571428571428573,FALSE,-0.1296633333333368,0.007665505226480851,2,2.6279649999976193,-0.065379825653738885,rising,0.6844827586206896,top
1222,NA,NA,NA,NA,NA,NA,NA,NA,1,15.09662,0.5135135135135135,TRUE,NA,NA,3,-0.529505833333436,0.03376623376623997,declining,NA,NA
1223,forward,15.09662,1117.14988,74,19,19,38,0.5135135135135135,3,19.86406111111111,0.7604147049591965,FALSE,4.7674411111111095,0.246901191445683,2,-0.12966333333335534,0.007665505226481992,stable,0.6565349544072948,middle
1224,NA,NA,NA,NA,NA,NA,NA,NA,0,NA,NA,FALSE,NA,NA,NA,NA,NA,insufficient_history,NA,NA
1225,forward,8.84099,327.11663,37,1,2,3,0.08108108108108109,2,9.908371666666667,0.21713615023474175,TRUE,1.0673816666666678,0.13605506915366067,1,NA,NA,insufficient_history,0.09777015437392796,fringe
1226,forward,9.8723,700.9332999999999,71,7,12,19,0.2676056338028169,3,11.79293611111111,0.323005698005698,FALSE,1.9206361111111114,0.05540006420288113,3,0.471815833333502,-0.014227642276418047,rising,0.1706896551724138,fringe
1227,forward,11.17094,435.66666,39,6,2,8,0.20512820512820512,1,11.614528333333334,0.23076923076923078,FALSE,0.44358833333333436,0.02564102564102566,2,0.962368333332969,0.1289682539682051,rising,0.1492204899777283,fringe
1228,forward,11.17094,435.66666,39,6,2,8,0.20512820512820512,1,11.614528333333334,0.23076923076923078,FALSE,0.44358833333333436,0.02564102564102566,2,0.962368333332969,0.1289682539682051,rising,0.1492204899777283,fringe
1229,NA,NA,NA,NA,NA,NA,NA,NA,1,9.107141666666667,0,FALSE,NA,NA,NA,NA,NA,insufficient_history,NA,NA
1230,forward,14.4,691.2,48,7,17,24,0.5,2,17.915264166666667,0.6599459772332625,TRUE,3.5152641666666664,0.15994597723326254,1,NA,NA,insufficient_history,0.5797598627787307,middle
1231,forward,19.314318333333336,1371.3166016666669,71,21,27,48,0.676056338028169,0,NA,NA,FALSE,NA,NA,3,3.7045341666674543,0.32191780821924343,rising,0.9344827586206896,top
1232,NA,NA,NA,NA,NA,NA,NA,NA,2,18.176029166666666,0.7558823529411764,TRUE,NA,NA,3,2.4571591666673043,0.08802816901410176,rising,NA,NA
1233,forward,16.488333333333333,824.4166666666666,50,8,22,30,0.6,1,16.045625,0.5375,TRUE,-0.44270833333333215,-0.0625,2,0.2747033333333015,0.11785418392707835,stable,0.7224025974025974,top
1234,forward,16.045625,1283.65,80,21,22,43,0.5375,1,16.086618333333337,0.5633802816901409,FALSE,0.040993333333336324,0.025880281690140894,2,-3.3753916666653816,-0.31176470588223437,declining,0.6169265033407573,middle
1235,NA,NA,NA,NA,NA,NA,NA,NA,2,11.710384166666667,0.2692307692307692,FALSE,NA,NA,NA,NA,NA,insufficient_history,NA,NA
1236,forward,12.578888333333333,754.7333,60,8,12,20,0.3333333333333333,1,13.733045,0.5172413793103449,FALSE,1.1541566666666672,0.18390804597701155,1,NA,NA,insufficient_history,0.39655172413793105,middle
1237,NA,NA,NA,NA,NA,NA,NA,NA,1,14.298958333333335,0.2625,TRUE,NA,NA,2,1.154156666666838,0.1839080459770387,rising,NA,NA
1238,forward,14.298958333333335,1143.9166666666667,80,9,12,21,0.2625,1,13.489583333333336,0.1875,TRUE,-0.8093749999999993,-0.07500000000000001,2,1.154156666666838,0.1839080459770387,rising,0.5881458966565349,middle
1239,forward,13.489583333333336,215.83333333333337,16,2,1,3,0.1875,1,10.836780000000001,0.20689655172413793,TRUE,-2.6528033333333347,0.019396551724137928,2,0.2829566666666359,-0.12737068965515766,stable,0.4902597402597403,middle
1240,forward,10.836780000000001,314.26662000000005,29,0,6,6,0.20689655172413793,0,NA,NA,FALSE,NA,NA,2,-0.8093749999996899,-0.0749999999999715,declining,0.11358574610244988,fringe
1241,NA,NA,NA,NA,NA,NA,NA,NA,3,20.292161111111113,0.2560313964343657,TRUE,NA,NA,NA,NA,NA,insufficient_history,NA,NA
1242,defense,21.20426666666667,1738.7498666666668,82,2,18,20,0.24390243902439024,5,21.397485666666665,0.35010071840599905,FALSE,0.1932189999999956,0.1061982793816088,1,NA,NA,insufficient_history,0.7593220338983051,top
1243,defense,20.28857,1420.1999,70,3,10,13,0.18571428571428572,1,21.217988333333334,0.2222222222222222,FALSE,0.9294183333333343,0.03650793650793649,2,0.30883833333322575,-0.034146341463401654,stable,0.6626506024096386,middle
1244,NA,NA,NA,NA,NA,NA,NA,NA,3,17.752664444444445,0.6947549683830172,TRUE,NA,NA,NA,NA,NA,insufficient_history,NA,NA
1245,forward,18.865971666666667,1358.34996,72,21,31,52,0.7222222222222222,6,21.09023388888889,1.238253644981499,FALSE,2.2242622222222224,0.5160314227592767,2,-0.29618833333337824,-0.1745426829268547,stable,0.9204737732656514,top
1246,forward,21.061024999999997,1368.9666249999998,65,32,56,88,1.353846153846154,3,22.639013888888886,1.583190198099164,FALSE,1.577988888888889,0.22934404425301014,2,-0.869000000000128,0.1405090137858109,declining,0.9908814589665653,top
1247,NA,NA,NA,NA,NA,NA,NA,NA,3,18.00849277777778,0.6151420306349884,TRUE,NA,NA,NA,NA,NA,insufficient_history,NA,NA
1248,forward,19.43005,1282.3833000000002,66,28,31,59,0.8939393939393939,5,20.828785,1.0526718542154498,FALSE,1.3987349999999985,0.15873246027605592,2,0.4022216666667263,0.06259780907669153,rising,0.9543147208121827,top
1249,NA,NA,NA,NA,NA,NA,NA,NA,4,20.388672500000002,1.151390599544516,FALSE,NA,NA,3,-1.027445833333703,-0.023973916379003177,declining,NA,NA
1250,NA,NA,NA,NA,NA,NA,NA,NA,2,13.8396425,0.4666666666666667,FALSE,NA,NA,NA,NA,NA,insufficient_history,NA,NA
1251,forward,17.70662,1292.58326,73,21,32,53,0.726027397260274,5,16.446902,0.5791028869460242,FALSE,-1.2597179999999994,-0.1469245103142498,2,1.206428333332879,0.019047619047611763,rising,0.8525423728813559,top
1252,forward,14.908045,864.66661,58,2,27,29,0.5,1,18.185231666666667,0.7088607594936709,TRUE,3.277186666666667,0.2088607594936709,2,0.6966866666665866,0.016339869281043865,rising,0.6055194805194806,middle
1253,forward,18.185231666666667,1436.6333016666667,79,19,37,56,0.7088607594936709,1,18.328946666666663,0.868421052631579,TRUE,0.1437149999999967,0.1595602931379081,2,-2.186561666665838,-0.0882352941176135,declining,0.8151447661469933,top
1254,NA,NA,NA,NA,NA,NA,NA,NA,3,20.526604444444445,0.3455532222469892,TRUE,NA,NA,NA,NA,NA,insufficient_history,NA,NA
1255,defense,22.076541666666667,1788.199875,81,3,28,31,0.38271604938271603,5,25.06450166666667,0.6187326007326007,FALSE,2.987960000000001,0.2360165513498847,2,0.26258166666670246,0.004592968007602852,stable,0.8223684210526315,top
1256,NA,NA,NA,NA,NA,NA,NA,NA,4,25.207295000000002,0.5518361717055746,FALSE,NA,NA,3,0.3390683333333387,-0.09752747252749533,stable,NA,NA
1257,NA,NA,NA,NA,NA,NA,NA,NA,3,16.353566666666666,0.43972006769876126,TRUE,NA,NA,NA,NA,NA,insufficient_history,NA,NA
1258,forward,16.423456666666667,1330.29999,81,17,22,39,0.48148148148148145,2,18.146315833333333,0.5503048780487805,TRUE,1.722859166666666,0.06882339656729902,1,NA,NA,insufficient_history,0.7439024390243902,top
1259,forward,17.892798333333335,1449.316665,81,16,28,44,0.5432098765432098,5,19.609967333333334,0.8242116402116402,FALSE,1.7171689999999984,0.2810017636684303,3,0.8788966666668127,0.07175925925928359,rising,0.8576329331046312,top
1260,forward,19.693555,1477.016625,75,15,29,44,0.5866666666666667,1,18.17152666666667,0.5138888888888888,FALSE,-1.5220283333333313,-0.07277777777777783,2,-1.2934599999995038,-0.19999999999992402,declining,0.9198218262806236,top
1261,NA,NA,NA,NA,NA,NA,NA,NA,3,18.256452222222222,0.665514403292181,TRUE,NA,NA,NA,NA,NA,insufficient_history,NA,NA
1262,forward,19.169958333333334,1552.766625,81,27,36,63,0.7777777777777778,6,17.474435277777776,0.7238374048130146,FALSE,-1.695523055555558,-0.05394037296476317,2,3.6433983333338738,0.3120987654321448,rising,0.9390862944162437,top
1263,forward,17.36733333333333,434.1833333333333,25,6,11,17,0.68,1,18.094176666666666,0.7108433734939759,TRUE,0.7268433333333348,0.030843373493975812,2,-2.018782499999768,-0.16593406593404655,declining,0.801948051948052,top
1264,forward,18.094176666666666,1501.8166633333333,83,26,33,59,0.7108433734939759,1,19.432141666666666,1.0238095238095237,FALSE,1.3379650000000005,0.31296615031554786,2,3.303231666665415,0.32615384615372256,rising,0.799554565701559,top
1265,NA,NA,NA,NA,NA,NA,NA,NA,2,18.611170833333333,0.07246376811594203,FALSE,NA,NA,NA,NA,NA,insufficient_history,NA,NA
1266,defense,22.24979666666667,1824.483326666667,82,6,20,26,0.3170731707317073,2,23.637392499999997,0.4823943661971831,TRUE,1.3875958333333287,0.1653211954654758,3,0.013067499999733428,0.12500000000002942,stable,0.8360655737704918,top
1267,defense,23.454459999999997,1665.2666599999998,71,5,28,33,0.4647887323943662,1,25.04859,0.49295774647887325,FALSE,1.5941300000000034,0.02816901408450706,3,3.4012616666673527,0.12500000000003592,rising,0.9269102990033222,top
1268,NA,NA,NA,NA,NA,NA,NA,NA,4,23.152383333333333,0.4607947373864012,FALSE,NA,NA,3,0.6023316666667261,0.07385778083133869,rising,NA,NA
1269,NA,NA,NA,NA,NA,NA,NA,NA,3,21.67048611111111,0.2913524384112619,TRUE,NA,NA,NA,NA,NA,insufficient_history,NA,NA
1270,defense,25.28069,2073.01658,82,9,32,41,0.5,5,24.369725666666668,0.4806462504105013,FALSE,-0.9109643333333324,-0.019353749589498703,2,1.4974350000002221,0.1387631975867474,rising,0.9703947368421053,top
1271,defense,21.440655,1415.08323,66,2,14,16,0.24242424242424243,3,18.74643222222222,0.23362994330736267,FALSE,-2.694222777777778,-0.008794299116879761,2,-1.8421766666669321,-0.0730211817168446,declining,0.8197674418604651,top
1272,NA,NA,NA,NA,NA,NA,NA,NA,2,14.698020833333334,0.42772596843615496,FALSE,NA,NA,NA,NA,NA,insufficient_history,NA,NA
1273,forward,18.032098333333334,1460.599965,81,20,32,52,0.6419753086419753,5,20.016477666666667,0.7656902946555214,FALSE,1.984379333333333,0.12371498601354614,2,4.868591666664823,0.12015781922520559,rising,0.8796610169491526,top
1274,forward,20.65400833333333,1631.666658333333,79,38,32,70,0.8860759493670886,2,19.984715,0.774825550187869,FALSE,-0.6692933333333286,-0.11125039917921953,2,-0.11034666666665366,-0.012629399585919777,stable,0.9821428571428571,top
1275,NA,NA,NA,NA,NA,NA,NA,NA,3,14.224656666666666,0.30748945147679324,TRUE,NA,NA,NA,NA,NA,insufficient_history,NA,NA
1276,NA,NA,NA,NA,NA,NA,NA,NA,2,12.994889166666667,0.2954116059379217,TRUE,NA,NA,2,0.15872833333327452,0.24208860759484485,stable,NA,NA
1277,forward,11.916958333333334,679.266625,57,0,10,10,0.17543859649122806,1,14.07282,0.4153846153846154,TRUE,2.1558616666666666,0.23994601889338735,1,NA,NA,insufficient_history,0.33448275862068966,middle
1278,forward,14.07282,914.7333,65,13,14,27,0.4153846153846154,1,19.026075,0.8387096774193549,FALSE,4.953254999999999,0.42332506203473946,1,NA,NA,insufficient_history,0.5568965517241379,middle
1279,forward,19.026075,1179.61665,62,25,27,52,0.8387096774193549,2,19.78603916666667,0.8827901658090338,FALSE,0.7599641666666699,0.04408048838967893,2,2.155861666666985,0.23994601889342282,rising,0.925531914893617,top
1280,NA,NA,NA,NA,NA,NA,NA,NA,1,16.374278333333333,0.6419753086419753,FALSE,NA,NA,NA,NA,NA,insufficient_history,NA,NA
1281,forward,16.706096666666667,1369.8999266666667,82,9,36,45,0.5487804878048781,2,17.239663333333333,0.7488835451734799,TRUE,0.5335666666666654,0.2001030573686018,2,0.6065116666664416,0.002092487968193355,rising,0.7718696397941681,top
1282,forward,17.097416666666668,1213.9165833333334,71,17,27,44,0.6197183098591549,1,13.035416666666666,0.5416666666666666,FALSE,-4.062000000000001,-0.07805164319248825,3,0.20056000000008997,0.11699049193886436,stable,0.7982758620689655,top
1283,forward,13.035416666666666,938.55,72,11,28,39,0.5416666666666666,1,17.77083333333333,0.7,TRUE,4.735416666666662,0.15833333333333333,2,-0.2844933333333685,-0.25833047062868786,stable,0.45592705167173253,middle
1284,forward,17.77083333333333,1421.6666666666663,80,20,36,56,0.7,1,13.785,0.5875,TRUE,-3.9858333333333285,-0.11249999999999993,2,-2.030999999999762,-0.03902582159623959,declining,0.8425324675324676,top
1285,forward,13.785,1102.8,80,9,38,47,0.5875,1,14.312633333333334,0.45161290322580644,FALSE,0.5276333333333341,-0.13588709677419358,2,4.735416666664866,0.15833333333327335,rising,0.40979955456570155,middle
1286,NA,NA,NA,NA,NA,NA,NA,NA,1,15.9,0,FALSE,NA,NA,NA,NA,NA,insufficient_history,NA,NA
1287,defense,20.453291666666665,1656.7166249999998,81,7,19,26,0.32098765432098764,2,22.587669166666668,0.5011734028683181,TRUE,2.134377500000003,0.1801857485473305,2,3.5910566666653088,0.24390243902429767,rising,0.7344262295081967,top
1288,defense,22.405083333333334,1321.8999166666667,59,6,25,31,0.5254237288135594,5,23.823813666666666,0.7085833809884443,FALSE,1.4187303333333325,0.18315965217488495,3,2.2766458333337902,0.16049382716052685,rising,0.8672839506172839,top
1289,NA,NA,NA,NA,NA,NA,NA,NA,3,16.620878333333334,0.5371092639954533,TRUE,NA,NA,NA,NA,NA,insufficient_history,NA,NA
1290,forward,18.3775,1470.2,80,13,46,59,0.7375,5,17.287352666666667,0.4351031820126814,FALSE,-1.0901473333333342,-0.30239681798731866,2,0.2361183333332449,0.28559249786860436,stable,0.9016949152542373,top
1291,forward,16.682748333333333,950.916655,57,5,17,22,0.38596491228070173,0,NA,NA,FALSE,NA,NA,3,-1.6500833333338667,-0.2020833333333834,declining,0.756896551724138,top
1292,NA,NA,NA,NA,NA,NA,NA,NA,3,18.17806277777778,0.4352204898631265,TRUE,NA,NA,3,-0.7242816666666586,-0.07216905901117197,declining,NA,NA
1293,forward,17.98881833333333,1421.1166483333332,79,10,20,30,0.379746835443038,1,18.37923,0.47692307692307695,FALSE,0.3904116666666688,0.09717624148003895,2,0.8416199999996848,9.146341463411509e-4,rising,0.7884187082405345,top
1294,NA,NA,NA,NA,NA,NA,NA,NA,1,15.728888333333334,0.26666666666666666,FALSE,NA,NA,NA,NA,NA,insufficient_history,NA,NA
1295,defense,18.40588166666667,1251.5999533333336,68,10,22,32,0.47058823529411764,2,22.385729166666664,0.4829626972740315,TRUE,3.9798474999999947,0.012374461979913876,2,-11.778888333328862,-0.2666666666665654,declining,0.5508196721311476,middle
1296,defense,22.407841666666666,1523.7332333333334,68,10,25,35,0.5147058823529411,1,21.13511833333333,0.375,FALSE,-1.2727233333333352,-0.13970588235294112,3,9.206808333335188,0.22560975609759687,rising,0.8571428571428571,top
1297,NA,NA,NA,NA,NA,NA,NA,NA,4,21.469771666666666,0.33031166980389015,FALSE,NA,NA,3,2.0009800000003293,0.022058823529420617,rising,NA,NA
1298,NA,NA,NA,NA,NA,NA,NA,NA,3,17.27050111111111,0.16125541125541126,TRUE,NA,NA,NA,NA,NA,insufficient_history,NA,NA
1299,defense,19.035713333333337,1065.9999466666668,56,0,10,10,0.17857142857142858,2,18.334479166666668,0.22987012987012986,TRUE,-0.7012341666666693,0.05129870129870129,3,-0.11942666666675504,-0.025974025974043517,stable,0.5932203389830508,middle
1300,defense,17.20380833333333,1204.266583333333,70,7,7,14,0.2,1,17.765103333333332,0.203125,TRUE,0.5612950000000012,0.003124999999999989,3,1.2662875000002463,0.08441558441560511,rising,0.4660493827160494,middle
1301,defense,17.765103333333332,1136.9666133333333,64,4,9,13,0.203125,0,NA,NA,FALSE,NA,NA,3,-0.9159525000003476,0.010714285714282496,declining,0.4950166112956811,middle
1302,NA,NA,NA,NA,NA,NA,NA,NA,1,16.910135,0.2972972972972973,TRUE,NA,NA,3,-0.8500233333334322,-0.02830762987013436,declining,NA,NA
1303,defense,16.910135,1251.34999,74,4,18,22,0.2972972972972973,2,18.06333,0.2613821138211382,TRUE,1.1531950000000002,-0.03591518347615913,2,0.56129500000009,0.0031250000000004933,rising,0.4680232558139535,middle
1304,defense,17.44088833333333,1308.0666249999997,75,6,14,20,0.26666666666666666,1,20.54699,0.2361111111111111,FALSE,3.106101666666671,-0.030555555555555558,2,1.7756366666659984,-0.04119973632167193,rising,0.39357429718875503,middle
1305,NA,NA,NA,NA,NA,NA,NA,NA,2,13.377768333333332,0.24351924587588375,FALSE,NA,NA,NA,NA,NA,insufficient_history,NA,NA
1306,forward,9.133783333333334,337.94998333333336,37,1,3,4,0.10810810810810811,2,7.328589166666667,0.09230769230769231,TRUE,-1.8051941666666664,-0.0158004158004158,2,0.9620066666663083,0.03927729772190187,rising,0.10847457627118644,fringe
1307,forward,4.8,4.8,1,0,0,0,0,1,11.832893333333335,0.2631578947368421,TRUE,7.032893333333335,0.2631578947368421,3,-2.000796666666942,-0.03927125506072893,declining,0.005172413793103448,fringe
1308,forward,11.832893333333335,449.6499466666667,38,5,5,10,0.2631578947368421,1,11.994046666666666,0.22857142857142856,FALSE,0.16115333333333126,-0.034586466165413526,3,-2.166891666667447,-0.05405405405407838,declining,0.3448275862068966,middle
1309,forward,11.994046666666666,839.5832666666666,70,8,8,16,0.22857142857142856,3,11.604078888888889,0.19014418738343683,TRUE,-0.3899677777777768,-0.038427241187991734,2,7.03289333333437,0.2631578947368809,rising,0.3662613981762918,middle
1310,NA,NA,NA,NA,NA,NA,NA,NA,1,11.7,0.3,FALSE,NA,NA,NA,NA,NA,insufficient_history,NA,NA
1311,forward,17.29375,1383.5,80,24,24,48,0.6,2,18.360261666666666,0.8000694203401597,TRUE,1.066511666666667,0.20006942034015973,2,4.201666666665077,0.2999999999998862,rising,0.8164665523156089,top
1312,forward,18.89341,812.4166299999999,43,16,22,38,0.8837209302325582,3,14.537141111111112,0.5397337636143607,FALSE,-4.356268888888888,-0.3439871666181975,3,0.9627233333335349,0.05820895522389972,rising,0.9120689655172414,top
1313,forward,14.224098333333334,1052.5832766666667,74,23,21,44,0.5945945945945946,1,13.902563333333337,0.5384615384615384,TRUE,-0.32153499999999724,-0.05613305613305619,2,-0.9505116666662983,-0.2186365469946729,declining,0.4365256124721604,middle
1314,NA,NA,NA,NA,NA,NA,NA,NA,2,12.809027500000001,0.125,FALSE,NA,NA,NA,NA,NA,insufficient_history,NA,NA
1315,forward,9.334721666666667,224.03332,24,3,3,6,0.25,3,8.724519444444445,0.19301470588235295,FALSE,-0.6102022222222221,-0.05698529411764705,1,NA,NA,insufficient_history,0.11663807890222985,fringe
1316,NA,NA,NA,NA,NA,NA,NA,NA,4,8.739353333333334,0.12389919630642955,TRUE,NA,NA,3,-0.6736108333334413,-0.06250000000001957,declining,NA,NA
1317,NA,NA,NA,NA,NA,NA,NA,NA,1,10.985185,0,FALSE,NA,NA,NA,NA,NA,insufficient_history,NA,NA
1318,defense,10.985185,98.866665,9,0,0,0,0,1,11.333333333333334,0,TRUE,0.3481483333333344,0,NA,NA,NA,insufficient_history,0.029508196721311476,fringe
1319,defense,11.333333333333334,11.333333333333334,1,0,0,0,0,1,19.21666666666666,0.4,TRUE,7.8833333333333275,0.4,1,NA,NA,insufficient_history,0.07407407407407407,fringe
1320,defense,19.21666666666666,192.16666666666663,10,1,3,4,0.4,0,NA,NA,FALSE,NA,NA,2,0.34814833333320394,0,stable,0.6212624584717608,middle
1321,NA,NA,NA,NA,NA,NA,NA,NA,2,14.179166666666667,0,TRUE,NA,NA,3,4.115740833334669,0.2000000000000664,rising,NA,NA
1322,defense,14.458333333333334,28.916666666666668,2,0,0,0,0,1,14.087233333333334,0.1702127659574468,TRUE,-0.3711000000000002,0.1702127659574468,2,-2.6583333333330184,-0.19999999999997678,declining,0.22822822822822822,fringe
1323,defense,14.087233333333334,662.0999666666667,47,3,5,8,0.1702127659574468,1,10.783333333333331,0,TRUE,-3.3039000000000023,-0.1702127659574468,2,0.5583333333331207,0,rising,0.10441767068273092,fringe
1324,NA,NA,NA,NA,NA,NA,NA,NA,0,NA,NA,FALSE,NA,NA,NA,NA,NA,insufficient_history,NA,NA
1325,NA,NA,NA,NA,NA,NA,NA,NA,2,8.795369166666667,0.2222222222222222,TRUE,NA,NA,NA,NA,NA,insufficient_history,NA,NA
1326,forward,8.144443333333333,24.43333,3,0,1,1,0.3333333333333333,1,11.129999999999999,0.4,FALSE,2.9855566666666657,0.06666666666666671,1,NA,NA,insufficient_history,0.08103448275862069,fringe
1327,NA,NA,NA,NA,NA,NA,NA,NA,2,10.913075000000001,0.2892857142857143,TRUE,NA,NA,3,0.8418525000003855,0.14444444444447396,rising,NA,NA
1328,forward,11.542221666666668,346.26665,30,8,4,12,0.4,1,10.283928333333334,0.17857142857142858,TRUE,-1.2582933333333344,-0.22142857142857145,2,2.9855566666671067,0.06666666666667656,rising,0.32978723404255317,fringe
1329,forward,10.810000000000002,486.4500000000001,45,7,6,13,0.28888888888888886,1,11.911375,0.2222222222222222,FALSE,1.1013749999999973,-0.06666666666666665,2,-1.2582933333328545,-0.22142857142848738,declining,0.111358574610245,fringe
1330,NA,NA,NA,NA,NA,NA,NA,NA,1,15.998333333333331,0.6,TRUE,NA,NA,NA,NA,NA,insufficient_history,NA,NA
1331,defense,15.998333333333331,159.98333333333332,10,0,6,6,0.6,1,10.157141666666666,0,TRUE,-5.841191666666665,-0.6,NA,NA,NA,insufficient_history,0.3684210526315789,middle
1332,defense,10.157141666666666,71.09999166666667,7,0,0,0,0,1,11.129999999999999,0,TRUE,0.9728583333333329,0,1,NA,NA,insufficient_history,0.023728813559322035,fringe
1333,defense,11.129999999999999,55.64999999999999,5,0,0,0,0,1,13.692708333333336,0,TRUE,2.5627083333333367,0,2,-5.841191666664446,-0.5999999999997722,declining,0.036065573770491806,fringe
1334,defense,13.692708333333336,219.08333333333337,16,0,0,0,0,1,11.35625,0.25,FALSE,-2.3364583333333364,0.25,3,-2.4341666666669903,-0.30000000000004984,declining,0.18518518518518517,fringe
1335,NA,NA,NA,NA,NA,NA,NA,NA,2,11.788854166666667,0.10664335664335664,TRUE,NA,NA,3,0.11312499999982185,0.12500000000004152,stable,NA,NA
1336,defense,11.637178333333335,302.5666366666667,26,0,2,2,0.07692307692307693,2,15.860219166666667,0.1326945412311266,TRUE,4.223040833333332,0.05577146430804966,2,0.2921399999999662,-0.056818181818175204,stable,0.05405405405405406,fringe
1337,NA,NA,NA,NA,NA,NA,NA,NA,2,12.845366666666665,0.5480625931445603,TRUE,NA,NA,NA,NA,NA,insufficient_history,NA,NA
1338,forward,15.93770333333333,972.1999033333332,61,23,30,53,0.8688524590163934,3,13.891989444444445,0.39357454547327964,TRUE,-2.0457138888888853,-0.4752779135431138,1,NA,NA,insufficient_history,0.7033898305084746,top
1339,forward,13.1082,825.8166,63,10,13,23,0.36507936507936506,0,NA,NA,FALSE,NA,NA,3,-0.6585958333333862,-0.21647751155951012,declining,0.4706896551724138,middle
1340,NA,NA,NA,NA,NA,NA,NA,NA,2,15.525782499999998,0.5284266575060117,TRUE,NA,NA,3,-0.41952833333353,-0.0073337351818436765,declining,NA,NA
1341,forward,15.765649999999997,1292.7832999999998,82,15,22,37,0.45121951219512196,1,11.102338333333334,0.2631578947368421,FALSE,-4.663311666666663,-0.18806161745827987,2,1.0888574999998724,0.12027721886875423,rising,0.6655844155844156,middle
1342,NA,NA,NA,NA,NA,NA,NA,NA,2,16.759924166666668,0.11314363143631437,TRUE,NA,NA,NA,NA,NA,insufficient_history,NA,NA
1343,defense,13.53611,243.64998000000003,18,0,1,1,0.05555555555555555,2,19.196179166666667,0.22329688814129522,TRUE,5.660069166666666,0.16774133258573967,NA,NA,NA,insufficient_history,0.12786885245901639,fringe
1344,defense,17.05021,1346.96659,79,3,13,16,0.20253164556962025,2,14.962435833333334,0.17137624280481423,TRUE,-2.087774166666666,-0.031155402764806023,3,2.436255000000269,0.11015325670500786,rising,0.43934426229508194,middle
1345,defense,14.866325,728.449925,49,1,7,8,0.16326530612244897,0,NA,NA,FALSE,NA,NA,3,-1.6750366666671106,-0.04818744473917882,declining,0.2591362126245847,fringe
1346,NA,NA,NA,NA,NA,NA,NA,NA,2,18.266804999999998,0.2713888888888889,TRUE,NA,NA,3,-1.0919425000002017,-0.019633169723590256,declining,NA,NA
1347,defense,19.065555,1429.916625,75,7,16,23,0.30666666666666664,2,18.0277375,0.2357142857142857,FALSE,-1.0378174999999992,-0.07095238095238093,2,1.3008649999998505,0.03642290249432685,rising,0.6246246246246246,middle
1348,NA,NA,NA,NA,NA,NA,NA,NA,2,18.19182916666667,0.2303921568627451,TRUE,NA,NA,NA,NA,NA,insufficient_history,NA,NA
1349,defense,21.689215,368.716655,17,0,5,5,0.29411764705882354,1,17.283333333333335,0,TRUE,-4.405881666666666,-0.29411764705882354,1,NA,NA,insufficient_history,0.7894736842105263,top
1350,defense,17.283333333333335,34.56666666666667,2,0,0,0,0,2,19.705730833333334,0.2772087067861716,TRUE,2.422397499999999,0.2772087067861716,2,6.994771666664014,0.1274509803921085,rising,0.42033898305084744,middle
1351,defense,18.896008333333334,1341.6165916666666,71,6,14,20,0.28169014084507044,1,17.014654999999998,0.22413793103448276,FALSE,-1.8813533333333368,-0.05755220981058767,3,-0.5868808333331664,-0.010695187165754592,declining,0.6049382716049383,middle
1352,NA,NA,NA,NA,NA,NA,NA,NA,2,16.971402499999996,0.19465811965811966,TRUE,NA,NA,3,-1.7503991666671168,-0.024294670846403812,declining,NA,NA
1353,defense,15.65576833333333,814.0999533333332,52,2,9,11,0.21153846153846154,1,13.517423333333333,0.09090909090909091,TRUE,-2.1383449999999975,-0.12062937062937062,2,0.636190833333262,-0.02318007662834978,rising,0.33933933933933935,middle
1354,defense,13.517423333333333,297.3833133333333,22,0,2,2,0.09090909090909091,1,17.337036666666666,0.2222222222222222,FALSE,3.819613333333333,0.1313131313131313,2,-2.6312683333323346,0.033760683760670894,declining,0.0642570281124498,fringe
1355,NA,NA,NA,NA,NA,NA,NA,NA,2,10.742856666666666,0.14285714285714285,TRUE,NA,NA,NA,NA,NA,insufficient_history,NA,NA
1356,forward,12.604761666666667,88.23333166666667,7,1,1,2,0.2857142857142857,1,9.714284999999999,0,TRUE,-2.890476666666668,-0.2857142857142857,1,NA,NA,insufficient_history,0.4365482233502538,middle
1357,forward,9.714284999999999,135.99998999999997,14,0,0,0,0,0,NA,NA,FALSE,NA,NA,2,3.7238099999985885,0.2857142857141773,rising,0.14745762711864407,fringe
1358,NA,NA,NA,NA,NA,NA,NA,NA,0,NA,NA,FALSE,NA,NA,3,0.41666666666649255,-2.3708396126130906e-14,rising,NA,NA
1359,NA,NA,NA,NA,NA,NA,NA,NA,1,10.066666666666666,1,FALSE,NA,NA,2,-2.890476666665569,-0.28571428571417723,declining,NA,NA
1360,NA,NA,NA,NA,NA,NA,NA,NA,2,11.905653333333333,0.2006333830104322,TRUE,NA,NA,1,NA,NA,insufficient_history,NA,NA
1361,forward,11.377595000000001,694.0332950000001,61,4,8,12,0.19672131147540983,0,NA,NA,FALSE,NA,NA,2,1.1835224999998633,-0.39772727272722647,rising,0.3003246753246753,fringe
1362,NA,NA,NA,NA,NA,NA,NA,NA,2,10.578479166666668,0.2032967032967033,TRUE,NA,NA,NA,NA,NA,insufficient_history,NA,NA
1363,forward,9.139101666666669,237.61664333333337,26,1,4,5,0.19230769230769232,1,11.532768333333333,0.22033898305084745,TRUE,2.3936666666666646,0.028031290743155135,1,NA,NA,insufficient_history,0.11016949152542373,fringe
1364,forward,11.532768333333333,680.4333316666666,59,4,9,13,0.22033898305084745,1,10.526534999999999,0.25,TRUE,-1.0062333333333342,0.029661016949152547,2,-2.878754999998906,-0.02197802197801355,declining,0.30017152658662094,fringe
1365,forward,10.526534999999999,800.0166599999999,76,11,8,19,0.25,3,11.987265555555556,0.28214475582896636,FALSE,1.460730555555557,0.032144755828966365,3,-0.24254416666651055,0.0030266343825693606,stable,0.2189655172413793,fringe
1366,forward,11.795236666666668,990.79988,84,13,9,22,0.2619047619047619,2,12.184104999999999,0.25365853658536586,TRUE,0.38886833333333115,-0.008246225319396061,2,1.3057549999998481,0.04984051036682037,rising,0.33766233766233766,middle
1367,forward,12.48821,1024.03322,82,7,10,17,0.2073170731707317,1,11.879999999999999,0.3,FALSE,-0.6082100000000015,0.09268292682926829,2,-1.593798333332726,-0.08020050125310232,declining,0.27616926503340755,fringe
1368,NA,NA,NA,NA,NA,NA,NA,NA,2,8.911897499999998,0.13055555555555554,TRUE,NA,NA,NA,NA,NA,insufficient_history,NA,NA
1369,forward,8.662961666666666,77.96665499999999,9,0,1,1,0.1111111111111111,2,9.0875375,0.11136363636363636,FALSE,0.4245758333333338,2.5252525252525415e-4,NA,NA,NA,insufficient_history,0.07627118644067797,fringe
1370,NA,NA,NA,NA,NA,NA,NA,NA,0,NA,NA,FALSE,NA,NA,3,0.17564000000001656,-0.019191919191928808,stable,NA,NA
1371,NA,NA,NA,NA,NA,NA,NA,NA,2,16.17835,0.521181001283697,TRUE,NA,NA,2,-0.1465916666666095,-0.07727272727269793,stable,NA,NA
1372,forward,16.042885,1315.5165699999998,82,19,19,38,0.4634146341463415,2,14.713866666666668,0.33729241118351905,FALSE,-1.3290183333333303,-0.12612222296282244,1,NA,NA,insufficient_history,0.6883116883116883,top
1373,NA,NA,NA,NA,NA,NA,NA,NA,1,10.138888333333332,0,FALSE,NA,NA,NA,NA,NA,insufficient_history,NA,NA
1374,forward,10.138888333333332,60.83333,6,0,0,0,0,2,10.608140000000002,0.15739484396200815,TRUE,0.4692516666666702,0.15739484396200815,NA,NA,NA,insufficient_history,0.19458544839255498,fringe
1375,forward,11.092038333333333,743.1665683333333,67,7,8,15,0.22388059701492538,1,12.470833333333333,0.25,TRUE,1.3787950000000002,0.02611940298507462,2,-0.014646666666655327,0.09090909090905641,stable,0.2624356775300172,fringe
1376,forward,12.470833333333333,848.0166666666667,68,8,9,17,0.25,1,11.60572,0.22388059701492538,TRUE,-0.8651133333333334,-0.02611940298507462,3,0.4765750000001584,0.11194029850749232,rising,0.38448275862068965,middle
1377,forward,11.60572,777.5832399999999,67,8,7,15,0.22388059701492538,0,NA,NA,FALSE,NA,NA,3,1.17329583333364,0.07954545454546992,rising,0.31896551724137934,fringe
1378,NA,NA,NA,NA,NA,NA,NA,NA,2,12.947150833333334,0.2496969696969697,TRUE,NA,NA,3,0.2568408333333031,-2.2251154062914665e-15,stable,NA,NA
1379,forward,12.552525000000001,828.4666500000001,66,7,11,18,0.2727272727272727,1,11.808795,0.16666666666666666,TRUE,-0.7437300000000011,-0.10606060606060605,2,0.8680283333332336,0.0013930348258704905,rising,0.413961038961039,middle
1380,forward,11.808795,425.11662,36,2,4,6,0.16666666666666666,1,9.566666666666666,0.16981132075471697,TRUE,-2.2421283333333335,0.0031446540880503138,2,-0.7892516666663623,0.04606060606058862,declining,0.20935412026726058,fringe
1381,NA,NA,NA,NA,NA,NA,NA,NA,3,21.64908888888889,0.41728115747723593,TRUE,NA,NA,NA,NA,NA,insufficient_history,NA,NA
1382,defense,21.67713666666667,1690.8166600000002,78,15,21,36,0.46153846153846156,7,22.94976880952381,0.5225680925493014,FALSE,1.272632142857141,0.0610296310108398,1,NA,NA,insufficient_history,0.7861842105263158,top
1383,NA,NA,NA,NA,NA,NA,NA,NA,3,14.805375,0.41256446319737455,TRUE,NA,NA,NA,NA,NA,insufficient_history,NA,NA
1384,forward,17.101421666666667,1402.3165766666666,82,25,25,50,0.6097560975609756,2,19.7931125,0.7586603039943443,TRUE,2.6916908333333325,0.14890420643336866,3,3.427063333333932,0.24191279887486952,rising,0.8078902229845626,top
1385,forward,20.628501666666665,1423.366615,69,22,28,50,0.7246376811594203,0,NA,NA,FALSE,NA,NA,3,0.8703175000002947,0.09887310898428585,rising,0.9758620689655172,top
1386,NA,NA,NA,NA,NA,NA,NA,NA,3,19.279884444444445,1.0048988951427975,TRUE,NA,NA,3,1.7635400000004302,0.05744079179922618,rising,NA,NA
1387,forward,20.29979666666667,1664.5833266666668,82,57,37,94,1.146341463414634,1,20.560328333333334,1.056338028169014,FALSE,0.2605316666666653,-0.09000343524562004,2,2.0223366666658977,-0.23420888055025507,rising,0.9621380846325167,top
1388,NA,NA,NA,NA,NA,NA,NA,NA,3,16.54607722222222,0.630200322273493,TRUE,NA,NA,NA,NA,NA,insufficient_history,NA,NA
1389,forward,18.88394166666666,1548.4832166666663,82,29,48,77,0.9390243902439024,7,21.564395476190477,1.3565936528453622,FALSE,2.680453809523815,0.41756926260145977,2,5.363299999997967,0.46509009008991375,rising,0.9372881355932203,top
1390,forward,20.695471666666666,1676.333205,81,41,65,106,1.308641975308642,1,21.64975333333333,1.4852941176470589,FALSE,0.9542816666666631,0.17665214233841686,2,-0.6152083333331031,0.2249999999999151,declining,0.9710467706013363,top
1391,NA,NA,NA,NA,NA,NA,NA,NA,3,15.377850555555556,0.5961733739511517,TRUE,NA,NA,NA,NA,NA,insufficient_history,NA,NA
1392,forward,14.987448333333333,1213.983315,81,13,13,26,0.32098765432098764,2,13.845155,0.3486774304362762,TRUE,-1.142293333333333,0.027689776115288556,2,-0.8538966666663409,-0.5324675324673304,declining,0.6406779661016949,middle
1393,forward,13.289905000000001,943.583255,71,13,14,27,0.38028169014084506,1,12.511216666666666,0.23076923076923078,FALSE,-0.778688333333335,-0.14951245937161428,3,-0.37284916666678036,-0.07522964840039294,declining,0.4689655172413793,middle
1394,NA,NA,NA,NA,NA,NA,NA,NA,4,17.06348458333333,0.6501059497079092,TRUE,NA,NA,3,-0.9445941666668886,-0.04315196998125789,declining,NA,NA
1395,NA,NA,NA,NA,NA,NA,NA,NA,0,NA,NA,FALSE,NA,NA,NA,NA,NA,insufficient_history,NA,NA
1396,defense,12.533333333333331,250.66666666666663,20,0,1,1,0.05,1,13.665185000000001,0.3111111111111111,TRUE,1.1318516666666696,0.2611111111111111,1,NA,NA,insufficient_history,0.11728395061728394,fringe
1397,defense,13.665185000000001,614.9333250000001,45,4,10,14,0.3111111111111111,1,16.282406666666667,0.1111111111111111,FALSE,2.6172216666666657,-0.2,2,-4.261689999998384,-0.0694029850746005,declining,0.13953488372093023,fringe
1398,defense,16.282406666666667,586.16664,36,2,2,4,0.1111111111111111,2,14.458069166666666,0.12140804597701149,TRUE,-1.8243375000000004,0.010296934865900387,2,1.131851666666836,0.26111111111114954,rising,0.40406976744186046,middle
1399,defense,16.12361,386.96664,24,1,4,5,0.20833333333333334,1,15.946295,0.19444444444444445,TRUE,-0.1773150000000001,-0.013888888888888895,2,-3.4898783333320074,-0.07662835249039236,declining,0.26104417670682734,fringe
1400,NA,NA,NA,NA,NA,NA,NA,NA,2,16.175111666666666,0.6719977553310887,FALSE,NA,NA,NA,NA,NA,insufficient_history,NA,NA
1401,forward,16.688413333333333,1368.4498933333334,82,20,41,61,0.7439024390243902,5,18.090445666666664,0.9222797881573587,FALSE,1.4020323333333309,0.17837734913296843,2,-0.32553333333320655,0.162177328843934,stable,0.7701543739279588,top
1402,forward,19.913616666666663,1632.9165666666663,82,40,58,98,1.1951219512195121,1,19.784523333333333,1.042857142857143,FALSE,-0.12909333333332995,-0.15226480836236922,2,0.2698499999999014,0.07332128876841595,stable,0.9376391982182628,top
1403,NA,NA,NA,NA,NA,NA,NA,NA,2,16.793551666666666,0.6541327913279134,FALSE,NA,NA,NA,NA,NA,insufficient_history,NA,NA
1404,forward,17.48617833333333,1433.866623333333,82,25,39,64,0.7804878048780488,6,16.326222777777776,0.7701377627891075,FALSE,-1.1599555555555554,-0.010350042088941303,1,NA,NA,insufficient_history,0.8372881355932204,top
1405,NA,NA,NA,NA,NA,NA,NA,NA,3,12.694114999999998,0.1654320987654321,TRUE,NA,NA,NA,NA,NA,insufficient_history,NA,NA
1406,forward,15.638955000000001,1298.033265,83,13,26,39,0.46987951807228917,1,15.40078,0.84375,FALSE,-0.2381750000000018,0.37387048192771083,3,0.9971875000002988,0.2000000000000583,rising,0.6879310344827586,top
1407,NA,NA,NA,NA,NA,NA,NA,NA,1,17.647153333333332,1.0365853658536586,TRUE,NA,NA,3,0.12653583333333185,0.12187500000005116,stable,NA,NA
1408,forward,17.647153333333332,1447.0665733333333,82,33,52,85,1.0365853658536586,3,18.057385555555555,0.8798681720832554,FALSE,0.41023222222222344,-0.15671719377040316,2,-0.2381750000000373,0.373870481927766,stable,0.8206686930091185,top
1409,NA,NA,NA,NA,NA,NA,NA,NA,1,11.108730000000001,0.2857142857142857,FALSE,NA,NA,NA,NA,NA,insufficient_history,NA,NA
1410,forward,14.040243333333331,1151.2999533333332,82,24,23,47,0.573170731707317,1,14.882366666666666,0.7536231884057971,FALSE,0.8421233333333351,0.1804524566984801,2,1.3898999999987425,0.08414872798426822,rising,0.5620689655172414,middle
1411,NA,NA,NA,NA,NA,NA,NA,NA,2,14.741666666666667,0.6853846153846154,FALSE,NA,NA,3,1.191868333333597,0.19188008735363027,rising,NA,NA
1412,NA,NA,NA,NA,NA,NA,NA,NA,1,10.228493333333335,0.3870967741935484,TRUE,NA,NA,2,-0.38333333333318376,-0.09076923076919616,declining,NA,NA
1413,NA,NA,NA,NA,NA,NA,NA,NA,1,10.228493333333335,0.3870967741935484,TRUE,NA,NA,2,-0.38333333333318376,-0.09076923076919616,declining,NA,NA
1414,NA,NA,NA,NA,NA,NA,NA,NA,3,17.51352611111111,0.5769308943089431,TRUE,NA,NA,NA,NA,NA,insufficient_history,NA,NA
1415,forward,19.843495,1627.16659,82,16,47,63,0.7682926829268293,4,20.576016666666668,0.9165840437361008,FALSE,0.732521666666667,0.14829136080927152,2,-0.39124999999985205,-0.16249999999993817,declining,0.9639794168096055,top
1416,forward,19.555625000000006,1564.4500000000005,80,32,47,79,0.9875,2,20.076988333333333,0.9502100840336134,FALSE,0.5213633333333263,-0.037289915966386644,2,-0.795891666666569,0.11267605633801525,declining,0.9383116883116883,top
1417,NA,NA,NA,NA,NA,NA,NA,NA,2,12.530555,0.16666666666666666,FALSE,NA,NA,NA,NA,NA,insufficient_history,NA,NA
1418,forward,8.320833333333333,66.56666666666666,8,1,0,1,0.125,1,13.096968333333333,0.41818181818181815,TRUE,4.776135,0.29318181818181815,3,-0.8640400000001514,0.03333333333337205,declining,0.08448275862068966,fringe
1419,forward,13.096968333333333,720.3332583333333,55,7,16,23,0.41818181818181815,1,15.27803,0.5151515151515151,FALSE,2.1810616666666665,0.09696969696969698,3,-1.6812500000005577,0.06249999999998753,declining,0.46551724137931033,middle
1420,forward,15.27803,1008.34998,66,14,20,34,0.5151515151515151,1,12.907029999999999,0.515625,TRUE,-2.3710000000000004,4.7348484848486194e-4,2,4.776135000000705,0.2931818181818614,rising,0.6656534954407295,middle
1421,forward,12.907029999999999,826.0499199999999,64,11,22,33,0.515625,2,9.859635833333334,0.23469387755102042,FALSE,-3.047394166666665,-0.28093112244897955,2,1.0905308333332069,0.048484848484842906,rising,0.4431818181818182,middle
1422,NA,NA,NA,NA,NA,NA,NA,NA,0,NA,NA,FALSE,NA,NA,NA,NA,NA,insufficient_history,NA,NA
1423,defense,19.558535,1603.7998699999998,82,9,26,35,0.4268292682926829,1,20.154105,0.36231884057971014,FALSE,0.5955700000000022,-0.06451042771297277,1,NA,NA,insufficient_history,0.6635802469135802,middle
1424,NA,NA,NA,NA,NA,NA,NA,NA,2,21.686336666666666,0.3357253086419753,TRUE,NA,NA,3,2.285385833333757,0.07911860396333217,rising,NA,NA
1425,defense,22.97,1837.6,80,7,24,31,0.3875,3,22.871654999999997,0.4053497942386831,FALSE,-0.0983450000000019,0.017849794238683103,2,0.595570000000093,-0.06451042771298217,rising,0.8924418604651163,top
1426,NA,NA,NA,NA,NA,NA,NA,NA,3,14.227380555555555,0.39235389235389234,TRUE,NA,NA,NA,NA,NA,insufficient_history,NA,NA
1427,forward,15.252563333333336,1189.6999400000002,78,15,22,37,0.47435897435897434,6,17.98274138888889,0.7434715460802417,FALSE,2.7301780555555535,0.26911257172126735,1,NA,NA,insufficient_history,0.6535162950257289,middle
1428,NA,NA,NA,NA,NA,NA,NA,NA,1,17.09401666666667,0.358974358974359,FALSE,NA,NA,NA,NA,NA,insufficient_history,NA,NA
1429,defense,19.327595,1178.983295,61,4,26,30,0.4918032786885246,1,19.287253333333336,0.7794117647058824,TRUE,-0.040341666666662945,0.2876084860173578,2,-0.534641666666179,-0.10897435897426014,declining,0.6450617283950617,middle
1430,defense,19.287253333333336,1311.533226666667,68,15,38,53,0.7794117647058824,1,19.80859333333333,0.796875,FALSE,0.521339999999995,0.01746323529411764,3,1.1167891666670793,0.06641445985711389,rising,0.627906976744186,middle
1431,NA,NA,NA,NA,NA,NA,NA,NA,1,19.80859333333333,0.796875,TRUE,NA,NA,3,1.3639391666668885,0.2647058823530089,rising,NA,NA
1432,defense,19.80859333333333,1267.7499733333332,64,10,41,51,0.796875,2,18.198908333333332,0.4774193548387097,TRUE,-1.609684999999999,-0.3194556451612903,2,-0.040341666666667185,0.28760848601740013,stable,0.7063953488372093,top
1433,defense,22.05857,1544.0999,70,11,31,42,0.6,1,14.339246666666666,0.3548387096774194,TRUE,-7.7193233333333335,-0.2451612903225806,2,0.2606699999999677,0.008731617647057802,stable,0.8738738738738738,top
1434,defense,23.594926666666666,542.6833133333333,23,2,12,14,0.6086956521739131,0,NA,NA,FALSE,NA,NA,3,-2.7346733333344306,-0.22101814516134755,declining,0.90625,top
1435,NA,NA,NA,NA,NA,NA,NA,NA,3,16.441076666666667,0.5835610200364298,TRUE,NA,NA,NA,NA,NA,insufficient_history,NA,NA
1436,forward,17.83083333333333,713.2333333333332,40,7,18,25,0.625,5,18.317341666666668,0.8149937600285256,FALSE,0.48650833333333665,0.18999376002852564,2,4.969993333328833,0.20765027322385549,rising,0.8362068965517241,top
1437,NA,NA,NA,NA,NA,NA,NA,NA,2,14.462097499999999,0.5412581699346405,FALSE,NA,NA,NA,NA,NA,insufficient_history,NA,NA
1438,NA,NA,NA,NA,NA,NA,NA,NA,1,12.653645,0.1875,TRUE,NA,NA,2,2.2941049999991328,0.054738562091482694,rising,NA,NA
1439,forward,12.653645,404.91664,32,2,4,6,0.1875,1,16.148633333333333,0.5245901639344263,TRUE,3.4949883333333336,0.33709016393442626,2,2.2941049999991328,0.054738562091482694,rising,0.4086206896551724,middle
1440,forward,16.148633333333333,985.0666333333332,61,15,17,32,0.5245901639344263,1,17.329463333333333,0.5357142857142857,FALSE,1.1808300000000003,0.011124121779859442,2,-1.4777524999994383,-0.19056372549012374,declining,0.7224137931034482,top
1441,NA,NA,NA,NA,NA,NA,NA,NA,3,15.398686111111111,0.5259103641456583,TRUE,NA,NA,2,3.494988333333854,0.337090163934476,rising,NA,NA
1442,NA,NA,NA,NA,NA,NA,NA,NA,2,12.737730833333332,0.0625,FALSE,NA,NA,NA,NA,NA,insufficient_history,NA,NA
1443,forward,16.61132333333333,1295.68322,78,20,24,44,0.5641025641025641,2,15.161186666666667,0.4634012107870116,FALSE,-1.4501366666666637,-0.10070135331555252,3,-1.7670075000002496,0.11842105263160786,declining,0.7706896551724138,top
1444,forward,14.532278333333332,1148.0499883333332,79,11,21,32,0.4050632911392405,2,14.034167499999999,0.4082606890826069,TRUE,-0.4981108333333335,0.0031973979433663757,2,-0.82122833333345,-0.04236343366778768,declining,0.6063829787234043,middle
1445,forward,14.384244999999998,1050.049885,73,6,16,22,0.3013698630136986,1,11.482423333333333,0.21818181818181817,TRUE,-2.901821666666665,-0.08318804483188044,2,-0.8481883333330098,0.11008822401223291,declining,0.44988864142538976,middle
1446,NA,NA,NA,NA,NA,NA,NA,NA,2,12.078518333333333,0.25112443778110943,FALSE,NA,NA,NA,NA,NA,insufficient_history,NA,NA
1447,forward,13.255146666666665,901.3499733333332,68,9,19,28,0.4117647058823529,2,14.880117499999999,0.4895104895104895,TRUE,1.6249708333333341,0.07774578362813656,2,-0.8869233333329993,-0.019490254872556276,declining,0.46826758147512865,middle
1448,forward,15.234594999999999,1005.48327,66,14,21,35,0.5303030303030303,1,16.138061666666665,0.6756756756756757,FALSE,0.9034666666666666,0.14537264537264538,3,1.445291666667009,0.1036693191865808,rising,0.6586206896551724,middle
1449,forward,16.138061666666665,1194.2165633333332,74,27,23,50,0.6756756756756757,3,16.77693222222222,0.7790440957984192,FALSE,0.638870555555556,0.1033684201227435,2,0.7089550000001087,0.08158508158509369,rising,0.723404255319149,top
1450,NA,NA,NA,NA,NA,NA,NA,NA,3,15.300242777777777,0.6766979255470305,TRUE,NA,NA,NA,NA,NA,insufficient_history,NA,NA
1451,forward,17.982443333333332,1348.68325,75,34,36,70,0.9333333333333333,5,18.770484333333332,1.2015037130890789,FALSE,0.7880409999999998,0.26817037975574554,2,-0.028091666666654462,-0.07715260017047382,stable,0.8745762711864407,top
1452,forward,19.56443,1604.2832600000002,82,61,52,113,1.3780487804878048,2,20.14411833333333,1.2540650406504066,FALSE,0.5796883333333298,-0.12398373983739819,2,-0.17653749999997848,-0.14384920634918955,stable,0.939935064935065,top
1453,NA,NA,NA,NA,NA,NA,NA,NA,2,12.7808675,0.3483950617283951,FALSE,NA,NA,NA,NA,NA,insufficient_history,NA,NA
1454,forward,14.500205000000001,1174.516605,81,12,16,28,0.345679012345679,2,17.297918333333335,0.5780379041248607,FALSE,2.797713333333334,0.23235889177918168,2,1.1004016666656704,0.21679012345659365,rising,0.5982758620689655,middle
1455,forward,18.58376,1449.53328,78,35,19,54,0.6923076923076923,3,18.99867111111111,0.8772262849675363,FALSE,0.4149111111111097,0.184918592659844,2,1.5118716666668874,0.11808910359636743,rising,0.8996960486322189,top
1456,NA,NA,NA,NA,NA,NA,NA,NA,1,11.79111,0.4,FALSE,NA,NA,NA,NA,NA,insufficient_history,NA,NA
1457,forward,11.514166666666664,921.1333333333332,80,14,12,26,0.325,1,13.452898333333334,0.37681159420289856,FALSE,1.9387316666666692,0.05181159420289855,2,0.40637333333296816,-0.15471698113193522,rising,0.3086206896551724,fringe
1458,NA,NA,NA,NA,NA,NA,NA,NA,2,16.59883,0.6447606142728094,TRUE,NA,NA,3,0.6277075000002625,0.06576428766750218,rising,NA,NA
1459,forward,16.756096666666668,1373.9999266666669,82,16,29,45,0.5487804878048781,2,16.43951416666667,0.6557461761058289,FALSE,-0.3165824999999991,0.10696568830095077,2,1.494332499999826,0.18196457326889998,rising,0.7548701298701299,top
1460,NA,NA,NA,NA,NA,NA,NA,NA,1,13.608333333333333,0.18181818181818182,FALSE,NA,NA,NA,NA,NA,insufficient_history,NA,NA
1461,defense,16.681943333333333,1401.28324,84,2,23,25,0.2976190476190476,1,19.399033333333332,0.3188405797101449,TRUE,2.717089999999999,0.021221532091097284,1,NA,NA,insufficient_history,0.4166666666666667,middle
1462,defense,19.399033333333332,1338.5332999999998,69,2,20,22,0.3188405797101449,4,20.168257916666665,0.3352231697799858,FALSE,0.7692245833333331,0.016382590069840886,2,3.073609999998835,0.11580086580082188,rising,0.6378737541528239,middle
1463,defense,21.76318333333333,1458.133283333333,67,3,21,24,0.3582089552238806,0,NA,NA,FALSE,NA,NA,3,3.507920833334088,0.050982384823857724,rising,0.7890625,top
1464,NA,NA,NA,NA,NA,NA,NA,NA,3,11.77111111111111,0,TRUE,NA,NA,NA,NA,NA,insufficient_history,NA,NA
1465,defense,13.333333333333334,40,3,0,0,0,0,1,10.90625,0.125,TRUE,-2.427083333333334,0.125,2,0.7199999999993505,0,rising,0.16666666666666666,fringe
1466,NA,NA,NA,NA,NA,NA,NA,NA,1,12.111346666666666,0.0851063829787234,TRUE,NA,NA,2,-2.4270833333336888,0.12500000000001843,declining,NA,NA
1467,defense,12.111346666666666,569.2332933333333,47,0,4,4,0.0851063829787234,2,13.180178333333334,0.08097560975609756,TRUE,1.068831666666668,-0.004130773222625839,1,NA,NA,insufficient_history,0.07807807807807808,fringe
1468,NA,NA,NA,NA,NA,NA,NA,NA,0,NA,NA,FALSE,NA,NA,NA,NA,NA,insufficient_history,NA,NA
1469,forward,5.588888333333333,50.299995,9,0,0,0,0,1,11.289813333333335,0.4166666666666667,TRUE,5.700925000000002,0.4166666666666667,NA,NA,NA,insufficient_history,0.010344827586206896,fringe
1470,forward,11.289813333333335,406.43328,36,7,8,15,0.4166666666666667,1,9.816215,0.3108108108108108,FALSE,-1.4735983333333351,-0.10585585585585588,1,NA,NA,insufficient_history,0.2913793103448276,fringe
1471,forward,9.816215,726.39991,74,11,12,23,0.3108108108108108,1,11.351886666666667,0.22641509433962265,TRUE,1.5356716666666674,-0.08439571647118815,2,5.700925000000843,0.4166666666667281,rising,0.1656534954407295,fringe
1472,forward,11.351886666666667,601.6499933333333,53,4,8,12,0.22641509433962265,1,12.207500000000001,0.26666666666666666,TRUE,0.8556133333333342,0.040251572327044016,2,-0.736799166666581,-0.05292792792792175,declining,0.2987012987012987,fringe
1473,forward,12.207500000000001,732.45,60,6,10,16,0.26666666666666666,1,9.528946666666664,0.10526315789473684,TRUE,-2.678553333333337,-0.16140350877192983,2,1.5356716666660868,-0.08439571647115608,rising,0.2583518930957684,fringe
1474,NA,NA,NA,NA,NA,NA,NA,NA,2,18.925327499999998,0.3111111111111111,FALSE,NA,NA,NA,NA,NA,insufficient_history,NA,NA
1475,defense,20.469791666666666,1637.5833333333333,80,9,23,32,0.4,2,20.97351666666667,0.3800813008130081,TRUE,0.5037250000000029,-0.019918699186991906,1,NA,NA,insufficient_history,0.7377049180327869,top
1476,defense,19.49845666666667,1052.91666,54,5,13,18,0.3333333333333333,0,NA,NA,FALSE,NA,NA,3,2.5338566666672504,0.10230352303524953,rising,0.6478405315614618,middle
1477,NA,NA,NA,NA,NA,NA,NA,NA,3,21.824284444444444,0.62309670781893,TRUE,NA,NA,3,-0.48566750000032727,-0.03333333333334673,declining,NA,NA
1478,defense,23.447221666666668,1547.51663,66,8,25,33,0.5,1,23.073095000000002,0.5571428571428572,FALSE,-0.3741266666666654,0.05714285714285716,2,6.22686833333097,0.455709876543037,rising,0.9036144578313253,top
1479,forward,14.695833333333333,176.35,12,5,4,9,0.75,2,12.166876666666667,0.4086981566820277,TRUE,-2.528956666666666,-0.3413018433179723,NA,NA,NA,insufficient_history,0.6020583190394511,middle
1480,forward,13.698808333333334,767.1332666666667,56,10,15,25,0.44642857142857145,1,10.634945,0.3709677419354839,FALSE,-3.063863333333334,-0.07546082949308758,1,NA,NA,insufficient_history,0.5137931034482759,middle
1481,NA,NA,NA,NA,NA,NA,NA,NA,1,13.794143333333333,0.4189189189189189,TRUE,NA,NA,3,-2.030444166667261,-0.18951612903229592,declining,NA,NA
1482,forward,13.794143333333333,1020.7666066666666,74,16,15,31,0.4189189189189189,1,11.254225,0.38028169014084506,TRUE,-2.5399183333333326,-0.03863722877807385,2,-3.063863333333782,-0.0754608294930986,declining,0.5319148936170213,middle
1483,forward,11.254225,799.049975,71,14,13,27,0.38028169014084506,2,14.944982499999998,0.5763656633221851,TRUE,3.6907574999999984,0.19608397318134002,2,1.5795991666664841,0.023975588491714755,rising,0.288961038961039,fringe
1484,NA,NA,NA,NA,NA,NA,NA,NA,2,16.025106666666666,0.4487179487179487,FALSE,NA,NA,NA,NA,NA,insufficient_history,NA,NA
1485,forward,16.433546666666665,1281.8166399999998,78,15,22,37,0.47435897435897434,5,16.169178666666667,0.4439285714285714,FALSE,-0.2643679999999975,-0.030430402930402944,1,NA,NA,insufficient_history,0.7409948542024014,top
1486,NA,NA,NA,NA,NA,NA,NA,NA,0,NA,NA,FALSE,NA,NA,NA,NA,NA,insufficient_history,NA,NA
1487,NA,NA,NA,NA,NA,NA,NA,NA,0,NA,NA,FALSE,NA,NA,NA,NA,NA,insufficient_history,NA,NA
1488,NA,NA,NA,NA,NA,NA,NA,NA,0,NA,NA,FALSE,NA,NA,NA,NA,NA,insufficient_history,NA,NA
1489,NA,NA,NA,NA,NA,NA,NA,NA,0,NA,NA,FALSE,NA,NA,NA,NA,NA,insufficient_history,NA,NA
1490,NA,NA,NA,NA,NA,NA,NA,NA,1,7.214284999999999,0,TRUE,NA,NA,NA,NA,NA,insufficient_history,NA,NA
1491,forward,7.214284999999999,50.499995,7,0,0,0,0,0,NA,NA,FALSE,NA,NA,NA,NA,NA,insufficient_history,0.030844155844155844,fringe
1492,NA,NA,NA,NA,NA,NA,NA,NA,1,9.700793333333333,0.38095238095238093,TRUE,NA,NA,1,NA,NA,insufficient_history,NA,NA
1493,NA,NA,NA,NA,NA,NA,NA,NA,3,12.709426666666666,0.7119938884644768,TRUE,NA,NA,NA,NA,NA,insufficient_history,NA,NA
1494,forward,13.70955833333333,932.2499666666664,68,13,17,30,0.4411764705882353,0,NA,NA,FALSE,NA,NA,2,0.568721666666453,-1.3051948051943096,rising,0.5241379310344828,middle
1495,NA,NA,NA,NA,NA,NA,NA,NA,3,13.096582222222223,0.41166120616430046,TRUE,NA,NA,3,0.8922791666669123,-0.52941176470594975,rising,NA,NA
1496,forward,13.975811666666667,1146.0165566666667,82,20,21,41,0.5,1,16.13816333333333,0.5652173913043478,FALSE,2.1623516666666642,0.06521739130434778,2,0.08954499999996596,0.10083727702944845,stable,0.42761692650334077,middle
1497,NA,NA,NA,NA,NA,NA,NA,NA,2,18.375788333333333,0.6965566714490674,FALSE,NA,NA,NA,NA,NA,insufficient_history,NA,NA
1498,forward,18.91898666666667,1494.599946666667,79,41,51,92,1.1645569620253164,2,19.1818175,0.9242424242424243,FALSE,0.26283083333333224,-0.24031453778289213,2,2.4878533333310813,0.2166427546626445,rising,0.9137931034482759,top
1499,NA,NA,NA,NA,NA,NA,NA,NA,4,19.704079166666666,1.0486473553546725,FALSE,NA,NA,3,-0.35897416666672954,0.08240946045823827,declining,NA,NA
1500,defense,15.783333333333331,15.783333333333331,1,0,2,2,2,1,13.133333333333333,0,FALSE,-2.6499999999999986,-2,NA,NA,NA,insufficient_history,0.3114754098360656,fringe
1501,defense,13.133333333333333,26.266666666666666,2,0,0,0,0,0,NA,NA,FALSE,NA,NA,1,NA,NA,insufficient_history,0.15432098765432098,fringe
1502,NA,NA,NA,NA,NA,NA,NA,NA,0,NA,NA,FALSE,NA,NA,2,-2.649999999998994,-1.9999999999992408,declining,NA,NA
1503,NA,NA,NA,NA,NA,NA,NA,NA,0,NA,NA,FALSE,NA,NA,2,-2.649999999998994,-1.9999999999992408,declining,NA,NA
1504,NA,NA,NA,NA,NA,NA,NA,NA,0,NA,NA,FALSE,NA,NA,1,NA,NA,insufficient_history,NA,NA
1505,NA,NA,NA,NA,NA,NA,NA,NA,0,NA,NA,FALSE,NA,NA,NA,NA,NA,insufficient_history,NA,NA
1506,NA,NA,NA,NA,NA,NA,NA,NA,1,11.066666666666666,0,FALSE,NA,NA,NA,NA,NA,insufficient_history,NA,NA
1507,defense,11.066666666666666,11.066666666666666,1,0,0,0,0,1,14.023855,0.19607843137254902,FALSE,2.957188333333333,0.19607843137254902,NA,NA,NA,insufficient_history,0.05647840531561462,fringe
1508,defense,14.023855,715.216605,51,3,7,10,0.19607843137254902,1,19.718518333333332,0.2857142857142857,TRUE,5.694663333333333,0.08963585434173668,1,NA,NA,insufficient_history,0.21511627906976744,fringe
1509,defense,19.718518333333332,1242.266655,63,9,9,18,0.2857142857142857,2,21.3806325,0.4770114942528736,FALSE,1.6621141666666688,0.1912972085385879,2,1.4785941666664963,0.09803921568626313,rising,0.6876876876876877,top
1510,NA,NA,NA,NA,NA,NA,NA,NA,2,13.069444166666667,0.08333333333333333,FALSE,NA,NA,NA,NA,NA,insufficient_history,NA,NA
1511,defense,13.588888333333335,81.53333,6,0,1,1,0.16666666666666666,1,13.277563333333335,0.19230769230769232,FALSE,-0.3113250000000001,0.02564102564102566,1,NA,NA,insufficient_history,0.132890365448505,fringe
1512,defense,13.277563333333335,345.2166466666667,26,1,4,5,0.19230769230769232,2,13.341304166666667,0.08695652173913043,TRUE,0.06374083333333225,-0.10535117056856189,2,1.0388883333334908,0.16666666666669122,rising,0.15988372093023256,fringe
1513,defense,12.232608333333333,281.34999166666665,23,0,1,1,0.043478260869565216,0,NA,NA,FALSE,NA,NA,2,1.1724366666662187,-0.06187290969897314,rising,0.020080321285140562,fringe
1514,NA,NA,NA,NA,NA,NA,NA,NA,2,9.75873,0.2592708988057825,FALSE,NA,NA,NA,NA,NA,insufficient_history,NA,NA
1515,forward,10.206199999999997,438.8665999999999,43,6,7,13,0.3023255813953488,1,13.020586666666667,0.23529411764705882,FALSE,2.8143866666666693,-0.06703146374829,1,NA,NA,insufficient_history,0.19482758620689655,fringe
1516,NA,NA,NA,NA,NA,NA,NA,NA,1,12.15982,0.32142857142857145,TRUE,NA,NA,3,1.8546633333338733,0.009538950715417266,rising,NA,NA
1517,forward,12.15982,680.94992,56,11,7,18,0.32142857142857145,2,12.802108333333333,0.3864240441627479,TRUE,0.6422883333333331,0.06499547273417644,2,2.8143866666670863,-0.06703146374829985,rising,0.3799392097264438,middle
1518,forward,13.391779999999999,977.59994,73,14,13,27,0.3698630136986301,1,14.18079,0.3728813559322034,FALSE,0.7890100000000011,0.003018342233573279,2,0.052616666666651664,0.0815565031982633,stable,0.3674832962138085,middle
1519,NA,NA,NA,NA,NA,NA,NA,NA,1,11.864583333333336,0,FALSE,NA,NA,NA,NA,NA,insufficient_history,NA,NA
1520,defense,11.864583333333336,94.91666666666669,8,0,0,0,0,1,12.580301666666665,0.15151515151515152,FALSE,0.7157183333333297,0.15151515151515152,NA,NA,NA,insufficient_history,0.07308970099667775,fringe
1521,defense,12.580301666666665,415.149955,33,0,5,5,0.15151515151515152,0,NA,NA,FALSE,NA,NA,1,NA,NA,insufficient_history,0.10174418604651163,fringe
1522,NA,NA,NA,NA,NA,NA,NA,NA,1,14.797500000000003,0.1,TRUE,NA,NA,2,0.35785916666662443,0.07575757575756698,rising,NA,NA
1523,defense,14.797500000000003,591.9000000000001,40,0,4,4,0.1,1,14.51111,0,TRUE,-0.2863900000000026,-0.1,1,NA,NA,insufficient_history,0.14457831325301204,fringe
1524,NA,NA,NA,NA,NA,NA,NA,NA,0,NA,NA,FALSE,NA,NA,NA,NA,NA,insufficient_history,NA,NA
1525,NA,NA,NA,NA,NA,NA,NA,NA,2,19.203869166666667,0.39338235294117646,TRUE,NA,NA,NA,NA,NA,insufficient_history,NA,NA
1526,defense,20.512253333333334,1394.8332266666666,68,6,22,28,0.4117647058823529,3,24.634835555555554,0.6994641537324464,FALSE,4.122582222222221,0.2876994478500935,1,NA,NA,insufficient_history,0.7242524916943521,top
1527,defense,25.10625,2008.5,80,7,43,50,0.625,2,24.030825833333335,0.5586093920640699,FALSE,-1.0754241666666644,-0.0663906079359301,2,2.4284691666663867,0.22593582887697916,rising,0.978978978978979,top
1528,NA,NA,NA,NA,NA,NA,NA,NA,3,13.270512222222221,0.3494047619047619,TRUE,NA,NA,NA,NA,NA,insufficient_history,NA,NA
1529,forward,17.154791666666664,1372.3833333333332,80,31,30,61,0.7625,6,17.310514444444443,0.7404761501857691,FALSE,0.155722777777779,-0.02202384981423089,2,2.1456349999991913,0.2857142857141773,rising,0.8067796610169492,top
1530,forward,16.691666666666666,300.45,18,6,9,15,0.8333333333333334,1,14.631816666666666,0.4,FALSE,-2.059850000000001,-0.43333333333333335,2,0.11681166666662729,0.023809523809514958,stable,0.6748329621380846,top
1531,NA,NA,NA,NA,NA,NA,NA,NA,1,9.616333333333333,0.26,FALSE,NA,NA,NA,NA,NA,insufficient_history,NA,NA
1532,forward,9.616333333333333,480.81666666666666,50,6,7,13,0.26,1,13.57113,0.23214285714285715,FALSE,3.9547966666666667,-0.027857142857142858,NA,NA,NA,insufficient_history,0.14310344827586208,fringe
1533,forward,13.57113,759.98328,56,5,8,13,0.23214285714285715,2,13.243946666666666,0.34475587703435806,TRUE,-0.32718333333333405,0.11261301989150091,1,NA,NA,insufficient_history,0.5106382978723404,middle
1534,forward,11.879323333333332,938.4665433333332,79,13,11,24,0.3037974683544304,1,9.71,0.1,FALSE,-2.169323333333331,-0.20379746835443038,2,1.037439999999606,0.15357142857137032,rising,0.22271714922049,fringe
1535,NA,NA,NA,NA,NA,NA,NA,NA,3,14.075323888888889,0.35064935064935066,TRUE,NA,NA,NA,NA,NA,insufficient_history,NA,NA
1536,forward,13.970561666666669,1075.7332483333334,77,11,23,34,0.44155844155844154,1,14.469899999999999,0.3880597014925373,FALSE,0.49933833333333055,-0.053498740065904216,2,1.7887433333317135,0.6103896103890573,rising,0.55,middle
1537,NA,NA,NA,NA,NA,NA,NA,NA,1,12.712938333333332,0.4342105263157895,TRUE,NA,NA,3,-0.27608833333333965,-0.11116495444855948,stable,NA,NA
1538,forward,12.712938333333332,966.1833133333332,76,18,15,33,0.4342105263157895,1,10.757435,0.3384615384615385,TRUE,-1.9555033333333327,-0.09574898785425101,2,0.49933833333340655,-0.05349874006591204,rising,0.4331306990881459,middle
1539,forward,10.757435,699.2332749999999,65,8,14,22,0.3384615384615385,1,14.465314999999999,0.4864864864864865,TRUE,3.7078799999999994,0.14802494802494803,2,-0.8784808333332317,0.023075412411623433,declining,0.2483766233766234,fringe
1540,forward,14.465314999999999,1070.43331,74,17,19,36,0.4864864864864865,1,13.529468333333334,0.36231884057971014,FALSE,-0.9358466666666647,-0.12416764590677637,2,-1.9555033333325902,-0.0957489878542147,declining,0.45879732739420936,middle
1541,NA,NA,NA,NA,NA,NA,NA,NA,0,NA,NA,FALSE,NA,NA,NA,NA,NA,insufficient_history,NA,NA
1542,NA,NA,NA,NA,NA,NA,NA,NA,1,9.556666666666667,0.2,TRUE,NA,NA,NA,NA,NA,insufficient_history,NA,NA
1543,forward,9.556666666666667,47.78333333333333,5,1,0,1,0.2,0,NA,NA,FALSE,NA,NA,NA,NA,NA,insufficient_history,0.15172413793103448,fringe
1544,NA,NA,NA,NA,NA,NA,NA,NA,2,15.669677500000002,0.6975146650200679,TRUE,NA,NA,1,NA,NA,insufficient_history,NA,NA
1545,forward,15.796950000000002,1295.3499000000002,82,23,26,49,0.5975609756097561,2,15.478215,0.5738811728395061,FALSE,-0.318735000000002,-0.023679802770249947,1,NA,NA,insufficient_history,0.6688311688311688,top
1546,NA,NA,NA,NA,NA,NA,NA,NA,2,10.3672525,0.07317073170731707,TRUE,NA,NA,NA,NA,NA,insufficient_history,NA,NA
1547,forward,8.962961666666667,80.666655,9,0,0,0,0,0,NA,NA,FALSE,NA,NA,1,NA,NA,insufficient_history,0.09253246753246754,fringe
1548,NA,NA,NA,NA,NA,NA,NA,NA,0,NA,NA,FALSE,NA,NA,2,-2.808581666665599,-0.14634146341457857,declining,NA,NA
1549,NA,NA,NA,NA,NA,NA,NA,NA,3,17.019429444444444,0.21931814789384124,TRUE,NA,NA,NA,NA,NA,insufficient_history,NA,NA
1550,defense,17.083333333333332,734.5833333333333,43,3,6,9,0.20930232558139536,0,NA,NA,FALSE,NA,NA,2,4.337238333329406,0.1854942233631182,rising,0.4444444444444444,middle
1551,NA,NA,NA,NA,NA,NA,NA,NA,0,NA,NA,FALSE,NA,NA,3,1.1322375000000144,0.03886168910648461,rising,NA,NA
1552,NA,NA,NA,NA,NA,NA,NA,NA,3,22.267075555555557,0.5049325488797766,TRUE,NA,NA,2,-2.0727633333325475,-0.1077708451502711,declining,NA,NA
1553,defense,22.141981666666666,1749.2165516666666,79,10,29,39,0.4936708860759494,1,22.95492833333333,0.352112676056338,FALSE,0.8129466666666652,-0.14155821001961139,2,2.2122983333324955,-0.02112676056337215,rising,0.8072289156626506,top
1554,NA,NA,NA,NA,NA,NA,NA,NA,1,9.456666666666667,0.15,FALSE,NA,NA,NA,NA,NA,insufficient_history,NA,NA
1555,forward,9.456666666666667,189.13333333333333,20,1,2,3,0.15,1,7.65,0.2,TRUE,-1.8066666666666666,0.05000000000000002,NA,NA,NA,insufficient_history,0.14482758620689656,fringe
1556,forward,7.65,38.25,5,0,1,1,0.2,0,NA,NA,FALSE,NA,NA,1,NA,NA,insufficient_history,0.056896551724137934,fringe
1557,NA,NA,NA,NA,NA,NA,NA,NA,1,8.342591666666667,0.1111111111111111,TRUE,NA,NA,2,-1.8066666666669315,0.050000000000007386,declining,NA,NA
1558,forward,8.342591666666667,75.083325,9,0,1,1,0.1111111111111111,0,NA,NA,FALSE,NA,NA,2,-1.8066666666669315,0.050000000000007386,declining,0.0668693009118541,fringe
1559,NA,NA,NA,NA,NA,NA,NA,NA,0,NA,NA,FALSE,NA,NA,2,0.3462958333332936,-0.04444444444443928,stable,NA,NA
1560,NA,NA,NA,NA,NA,NA,NA,NA,0,NA,NA,FALSE,NA,NA,NA,NA,NA,insufficient_history,NA,NA
1561,NA,NA,NA,NA,NA,NA,NA,NA,1,8.492776666666666,0.26666666666666666,TRUE,NA,NA,NA,NA,NA,insufficient_history,NA,NA
1562,forward,8.492776666666666,254.78329999999997,30,3,5,8,0.26666666666666666,2,12.953351666666666,0.3995378742214185,TRUE,4.460575,0.13287120755475185,NA,NA,NA,insufficient_history,0.0790273556231003,fringe
1563,forward,14.385185,906.266655,63,18,14,32,0.5079365079365079,1,12.993115,0.1956521739130435,FALSE,-1.3920700000000004,-0.31228433402346445,2,3.0287416666655216,0.024472573839653223,rising,0.4521158129175947,middle
1564,NA,NA,NA,NA,NA,NA,NA,NA,0,NA,NA,FALSE,NA,NA,NA,NA,NA,insufficient_history,NA,NA
1565,NA,NA,NA,NA,NA,NA,NA,NA,0,NA,NA,FALSE,NA,NA,NA,NA,NA,insufficient_history,NA,NA
1566,NA,NA,NA,NA,NA,NA,NA,NA,0,NA,NA,FALSE,NA,NA,NA,NA,NA,insufficient_history,NA,NA
1567,NA,NA,NA,NA,NA,NA,NA,NA,1,20.915920000000003,0.1791044776119403,TRUE,NA,NA,NA,NA,NA,insufficient_history,NA,NA
1568,defense,20.915920000000003,1401.3666400000002,67,4,8,12,0.1791044776119403,1,11.697776666666666,0,FALSE,-9.218143333333337,-0.1791044776119403,NA,NA,NA,insufficient_history,0.7703488372093024,top
1569,NA,NA,NA,NA,NA,NA,NA,NA,1,5.71875,0.125,FALSE,NA,NA,NA,NA,NA,insufficient_history,NA,NA
1570,forward,5.71875,45.75,8,1,0,1,0.125,1,6.629166666666666,0,FALSE,0.9104166666666664,-0.125,NA,NA,NA,insufficient_history,0.010344827586206896,fringe
1571,forward,6.629166666666666,26.516666666666666,4,0,0,0,0,0,NA,NA,FALSE,NA,NA,1,NA,NA,insufficient_history,0.025835866261398176,fringe
1572,NA,NA,NA,NA,NA,NA,NA,NA,0,NA,NA,FALSE,NA,NA,2,0.45520833333328115,-0.062499999999992735,rising,NA,NA
1573,NA,NA,NA,NA,NA,NA,NA,NA,3,14.01649888888889,0.5220145707950586,TRUE,NA,NA,NA,NA,NA,insufficient_history,NA,NA
1574,forward,14.019715,1149.61663,82,17,39,56,0.6829268292682927,1,16.07,0.4714285714285714,TRUE,2.0502850000000006,-0.21149825783972132,2,0.6728149999993959,0.15584415584401462,rising,0.553448275862069,middle
1575,forward,16.07,1124.9,70,14,19,33,0.4714285714285714,3,13.079841666666665,0.3132332643202208,FALSE,-2.9901583333333352,-0.1581953071083506,3,0.1706158333333313,0.15964523281600462,stable,0.7206896551724138,top
1576,forward,11.6221,534.6166,46,2,7,9,0.1956521739130435,1,10.494606666666666,0.35294117647058826,TRUE,-1.1274933333333337,0.15728900255754477,2,1.0348883333329464,0.17261904761898225,rising,0.19376391982182628,fringe
1577,NA,NA,NA,NA,NA,NA,NA,NA,2,18.200154166666664,0.7222222222222222,TRUE,NA,NA,NA,NA,NA,insufficient_history,NA,NA
1578,forward,18.383641666666666,992.71665,54,20,22,42,0.7777777777777778,1,15.382638333333334,0.6805555555555556,FALSE,-3.0010033333333315,-0.09722222222222221,1,NA,NA,insufficient_history,0.8810344827586207,top
1579,forward,15.382638333333334,1107.54996,72,20,29,49,0.6805555555555556,2,12.962031666666668,0.4137254901960784,TRUE,-2.420606666666666,-0.2668300653594772,2,0.36697500000006006,0.11111111111112759,rising,0.6717325227963525,top
1580,forward,11.568953333333333,590.01662,51,7,8,15,0.29411764705882354,1,14.557970000000001,0.4782608695652174,TRUE,2.989016666666668,0.18414322250639387,2,-1.0275283333329386,-0.14722222222216644,declining,0.1870824053452116,fringe
1581,NA,NA,NA,NA,NA,NA,NA,NA,1,11.93368,0.3125,FALSE,NA,NA,NA,NA,NA,insufficient_history,NA,NA
1582,forward,11.93368,572.81664,48,8,7,15,0.3125,1,13.279058333333333,0.44871794871794873,FALSE,1.3453783333333327,0.13621794871794873,NA,NA,NA,insufficient_history,0.35344827586206895,middle
1583,forward,13.279058333333333,1035.76655,78,15,20,35,0.44871794871794873,1,13.636841666666665,0.39473684210526316,TRUE,0.357783333333332,-0.05398110661268557,1,NA,NA,insufficient_history,0.48328267477203646,middle
1584,forward,13.636841666666665,1036.3999666666666,76,17,13,30,0.39473684210526316,2,13.283499999999998,0.2991891891891892,FALSE,-0.3533416666666671,-0.09554765291607398,2,0.672689166666589,0.06810897435896647,rising,0.5032467532467533,middle
1585,NA,NA,NA,NA,NA,NA,NA,NA,1,10.352563333333334,0.23076923076923078,FALSE,NA,NA,NA,NA,NA,insufficient_history,NA,NA
1586,forward,10.352563333333334,134.58332333333334,13,2,1,3,0.23076923076923078,1,15.596758333333334,0.4027777777777778,FALSE,5.2441949999999995,0.172008547008547,NA,NA,NA,insufficient_history,0.2103448275862069,fringe
1587,NA,NA,NA,NA,NA,NA,NA,NA,3,15.368391111111112,0.36536434808792534,TRUE,NA,NA,1,NA,NA,insufficient_history,NA,NA
1588,forward,15.55628,1073.38332,69,12,19,31,0.4492753623188406,0,NA,NA,FALSE,NA,NA,3,0.21076666666682586,-0.03065718157182173,stable,0.5908096280087527,middle
1589,NA,NA,NA,NA,NA,NA,NA,NA,2,10.350000000000001,0.26666666666666666,FALSE,NA,NA,NA,NA,NA,insufficient_history,NA,NA
1590,defense,10.76666666666667,107.66666666666669,10,0,2,2,0.2,1,18.684343333333334,0.21212121212121213,FALSE,7.917676666666665,0.012121212121212116,1,NA,NA,insufficient_history,0.036544850498338874,fringe
1591,defense,18.684343333333334,1233.16666,66,4,10,14,0.21212121212121213,3,20.244931666666666,0.27301336146272853,TRUE,1.5605883333333317,0.060892149341516405,2,0.8333333333334612,-0.13333333333335287,rising,0.6017441860465116,middle
1592,defense,19.808333333333334,1584.6666666666667,80,7,18,25,0.3125,1,21.88722166666667,0.31666666666666665,FALSE,2.0788883333333352,0.004166666666666652,2,0.3548966666665391,-0.02224779439968464,rising,0.6265060240963856,middle
1593,NA,NA,NA,NA,NA,NA,NA,NA,2,10.982762500000002,0.16025641025641024,FALSE,NA,NA,NA,NA,NA,insufficient_history,NA,NA
1594,forward,9.812961666666666,353.26662,36,2,4,6,0.16666666666666666,1,12.694926666666667,0.2608695652173913,FALSE,2.881965000000001,0.09420289855072464,1,NA,NA,insufficient_history,0.16896551724137931,fringe
1595,forward,12.694926666666667,583.9666266666667,46,5,7,12,0.2608695652173913,1,10.75,0,TRUE,-1.9449266666666674,-0.2608695652173913,1,NA,NA,insufficient_history,0.43009118541033436,middle
1596,forward,10.75,21.5,2,0,0,0,0,0,NA,NA,FALSE,NA,NA,2,1.4409824999998324,0.04710144927535687,rising,0.2435064935064935,fringe
1597,NA,NA,NA,NA,NA,NA,NA,NA,1,11.548275,0.13793103448275862,TRUE,NA,NA,2,-1.9449266666659264,-0.26086956521729227,declining,NA,NA
1598,NA,NA,NA,NA,NA,NA,NA,NA,0,NA,NA,FALSE,NA,NA,NA,NA,NA,insufficient_history,NA,NA
1599,NA,NA,NA,NA,NA,NA,NA,NA,0,NA,NA,FALSE,NA,NA,NA,NA,NA,insufficient_history,NA,NA
1600,NA,NA,NA,NA,NA,NA,NA,NA,1,4.520833333333333,0.25,TRUE,NA,NA,NA,NA,NA,insufficient_history,NA,NA
1601,forward,4.520833333333333,18.083333333333332,4,1,0,1,0.25,1,7.4833333333333325,0,TRUE,2.9624999999999995,-0.25,NA,NA,NA,insufficient_history,0.004559270516717325,fringe
1602,forward,7.4833333333333325,37.416666666666664,5,0,0,0,0,0,NA,NA,FALSE,NA,NA,1,NA,NA,insufficient_history,0.04220779220779221,fringe
1603,NA,NA,NA,NA,NA,NA,NA,NA,1,5.664443333333334,0.06666666666666667,TRUE,NA,NA,2,2.962499999998877,-0.2499999999999051,rising,NA,NA
1604,forward,13.199999999999998,79.19999999999999,6,1,2,3,0.5,1,4.766666666666667,0,TRUE,-8.43333333333333,-0.5,NA,NA,NA,insufficient_history,0.4787234042553192,middle
1605,forward,13.199999999999998,79.19999999999999,6,1,2,3,0.5,1,4.766666666666667,0,FALSE,-8.43333333333333,-0.5,NA,NA,NA,insufficient_history,0.4787234042553192,middle
1606,NA,NA,NA,NA,NA,NA,NA,NA,0,NA,NA,FALSE,NA,NA,2,-8.433333333330129,-0.4999999999998102,declining,NA,NA
1607,NA,NA,NA,NA,NA,NA,NA,NA,0,NA,NA,FALSE,NA,NA,NA,NA,NA,insufficient_history,NA,NA
1608,defense,18.58939333333333,204.48332666666664,11,0,0,0,0,1,18.275000000000002,0.3333333333333333,FALSE,-0.314393333333328,0.3333333333333333,1,NA,NA,insufficient_history,0.5771604938271605,middle
1609,NA,NA,NA,NA,NA,NA,NA,NA,0,NA,NA,FALSE,NA,NA,3,0.46416666666671724,-0.13333333333332792,rising,NA,NA
1610,NA,NA,NA,NA,NA,NA,NA,NA,0,NA,NA,FALSE,NA,NA,1,NA,NA,insufficient_history,NA,NA
1611,NA,NA,NA,NA,NA,NA,NA,NA,0,NA,NA,FALSE,NA,NA,NA,NA,NA,insufficient_history,NA,NA
1612,NA,NA,NA,NA,NA,NA,NA,NA,0,NA,NA,FALSE,NA,NA,NA,NA,NA,insufficient_history,NA,NA
1613,NA,NA,NA,NA,NA,NA,NA,NA,0,NA,NA,FALSE,NA,NA,NA,NA,NA,insufficient_history,NA,NA
1614,NA,NA,NA,NA,NA,NA,NA,NA,0,NA,NA,FALSE,NA,NA,NA,NA,NA,insufficient_history,NA,NA
1615,NA,NA,NA,NA,NA,NA,NA,NA,1,10.670833333333333,0,TRUE,NA,NA,NA,NA,NA,insufficient_history,NA,NA
1616,defense,10.670833333333333,42.68333333333333,4,0,0,0,0,2,17.793530833333335,0.28945480631276904,TRUE,7.122697500000003,0.28945480631276904,NA,NA,NA,insufficient_history,0.0436046511627907,fringe
1617,defense,16.481371666666668,280.1833183333334,17,1,2,3,0.17647058823529413,2,18.519238333333334,0.4635145941623351,TRUE,2.037866666666666,0.28704400592704093,1,NA,NA,insufficient_history,0.42042042042042044,middle
1618,NA,NA,NA,NA,NA,NA,NA,NA,2,10.8122425,0.2067448680351906,FALSE,NA,NA,NA,NA,NA,insufficient_history,NA,NA
1619,forward,11.062365,342.933315,31,3,7,10,0.3225806451612903,1,10.492856666666666,0.19047619047619047,TRUE,-0.5695083333333333,-0.13210445468509985,1,NA,NA,insufficient_history,0.2672413793103448,fringe
1620,forward,10.492856666666666,220.34999,21,0,4,4,0.19047619047619047,0,NA,NA,FALSE,NA,NA,2,0.5002449999998103,0.2316715542521115,rising,0.22586206896551725,fringe
1621,NA,NA,NA,NA,NA,NA,NA,NA,2,10.180241666666667,0.15238264580369842,TRUE,NA,NA,3,-0.03463166666672163,0.04978354978354704,stable,NA,NA
1622,forward,8.073423333333333,298.7166633333333,37,3,0,3,0.08108108108108109,0,NA,NA,FALSE,NA,NA,2,0.8971016666665639,0.016604010025060748,rising,0.06168831168831169,fringe
1623,NA,NA,NA,NA,NA,NA,NA,NA,0,NA,NA,FALSE,NA,NA,NA,NA,NA,insufficient_history,NA,NA
1624,NA,NA,NA,NA,NA,NA,NA,NA,0,NA,NA,FALSE,NA,NA,NA,NA,NA,insufficient_history,NA,NA
1625,NA,NA,NA,NA,NA,NA,NA,NA,1,11.677776666666666,0.3333333333333333,TRUE,NA,NA,NA,NA,NA,insufficient_history,NA,NA
1626,forward,11.677776666666666,35.03333,3,0,1,1,0.3333333333333333,0,NA,NA,FALSE,NA,NA,NA,NA,NA,insufficient_history,0.33116883116883117,fringe
1627,NA,NA,NA,NA,NA,NA,NA,NA,0,NA,NA,FALSE,NA,NA,1,NA,NA,insufficient_history,NA,NA
1628,NA,NA,NA,NA,NA,NA,NA,NA,2,9.736969166666666,0.14772727272727273,FALSE,NA,NA,NA,NA,NA,insufficient_history,NA,NA
1629,forward,10.543938333333333,463.9332866666667,44,8,5,13,0.29545454545454547,1,13.700980000000001,0.47058823529411764,TRUE,3.157041666666668,0.17513368983957217,1,NA,NA,insufficient_history,0.2206896551724138,fringe
1630,forward,13.700980000000001,931.66664,68,17,15,32,0.47058823529411764,1,15.727031666666667,0.6707317073170732,FALSE,2.0260516666666657,0.20014347202295557,2,1.6139383333327213,0.2954545454544334,rising,0.5224137931034483,middle
1631,forward,15.727031666666667,1289.6165966666667,82,35,20,55,0.6707317073170732,3,15.290797777777778,0.47334747260516086,TRUE,-0.43623388888888925,-0.19738423471191235,2,3.1570416666671335,0.17513368983959804,rising,0.6930091185410334,top
1632,NA,NA,NA,NA,NA,NA,NA,NA,3,12.065671666666667,0.31168154338886045,TRUE,NA,NA,NA,NA,NA,insufficient_history,NA,NA
1633,forward,10.839023333333333,444.3999566666667,41,7,3,10,0.24390243902439024,1,14.662344999999998,0.48148148148148145,TRUE,3.823321666666665,0.23757904245709122,2,1.5973083333327263,0.1270396270395789,rising,0.2332761578044597,fringe
1634,forward,14.662344999999998,1187.649945,81,24,15,39,0.48148148148148145,2,14.08803,0.47172892427025925,FALSE,-0.5743149999999986,-0.009752557211222201,3,-0.5206591666669754,-0.019074421513462846,declining,0.6189655172413793,middle
1635,forward,13.159153333333336,934.2998866666668,71,18,14,32,0.4507042253521127,3,17.61678888888889,0.6106943517100227,TRUE,4.457635555555555,0.15999012635791005,2,0.3545616666667222,0.01127214170692616,rising,0.47112462006079026,middle
1636,forward,17.82705166666667,1230.066565,69,20,21,41,0.5942028985507246,0,NA,NA,FALSE,NA,NA,3,2.5927808333338977,0.14050154586057093,rising,0.7768052516411379,top
1637,NA,NA,NA,NA,NA,NA,NA,NA,3,18.228098888888887,0.347189665051831,TRUE,NA,NA,NA,NA,NA,insufficient_history,NA,NA
1638,defense,18.860125,1489.949875,79,10,22,32,0.4050632911392405,5,21.900632333333334,0.47520282186948853,FALSE,3.040507333333334,0.07013953073024803,2,0.016155000000000485,0.07954367869976661,stable,0.5934426229508196,middle
1639,defense,23.613958333333336,1889.1166666666668,80,13,34,47,0.5875,1,21.538808333333336,0.5,FALSE,-2.0751500000000007,-0.08750000000000002,2,1.3390949999994914,-0.12345679012340997,rising,0.9116465863453815,top
1640,NA,NA,NA,NA,NA,NA,NA,NA,2,16.994166666666665,0,FALSE,NA,NA,NA,NA,NA,insufficient_history,NA,NA
1641,defense,19.935713333333336,1395.4999333333335,70,5,17,22,0.3142857142857143,4,23.669532500000003,0.5303284024860061,FALSE,3.7338191666666667,0.21604268820029182,3,-1.255275000000165,0.12025316455700194,declining,0.6710963455149501,top
1642,NA,NA,NA,NA,NA,NA,NA,NA,3,16.126830555555557,0.6016260162601627,TRUE,NA,NA,NA,NA,NA,insufficient_history,NA,NA
1643,forward,19.252641666666666,1578.7166166666666,82,34,32,66,0.8048780487804879,5,20.705891,1.0661446208301655,FALSE,1.4532493333333356,0.2612665720496776,2,4.686183333329095,0.49999999999954686,rising,0.9293103448275862,top
1644,NA,NA,NA,NA,NA,NA,NA,NA,0,NA,NA,FALSE,NA,NA,NA,NA,NA,insufficient_history,NA,NA
1645,defense,15.728905,1006.64992,64,2,7,9,0.140625,0,NA,NA,FALSE,NA,NA,1,NA,NA,insufficient_history,0.3122923588039867,fringe
1646,NA,NA,NA,NA,NA,NA,NA,NA,2,20.356145833333333,0.23125,TRUE,NA,NA,2,1.5757000000002301,-0.013221153846155761,rising,NA,NA
1647,defense,20.558333333333334,1439.0833333333333,70,1,13,14,0.2,3,19.69802277777778,0.19467703349282298,FALSE,-0.8603105555555537,-0.005322966507177035,2,1.5757000000002301,-0.013221153846155761,rising,0.7383720930232558,top
1648,forward,13.708333333333334,27.416666666666668,2,0,0,0,0,3,15.083287777777779,0.41340941825818295,TRUE,1.3749544444444446,0.41340941825818295,NA,NA,NA,insufficient_history,0.5457627118644067,middle
1649,forward,16.19859,1150.09989,71,14,27,41,0.5774647887323944,4,12.550560416666666,0.2535760205721633,FALSE,-3.648029583333333,-0.3238887681602311,2,-0.3638899999996684,0.2857142857140268,declining,0.7379310344827587,top
1650,forward,15.3375,368.1,24,3,7,10,0.4166666666666667,1,9.635293333333333,0.22058823529411764,TRUE,-5.702206666666667,-0.19607843137254904,2,-0.4917600000000683,-0.20041560840455494,declining,0.6702127659574468,top
1651,forward,9.635293333333333,655.1999466666666,68,8,7,15,0.22058823529411764,1,9.522618333333332,0,TRUE,-0.11267500000000119,-0.22058823529411764,2,-0.1846649999999792,0.019808743169396674,stable,0.1396103896103896,fringe
1652,NA,NA,NA,NA,NA,NA,NA,NA,3,15.176370555555557,0.9017253278122843,TRUE,NA,NA,NA,NA,NA,insufficient_history,NA,NA
1653,forward,16.07950666666667,980.8499066666668,61,13,12,25,0.4098360655737705,2,16.556693333333335,0.5032967032967033,FALSE,0.47718666666666465,0.09346063772293278,3,-1.2393725000002063,-0.8188405797102798,declining,0.7310344827586207,top
1654,forward,16.845951666666668,1179.2166166666668,70,15,21,36,0.5142857142857142,1,16.055893333333337,0.6951219512195121,TRUE,-0.7900583333333309,0.1808362369337979,2,0.18792833333335604,0.08247162673393413,stable,0.7720364741641338,top
1655,forward,16.055893333333337,1316.5832533333337,82,21,36,57,0.6951219512195121,2,18.689190833333335,0.6768162393162394,FALSE,2.6332974999999976,-0.018305711903272792,2,0.28925833333330286,0.010989010989009746,stable,0.689935064935065,top
1656,NA,NA,NA,NA,NA,NA,NA,NA,3,20.522647222222226,1.2010840108401084,TRUE,NA,NA,NA,NA,NA,insufficient_history,NA,NA
1657,forward,21.131503333333338,1732.7832733333337,82,30,70,100,1.2195121951219512,7,22.028511904761906,1.555520692897481,FALSE,0.897008571428568,0.33600849777552977,1,NA,NA,insufficient_history,0.9949152542372881,top
1658,NA,NA,NA,NA,NA,NA,NA,NA,3,19.728368333333332,0.8603360449321898,TRUE,NA,NA,NA,NA,NA,insufficient_history,NA,NA
1659,forward,19.92021833333333,1215.1333183333331,61,24,33,57,0.9344262295081968,7,20.296655238095237,1.0325458797366704,FALSE,0.3764369047619063,0.09811965022847369,1,NA,NA,insufficient_history,0.9796610169491525,top
1660,NA,NA,NA,NA,NA,NA,NA,NA,1,17.230888333333333,0.32,FALSE,NA,NA,NA,NA,NA,insufficient_history,NA,NA
1661,defense,16.269951666666664,1155.166568333333,71,9,14,23,0.323943661971831,0,NA,NA,FALSE,NA,NA,2,0.30158999999989183,0.12871794871789988,stable,0.37209302325581395,middle
1662,NA,NA,NA,NA,NA,NA,NA,NA,2,22.172455,0.6347877557923219,TRUE,NA,NA,3,-0.48046833333352235,0.0019718309859053816,declining,NA,NA
1663,defense,23.66934,1917.21654,81,14,50,64,0.7901234567901234,2,22.619482500000004,0.7133599202392822,FALSE,-1.0498574999999946,-0.07676353655084123,2,2.202809166666414,0.07775419641133577,rising,0.9369369369369369,top
1664,NA,NA,NA,NA,NA,NA,NA,NA,1,15.994143333333335,0.35135135135135137,FALSE,NA,NA,NA,NA,NA,insufficient_history,NA,NA
1665,defense,17.30863,969.28328,56,4,7,11,0.19642857142857142,0,NA,NA,FALSE,NA,NA,2,1.3126266666661637,-0.08572635135131876,rising,0.46511627906976744,middle
1666,NA,NA,NA,NA,NA,NA,NA,NA,2,14.542638333333333,0.10378787878787879,TRUE,NA,NA,3,0.6572433333334363,-0.07746138996140861,rising,NA,NA
1667,defense,13.75,151.25,11,1,0,1,0.09090909090909091,1,17.279333333333334,0.14,TRUE,3.5293333333333337,0.0490909090909091,2,-0.9866766666665522,-0.039880952380947736,declining,0.16816816816816818,fringe
1668,defense,17.279333333333334,863.9666666666667,50,2,5,7,0.14,0,NA,NA,FALSE,NA,NA,2,-1.5852766666660614,-0.02575757575756594,declining,0.37751004016064255,middle
1669,NA,NA,NA,NA,NA,NA,NA,NA,0,NA,NA,FALSE,NA,NA,NA,NA,NA,insufficient_history,NA,NA
1670,forward,4.166666666666667,4.166666666666667,1,0,0,0,0,0,NA,NA,FALSE,NA,NA,1,NA,NA,insufficient_history,0.0017241379310344827,fringe
1671,NA,NA,NA,NA,NA,NA,NA,NA,0,NA,NA,FALSE,NA,NA,2,-3.2000000000004696,0,declining,NA,NA
1672,NA,NA,NA,NA,NA,NA,NA,NA,1,9.958973333333335,0.38461538461538464,TRUE,NA,NA,2,-3.2000000000004696,0,declining,NA,NA
1673,forward,9.958973333333335,129.46665333333334,13,3,2,5,0.38461538461538464,1,10.607406666666668,0.3333333333333333,TRUE,0.6484333333333332,-0.05128205128205132,1,NA,NA,insufficient_history,0.1590909090909091,fringe
1674,forward,10.607406666666668,95.46666,9,1,2,3,0.3333333333333333,0,NA,NA,FALSE,NA,NA,1,NA,NA,insufficient_history,0.10467706013363029,fringe
1675,forward,11.441666666666668,68.65,6,0,1,1,0.16666666666666666,2,13.895020833333334,0.35710337202874515,FALSE,2.4533541666666654,0.1904367053620785,NA,NA,NA,insufficient_history,0.2933104631217839,fringe
1676,forward,14.161441666666668,948.8165916666668,67,8,20,28,0.417910447761194,1,14.562365,0.43548387096774194,FALSE,0.4009233333333313,0.017573423206547922,2,2.1869333333325027,0.12962962962958047,rising,0.5706896551724138,middle
1677,forward,14.562365,902.86663,62,10,17,27,0.43548387096774194,3,15.276119444444445,0.2768746400823208,TRUE,0.7137544444444455,-0.15860923088542112,2,0.5328416666667474,0.1216141514649157,rising,0.6094224924012158,middle
1678,forward,15.074018333333333,512.5166233333333,34,3,5,8,0.23529411764705882,0,NA,NA,FALSE,NA,NA,3,1.3435683333338637,-0.008786711603255599,rising,0.5382932166301969,middle
1679,NA,NA,NA,NA,NA,NA,NA,NA,2,13.670611666666666,0.3104575163398693,FALSE,NA,NA,NA,NA,NA,insufficient_history,NA,NA
1680,forward,16.972648333333332,1323.86657,78,30,36,66,0.8461538461538461,3,18.609054444444443,0.8443889443889444,FALSE,1.6364061111111106,-0.0017649017649017384,2,2.3941666666645016,0.26797385620890746,rising,0.7862068965517242,top
1681,forward,19.388246666666664,1512.2832399999998,78,40,26,66,0.8461538461538461,2,17.658587500000003,0.7077975096958563,FALSE,-1.7296591666666608,-0.13835633645798984,2,0.936601666666558,0.14350649350647696,rising,0.9318181818181818,top
1682,NA,NA,NA,NA,NA,NA,NA,NA,0,NA,NA,FALSE,NA,NA,NA,NA,NA,insufficient_history,NA,NA
1683,defense,18.95024833333333,1269.6666383333331,67,5,7,12,0.1791044776119403,2,19.19663333333333,0.23246753246753246,FALSE,0.24638500000000008,0.053363054855592174,1,NA,NA,insufficient_history,0.6013289036544851,middle
1684,defense,19.153029999999998,1053.41665,55,1,12,13,0.23636363636363636,3,19.01099888888889,0.23795074189095927,FALSE,-0.142031111111109,0.0015871055273229129,2,-0.3006133333333867,-0.09675759135359116,stable,0.6569767441860465,middle
1685,NA,NA,NA,NA,NA,NA,NA,NA,3,15.326128333333333,0.5145679012345679,TRUE,NA,NA,NA,NA,NA,insufficient_history,NA,NA
1686,forward,20.841891666666662,1542.299983333333,74,31,56,87,1.1756756756756757,5,21.332098333333334,1.1709547038327526,FALSE,0.4902066666666727,-0.004720971842923083,3,5.002675000000902,0.5185185185186486,rising,0.9758620689655172,top
1687,forward,21.59619,1511.7333,70,29,46,75,1.0714285714285714,0,NA,NA,FALSE,NA,NA,3,0.960368333333545,0.03666666666667427,rising,0.9912472647702407,top
1688,NA,NA,NA,NA,NA,NA,NA,NA,3,9.10586,0.16993464052287582,TRUE,NA,NA,NA,NA,NA,insufficient_history,NA,NA
1689,forward,6.267776666666666,94.01665,15,1,1,2,0.13333333333333333,0,NA,NA,FALSE,NA,NA,2,-6.263529999994321,-0.023529411764684545,declining,0.013793103448275862,fringe
1690,NA,NA,NA,NA,NA,NA,NA,NA,0,NA,NA,FALSE,NA,NA,3,-3.6944450000007087,-0.033333333333342506,declining,NA,NA
1691,NA,NA,NA,NA,NA,NA,NA,NA,1,7.855555,0.2222222222222222,TRUE,NA,NA,2,-1.1253599999995711,-0.043137254901944394,declining,NA,NA
1692,forward,7.855555,70.699995,9,1,1,2,0.2222222222222222,2,8.970326666666665,0.2000555709919422,TRUE,1.1147716666666652,-0.02216665123028,1,NA,NA,insufficient_history,0.044072948328267476,fringe
1693,forward,8.831638333333332,521.0666616666666,59,6,6,12,0.2033898305084746,1,9.518778333333334,0.23943661971830985,FALSE,0.6871400000000012,0.036046789209835256,2,1.253459999999525,-0.02550091074680261,rising,0.035634743875278395,fringe
1694,NA,NA,NA,NA,NA,NA,NA,NA,1,10.621263333333333,0.2413793103448276,FALSE,NA,NA,NA,NA,NA,insufficient_history,NA,NA
1695,forward,10.621263333333333,308.01663666666667,29,2,5,7,0.2413793103448276,1,9.476623333333333,0.16883116883116883,FALSE,-1.1446400000000008,-0.07254814151365876,NA,NA,NA,insufficient_history,0.2293103448275862,fringe
1696,forward,9.476623333333333,729.6999966666666,77,7,6,13,0.16883116883116883,2,9.513921666666667,0.15808080808080807,TRUE,0.0372983333333341,-0.01075036075036076,1,NA,NA,insufficient_history,0.1458966565349544,fringe
1697,forward,8.208146666666668,369.36660000000006,45,0,4,4,0.08888888888888889,1,10.868588333333333,0.11538461538461539,FALSE,2.6604416666666655,0.0264957264957265,2,1.3430733333328226,0.058441558441536264,rising,0.026726057906458798,fringe
1698,NA,NA,NA,NA,NA,NA,NA,NA,3,18.28525388888889,0.8143631436314364,TRUE,NA,NA,NA,NA,NA,insufficient_history,NA,NA
1699,forward,20.150811666666666,1652.3665566666666,82,30,53,83,1.0121951219512195,4,19.375172083333332,1.0075659163373236,FALSE,-0.7756395833333336,-0.004629205613895904,2,1.1313733333323084,0.23577235772336366,rising,0.9620689655172414,top
1700,forward,19.495555000000003,1462.1666250000003,75,36,31,67,0.8933333333333333,2,19.919095,1.0415273132664438,FALSE,0.4235399999999956,0.14819397993311045,2,-0.23498833333330502,0.02736411020103928,stable,0.9366883116883117,top
1701,NA,NA,NA,NA,NA,NA,NA,NA,1,17.366666666666667,0,FALSE,NA,NA,NA,NA,NA,insufficient_history,NA,NA
1702,defense,13.706596666666664,657.9166399999999,48,2,5,7,0.14583333333333334,0,NA,NA,FALSE,NA,NA,1,NA,NA,insufficient_history,0.14285714285714285,fringe
1703,NA,NA,NA,NA,NA,NA,NA,NA,1,18.163241666666668,0.4246575342465753,TRUE,NA,NA,2,1.2846683333335207,-0.06469298245614981,rising,NA,NA
1704,defense,18.163241666666668,1325.9166416666667,73,9,22,31,0.4246575342465753,1,17.247978333333332,0.24242424242424243,FALSE,-0.9152633333333355,-0.1822332918223329,2,1.2846683333335207,-0.06469298245614981,rising,0.563953488372093,middle
1705,defense,17.247978333333332,569.183285,33,3,5,8,0.24242424242424243,1,12.480951666666666,0.2857142857142857,TRUE,-4.767026666666666,0.04329004329004327,1,NA,NA,insufficient_history,0.36947791164658633,middle
1706,NA,NA,NA,NA,NA,NA,NA,NA,2,13.115520833333335,0.4231464737793852,FALSE,NA,NA,NA,NA,NA,insufficient_history,NA,NA
1707,forward,11.020833333333334,617.1666666666667,56,6,3,9,0.16071428571428573,1,13.112263333333335,0.18867924528301888,FALSE,2.091430000000001,0.027964959568733155,3,0.42164666666667344,-0.08752515090546083,rising,0.2620689655172414,fringe
1708,forward,13.112263333333335,694.9499566666667,53,5,5,10,0.18867924528301888,1,14.847083333333336,0.3375,TRUE,1.734820000000001,0.14882075471698114,2,-2.1486500000003157,-0.09280684104629128,declining,0.46656534954407297,middle
1709,forward,14.847083333333336,1187.7666666666669,80,13,14,27,0.3375,1,11.406749999999999,0.24050632911392406,TRUE,-3.440333333333337,-0.09699367088607597,2,1.0457149999998798,0.013982479784364973,rising,0.6022727272727273,middle
1710,forward,11.406749999999999,901.13325,79,5,14,19,0.24050632911392406,1,11.11413,0.15217391304347827,TRUE,-0.29261999999999944,-0.08833241607044579,2,1.7348199999993452,0.14882075471692466,rising,0.17817371937639198,fringe
1711,NA,NA,NA,NA,NA,NA,NA,NA,0,NA,NA,FALSE,NA,NA,NA,NA,NA,insufficient_history,NA,NA
1712,forward,12.1,12.1,1,0,0,0,0,1,12.650431666666664,0.3116883116883117,FALSE,0.5504316666666647,0.3116883116883117,NA,NA,NA,insufficient_history,0.36724137931034484,middle
1713,forward,12.650431666666664,974.0832383333332,77,7,17,24,0.3116883116883117,3,11.912943333333335,0.2808399719792125,TRUE,-0.7374883333333297,-0.03084833970909917,1,NA,NA,insufficient_history,0.425531914893617,middle
1714,forward,10.863290000000001,858.19991,79,8,10,18,0.22784810126582278,1,13.401666666666669,0.37142857142857144,FALSE,2.538376666666668,0.14358047016274866,2,-1.1765583333328815,-0.06844506844504245,declining,0.11804008908685969,fringe
1715,NA,NA,NA,NA,NA,NA,NA,NA,1,11.793826666666666,0.25925925925925924,FALSE,NA,NA,NA,NA,NA,insufficient_history,NA,NA
1716,forward,11.793826666666666,318.43332,27,1,6,7,0.25925925925925924,1,14.653266666666667,0.8431372549019608,TRUE,2.859440000000001,0.5838779956427016,NA,NA,NA,insufficient_history,0.34194528875379937,middle
1717,forward,14.653266666666667,747.3166,51,17,26,43,0.8431372549019608,1,14.200703333333335,0.6338028169014085,TRUE,-0.4525633333333321,-0.2093344380005523,1,NA,NA,insufficient_history,0.5844155844155844,middle
1718,forward,14.200703333333335,1008.2499366666668,71,18,27,45,0.6338028169014085,1,13.231171666666667,0.4074074074074074,FALSE,-0.9695316666666685,-0.2263954094940011,2,2.859439999998919,0.58387799564248,rising,0.43429844097995546,middle
1719,NA,NA,NA,NA,NA,NA,NA,NA,2,14.4988375,0.4901234567901235,FALSE,NA,NA,NA,NA,NA,insufficient_history,NA,NA
1720,forward,15.260161666666669,1251.3332566666668,82,24,25,49,0.5975609756097561,5,19.016290666666666,0.8876636451120128,FALSE,3.756128999999998,0.2901026695022567,2,0.8167249999992605,0.18024691358008355,rising,0.6672413793103448,top
1721,forward,19.84035,1507.8666,76,33,35,68,0.8947368421052632,1,20.707638333333332,0.9444444444444444,FALSE,0.867288333333331,0.049707602339181256,2,2.50309833333239,0.35843881856526494,rising,0.9354120267260579,top
1722,NA,NA,NA,NA,NA,NA,NA,NA,2,13.315079166666665,0.2857142857142857,FALSE,NA,NA,NA,NA,NA,insufficient_history,NA,NA
1723,NA,NA,NA,NA,NA,NA,NA,NA,2,17.063807500000003,0.7490606548577563,TRUE,NA,NA,3,1.4965583333335626,0.11330049261084986,rising,NA,NA
1724,forward,17.440578333333335,1203.399905,69,22,26,48,0.6956521739130435,1,16.687036666666668,0.8024691358024691,TRUE,-0.753541666666667,0.10681696188942569,2,-0.2143316666666942,-0.07559681697613824,stable,0.8085106382978723,top
1725,forward,16.687036666666668,1351.6499700000002,81,23,42,65,0.8024691358024691,2,17.715833333333336,0.8942508710801393,FALSE,1.0287966666666684,0.0917817352776702,2,0.7503183333332473,0.020239880059967734,rising,0.7516233766233766,top
1726,NA,NA,NA,NA,NA,NA,NA,NA,2,20.026456666666668,0.1370346598202824,FALSE,NA,NA,NA,NA,NA,insufficient_history,NA,NA
1727,defense,20.922685,1506.43332,72,2,8,10,0.1388888888888889,1,20.477361666666663,0.2835820895522388,FALSE,-0.44532333333333796,0.1446932006633499,2,-1.5787933333318964,-0.11617458279835428,declining,0.7685185185185185,top
1728,NA,NA,NA,NA,NA,NA,NA,NA,4,19.299705,0.18206558694829425,FALSE,NA,NA,3,0.6201508333333935,0.10231736056562209,rising,NA,NA
1729,forward,16.212961666666665,145.916655,9,4,1,5,0.5555555555555556,3,18.40938888888889,0.8293882204342085,TRUE,2.1964272222222263,0.2738326648786529,NA,NA,NA,insufficient_history,0.7322033898305085,top
1730,forward,19.163766666666668,1322.2999,69,26,30,56,0.8115942028985508,2,18.58549416666667,0.7186805040770942,FALSE,-0.5782724999999971,-0.09291369882145661,2,1.2795099999988437,0.3315412186376923,rising,0.9258620689655173,top
1731,forward,18.59906,1320.5332600000002,71,23,23,46,0.647887323943662,3,17.955887222222223,0.7773259370481592,TRUE,-0.643172777777778,0.12943861310449722,2,-0.591838333333416,-0.022120518688027592,declining,0.9042553191489362,top
1732,NA,NA,NA,NA,NA,NA,NA,NA,2,13.757825,0.5182926829268293,FALSE,NA,NA,NA,NA,NA,insufficient_history,NA,NA
1733,NA,NA,NA,NA,NA,NA,NA,NA,3,18.956075000000002,0.8958431743032593,TRUE,NA,NA,3,1.1386208333336922,-0.07711621233859645,rising,NA,NA
1734,forward,18.019633333333335,1315.4332333333334,73,15,44,59,0.8082191780821918,3,19.732678333333336,0.8486590038314176,FALSE,1.713045000000001,0.04043982574922578,2,2.1199250000003222,0.1262553802008796,rising,0.851063829787234,top
1735,NA,NA,NA,NA,NA,NA,NA,NA,0,NA,NA,FALSE,NA,NA,NA,NA,NA,insufficient_history,NA,NA
1736,NA,NA,NA,NA,NA,NA,NA,NA,0,NA,NA,FALSE,NA,NA,NA,NA,NA,insufficient_history,NA,NA
1737,NA,NA,NA,NA,NA,NA,NA,NA,1,9.241666666666667,0,TRUE,NA,NA,NA,NA,NA,insufficient_history,NA,NA
1738,forward,9.241666666666667,18.483333333333334,2,0,0,0,0,1,9.594443333333334,0,FALSE,0.3527766666666672,0,NA,NA,NA,insufficient_history,0.12310030395136778,fringe
1739,NA,NA,NA,NA,NA,NA,NA,NA,0,NA,NA,FALSE,NA,NA,2,0.35277666666653645,0,rising,NA,NA
1740,NA,NA,NA,NA,NA,NA,NA,NA,2,14.402605,0.4646551724137931,FALSE,NA,NA,NA,NA,NA,insufficient_history,NA,NA
1741,forward,14.748888333333333,884.9333,60,19,14,33,0.55,2,17.796901666666667,0.9636986301369863,FALSE,3.0480133333333335,0.41369863013698627,1,NA,NA,insufficient_history,0.6241379310344828,middle
1742,forward,18.036041666666666,1442.8833333333332,80,37,35,72,0.9,3,17.22513888888889,0.9101740867579909,FALSE,-0.8109027777777769,0.010174086757990919,2,0.6925666666667729,0.17068965517243903,rising,0.8525835866261399,top
1743,NA,NA,NA,NA,NA,NA,NA,NA,0,NA,NA,FALSE,NA,NA,NA,NA,NA,insufficient_history,NA,NA
1744,NA,NA,NA,NA,NA,NA,NA,NA,0,NA,NA,FALSE,NA,NA,NA,NA,NA,insufficient_history,NA,NA
1745,NA,NA,NA,NA,NA,NA,NA,NA,1,13.326388333333334,0.08333333333333333,TRUE,NA,NA,NA,NA,NA,insufficient_history,NA,NA
1746,defense,13.326388333333334,159.91666,12,0,1,1,0.08333333333333333,1,17.72195,0.1951219512195122,TRUE,4.395561666666666,0.11178861788617887,NA,NA,NA,insufficient_history,0.14414414414414414,fringe
1747,defense,17.72195,726.59995,41,0,8,8,0.1951219512195122,1,17.848146666666665,0.13333333333333333,TRUE,0.12619666666666518,-0.06178861788617887,1,NA,NA,insufficient_history,0.42570281124497994,middle
1748,NA,NA,NA,NA,NA,NA,NA,NA,1,18.632406666666668,0.2222222222222222,FALSE,NA,NA,NA,NA,NA,insufficient_history,NA,NA
1749,defense,21.967605,1559.6999549999998,71,5,16,21,0.29577464788732394,1,16.08017166666666,0.2413793103448276,FALSE,-5.8874333333333375,-0.05439533754249634,1,NA,NA,insufficient_history,0.8272425249169435,top
1750,defense,16.08017166666666,932.6499566666664,58,5,9,14,0.2413793103448276,1,18.527048333333333,0.26229508196721313,TRUE,2.4468766666666717,0.02091577162238553,1,NA,NA,insufficient_history,0.38953488372093026,middle
1751,defense,18.527048333333333,1130.1499483333332,61,3,13,16,0.26229508196721313,1,14.905555,0.16666666666666666,FALSE,-3.6214933333333335,-0.09562841530054647,2,-2.943716666666325,-0.027197668771244972,declining,0.5765765765765766,middle
1752,NA,NA,NA,NA,NA,NA,NA,NA,1,19.797058333333332,0.35294117647058826,FALSE,NA,NA,NA,NA,NA,insufficient_history,NA,NA
1753,defense,14.130231666666667,607.5999616666667,43,4,5,9,0.20930232558139536,1,16.724181666666667,0.29411764705882354,FALSE,2.5939499999999995,0.08481532147742818,1,NA,NA,insufficient_history,0.18604651162790697,fringe
1754,defense,16.724181666666667,852.933265,51,5,10,15,0.29411764705882354,1,19.209588333333333,0.2191780821917808,TRUE,2.485406666666666,-0.07493956486704273,2,-5.666826666667496,-0.143638850889214,declining,0.45058139534883723,middle
1755,defense,19.209588333333333,1402.2999483333333,73,4,12,16,0.2191780821917808,1,12.208,0.2,TRUE,-7.001588333333332,-0.0191780821917808,2,1.2969749999998503,0.042407660738709184,rising,0.6336336336336337,middle
1756,defense,12.208,305.2,25,0,5,5,0.2,1,12.809999999999999,0,TRUE,0.6019999999999985,-0.2,2,2.4854066666657273,-0.07493956486701427,rising,0.01606425702811245,fringe
1757,NA,NA,NA,NA,NA,NA,NA,NA,1,19.423188333333332,0.13043478260869565,FALSE,NA,NA,NA,NA,NA,insufficient_history,NA,NA
1758,NA,NA,NA,NA,NA,NA,NA,NA,0,NA,NA,FALSE,NA,NA,2,-2.308109999999121,0.10766045548650165,declining,NA,NA
1759,NA,NA,NA,NA,NA,NA,NA,NA,1,14.675,0.25,TRUE,NA,NA,2,-2.308109999999121,0.10766045548650165,declining,NA,NA
1760,defense,14.675,117.4,8,0,2,2,0.25,1,14.965276666666666,0,TRUE,0.2902766666666654,-0.25,1,NA,NA,insufficient_history,0.26453488372093026,fringe
1761,defense,14.965276666666666,179.58332,12,0,0,0,0,2,15.592459166666668,0.06481481481481481,TRUE,0.6271825000000018,0.06481481481481481,1,NA,NA,insufficient_history,0.2702702702702703,fringe
1762,NA,NA,NA,NA,NA,NA,NA,NA,3,10.155110555555556,0.25443373830470606,TRUE,NA,NA,NA,NA,NA,insufficient_history,NA,NA
1763,NA,NA,NA,NA,NA,NA,NA,NA,2,15.363905833333334,0.5634920634920635,TRUE,NA,NA,3,1.2885091666673059,-0.021581099500222814,rising,NA,NA
1764,forward,14.281275,1156.783275,81,22,23,45,0.5555555555555556,2,16.0005275,0.5484261501210654,TRUE,1.7192524999999996,-0.007129405434490144,2,5.155770000000763,0.09676239253705474,rising,0.5866261398176292,middle
1765,forward,15.554518333333336,917.7165816666668,59,9,22,31,0.5254237288135594,1,13.671013333333335,0.5072463768115942,TRUE,-1.8835050000000013,-0.01817735200196513,2,2.1652616666658457,0.015873015873010026,rising,0.5456570155902004,middle
1766,NA,NA,NA,NA,NA,NA,NA,NA,3,22.12889222222222,0.5398896496457473,TRUE,NA,NA,NA,NA,NA,insufficient_history,NA,NA
1767,defense,22.899593333333332,1877.7666533333331,82,11,33,44,0.5365853658536586,2,24.822135833333334,0.6783380018674137,FALSE,1.9225425000000023,0.1417526360137551,2,1.6648633333318252,-0.12204462204451139,rising,0.8981481481481481,top
1768,NA,NA,NA,NA,NA,NA,NA,NA,4,25.202506666666665,0.7838881706528765,FALSE,NA,NA,3,0.7047375000002042,0.08513708513710869,rising,NA,NA
1769,NA,NA,NA,NA,NA,NA,NA,NA,2,8.858333333333334,0,FALSE,NA,NA,NA,NA,NA,insufficient_history,NA,NA
1770,forward,11.429166666666665,320.01666666666665,28,5,5,10,0.35714285714285715,1,16.251921666666664,0.5,FALSE,4.822754999999999,0.14285714285714285,2,-3.816666666665218,0,declining,0.3,fringe
1771,forward,16.251921666666664,1267.64989,78,15,24,39,0.5,3,15.617402222222221,0.49597690445148074,FALSE,-0.6345194444444431,-0.004023095548519262,2,4.479166666667329,0.3571428571429098,rising,0.729483282674772,top
1772,NA,NA,NA,NA,NA,NA,NA,NA,2,13.773859166666668,0.4353393085787452,FALSE,NA,NA,NA,NA,NA,insufficient_history,NA,NA
1773,forward,14.64218,1186.01658,81,18,10,28,0.345679012345679,1,17.260048333333334,0.5735294117647058,FALSE,2.617868333333334,0.22785039941902685,2,1.5058016666652987,0.14340588988463318,rising,0.6155172413793103,middle
1774,NA,NA,NA,NA,NA,NA,NA,NA,3,15.560277777777777,0.4081571815718157,TRUE,NA,NA,3,1.3666441666671092,0.03324357912181384,rising,NA,NA
1775,forward,13.580833333333334,814.85,60,5,12,17,0.2833333333333333,1,12.927856666666665,0.34285714285714286,TRUE,-0.6529766666666692,0.059523809523809534,2,-0.5666666666664488,0.03447154471543413,declining,0.38530066815144765,middle
1776,NA,NA,NA,NA,NA,NA,NA,NA,0,NA,NA,FALSE,NA,NA,NA,NA,NA,insufficient_history,NA,NA
1777,NA,NA,NA,NA,NA,NA,NA,NA,0,NA,NA,FALSE,NA,NA,1,NA,NA,insufficient_history,NA,NA
1778,NA,NA,NA,NA,NA,NA,NA,NA,1,4.216666666666667,0,TRUE,NA,NA,1,NA,NA,insufficient_history,NA,NA
1779,defense,4.216666666666667,4.216666666666667,1,0,0,0,0,1,16.539215,0.17647058823529413,TRUE,12.322548333333332,0.17647058823529413,1,NA,NA,insufficient_history,0.0029069767441860465,fringe
1780,defense,16.539215,281.166655,17,1,2,3,0.17647058823529413,0,NA,NA,FALSE,NA,NA,1,NA,NA,insufficient_history,0.42342342342342343,middle
1781,NA,NA,NA,NA,NA,NA,NA,NA,2,11.352083333333333,0.24305555555555555,FALSE,NA,NA,NA,NA,NA,insufficient_history,NA,NA
1782,forward,13.979166666666664,111.83333333333331,8,2,1,3,0.375,2,13.027115833333333,0.30753968253968256,TRUE,-0.9520508333333311,-0.06746031746031744,1,NA,NA,insufficient_history,0.5523156089193825,middle
1783,forward,14.1,112.8,8,1,1,2,0.25,1,12.987300000000001,0.31746031746031744,FALSE,-1.1126999999999985,0.06746031746031744,2,-2.024934999999228,-0.00992063492063101,declining,0.5620689655172414,middle
1784,forward,12.987300000000001,818.1999000000001,63,14,6,20,0.31746031746031744,1,11.418938333333333,0.696969696969697,TRUE,-1.568361666666668,0.3795093795093796,2,2.145768333333649,-0.11507936507938192,rising,0.45440729483282677,middle
1785,forward,11.418938333333333,753.64993,66,21,25,46,0.696969696969697,1,12.000438333333333,0.5657894736842105,TRUE,0.5815000000000001,-0.1311802232854865,2,-0.5563499999999338,0.033730158730154815,declining,0.30357142857142855,fringe
1786,forward,12.000438333333333,912.0333133333334,76,18,25,43,0.5657894736842105,1,12.01884,0.21739130434782608,TRUE,0.018401666666667538,-0.34839816933638446,2,-1.5683616666660687,0.37950937950923563,declining,0.23385300668151449,fringe
1787,NA,NA,NA,NA,NA,NA,NA,NA,0,NA,NA,FALSE,NA,NA,NA,NA,NA,insufficient_history,NA,NA
1788,defense,15.422806666666666,293.03332666666665,19,1,1,2,0.10526315789473684,1,17.671463333333335,0.10606060606060606,FALSE,2.248656666666669,7.974481658692273e-4,1,NA,NA,insufficient_history,0.2823920265780731,fringe
1789,defense,17.671463333333335,1166.3165800000002,66,2,5,7,0.10606060606060606,3,17.808906666666665,0.13067798439988124,FALSE,0.13744333333333003,0.024617378339275173,2,-0.11573500000001542,0.042763157894743144,stable,0.5319767441860465,middle
1790,NA,NA,NA,NA,NA,NA,NA,NA,2,12.330422500000001,0.1984126984126984,FALSE,NA,NA,NA,NA,NA,insufficient_history,NA,NA
1791,defense,24.288808333333336,1700.2165833333336,70,14,41,55,0.7857142857142857,5,24.64225666666667,0.5739668318986701,FALSE,0.3534483333333327,-0.21174745381561555,2,10.360844999990611,0.3968253968250372,rising,0.9567901234567902,top
1792,NA,NA,NA,NA,NA,NA,NA,NA,1,11.358569999999999,0.37142857142857144,FALSE,NA,NA,NA,NA,NA,insufficient_history,NA,NA
1793,forward,11.52162,426.29994,37,4,3,7,0.1891891891891892,1,14.198066666666668,0.43478260869565216,FALSE,2.676446666666667,0.24559341950646296,1,NA,NA,insufficient_history,0.30517241379310345,fringe
1794,forward,14.198066666666668,979.6666,69,12,18,30,0.43478260869565216,3,14.194395,0.3446515922931017,FALSE,-0.003671666666667406,-0.09013101640255045,2,0.16305000000002665,-0.18223938223940897,stable,0.5805471124620061,middle
1795,NA,NA,NA,NA,NA,NA,NA,NA,2,11.413909166666667,0.12878787878787878,FALSE,NA,NA,NA,NA,NA,insufficient_history,NA,NA
1796,forward,12.947529999999999,1048.74993,81,11,14,25,0.30864197530864196,2,15.505654166666664,0.45093240093240095,FALSE,2.5581241666666656,0.142290425623759,2,-0.9490316666658054,-0.07575757575750709,declining,0.4379310344827586,middle
1797,forward,17.429743333333327,1132.9333166666663,65,20,14,34,0.5230769230769231,3,16.19111,0.4390732724066057,FALSE,-1.238633333333329,-0.0840036506703174,2,0.6340350000000999,0.07014590347924712,rising,0.8054711246200608,top
1798,NA,NA,NA,NA,NA,NA,NA,NA,2,14.8125,0,FALSE,NA,NA,NA,NA,NA,insufficient_history,NA,NA
1799,defense,14.762961666666664,132.86665499999998,9,1,0,1,0.1111111111111111,1,16.003703333333334,0.2,FALSE,1.2407416666666702,0.0888888888888889,2,2.5249999999990456,0,rising,0.2425249169435216,fringe
1800,defense,16.003703333333334,720.16665,45,2,7,9,0.2,1,12.32619,0.14285714285714285,FALSE,-3.6775133333333336,-0.05714285714285716,2,-1.3120383333335262,0.11111111111112748,declining,0.37790697674418605,middle
1801,NA,NA,NA,NA,NA,NA,NA,NA,0,NA,NA,FALSE,NA,NA,2,-3.677513333331935,-0.057142857142835485,declining,NA,NA
1802,NA,NA,NA,NA,NA,NA,NA,NA,0,NA,NA,FALSE,NA,NA,NA,NA,NA,insufficient_history,NA,NA
1803,forward,10.785086666666666,409.8332933333333,38,3,3,6,0.15789473684210525,1,11.178395,0.2222222222222222,FALSE,0.3933083333333336,0.06432748538011696,NA,NA,NA,insufficient_history,0.24482758620689654,fringe
1804,forward,11.178395,301.816665,27,0,6,6,0.2222222222222222,0,NA,NA,FALSE,NA,NA,1,NA,NA,insufficient_history,0.2978723404255319,fringe
1805,NA,NA,NA,NA,NA,NA,NA,NA,0,NA,NA,FALSE,NA,NA,2,0.19665416666664393,0.03216374269005474,stable,NA,NA
1806,NA,NA,NA,NA,NA,NA,NA,NA,0,NA,NA,FALSE,NA,NA,1,NA,NA,insufficient_history,NA,NA
1807,NA,NA,NA,NA,NA,NA,NA,NA,2,16.59908916666667,0.8168356034209693,FALSE,NA,NA,NA,NA,NA,insufficient_history,NA,NA
1808,forward,19.822356666666668,1625.4332466666667,82,26,68,94,1.146341463414634,5,21.28189,1.2368167117006468,FALSE,1.459533333333333,0.09047524828601272,2,-0.42216499999961693,0.049255622426309376,declining,0.946551724137931,top
1809,NA,NA,NA,NA,NA,NA,NA,NA,2,11.6953325,0.34,FALSE,NA,NA,NA,NA,NA,insufficient_history,NA,NA
1810,forward,13.507758333333333,783.4499833333333,58,7,7,14,0.2413793103448276,1,15.717203333333336,0.46774193548387094,FALSE,2.2094450000000023,0.22636262513904334,2,2.1662216666647054,-0.25333333333310365,rising,0.49482758620689654,middle
1811,NA,NA,NA,NA,NA,NA,NA,NA,4,19.433304583333335,0.7052530802530803,FALSE,NA,NA,3,1.469380000000425,0.12720430107530864,rising,NA,NA
1812,NA,NA,NA,NA,NA,NA,NA,NA,1,14.37119,0.6142857142857143,FALSE,NA,NA,NA,NA,NA,insufficient_history,NA,NA
1813,forward,16.050768333333338,1043.2999416666669,65,19,16,35,0.5384615384615384,1,15.036363333333336,0.5454545454545454,FALSE,-1.0144050000000018,0.006993006993006978,2,1.7905733333326597,0.0033613445378138816,rising,0.7172413793103448,top
1814,forward,15.036363333333336,1157.799976666667,77,25,17,42,0.5454545454545454,2,16.804426666666664,0.640625,TRUE,1.7680633333333287,0.09517045454545459,2,-0.11099500000001161,-0.0791855203620026,stable,0.6519756838905775,middle
1815,forward,16.832291666666666,1346.5833333333333,80,19,21,40,0.5,1,16.71291,0.5774647887323944,FALSE,-0.11938166666666561,0.07746478873239437,2,1.740198333332671,0.2357954545453652,rising,0.6904231625835189,top
1816,NA,NA,NA,NA,NA,NA,NA,NA,2,23.065446666666666,0.4329268292682927,FALSE,NA,NA,NA,NA,NA,insufficient_history,NA,NA
1817,defense,25.111991666666665,2059.1833166666665,82,7,19,26,0.3170731707317073,5,23.653784666666667,0.4124455634838603,FALSE,-1.458206999999998,0.09537239275215298,2,2.1747966666646943,0.13414634146329307,rising,0.9845679012345679,top
1818,NA,NA,NA,NA,NA,NA,NA,NA,2,14.236110833333335,0.07142857142857142,FALSE,NA,NA,NA,NA,NA,insufficient_history,NA,NA
1819,NA,NA,NA,NA,NA,NA,NA,NA,0,NA,NA,FALSE,NA,NA,2,2.938888333333767,0.14285714285716392,rising,NA,NA
1820,NA,NA,NA,NA,NA,NA,NA,NA,2,12.011231666666667,0.18989769820971866,TRUE,NA,NA,2,2.938888333333767,0.14285714285716392,rising,NA,NA
1821,defense,12.283333333333333,417.6333333333333,34,1,6,7,0.20588235294117646,1,9.92564,0.19230769230769232,TRUE,-2.3576933333333336,-0.013574660633484142,1,NA,NA,insufficient_history,0.024096385542168676,fringe
1822,NA,NA,NA,NA,NA,NA,NA,NA,1,20.242558333333328,0.4642857142857143,FALSE,NA,NA,NA,NA,NA,insufficient_history,NA,NA
1823,NA,NA,NA,NA,NA,NA,NA,NA,4,21.0026225,0.32563391336739034,FALSE,NA,NA,1,NA,NA,insufficient_history,NA,NA
1824,NA,NA,NA,NA,NA,NA,NA,NA,0,NA,NA,FALSE,NA,NA,NA,NA,NA,insufficient_history,NA,NA
1825,forward,9.73492,204.43332,21,2,4,6,0.2857142857142857,1,14.6675,0.3,FALSE,4.93258,0.01428571428571429,NA,NA,NA,insufficient_history,0.15862068965517243,fringe
1826,forward,14.6675,1173.4,80,17,7,24,0.3,2,14.860107499999998,0.26768626110731375,TRUE,0.1926074999999976,-0.03231373889268624,1,NA,NA,insufficient_history,0.6200607902735562,middle
1827,forward,14.573463333333331,1107.583213333333,76,12,5,17,0.2236842105263158,1,12.914358333333332,0.2153846153846154,FALSE,-1.6591049999999985,-0.008299595141700394,2,0.47925166666648206,0.011688311688307237,rising,0.4766146993318486,middle
1828,NA,NA,NA,NA,NA,NA,NA,NA,2,14.039215,0.5433604336043361,FALSE,NA,NA,NA,NA,NA,insufficient_history,NA,NA
1829,forward,18.452695000000002,1254.7832600000002,68,16,28,44,0.6470588235294118,2,17.436599166666667,0.5328947368421053,FALSE,-1.0160958333333348,-0.11416408668730649,2,1.6154699999993904,-0.13550135501349872,rising,0.8879310344827587,top
1830,forward,18.312279999999998,1391.73328,76,17,26,43,0.5657894736842105,3,17.978035000000002,0.6016381236038719,FALSE,-0.3342449999999957,0.03584864991966141,2,3.6057450000005358,0.17144906743187616,rising,0.8768996960486323,top
1831,NA,NA,NA,NA,NA,NA,NA,NA,2,12.3375,0.6,TRUE,NA,NA,NA,NA,NA,insufficient_history,NA,NA
1832,forward,12.925,387.75,30,4,2,6,0.2,2,14.8764075,0.45636261261261263,TRUE,1.9514074999999984,0.2563626126126126,1,NA,NA,insufficient_history,0.46271186440677964,middle
1833,forward,15.82364833333333,1170.9499766666663,74,9,20,29,0.3918918918918919,1,11.286295,0.2222222222222222,TRUE,-4.5373533333333285,-0.16966966966966968,3,1.089583333333597,-0.2395833333333467,rising,0.7086206896551724,top
1834,forward,11.286295,507.883275,45,6,4,10,0.2222222222222222,0,NA,NA,FALSE,NA,NA,3,1.4493241666670609,0.09594594594595113,rising,0.28793103448275864,fringe
1835,NA,NA,NA,NA,NA,NA,NA,NA,1,15.836991666666668,0.524390243902439,TRUE,NA,NA,3,-1.3214358333339336,-0.14930555555559452,declining,NA,NA
1836,forward,15.836991666666668,1298.6333166666668,82,19,24,43,0.524390243902439,1,17.85628,0.5652173913043478,TRUE,2.019288333333334,0.04082714740190874,2,-4.537353333333994,-0.1696696696696946,declining,0.6990881458966566,top
1837,forward,17.85628,1232.0833200000002,69,16,23,39,0.5652173913043478,2,15.212753333333334,0.4409330985915493,FALSE,-2.643526666666668,-0.1242842927127985,2,2.2753483333330724,0.15108401084009088,rising,0.8457792207792207,top
1838,NA,NA,NA,NA,NA,NA,NA,NA,2,18.995776666666664,0.932469512195122,TRUE,NA,NA,NA,NA,NA,insufficient_history,NA,NA
1839,forward,18.520416666666666,1481.6333333333332,80,30,47,77,0.9625,2,19.800897499999998,0.9573923517012948,TRUE,1.280480833333332,-0.005107648298705247,NA,NA,NA,insufficient_history,0.8984771573604061,top
1840,forward,19.856540000000003,1568.66666,79,28,59,87,1.1012658227848102,5,19.865452,1.265826793920113,FALSE,0.008911999999998699,0.16456097113530288,3,0.8051208333335166,0.02492283950618596,rising,0.95,top
1841,NA,NA,NA,NA,NA,NA,NA,NA,2,10.131971666666665,0.11252268602540835,TRUE,NA,NA,NA,NA,NA,insufficient_history,NA,NA
1842,forward,10.371838333333333,300.78331166666663,29,2,3,5,0.1724137931034483,2,12.949466666666668,0.18888888888888888,TRUE,2.577628333333335,0.016475095785440597,1,NA,NA,insufficient_history,0.19322033898305085,fringe
1843,forward,12.985878333333334,934.98324,72,6,8,14,0.19444444444444445,2,13.974873333333333,0.40454545454545454,FALSE,0.9889949999999992,0.2101010101010101,3,1.5104750000004608,0.06535087719299416,rising,0.4413793103448276,middle
1844,forward,11.98333333333333,239.66666666666663,20,3,5,8,0.4,1,14.31277,0.2987012987012987,TRUE,2.3294366666666697,-0.10129870129870133,2,2.9805350000004434,0.21464646464649637,rising,0.36322188449848025,middle
1845,forward,14.31277,1102.08329,77,14,9,23,0.2987012987012987,2,13.308255000000003,0.14002525252525252,FALSE,-1.0045149999999978,-0.15867604617604616,2,-1.991539999999771,-0.0045454545454539945,declining,0.5568181818181818,middle
1846,NA,NA,NA,NA,NA,NA,NA,NA,1,12.202776666666667,0.3333333333333333,TRUE,NA,NA,NA,NA,NA,insufficient_history,NA,NA
1847,forward,12.202776666666667,73.21666,6,2,0,2,0.3333333333333333,1,14.891541666666665,0.43283582089552236,TRUE,2.6887649999999983,0.09950248756218905,NA,NA,NA,insufficient_history,0.38747884940778343,middle
1848,forward,14.891541666666665,997.7332916666666,67,11,18,29,0.43283582089552236,1,15.606041666666664,0.475,TRUE,0.7144999999999992,0.04216417910447762,1,NA,NA,insufficient_history,0.6322033898305085,middle
1849,forward,15.606041666666664,1248.4833333333331,80,15,23,38,0.475,2,14.175728333333335,0.4478031953522149,FALSE,-1.4303133333333289,-0.027196804647785067,2,2.6887649999989813,0.09950248756215127,rising,0.6826758147512865,top
1850,NA,NA,NA,NA,NA,NA,NA,NA,2,11.298465,0.27166666666666667,TRUE,NA,NA,3,-0.5292466666666931,-0.024264705882360564,declining,NA,NA
1851,forward,11.166041666666667,893.2833333333333,80,13,7,20,0.25,2,9.769214999999999,0.15924369747899159,TRUE,-1.3968266666666675,-0.09075630252100841,2,-1.5583299999998192,-0.06656862745097263,declining,0.2840909090909091,fringe
1852,NA,NA,NA,NA,NA,NA,NA,NA,2,12.472135,0.15625,FALSE,NA,NA,NA,NA,NA,insufficient_history,NA,NA
1853,forward,13.98177,447.41664,32,6,4,10,0.3125,0,NA,NA,FALSE,NA,NA,1,NA,NA,insufficient_history,0.55,middle
1854,NA,NA,NA,NA,NA,NA,NA,NA,1,7.527776666666667,0,TRUE,NA,NA,2,3.0192700000004433,0.312500000000046,rising,NA,NA
1855,forward,7.527776666666667,22.58333,3,0,0,0,0,1,11.645061666666667,0.16666666666666666,TRUE,4.117285,0.16666666666666666,2,3.0192700000004433,0.312500000000046,rising,0.03951367781155015,fringe
1856,forward,11.645061666666667,628.83333,54,6,3,9,0.16666666666666666,1,12.604115,0.18518518518518517,TRUE,0.9590533333333333,0.018518518518518517,2,-3.226996666666291,-0.15624999999998182,declining,0.3262987012987013,fringe
1857,forward,12.604115,1020.933315,81,11,4,15,0.18518518518518517,1,14.163615,0.28169014084507044,FALSE,1.5594999999999999,0.09650495565988526,2,4.1172849999984376,0.1666666666666034,rising,0.29175946547884185,fringe
1858,NA,NA,NA,NA,NA,NA,NA,NA,1,16.55,0,FALSE,NA,NA,NA,NA,NA,insufficient_history,NA,NA
1859,NA,NA,NA,NA,NA,NA,NA,NA,2,15.821544166666667,0.23306233062330622,TRUE,NA,NA,1,NA,NA,insufficient_history,NA,NA
1860,defense,16.359755,1341.49991,82,3,17,20,0.24390243902439024,2,17.307714166666667,0.24148012028065485,TRUE,0.9479591666666671,-0.0024223187437353855,1,NA,NA,insufficient_history,0.3993993993993994,middle
1861,defense,17.027625,1243.016625,73,5,8,13,0.1780821917808219,0,NA,NA,FALSE,NA,NA,3,1.1522350000002892,0.041327913279144673,rising,0.375,middle
1862,NA,NA,NA,NA,NA,NA,NA,NA,1,14.227776666666665,0,FALSE,NA,NA,NA,NA,NA,insufficient_history,NA,NA
1863,defense,13.986110000000002,83.91666000000001,6,0,0,0,0,0,NA,NA,FALSE,NA,NA,1,NA,NA,insufficient_history,0.16943521594684385,fringe
1864,NA,NA,NA,NA,NA,NA,NA,NA,1,13.253085,0.14814814814814814,TRUE,NA,NA,2,-0.24166666666669634,0,stable,NA,NA
1865,defense,13.253085,357.833295,27,0,4,4,0.14814814814814814,1,14.530071666666666,0.13043478260869565,FALSE,1.2769866666666658,-0.01771336553945249,2,-0.24166666666669634,0,stable,0.1569767441860465,fringe
1866,NA,NA,NA,NA,NA,NA,NA,NA,0,NA,NA,FALSE,NA,NA,2,1.2769866666661827,-0.017713365539445764,rising,NA,NA
1867,defense,14.646666666666667,146.46666666666667,10,1,2,3,0.3,2,17.504444166666666,0.2,TRUE,2.857777499999999,-0.09999999999999998,NA,NA,NA,insufficient_history,0.21967213114754097,fringe
1868,defense,17.325555,519.76665,30,4,8,12,0.4,1,17.683333333333334,0,FALSE,0.3577783333333322,-0.4,1,NA,NA,insufficient_history,0.4845679012345679,middle
1869,NA,NA,NA,NA,NA,NA,NA,NA,1,14.696295,0.2222222222222222,TRUE,NA,NA,3,1.518333333333613,-0.15000000000005814,rising,NA,NA
1870,defense,14.696295,132.266655,9,1,1,2,0.2222222222222222,1,15.75625,0.1875,TRUE,1.0599550000000004,-0.03472222222222221,2,0.3577783333333901,-0.4000000000000589,rising,0.26744186046511625,fringe
1871,defense,15.75625,252.1,16,0,3,3,0.1875,0,NA,NA,FALSE,NA,NA,2,-1.4935191666664933,0.11111111111109821,declining,0.3483483483483483,middle
1872,NA,NA,NA,NA,NA,NA,NA,NA,1,10.391666666666667,0,FALSE,NA,NA,NA,NA,NA,insufficient_history,NA,NA
1873,defense,10.777776666666666,32.33333,3,0,0,0,0,2,19.43477,0.2994563575958925,FALSE,8.656993333333334,0.2994563575958925,1,NA,NA,insufficient_history,0.03986710963455149,fringe
1874,defense,17.888371666666668,769.1999816666668,43,2,7,9,0.20930232558139536,1,18.800226666666667,0.273972602739726,TRUE,0.9118549999999992,0.06467027715833065,2,5.101695833332744,0.1948051948051722,rising,0.5465465465465466,middle
1875,defense,18.800226666666667,1372.4165466666666,73,4,16,20,0.273972602739726,1,20.38813,0.3484848484848485,FALSE,1.5879033333333332,0.0745122457451225,2,-3.092796666665491,-0.18030806402892585,declining,0.5020080321285141,middle
1876,NA,NA,NA,NA,NA,NA,NA,NA,0,NA,NA,FALSE,NA,NA,NA,NA,NA,insufficient_history,NA,NA
1877,NA,NA,NA,NA,NA,NA,NA,NA,0,NA,NA,FALSE,NA,NA,NA,NA,NA,insufficient_history,NA,NA
1878,NA,NA,NA,NA,NA,NA,NA,NA,0,NA,NA,FALSE,NA,NA,NA,NA,NA,insufficient_history,NA,NA
1879,NA,NA,NA,NA,NA,NA,NA,NA,1,16.917221666666666,0.16666666666666666,TRUE,NA,NA,NA,NA,NA,insufficient_history,NA,NA
1880,defense,16.917221666666666,507.51665,30,2,3,5,0.16666666666666666,0,NA,NA,FALSE,NA,NA,NA,NA,NA,insufficient_history,0.3671875,middle
1881,NA,NA,NA,NA,NA,NA,NA,NA,0,NA,NA,FALSE,NA,NA,NA,NA,NA,insufficient_history,NA,NA
1882,forward,12.790069999999996,601.1332899999999,47,13,5,18,0.3829787234042553,1,14.15294,0.5735294117647058,FALSE,1.3628700000000027,0.19055068836045053,NA,NA,NA,insufficient_history,0.42931034482758623,middle
1883,NA,NA,NA,NA,NA,NA,NA,NA,4,16.203530833333332,0.6040991603999734,FALSE,NA,NA,2,1.3628700000002056,0.1905506883604787,rising,NA,NA
1884,NA,NA,NA,NA,NA,NA,NA,NA,1,14.363333333333333,0.2,FALSE,NA,NA,NA,NA,NA,insufficient_history,NA,NA
1885,defense,14.363333333333333,71.81666666666666,5,0,1,1,0.2,1,16.977776666666667,0.24074074074074073,FALSE,2.614443333333334,0.040740740740740716,NA,NA,NA,insufficient_history,0.20930232558139536,fringe
1886,defense,16.977776666666667,916.79994,54,3,10,13,0.24074074074074073,1,17.431275000000003,0.07407407407407407,TRUE,0.4534983333333358,-0.16666666666666666,1,NA,NA,insufficient_history,0.47674418604651164,middle
1887,defense,17.431275000000003,1411.9332750000003,81,1,5,6,0.07407407407407407,2,20.100843333333334,0.26274944567627495,FALSE,2.6695683333333307,0.18867537160220088,2,1.3072216666665166,0.02037037037036801,rising,0.5015015015015015,middle
1888,NA,NA,NA,NA,NA,NA,NA,NA,1,19.107818333333334,1.3333333333333333,FALSE,NA,NA,NA,NA,NA,insufficient_history,NA,NA
1889,NA,NA,NA,NA,NA,NA,NA,NA,4,21.05272625,1.2845354309533414,FALSE,NA,NA,NA,NA,NA,insufficient_history,NA,NA
1890,forward,10.208333333333334,20.416666666666668,2,0,0,0,0,2,14.232135833333334,0.3626994680851064,FALSE,4.0238025,0.3626994680851064,NA,NA,NA,insufficient_history,0.17495711835334476,fringe
1891,forward,14.518438333333334,682.3666016666667,47,4,11,15,0.3191489361702128,2,18.80215,0.8823809523809524,FALSE,4.283711666666667,0.5632320162107396,2,3.7374999999985836,0.4062499999998458,rising,0.6051724137931035,middle
1892,forward,19.36785666666667,1355.7499666666668,70,23,38,61,0.8714285714285714,2,18.621660833333333,0.7475708502024292,FALSE,-0.746195833333335,-0.12385772122614225,2,1.8590024999997865,0.28709219858152696,rising,0.9285714285714286,top
1893,forward,12.786666666666667,63.93333333333334,5,0,0,0,0,2,11.666360833333332,0.38680387409200967,FALSE,-1.1203058333333349,0.38680387409200967,NA,NA,NA,insufficient_history,0.4236706689536878,middle
1894,forward,12.383614999999999,730.6332849999999,59,12,21,33,0.559322033898305,0,NA,NA,FALSE,NA,NA,2,-1.8375599999992984,0.21428571428563298,declining,0.4017241379310345,middle
1895,NA,NA,NA,NA,NA,NA,NA,NA,1,11.31954,0.2413793103448276,TRUE,NA,NA,3,-0.20152583333324994,0.2796610169492275,stable,NA,NA
1896,forward,11.31954,656.53332,58,5,9,14,0.2413793103448276,0,NA,NA,FALSE,NA,NA,2,1.434508333333543,0.34503631961264164,rising,0.31155015197568386,fringe
1897,NA,NA,NA,NA,NA,NA,NA,NA,0,NA,NA,FALSE,NA,NA,2,-0.5320374999999372,-0.1589713617767202,declining,NA,NA
1898,NA,NA,NA,NA,NA,NA,NA,NA,1,10.449508333333334,0.3382352941176471,TRUE,NA,NA,1,NA,NA,insufficient_history,NA,NA
1899,NA,NA,NA,NA,NA,NA,NA,NA,2,10.130718333333334,0.12745098039215685,TRUE,NA,NA,NA,NA,NA,insufficient_history,NA,NA
1900,forward,9.933333333333334,19.866666666666667,2,0,0,0,0,0,NA,NA,FALSE,NA,NA,1,NA,NA,insufficient_history,0.17758620689655172,fringe
1901,NA,NA,NA,NA,NA,NA,NA,NA,1,7.016666666666666,0,TRUE,NA,NA,2,-0.3947700000000595,-0.25490196078435123,declining,NA,NA
1902,forward,7.016666666666666,14.033333333333331,2,0,0,0,0,1,13.12857,0.14285714285714285,TRUE,6.111903333333334,0.14285714285714285,2,-0.3947700000000595,-0.25490196078435123,declining,0.034954407294832825,fringe
1903,forward,13.12857,91.89999,7,1,0,1,0.14285714285714285,0,NA,NA,FALSE,NA,NA,2,-1.458333333333164,0,declining,0.4642857142857143,middle
1904,NA,NA,NA,NA,NA,NA,NA,NA,0,NA,NA,FALSE,NA,NA,2,6.111903333331013,0.14285714285708864,rising,NA,NA
1905,NA,NA,NA,NA,NA,NA,NA,NA,1,18.979226666666666,0.2608695652173913,FALSE,NA,NA,NA,NA,NA,insufficient_history,NA,NA
1906,defense,18.979226666666666,1309.56664,69,5,13,18,0.2608695652173913,2,22.129189166666666,0.33819444444444446,FALSE,3.149962500000001,0.07732487922705317,NA,NA,NA,insufficient_history,0.6046511627906976,middle
1907,defense,21.971295,1581.93324,72,6,13,19,0.2638888888888889,2,22.048536666666664,0.33051006964050444,TRUE,0.07724166666666221,0.06662118075161555,2,1.653928333333144,0.07581521739129554,rising,0.8648648648648649,top
1908,NA,NA,NA,NA,NA,NA,NA,NA,1,9.883333333333333,0,FALSE,NA,NA,NA,NA,NA,insufficient_history,NA,NA
1909,NA,NA,NA,NA,NA,NA,NA,NA,0,NA,NA,FALSE,NA,NA,1,NA,NA,insufficient_history,NA,NA
1910,NA,NA,NA,NA,NA,NA,NA,NA,0,NA,NA,FALSE,NA,NA,1,NA,NA,insufficient_history,NA,NA
1911,NA,NA,NA,NA,NA,NA,NA,NA,0,NA,NA,FALSE,NA,NA,NA,NA,NA,insufficient_history,NA,NA
1912,NA,NA,NA,NA,NA,NA,NA,NA,2,9.6832425,0.22584541062801933,FALSE,NA,NA,NA,NA,NA,insufficient_history,NA,NA
1913,forward,11.162318333333333,513.4666433333333,46,5,3,8,0.17391304347826086,1,14.885048333333335,0.3088235294117647,FALSE,3.722730000000002,0.13491048593350385,1,NA,NA,insufficient_history,0.2793103448275862,fringe
1914,forward,14.885048333333335,1012.1832866666668,68,8,13,21,0.3088235294117647,3,15.580690555555558,0.38197831978319785,TRUE,0.6956422222222223,0.07315479037143313,2,2.9581516666671033,-0.10386473429953226,rising,0.6382978723404256,middle
1915,NA,NA,NA,NA,NA,NA,NA,NA,0,NA,NA,FALSE,NA,NA,NA,NA,NA,insufficient_history,NA,NA
1916,NA,NA,NA,NA,NA,NA,NA,NA,1,10.888556666666666,0.19402985074626866,FALSE,NA,NA,NA,NA,NA,insufficient_history,NA,NA
1917,forward,10.888556666666666,729.5332966666666,67,8,5,13,0.19402985074626866,2,10.310087500000002,0.1582236842105263,TRUE,-0.5784691666666646,-0.03580616653574237,NA,NA,NA,insufficient_history,0.2750759878419453,fringe
1918,forward,8.786841666666668,333.89998333333335,38,1,2,3,0.07894736842105263,1,10.419606666666665,0.22058823529411764,TRUE,1.6327649999999974,0.141640866873065,2,0.9447766666663154,0.043470149253714875,rising,0.0334075723830735,fringe
1919,NA,NA,NA,NA,NA,NA,NA,NA,1,17.130666666666666,0.24,FALSE,NA,NA,NA,NA,NA,insufficient_history,NA,NA
1920,defense,17.130666666666666,428.26666666666665,25,2,4,6,0.24,1,18.114046666666663,0.2571428571428571,FALSE,0.9833799999999968,0.017142857142857126,NA,NA,NA,insufficient_history,0.45987654320987653,middle
1921,NA,NA,NA,NA,NA,NA,NA,NA,3,20.218082777777777,0.3130493272870816,TRUE,NA,NA,2,0.9833800000001431,0.01714285714285968,rising,NA,NA
1922,defense,20.894855,1692.483255,81,5,20,25,0.30864197530864196,1,19.720000000000002,0.38333333333333336,FALSE,-1.1748549999999973,0.0746913580246914,2,-2.207769999999157,0.0036403349108104412,declining,0.7188755020080321,top
1923,NA,NA,NA,NA,NA,NA,NA,NA,0,NA,NA,FALSE,NA,NA,NA,NA,NA,insufficient_history,NA,NA
1924,NA,NA,NA,NA,NA,NA,NA,NA,0,NA,NA,FALSE,NA,NA,NA,NA,NA,insufficient_history,NA,NA
1925,NA,NA,NA,NA,NA,NA,NA,NA,2,11.222465833333334,0.14559386973180077,TRUE,NA,NA,NA,NA,NA,insufficient_history,NA,NA
1926,forward,11.926541666666667,322.01662500000003,27,3,3,6,0.2222222222222222,0,NA,NA,FALSE,NA,NA,1,NA,NA,insufficient_history,0.3555194805194805,middle
1927,NA,NA,NA,NA,NA,NA,NA,NA,0,NA,NA,FALSE,NA,NA,NA,NA,NA,insufficient_history,NA,NA
1928,NA,NA,NA,NA,NA,NA,NA,NA,0,NA,NA,FALSE,NA,NA,NA,NA,NA,insufficient_history,NA,NA
1929,NA,NA,NA,NA,NA,NA,NA,NA,1,14.788541666666667,0.1875,TRUE,NA,NA,NA,NA,NA,insufficient_history,NA,NA
1930,defense,14.788541666666667,236.61666666666667,16,0,3,3,0.1875,2,14.661003333333333,0.24252136752136755,TRUE,-0.12753833333333375,0.05502136752136755,NA,NA,NA,insufficient_history,0.27906976744186046,fringe
1931,defense,15.197221666666666,1094.19996,72,8,14,22,0.3055555555555556,1,18.89857,0.24285714285714285,FALSE,3.7013483333333337,-0.06269841269841273,2,-0.6637566666664133,-0.008012820512817424,declining,0.17670682730923695,fringe
1932,NA,NA,NA,NA,NA,NA,NA,NA,1,8.083333333333334,0.25,FALSE,NA,NA,NA,NA,NA,insufficient_history,NA,NA
1933,forward,8.083333333333334,32.333333333333336,4,0,1,1,0.25,0,NA,NA,FALSE,NA,NA,NA,NA,NA,insufficient_history,0.06724137931034482,fringe
1934,NA,NA,NA,NA,NA,NA,NA,NA,1,14.118518333333334,0.8703703703703703,TRUE,NA,NA,1,NA,NA,insufficient_history,NA,NA
1935,forward,14.118518333333334,762.39999,54,18,29,47,0.8703703703703703,3,15.40026388888889,0.6072472673779863,FALSE,1.2817455555555561,-0.26312310299238406,1,NA,NA,insufficient_history,0.5653495440729484,middle
1936,NA,NA,NA,NA,NA,NA,NA,NA,0,NA,NA,FALSE,NA,NA,NA,NA,NA,insufficient_history,NA,NA
1937,defense,17.107000000000003,855.3500000000001,50,4,12,16,0.32,2,13.210409166666667,0.21043771043771042,FALSE,-3.8965908333333363,-0.10956228956228958,1,NA,NA,insufficient_history,0.4418604651162791,middle
1938,defense,14.878395,401.716665,27,1,3,4,0.14814814814814814,1,11.542423333333334,0.2727272727272727,TRUE,-3.3359716666666657,0.12457912457912457,2,1.7403333333335953,0.22476190476193791,rising,0.2877906976744186,fringe
1939,NA,NA,NA,NA,NA,NA,NA,NA,1,16.520688333333332,0.13793103448275862,TRUE,NA,NA,2,-3.3359716666653974,0.1245791245790773,declining,NA,NA
1940,defense,16.520688333333332,479.0999616666666,29,1,3,4,0.13793103448275862,0,NA,NA,FALSE,NA,NA,2,-3.3359716666653974,0.1245791245790773,declining,0.3359375,middle
1941,NA,NA,NA,NA,NA,NA,NA,NA,2,6.616666666666667,0.07142857142857142,TRUE,NA,NA,NA,NA,NA,insufficient_history,NA,NA
1942,forward,6.983333333333334,27.933333333333337,4,0,0,0,0,0,NA,NA,FALSE,NA,NA,1,NA,NA,insufficient_history,0.027586206896551724,fringe
1943,NA,NA,NA,NA,NA,NA,NA,NA,1,11.40606,0.32727272727272727,FALSE,NA,NA,2,0.7333333333330552,-0.14285714285708861,rising,NA,NA
1944,NA,NA,NA,NA,NA,NA,NA,NA,2,11.357500833333333,0.28558758314855875,TRUE,NA,NA,2,0.7333333333330552,-0.14285714285708861,rising,NA,NA
1945,forward,9.540221666666667,715.5166250000001,75,5,2,7,0.09333333333333334,1,8.559203333333333,0.11940298507462686,FALSE,-0.9810183333333349,0.026069651741293526,2,-0.09711833333329425,-0.08337028824830536,stable,0.05790645879732739,fringe
1946,NA,NA,NA,NA,NA,NA,NA,NA,1,12.266666666666667,0,FALSE,NA,NA,NA,NA,NA,insufficient_history,NA,NA
1947,NA,NA,NA,NA,NA,NA,NA,NA,0,NA,NA,FALSE,NA,NA,1,NA,NA,insufficient_history,NA,NA
1948,NA,NA,NA,NA,NA,NA,NA,NA,0,NA,NA,FALSE,NA,NA,1,NA,NA,insufficient_history,NA,NA
1949,NA,NA,NA,NA,NA,NA,NA,NA,0,NA,NA,FALSE,NA,NA,1,NA,NA,insufficient_history,NA,NA
1950,NA,NA,NA,NA,NA,NA,NA,NA,1,10.141666666666667,1,TRUE,NA,NA,NA,NA,NA,insufficient_history,NA,NA
1951,forward,10.141666666666667,20.283333333333335,2,0,2,2,1,0,NA,NA,FALSE,NA,NA,NA,NA,NA,insufficient_history,0.1884498480243161,fringe
1952,NA,NA,NA,NA,NA,NA,NA,NA,0,NA,NA,FALSE,NA,NA,1,NA,NA,insufficient_history,NA,NA
1953,forward,10.1875,40.75,4,0,0,0,0,1,11.766666666666667,0,TRUE,1.5791666666666675,0,NA,NA,NA,insufficient_history,0.18135593220338983,fringe
1954,forward,10.1875,40.75,4,0,0,0,0,1,11.766666666666667,0,TRUE,1.5791666666666675,0,NA,NA,NA,insufficient_history,0.18135593220338983,fringe
1955,forward,11.766666666666667,11.766666666666667,1,0,0,0,0,2,12.171809166666666,0.21378795420607266,TRUE,0.4051424999999984,0.21378795420607266,1,NA,NA,insufficient_history,0.3190394511149228,fringe
1956,forward,11.730611666666666,574.7999716666667,49,4,5,9,0.1836734693877551,1,13.85,0.19672131147540983,FALSE,2.119388333333333,0.01304784208765472,3,1.2127533333336047,0.1219512195122356,rising,0.3258620689655172,fringe
1957,forward,13.85,844.85,61,6,6,12,0.19672131147540983,2,10.0392,0.09001782531194297,TRUE,-3.8108000000000004,-0.10670348616346687,2,-0.8823950000001283,-0.06022896963664401,declining,0.5364741641337386,middle
1958,forward,11.215655,370.116615,33,3,1,4,0.12121212121212122,1,9.414655,0.1206896551724138,TRUE,-1.8010000000000002,-5.224660397074171e-4,2,-4.987254999998108,-0.13789778206359277,declining,0.15367483296213807,fringe
1959,forward,12.044443333333334,36.13333,3,0,0,0,0,1,10.677123333333332,0.0784313725490196,TRUE,-1.3673200000000012,0.0784313725490196,NA,NA,NA,insufficient_history,0.36548223350253806,middle
1960,forward,12.044443333333334,36.13333,3,0,0,0,0,1,10.677123333333332,0.0784313725490196,TRUE,-1.3673200000000012,0.0784313725490196,NA,NA,NA,insufficient_history,0.36548223350253806,middle
1961,forward,10.677123333333332,544.53329,51,2,2,4,0.0784313725490196,1,12.661201666666667,0.29508196721311475,TRUE,1.9840783333333345,0.21665059466409514,1,NA,NA,insufficient_history,0.2288135593220339,fringe
1962,forward,12.661201666666667,772.3333016666667,61,8,10,18,0.29508196721311475,1,14.110208333333333,0.3625,TRUE,1.4490066666666657,0.06741803278688524,2,-1.367319999999478,0.07843137254898984,declining,0.41680960548885077,middle
1963,forward,14.110208333333333,1128.8166666666666,80,14,15,29,0.3625,5,14.334049333333333,0.36620364331985567,FALSE,0.22384100000000018,0.003703643319855676,3,0.30837916666688164,0.14754098360659987,stable,0.5706896551724138,middle
1964,NA,NA,NA,NA,NA,NA,NA,NA,3,16.503552222222222,0.7715557275541796,TRUE,NA,NA,NA,NA,NA,insufficient_history,NA,NA
1965,forward,17.59895833333333,1407.9166666666663,80,34,43,77,0.9625,2,18.10368,1.076175326970661,FALSE,0.5047216666666721,0.11367532697066107,2,2.5897716666643236,0.0890092879256161,rising,0.8224137931034483,top
1966,forward,17.89939,1467.74998,82,42,62,104,1.2682926829268293,3,19.102424444444445,1.191966893865628,FALSE,1.2030344444444445,-0.07632578906120124,2,0.7090116666667756,-0.07844202898551864,rising,0.8419452887537994,top
1967,NA,NA,NA,NA,NA,NA,NA,NA,2,13.059068333333334,0.2696078431372549,FALSE,NA,NA,NA,NA,NA,insufficient_history,NA,NA
1968,forward,13.216666666666667,237.9,18,4,2,6,0.3333333333333333,2,10.235350833333333,0.11842105263157894,FALSE,-2.9813158333333334,-0.2149122807017544,1,NA,NA,insufficient_history,0.4793103448275862,middle
1969,forward,11.697368333333333,444.4999966666667,38,6,3,9,0.23684210526315788,1,13.547878333333331,0.3090909090909091,TRUE,1.850509999999998,0.0722488038277512,2,-2.221666666666408,-0.16666666666664728,declining,0.3327922077922078,fringe
1970,forward,13.547878333333331,745.1333083333333,55,5,12,17,0.3090909090909091,0,NA,NA,FALSE,NA,NA,2,2.924034999998891,0.23684210526306798,rising,0.3830734966592428,middle
1971,NA,NA,NA,NA,NA,NA,NA,NA,3,14.776350555555554,0.3498428611210566,TRUE,NA,NA,NA,NA,NA,insufficient_history,NA,NA
1972,NA,NA,NA,NA,NA,NA,NA,NA,2,14.630696666666667,0.3438237608182534,TRUE,NA,NA,3,1.2437691666668356,0.14076858813704454,rising,NA,NA
1973,forward,13.829673333333334,1134.0332133333334,82,13,9,22,0.2682926829268293,2,15.586205833333334,0.3265605362379556,TRUE,1.7565325000000005,0.05826785331112633,2,-0.41976500000006106,0.14512471655330944,declining,0.5349544072948328,middle
1974,forward,15.740691666666667,1212.0332583333334,77,11,7,18,0.23376623376623376,1,14.855633333333335,0.2535211267605634,TRUE,-0.8850583333333315,0.019754892994329615,2,1.6020466666660624,0.15106215578279092,rising,0.5746102449888641,middle
1975,NA,NA,NA,NA,NA,NA,NA,NA,3,18.104741111111114,0.9770406195523056,TRUE,NA,NA,NA,NA,NA,insufficient_history,NA,NA
1976,forward,18.55490166666667,1261.7333133333336,68,37,36,73,1.0735294117647058,4,20.705873333333333,1.2661370600868318,FALSE,2.1509716666666634,0.19260764832212596,2,0.4971283333328865,0.17466561762376018,rising,0.8913793103448275,top
1977,forward,20.278378333333333,1500.5999966666666,74,40,45,85,1.1486486486486487,2,20.765654166666664,1.2332210998877666,FALSE,0.4872758333333316,0.08457245123911794,2,-0.18019583333330957,0.1545988258316848,stable,0.9691558441558441,top
1978,NA,NA,NA,NA,NA,NA,NA,NA,1,18.90565333333333,0.26785714285714285,FALSE,NA,NA,NA,NA,NA,insufficient_history,NA,NA
1979,NA,NA,NA,NA,NA,NA,NA,NA,1,12.540000000000001,0,TRUE,NA,NA,2,-11.088986666668296,-0.26785714285718226,declining,NA,NA
1980,defense,12.540000000000001,62.7,5,0,0,0,0,1,7.855555,0,TRUE,-4.684445000000001,0,2,-11.088986666668296,-0.26785714285718226,declining,0.09883720930232558,fringe
1981,defense,7.855555,23.566665,3,0,0,0,0,0,NA,NA,FALSE,NA,NA,2,2.361666666666394,0,rising,0,fringe
1982,NA,NA,NA,NA,NA,NA,NA,NA,0,NA,NA,FALSE,NA,NA,2,-4.684444999998223,0,declining,NA,NA
1983,NA,NA,NA,NA,NA,NA,NA,NA,2,21.4056675,0.7743589743589743,FALSE,NA,NA,NA,NA,NA,insufficient_history,NA,NA
1984,NA,NA,NA,NA,NA,NA,NA,NA,4,23.742369583333332,0.9165131108728669,FALSE,NA,NA,1,NA,NA,insufficient_history,NA,NA
1985,NA,NA,NA,NA,NA,NA,NA,NA,2,15.576666666666668,0.11666666666666667,FALSE,NA,NA,NA,NA,NA,insufficient_history,NA,NA
1986,NA,NA,NA,NA,NA,NA,NA,NA,3,19.430197222222223,0.23390206284943127,TRUE,NA,NA,2,1.9800000000002933,0.2333333333333677,rising,NA,NA
1987,defense,19.35021833333333,1470.6165933333332,76,3,14,17,0.2236842105263158,1,19.823176666666665,0.34375,TRUE,0.4729583333333345,0.12006578947368421,2,-1.2604799999995209,0.09340659340655799,declining,0.5582329317269076,middle
1988,NA,NA,NA,NA,NA,NA,NA,NA,3,22.494458333333334,0.5013556555845113,TRUE,NA,NA,NA,NA,NA,insufficient_history,NA,NA
1989,defense,22.172838333333335,1197.33327,54,7,21,28,0.5185185185185185,2,23.900395,0.5977803291236127,FALSE,1.7275566666666649,0.07926181060509419,1,NA,NA,insufficient_history,0.8518518518518519,top
1990,NA,NA,NA,NA,NA,NA,NA,NA,4,23.864217500000002,0.6473008140172319,FALSE,NA,NA,3,0.5079150000001623,-0.01516228381900627,rising,NA,NA
1991,NA,NA,NA,NA,NA,NA,NA,NA,0,NA,NA,FALSE,NA,NA,NA,NA,NA,insufficient_history,NA,NA
1992,NA,NA,NA,NA,NA,NA,NA,NA,1,10.307141666666666,0.14285714285714285,TRUE,NA,NA,1,NA,NA,insufficient_history,NA,NA
1993,forward,10.307141666666666,505.04994166666665,49,3,4,7,0.14285714285714285,1,8.634501666666667,0.24561403508771928,TRUE,-1.6726399999999995,0.10275689223057644,1,NA,NA,insufficient_history,0.21580547112462006,fringe
1994,forward,8.634501666666667,492.166595,57,9,5,14,0.24561403508771928,0,NA,NA,FALSE,NA,NA,2,1.013374999999883,-0.01680672268907366,rising,0.07792207792207792,fringe
1995,NA,NA,NA,NA,NA,NA,NA,NA,1,9.066666666666666,0,FALSE,NA,NA,NA,NA,NA,insufficient_history,NA,NA
1996,forward,11.645236666666667,81.51665666666668,7,1,0,1,0.14285714285714285,0,NA,NA,FALSE,NA,NA,NA,NA,NA,insufficient_history,0.20044543429844097,fringe
1997,NA,NA,NA,NA,NA,NA,NA,NA,1,10.833906666666667,0.10344827586206896,FALSE,NA,NA,NA,NA,NA,insufficient_history,NA,NA
1998,NA,NA,NA,NA,NA,NA,NA,NA,2,12.620013333333333,0.25570652173913044,TRUE,NA,NA,1,NA,NA,insufficient_history,NA,NA
1999,forward,10.962318333333334,504.2666433333334,46,2,6,8,0.17391304347826086,0,NA,NA,FALSE,NA,NA,2,1.7219008333331338,0.11702586206895195,rising,0.2711038961038961,fringe
2000,NA,NA,NA,NA,NA,NA,NA,NA,0,NA,NA,FALSE,NA,NA,2,-3.315389999998741,-0.16358695652167707,declining,NA,NA
2001,NA,NA,NA,NA,NA,NA,NA,NA,2,13.866495,0.35384615384615387,FALSE,NA,NA,NA,NA,NA,insufficient_history,NA,NA
2002,forward,12.764101666666667,165.93332166666667,13,0,4,4,0.3076923076923077,1,10.889813333333333,0.2777777777777778,FALSE,-1.8742883333333342,-0.02991452991452992,1,NA,NA,insufficient_history,0.43448275862068964,middle
2003,forward,10.889813333333333,588.0499199999999,54,9,6,15,0.2777777777777778,2,10.844523333333335,0.2866666666666666,TRUE,-0.04528999999999783,0.008888888888888835,2,-2.2047866666669886,-0.09230769230770582,declining,0.2765957446808511,fringe
2004,forward,10.937000000000001,546.85,50,8,4,12,0.24,1,9.368888333333333,0.17777777777777778,FALSE,-1.5681116666666686,-0.06222222222222221,2,-0.13776666666661408,0.05555555555553454,stable,0.12472160356347439,fringe
2005,NA,NA,NA,NA,NA,NA,NA,NA,2,16.251015833333334,0.7804878048780488,FALSE,NA,NA,NA,NA,NA,insufficient_history,NA,NA
2006,forward,17.700000000000003,1451.4,82,41,35,76,0.926829268292683,2,19.175054166666662,0.7970383275261324,FALSE,1.4750541666666592,-0.12979094076655062,1,NA,NA,insufficient_history,0.8275862068965517,top
2007,forward,19.0063,1558.5166,82,27,39,66,0.8048780487804879,2,17.791273333333333,0.8442508710801393,FALSE,-1.2150266666666667,0.039372822299651444,2,1.6812458333331388,0.15418118466897165,rising,0.9107142857142857,top
2008,NA,NA,NA,NA,NA,NA,NA,NA,3,17.208792222222222,0.7800423209711549,TRUE,NA,NA,NA,NA,NA,insufficient_history,NA,NA
2009,forward,17.23313,1413.11666,82,30,20,50,0.6097560975609756,1,19.410048333333336,0.9264705882352942,FALSE,2.1769183333333366,0.31671449067431856,2,-1.4318666666653734,-0.02305379218173642,declining,0.8068965517241379,top
2010,NA,NA,NA,NA,NA,NA,NA,NA,1,18.829463333333333,1,TRUE,NA,NA,3,1.4646791666670915,0.03640602582499647,rising,NA,NA
2011,forward,18.829463333333333,1054.4499466666666,56,26,30,56,1,2,16.823060833333333,0.8573426573426574,FALSE,-2.0064025,-0.14265734265734265,2,2.176918333333657,0.31671449067436536,rising,0.9148936170212766,top
2012,NA,NA,NA,NA,NA,NA,NA,NA,0,NA,NA,FALSE,NA,NA,NA,NA,NA,insufficient_history,NA,NA
2013,NA,NA,NA,NA,NA,NA,NA,NA,1,15.638724999999999,0.20588235294117646,TRUE,NA,NA,NA,NA,NA,insufficient_history,NA,NA
2014,defense,15.638724999999999,531.71665,34,0,7,7,0.20588235294117646,0,NA,NA,FALSE,NA,NA,NA,NA,NA,insufficient_history,0.3488372093023256,middle
2015,NA,NA,NA,NA,NA,NA,NA,NA,0,NA,NA,FALSE,NA,NA,1,NA,NA,insufficient_history,NA,NA
2016,NA,NA,NA,NA,NA,NA,NA,NA,1,14.933333333333334,0,FALSE,NA,NA,1,NA,NA,insufficient_history,NA,NA
2017,forward,12.666666666666666,38,3,0,2,2,0.6666666666666666,3,17.538994444444445,0.6648083623693379,TRUE,4.8723277777777785,-0.0018583042973286945,NA,NA,NA,insufficient_history,0.43050847457627117,middle
2018,forward,18.235161666666666,1495.2832566666666,82,14,33,47,0.573170731707317,5,19.13975333333333,0.9412590224967364,FALSE,0.9045916666666649,0.3680882907894194,2,5.419918333328423,0.12601626016248746,rising,0.8689655172413793,top
2019,NA,NA,NA,NA,NA,NA,NA,NA,3,12.191706111111111,0.26301958910654566,TRUE,NA,NA,NA,NA,NA,insufficient_history,NA,NA
2020,NA,NA,NA,NA,NA,NA,NA,NA,1,16.23128166666667,0.5538461538461539,FALSE,NA,NA,3,0.3495466666666045,-0.045031055900637926,stable,NA,NA
2021,forward,16.23128166666667,1055.0333083333337,65,14,22,36,0.5538461538461539,1,12.231776666666667,0.21333333333333335,TRUE,-3.9995050000000045,-0.3405128205128205,1,NA,NA,insufficient_history,0.7279635258358662,top
2022,forward,9.188635,202.14997,22,3,1,4,0.18181818181818182,0,NA,NA,FALSE,NA,NA,2,-3.9995049999984835,-0.34051282051269116,declining,0.044543429844097995,fringe
2023,NA,NA,NA,NA,NA,NA,NA,NA,0,NA,NA,FALSE,NA,NA,3,-3.521323333334176,-0.18601398601401964,declining,NA,NA
2024,NA,NA,NA,NA,NA,NA,NA,NA,3,19.05712777777778,0.3171587125416204,TRUE,NA,NA,NA,NA,NA,insufficient_history,NA,NA
2025,defense,20.25,1012.5,50,4,10,14,0.28,5,22.155541333333336,0.48487308278054964,FALSE,1.9055413333333355,0.2048730827805496,1,NA,NA,insufficient_history,0.7081967213114754,top
2026,defense,20.932563333333334,1360.6166166666667,65,18,25,43,0.6615384615384615,0,NA,NA,FALSE,NA,NA,3,-0.30242166666674714,0.026595744680839882,stable,0.69140625,top
2027,NA,NA,NA,NA,NA,NA,NA,NA,1,14.558333333333334,0,FALSE,NA,NA,NA,NA,NA,insufficient_history,NA,NA
2028,NA,NA,NA,NA,NA,NA,NA,NA,1,16.7375,0.2777777777777778,TRUE,NA,NA,1,NA,NA,insufficient_history,NA,NA
2029,defense,16.7375,602.5500000000001,36,2,8,10,0.2777777777777778,1,15.10404,0.12121212121212122,TRUE,-1.6334600000000012,-0.15656565656565657,1,NA,NA,insufficient_history,0.45348837209302323,middle
2030,defense,15.10404,498.43332,33,0,4,4,0.12121212121212122,0,NA,NA,FALSE,NA,NA,2,1.0895833333332092,0.13888888888887277,rising,0.2882882882882883,fringe
2031,NA,NA,NA,NA,NA,NA,NA,NA,0,NA,NA,FALSE,NA,NA,2,-1.6334599999993809,-0.15656565656559712,declining,NA,NA
2032,NA,NA,NA,NA,NA,NA,NA,NA,1,14.96515,0.5,FALSE,NA,NA,NA,NA,NA,insufficient_history,NA,NA
2033,NA,NA,NA,NA,NA,NA,NA,NA,1,12.312008333333333,0.29411764705882354,TRUE,NA,NA,2,0.5840800000000902,-0.1615384615384853,rising,NA,NA
2034,forward,12.312008333333333,837.2165666666666,68,6,14,20,0.29411764705882354,1,14.960768333333334,0.4307692307692308,TRUE,2.648760000000001,0.13665158371040725,2,0.5840800000000902,-0.1615384615384853,rising,0.39361702127659576,middle
2035,forward,14.960768333333334,972.4499416666667,65,10,18,28,0.4307692307692308,1,13.241773333333333,0.3116883116883117,TRUE,-1.7189950000000014,-0.11908091908091911,2,-1.618610833333144,-0.022171945701354872,declining,0.6103896103896104,middle
2036,forward,13.241773333333333,1019.6165466666666,77,9,15,24,0.3116883116883117,1,14.405881666666666,0.3235294117647059,TRUE,1.164108333333333,0.011841100076394218,2,2.6487599999989966,0.1366515837103555,rising,0.34966592427616927,middle
2037,forward,14.405881666666666,979.5999533333332,68,6,16,22,0.3235294117647059,0,NA,NA,FALSE,NA,NA,3,0.4648824999999342,0.008785332314735581,rising,0.4660831509846827,middle
2038,NA,NA,NA,NA,NA,NA,NA,NA,1,14.938635000000001,0.3484848484848485,FALSE,NA,NA,NA,NA,NA,insufficient_history,NA,NA
2039,NA,NA,NA,NA,NA,NA,NA,NA,1,10.655673333333334,0.425531914893617,TRUE,NA,NA,2,-1.79601666666693,-0.07705627705628845,declining,NA,NA
2040,forward,10.655673333333334,500.8166466666667,47,9,11,20,0.425531914893617,1,13.058950000000001,0.24074074074074073,TRUE,2.4032766666666667,-0.1847911741528763,2,-1.79601666666693,-0.07705627705628845,declining,0.24772036474164133,fringe
2041,forward,13.058950000000001,705.1833,54,6,7,13,0.24074074074074073,2,14.03596,0.37459150326797386,TRUE,0.9770099999999982,0.13385076252723313,2,-1.2434724999998537,0.07705167173251387,declining,0.4577922077922078,middle
2042,forward,13.227313333333335,952.36656,72,8,11,19,0.2638888888888889,1,14.844606666666666,0.4852941176470588,FALSE,1.6172933333333308,0.22140522875816993,2,2.403276666665758,-0.18479117415280602,rising,0.34743875278396436,middle
2043,NA,NA,NA,NA,NA,NA,NA,NA,1,10.65,0.375,FALSE,NA,NA,NA,NA,NA,insufficient_history,NA,NA
2044,NA,NA,NA,NA,NA,NA,NA,NA,1,11.864443333333334,0.4222222222222222,TRUE,NA,NA,1,NA,NA,insufficient_history,NA,NA
2045,forward,11.864443333333334,533.89995,45,6,13,19,0.4222222222222222,1,9.690475000000001,0.10714285714285714,TRUE,-2.173968333333333,-0.31507936507936507,1,NA,NA,insufficient_history,0.3495440729483283,middle
2046,NA,NA,NA,NA,NA,NA,NA,NA,0,NA,NA,FALSE,NA,NA,2,-2.1739683333325037,-0.3150793650792455,declining,NA,NA
2047,NA,NA,NA,NA,NA,NA,NA,NA,1,9.272221666666667,0,FALSE,NA,NA,NA,NA,NA,insufficient_history,NA,NA
2048,NA,NA,NA,NA,NA,NA,NA,NA,1,9.044443333333334,0.08333333333333333,TRUE,NA,NA,1,NA,NA,insufficient_history,NA,NA
2049,forward,9.044443333333334,108.53332,12,1,0,1,0.08333333333333333,2,12.078290833333334,0.24074074074074073,TRUE,3.0338475000000003,0.15740740740740738,1,NA,NA,insufficient_history,0.11246200607902736,fringe
2050,forward,14.243620000000002,1153.73322,81,6,15,21,0.25925925925925924,1,10.477691666666667,0.13846153846153847,FALSE,-3.765928333333335,-0.12079772079772078,2,0.8685183333330044,0.13888888888883621,rising,0.44097995545657015,middle
2051,NA,NA,NA,NA,NA,NA,NA,NA,1,7.198333333333333,0.1,FALSE,NA,NA,NA,NA,NA,insufficient_history,NA,NA
2052,forward,7.198333333333333,71.98333333333333,10,1,0,1,0.1,1,7.955555,0,TRUE,0.7572216666666671,-0.1,NA,NA,NA,insufficient_history,0.0364741641337386,fringe
2053,forward,7.955555,23.866665,3,0,0,0,0,0,NA,NA,FALSE,NA,NA,1,NA,NA,insufficient_history,0.060064935064935064,fringe
2054,NA,NA,NA,NA,NA,NA,NA,NA,0,NA,NA,FALSE,NA,NA,2,0.7572216666663808,-0.09999999999996204,rising,NA,NA
2055,NA,NA,NA,NA,NA,NA,NA,NA,2,7.9520833333333325,0.25,FALSE,NA,NA,NA,NA,NA,insufficient_history,NA,NA
2056,NA,NA,NA,NA,NA,NA,NA,NA,1,9.4625,0,TRUE,NA,NA,2,0.8625000000001272,0.5000000000000737,rising,NA,NA
2057,forward,9.4625,75.7,8,0,0,0,0,0,NA,NA,FALSE,NA,NA,2,0.8625000000001272,0.5000000000000737,rising,0.14285714285714285,fringe
2058,NA,NA,NA,NA,NA,NA,NA,NA,0,NA,NA,FALSE,NA,NA,2,0.5395833333332716,-0.24999999999997094,rising,NA,NA
2059,NA,NA,NA,NA,NA,NA,NA,NA,0,NA,NA,FALSE,NA,NA,1,NA,NA,insufficient_history,NA,NA
2060,NA,NA,NA,NA,NA,NA,NA,NA,2,7.9125,0,FALSE,NA,NA,NA,NA,NA,insufficient_history,NA,NA
2061,NA,NA,NA,NA,NA,NA,NA,NA,2,11.785664999999998,0.3462025316455696,TRUE,NA,NA,2,-2.9750000000004375,0,declining,NA,NA
2062,forward,11.91772,941.49988,79,17,14,31,0.3924050632911392,2,13.796220833333335,0.37548138639281126,TRUE,1.8785008333333355,-0.016923676898327966,2,2.6143049999996957,0.1499999999999826,rising,0.3538961038961039,middle
2063,NA,NA,NA,NA,NA,NA,NA,NA,0,NA,NA,FALSE,NA,NA,2,0.2135899999999196,-0.08205128205125094,stable,NA,NA
2064,NA,NA,NA,NA,NA,NA,NA,NA,1,11.339743333333333,0,FALSE,NA,NA,NA,NA,NA,insufficient_history,NA,NA
2065,forward,11.339743333333333,147.41666333333333,13,0,0,0,0,1,10.276921666666668,0.07692307692307693,TRUE,-1.0628216666666646,0.07692307692307693,NA,NA,NA,insufficient_history,0.3130699088145897,fringe
2066,forward,10.276921666666668,133.59998166666668,13,0,1,1,0.07692307692307693,1,8.198716666666666,0.038461538461538464,FALSE,-2.0782050000000023,-0.038461538461538464,1,NA,NA,insufficient_history,0.19967532467532467,fringe
2067,NA,NA,NA,NA,NA,NA,NA,NA,1,13.174443333333333,0.16666666666666666,FALSE,NA,NA,NA,NA,NA,insufficient_history,NA,NA
2068,NA,NA,NA,NA,NA,NA,NA,NA,3,11.557178888888888,0.1879412857673727,TRUE,NA,NA,2,1.097590000000165,0.03672316384181337,rising,NA,NA
2069,forward,12.058011666666665,627.0166066666666,52,5,10,15,0.28846153846153844,1,9.034523333333334,0.07142857142857142,FALSE,-3.023488333333331,-0.217032967032967,2,2.813524999998934,0.27536231884047524,rising,0.24053452115812918,fringe
2070,NA,NA,NA,NA,NA,NA,NA,NA,2,17.6663425,0.15964523281596452,FALSE,NA,NA,NA,NA,NA,insufficient_history,NA,NA
2071,NA,NA,NA,NA,NA,NA,NA,NA,2,21.36175,0.17271341463414636,TRUE,NA,NA,1,NA,NA,insufficient_history,NA,NA
2072,defense,21.476625,1761.08325,82,2,13,15,0.18292682926829268,3,18.717879444444446,0.2226940457203615,TRUE,-2.758745555555553,0.03976721645206882,1,NA,NA,insufficient_history,0.8255813953488372,top
2073,forward,15.674999999999999,94.05,6,1,0,1,0.16666666666666666,3,13.468986666666668,0.35105789732655407,TRUE,-2.206013333333331,0.1843912306598874,NA,NA,NA,insufficient_history,0.6864406779661016,top
2074,forward,12.767163333333334,855.3999433333335,67,8,15,23,0.34328358208955223,0,NA,NA,FALSE,NA,NA,3,-1.334524166667025,0.10238095238097211,declining,0.4362068965517241,middle
2075,NA,NA,NA,NA,NA,NA,NA,NA,2,13.03183083333333,0.301056338028169,TRUE,NA,NA,3,-0.9333408333335097,0.002411021814004892,declining,NA,NA
2076,forward,13.243661666666664,940.2999783333332,71,7,18,25,0.352112676056338,0,NA,NA,FALSE,NA,NA,2,0.026418333333331205,-0.046641791044770675,stable,0.46915584415584416,middle
2077,NA,NA,NA,NA,NA,NA,NA,NA,1,9.733928333333333,0.14285714285714285,TRUE,NA,NA,2,0.4236616666665075,0.10211267605629934,rising,NA,NA
2078,defense,12.7375,50.95,4,1,0,1,0.25,2,19.038765833333333,0.2677556818181818,FALSE,6.301265833333332,0.017755681818181823,NA,NA,NA,insufficient_history,0.12962962962962962,fringe
2079,NA,NA,NA,NA,NA,NA,NA,NA,2,18.24987,0.25143843498273877,TRUE,NA,NA,2,6.2877600000009295,-0.07812500000001144,rising,NA,NA
2080,defense,17.447468333333333,1378.3499983333334,79,2,9,11,0.13924050632911392,1,16.350595000000002,0.23214285714285715,TRUE,-1.0968733333333311,0.09290235081374323,2,0.013505833333332863,0.09588068181817072,stable,0.5045045045045045,middle
2081,defense,16.350595000000002,915.63332,56,3,10,13,0.23214285714285715,1,21.01140333333333,0.2982456140350877,TRUE,4.660808333333328,0.06610275689223055,2,-1.6048033333327238,-0.22439585730716452,declining,0.28112449799196787,fringe
2082,NA,NA,NA,NA,NA,NA,NA,NA,2,15.265595833333332,0.32887700534759357,FALSE,NA,NA,NA,NA,NA,insufficient_history,NA,NA
2083,NA,NA,NA,NA,NA,NA,NA,NA,2,14.050180833333332,0.18966623876765082,TRUE,NA,NA,2,1.9233516666669515,0.06951871657755035,rising,NA,NA
2084,defense,14.039836666666668,1151.2666066666668,82,4,12,16,0.1951219512195122,1,12.592221666666667,0.3,TRUE,-1.4476150000000008,0.10487804878048779,2,-1.0833733333332038,-0.08971291866027664,declining,0.1891891891891892,fringe
2085,defense,12.592221666666667,377.76665,30,0,9,9,0.3,1,13.627191666666667,0.14035087719298245,TRUE,1.0349699999999995,-0.15964912280701754,2,-0.020688333333319615,0.01091142490371861,stable,0.03614457831325301,fringe
2086,NA,NA,NA,NA,NA,NA,NA,NA,0,NA,NA,FALSE,NA,NA,NA,NA,NA,insufficient_history,NA,NA
2087,NA,NA,NA,NA,NA,NA,NA,NA,2,14.679574166666669,0.191016333938294,TRUE,NA,NA,NA,NA,NA,insufficient_history,NA,NA
2088,defense,13.714035,260.566665,19,1,2,3,0.15789473684210525,1,13.767333333333333,0.08,TRUE,0.05329833333333234,-0.07789473684210525,1,NA,NA,insufficient_history,0.16516516516516516,fringe
2089,defense,13.767333333333333,344.18333333333334,25,1,1,2,0.08,1,15.654486666666665,0.23076923076923078,FALSE,1.8871533333333321,0.15076923076923077,2,-1.931078333332595,-0.06624319419235229,declining,0.08032128514056225,fringe
2090,NA,NA,NA,NA,NA,NA,NA,NA,0,NA,NA,FALSE,NA,NA,NA,NA,NA,insufficient_history,NA,NA
2091,NA,NA,NA,NA,NA,NA,NA,NA,2,7.738133333333334,0.1316425120772947,TRUE,NA,NA,1,NA,NA,insufficient_history,NA,NA
2092,forward,7.004166666666666,252.15,36,1,3,4,0.1111111111111111,1,7.809258333333334,0.1111111111111111,FALSE,0.8050916666666676,0,2,-0.6052191666665958,0.00465838509316718,declining,0.024350649350649352,fringe
2093,NA,NA,NA,NA,NA,NA,NA,NA,1,9.659375,0.1875,FALSE,NA,NA,NA,NA,NA,insufficient_history,NA,NA
2094,NA,NA,NA,NA,NA,NA,NA,NA,2,17.28963,0.968782073212453,TRUE,NA,NA,2,1.2346716666668467,0.13392857142859127,rising,NA,NA
2095,forward,16.575675,1226.59995,74,27,48,75,1.0135135135135136,3,17.966701666666665,0.862782008621774,FALSE,1.391026666666665,-0.1507315048917396,2,1.2346716666668467,0.13392857142859127,rising,0.756838905775076,top
2096,NA,NA,NA,NA,NA,NA,NA,NA,0,NA,NA,FALSE,NA,NA,NA,NA,NA,insufficient_history,NA,NA
2097,NA,NA,NA,NA,NA,NA,NA,NA,0,NA,NA,FALSE,NA,NA,NA,NA,NA,insufficient_history,NA,NA
2098,NA,NA,NA,NA,NA,NA,NA,NA,1,11.090321666666666,0.06451612903225806,FALSE,NA,NA,NA,NA,NA,insufficient_history,NA,NA
2099,defense,11.090321666666666,343.79997166666664,31,0,2,2,0.06451612903225806,0,NA,NA,FALSE,NA,NA,NA,NA,NA,insufficient_history,0.02734375,fringe
2100,NA,NA,NA,NA,NA,NA,NA,NA,2,15.242646666666667,0.07352941176470588,FALSE,NA,NA,NA,NA,NA,insufficient_history,NA,NA
2101,NA,NA,NA,NA,NA,NA,NA,NA,2,14.852583333333332,0.19538461538461538,FALSE,NA,NA,2,7.7519600000011435,0.14705882352943342,rising,NA,NA
2102,NA,NA,NA,NA,NA,NA,NA,NA,1,3.2777766666666666,0,TRUE,NA,NA,2,-0.41983333333317385,-0.0707692307692039,declining,NA,NA
2103,NA,NA,NA,NA,NA,NA,NA,NA,0,NA,NA,FALSE,NA,NA,NA,NA,NA,insufficient_history,NA,NA
2104,NA,NA,NA,NA,NA,NA,NA,NA,3,14.928878333333333,0.3211456978580266,TRUE,NA,NA,NA,NA,NA,insufficient_history,NA,NA
2105,forward,15.882876666666668,1159.4499966666667,73,5,9,14,0.1917808219178082,1,12.487141666666668,0.37142857142857144,TRUE,-3.395735,0.17964774951076323,2,4.2321383333317275,0.17706167706160986,rising,0.5924276169265034,middle
2106,NA,NA,NA,NA,NA,NA,NA,NA,1,10.058928333333332,0.17857142857142858,FALSE,NA,NA,NA,NA,NA,insufficient_history,NA,NA
2107,NA,NA,NA,NA,NA,NA,NA,NA,1,14.935713333333332,0.36507936507936506,TRUE,NA,NA,1,NA,NA,insufficient_history,NA,NA
2108,forward,14.935713333333332,940.94994,63,8,15,23,0.36507936507936506,1,12.973975,0.2982456140350877,TRUE,-1.961738333333333,-0.06683375104427736,1,NA,NA,insufficient_history,0.6428571428571429,middle
2109,forward,12.973975,739.516575,57,10,7,17,0.2982456140350877,1,11.398941666666667,0.19047619047619047,TRUE,-1.575033333333332,-0.10776942355889724,2,2.438392499999719,0.09325396825395744,rising,0.4512987012987013,middle
2110,forward,11.398941666666667,718.133325,63,6,6,12,0.19047619047619047,1,11.350396666666667,0.14285714285714285,TRUE,-0.048545000000000726,-0.047619047619047616,2,-1.961738333332587,-0.06683375104425195,declining,0.1759465478841871,fringe
2111,NA,NA,NA,NA,NA,NA,NA,NA,2,18.737250000000003,0.26495726495726496,FALSE,NA,NA,NA,NA,NA,insufficient_history,NA,NA
2112,NA,NA,NA,NA,NA,NA,NA,NA,1,15.813635,0.2727272727272727,TRUE,NA,NA,2,0.9680900000001446,-0.08547008547009803,rising,NA,NA
2113,defense,15.813635,173.949985,11,0,3,3,0.2727272727272727,1,12.775,0,FALSE,-3.0386349999999993,-0.2727272727272727,2,0.9680900000001446,-0.08547008547009803,rising,0.3691860465116279,middle
2114,NA,NA,NA,NA,NA,NA,NA,NA,1,12.983333333333333,0.2702702702702703,TRUE,NA,NA,2,-3.0386349999988407,-0.2727272727271692,declining,NA,NA
2115,NA,NA,NA,NA,NA,NA,NA,NA,2,18.77032583333333,0.3221683929168059,FALSE,NA,NA,NA,NA,NA,insufficient_history,NA,NA
2116,defense,19.892478333333333,1631.1832233333332,82,4,23,27,0.32926829268292684,5,20.949763666666666,0.4057769835669366,FALSE,1.0572853333333327,0.07650869088400974,1,NA,NA,insufficient_history,0.6975308641975309,top
2117,NA,NA,NA,NA,NA,NA,NA,NA,2,17.174999166666666,0.6646341463414633,FALSE,NA,NA,NA,NA,NA,insufficient_history,NA,NA
2118,forward,17.93190333333333,1255.2332333333331,70,18,31,49,0.7,1,18.919958333333334,0.7407407407407407,FALSE,0.9880550000000028,0.040740740740740744,2,1.0808949999995858,0.15853658536579346,rising,0.8551724137931035,top
2119,forward,18.919958333333334,1532.516625,81,28,32,60,0.7407407407407407,1,18.451825,0.863013698630137,TRUE,-0.4681333333333342,0.1222729578893963,2,0.21645666666669872,-0.043902439024396486,stable,0.9164133738601824,top
2120,forward,18.451825,1346.983225,73,27,36,63,0.863013698630137,2,16.476442499999997,0.679616724738676,FALSE,-1.975382500000002,-0.18339697389146103,2,0.4940274999999467,0.020370370370368106,rising,0.8782467532467533,top
2121,NA,NA,NA,NA,NA,NA,NA,NA,1,8.458333333333334,0,FALSE,NA,NA,NA,NA,NA,insufficient_history,NA,NA
2122,NA,NA,NA,NA,NA,NA,NA,NA,3,17.532937222222223,0.32742043749506433,TRUE,NA,NA,1,NA,NA,insufficient_history,NA,NA
2123,defense,16.327083333333334,1175.5500000000002,72,4,9,13,0.18055555555555555,1,15.564743333333332,0.1346153846153846,FALSE,-0.7623400000000018,-0.045940170940170943,2,-4.864588333331485,0.055437100213198615,declining,0.27710843373493976,fringe
2124,NA,NA,NA,NA,NA,NA,NA,NA,3,14.80059111111111,0.5511217099452393,TRUE,NA,NA,NA,NA,NA,insufficient_history,NA,NA
2125,NA,NA,NA,NA,NA,NA,NA,NA,2,17.398760833333334,0.9253851091142491,TRUE,NA,NA,3,-0.6342866666668722,0.030180180180175667,declining,NA,NA
2126,forward,17.430043333333334,1324.6832933333333,76,26,47,73,0.9605263157894737,1,17.367478333333334,0.8902439024390244,TRUE,-0.06256499999999932,-0.07028241335044927,2,-1.18487000000017,-0.11372549019609507,declining,0.8069908814589666,top
2127,forward,17.367478333333334,1424.1332233333335,82,32,41,73,0.8902439024390244,2,19.101459166666668,1.0755420054200542,FALSE,1.7339808333333337,0.18529810298102978,2,1.7236333333331344,0.2135964912280454,rising,0.8035714285714286,top
2128,NA,NA,NA,NA,NA,NA,NA,NA,3,15.136223333333334,0.3109985935302391,TRUE,NA,NA,NA,NA,NA,insufficient_history,NA,NA
2129,defense,20.36738,1425.7166,70,10,24,34,0.4857142857142857,2,23.13988666666667,0.6486530347289841,FALSE,2.7725066666666685,0.16293874901469835,3,2.8991666666673592,0.21333333333336216,rising,0.7043189368770764,top
2130,defense,22.468803333333334,1752.56666,78,7,31,38,0.48717948717948717,3,23.890465555555558,0.6835894311694758,FALSE,1.4216622222222242,0.19640994398998862,2,2.4440466666670235,0.05904761904762786,rising,0.877906976744186,top
2131,NA,NA,NA,NA,NA,NA,NA,NA,1,12.680951666666667,0.42857142857142855,FALSE,NA,NA,NA,NA,NA,insufficient_history,NA,NA
2132,NA,NA,NA,NA,NA,NA,NA,NA,2,12.170375,0.29941860465116277,TRUE,NA,NA,1,NA,NA,insufficient_history,NA,NA
2133,forward,12.435658333333333,534.7333083333333,43,6,9,15,0.3488372093023256,2,10.452840833333333,0.19601677148846958,TRUE,-1.9828174999999995,-0.152820437813856,1,NA,NA,insufficient_history,0.40584415584415584,middle
2134,NA,NA,NA,NA,NA,NA,NA,NA,1,14.879166666666666,0.25,FALSE,NA,NA,NA,NA,NA,insufficient_history,NA,NA
2135,NA,NA,NA,NA,NA,NA,NA,NA,0,NA,NA,FALSE,NA,NA,1,NA,NA,insufficient_history,NA,NA
2136,NA,NA,NA,NA,NA,NA,NA,NA,0,NA,NA,FALSE,NA,NA,1,NA,NA,insufficient_history,NA,NA
2137,NA,NA,NA,NA,NA,NA,NA,NA,0,NA,NA,FALSE,NA,NA,NA,NA,NA,insufficient_history,NA,NA
2138,NA,NA,NA,NA,NA,NA,NA,NA,1,12.985963333333332,0.3157894736842105,FALSE,NA,NA,NA,NA,NA,insufficient_history,NA,NA
2139,forward,12.985963333333332,246.7333033333333,19,2,4,6,0.3157894736842105,0,NA,NA,FALSE,NA,NA,NA,NA,NA,insufficient_history,0.45288753799392095,middle
2140,NA,NA,NA,NA,NA,NA,NA,NA,0,NA,NA,FALSE,NA,NA,1,NA,NA,insufficient_history,NA,NA
2141,NA,NA,NA,NA,NA,NA,NA,NA,0,NA,NA,FALSE,NA,NA,1,NA,NA,insufficient_history,NA,NA
2142,NA,NA,NA,NA,NA,NA,NA,NA,3,10.345822222222221,0.13470919324577862,TRUE,NA,NA,NA,NA,NA,insufficient_history,NA,NA
2143,forward,6.983333333333333,6.983333333333333,1,0,0,0,0,2,18.234828333333333,1.0384615384615383,FALSE,11.251494999999998,1.0384615384615383,2,0.20535333333326025,-0.03489681050655336,stable,0.039655172413793106,fringe
2144,forward,17.879486666666665,1394.5999599999998,78,38,30,68,0.8717948717948718,3,18.498515,0.9820805172917848,FALSE,0.6190283333333362,0.110285645496913,2,-5.146410000000754,-0.1846153846154118,declining,0.8404255319148937,top
2145,NA,NA,NA,NA,NA,NA,NA,NA,0,NA,NA,FALSE,NA,NA,NA,NA,NA,insufficient_history,NA,NA
2146,NA,NA,NA,NA,NA,NA,NA,NA,1,16.341226666666667,0.10526315789473684,TRUE,NA,NA,NA,NA,NA,insufficient_history,NA,NA
2147,defense,16.341226666666667,310.4833066666667,19,0,2,2,0.10526315789473684,2,12.706596666666668,0.020833333333333332,TRUE,-3.6346299999999996,-0.08442982456140351,NA,NA,NA,insufficient_history,0.41569767441860467,middle
2148,defense,10.446526666666667,250.71664,24,1,0,1,0.041666666666666664,1,11.554761666666666,0.14285714285714285,FALSE,1.1082349999999987,0.10119047619047619,2,-1.3745599999994755,-0.1052631578946969,declining,0.004016064257028112,fringe
2149,NA,NA,NA,NA,NA,NA,NA,NA,3,12.461110555555555,0.3055555555555555,TRUE,NA,NA,NA,NA,NA,insufficient_history,NA,NA
2150,NA,NA,NA,NA,NA,NA,NA,NA,0,NA,NA,FALSE,NA,NA,3,-0.36299166666673305,0.0333333333333443,declining,NA,NA
2151,NA,NA,NA,NA,NA,NA,NA,NA,1,12.307406666666667,0.2222222222222222,TRUE,NA,NA,2,-0.057928333333339174,0.06666666666667656,stable,NA,NA
2152,forward,12.307406666666667,110.76666,9,1,1,2,0.2222222222222222,0,NA,NA,FALSE,NA,NA,1,NA,NA,insufficient_history,0.3977272727272727,middle
2153,NA,NA,NA,NA,NA,NA,NA,NA,1,9.886666666666667,0,TRUE,NA,NA,1,NA,NA,insufficient_history,NA,NA
2154,NA,NA,NA,NA,NA,NA,NA,NA,1,19.960868333333334,0.5,FALSE,NA,NA,NA,NA,NA,insufficient_history,NA,NA
2155,NA,NA,NA,NA,NA,NA,NA,NA,3,22.38933888888889,0.5630490265906932,TRUE,NA,NA,2,3.9350283333339164,-0.023076923076926315,rising,NA,NA
2156,defense,23.441356666666668,1898.74989,81,5,43,48,0.5925925925925926,1,23.784333333333333,0.54,FALSE,0.34297666666666515,-0.052592592592592524,2,-0.3271833333331979,0.12219551282046665,stable,0.8955823293172691,top
2157,NA,NA,NA,NA,NA,NA,NA,NA,1,12.05,0.5,FALSE,NA,NA,NA,NA,NA,insufficient_history,NA,NA
2158,NA,NA,NA,NA,NA,NA,NA,NA,1,10.091666666666667,0,FALSE,NA,NA,1,NA,NA,insufficient_history,NA,NA
2159,defense,10.091666666666667,80.73333333333333,8,0,0,0,0,2,12.030467499999999,0.2013184584178499,TRUE,1.9388008333333318,0.2013184584178499,1,NA,NA,insufficient_history,0.0377906976744186,fringe
2160,defense,12.021568333333333,408.7333233333333,34,7,2,9,0.2647058823529412,0,NA,NA,FALSE,NA,NA,2,1.947699999999261,0.13793103448270627,rising,0.012048192771084338,fringe
2161,NA,NA,NA,NA,NA,NA,NA,NA,2,19.395195,0.2498964374482187,TRUE,NA,NA,NA,NA,NA,insufficient_history,NA,NA
2162,defense,18.811518333333332,1279.1832466666665,68,1,10,11,0.16176470588235295,2,17.632231666666666,0.2706243032329989,TRUE,-1.1792866666666662,0.10885959735064596,1,NA,NA,insufficient_history,0.5901639344262295,middle
2163,defense,15.347583333333333,1058.98325,69,5,12,17,0.2463768115942029,1,16.66839,0.10344827586206896,FALSE,1.320806666666666,-0.14292853573213393,3,-0.03099583333325065,-0.02157818707113739,stable,0.27906976744186046,fringe
2164,defense,16.66839,483.38330999999994,29,1,2,3,0.10344827586206896,1,16.369135,0.1728395061728395,TRUE,-0.2992549999999987,0.06939123031077053,2,-4.5692966666673405,-0.04849498327759907,declining,0.44476744186046513,middle
2165,defense,16.369135,1325.899935,81,3,11,14,0.1728395061728395,1,18.119135000000004,0.12962962962962962,TRUE,1.7500000000000036,-0.043209876543209874,2,0.660403333333257,-0.07146426786605864,rising,0.4024024024024024,middle
2166,defense,18.119135000000004,978.4332900000002,54,1,6,7,0.12962962962962962,1,13.765178333333333,0.125,FALSE,-4.3539566666666705,-0.0046296296296296224,2,-0.29925499999988076,0.06939123031074419,stable,0.44176706827309237,middle
2167,NA,NA,NA,NA,NA,NA,NA,NA,2,13.3927625,0.2992537313432836,TRUE,NA,NA,NA,NA,NA,insufficient_history,NA,NA
2168,forward,13.550248333333334,907.8666383333334,67,13,7,20,0.29850746268656714,2,13.121949999999998,0.3965909090909091,TRUE,-0.4282983333333359,0.09808344640434197,1,NA,NA,insufficient_history,0.5094339622641509,middle
2169,forward,11.815416666666666,472.6166666666666,40,9,6,15,0.375,0,NA,NA,FALSE,NA,NA,3,0.596603333333502,0.05909090909092876,rising,0.3396551724137931,middle
2170,NA,NA,NA,NA,NA,NA,NA,NA,1,14.636109999999999,0.2777777777777778,TRUE,NA,NA,3,-0.8674158333336962,0.038246268656719117,declining,NA,NA
2171,forward,14.636109999999999,263.44998,18,2,3,5,0.2777777777777778,1,6.6,0,TRUE,-8.036109999999999,-0.2777777777777778,2,-2.6130666666670503,-0.043181818181824476,declining,0.6170212765957447,middle
2172,forward,6.6,26.4,4,0,0,0,0,0,NA,NA,FALSE,NA,NA,2,1.4103466666665039,-0.04861111111110544,rising,0.012987012987012988,fringe
2173,NA,NA,NA,NA,NA,NA,NA,NA,0,NA,NA,FALSE,NA,NA,NA,NA,NA,insufficient_history,NA,NA
2174,NA,NA,NA,NA,NA,NA,NA,NA,1,9.408333333333331,0.5,FALSE,NA,NA,NA,NA,NA,insufficient_history,NA,NA
2175,NA,NA,NA,NA,NA,NA,NA,NA,0,NA,NA,FALSE,NA,NA,1,NA,NA,insufficient_history,NA,NA
2176,NA,NA,NA,NA,NA,NA,NA,NA,0,NA,NA,FALSE,NA,NA,1,NA,NA,insufficient_history,NA,NA
2177,NA,NA,NA,NA,NA,NA,NA,NA,1,6.2,0.3333333333333333,FALSE,NA,NA,NA,NA,NA,insufficient_history,NA,NA
2178,forward,6.2,18.6,3,0,1,1,0.3333333333333333,1,9.556666666666667,0,TRUE,3.3566666666666665,-0.3333333333333333,NA,NA,NA,insufficient_history,0.019756838905775075,fringe
2179,forward,9.556666666666667,47.78333333333333,5,0,0,0,0,0,NA,NA,FALSE,NA,NA,1,NA,NA,insufficient_history,0.12987012987012986,fringe
2180,NA,NA,NA,NA,NA,NA,NA,NA,0,NA,NA,FALSE,NA,NA,2,3.356666666665395,-0.33333333333320675,rising,NA,NA
2181,NA,NA,NA,NA,NA,NA,NA,NA,0,NA,NA,FALSE,NA,NA,NA,NA,NA,insufficient_history,NA,NA
2182,NA,NA,NA,NA,NA,NA,NA,NA,2,10.487493333333333,0.2042892156862745,TRUE,NA,NA,NA,NA,NA,insufficient_history,NA,NA
2183,forward,10.756861666666667,548.599945,51,9,1,10,0.19607843137254902,1,10.859791666666666,0.1625,TRUE,0.10292999999999886,-0.03357843137254901,1,NA,NA,insufficient_history,0.24675324675324675,fringe
2184,forward,10.859791666666666,868.7833333333333,80,5,8,13,0.1625,1,13.44357,0.2571428571428571,FALSE,2.583778333333333,0.09464285714285711,2,0.5387366666664639,-0.01642156862744468,rising,0.11581291759465479,fringe
2185,NA,NA,NA,NA,NA,NA,NA,NA,1,14.138888333333334,0.16666666666666666,FALSE,NA,NA,NA,NA,NA,insufficient_history,NA,NA
2186,NA,NA,NA,NA,NA,NA,NA,NA,1,12.71125,0.225,TRUE,NA,NA,1,NA,NA,insufficient_history,NA,NA
2187,defense,12.71125,508.45,40,3,6,9,0.225,1,10.091666666666669,0,TRUE,-2.619583333333331,-0.225,1,NA,NA,insufficient_history,0.11046511627906977,fringe
2188,defense,10.091666666666669,20.183333333333337,2,0,0,0,0,0,NA,NA,FALSE,NA,NA,2,-0.7138191666665841,0.029166666666663274,declining,0.02702702702702703,fringe
2189,NA,NA,NA,NA,NA,NA,NA,NA,0,NA,NA,FALSE,NA,NA,2,-2.619583333332335,-0.2249999999999146,declining,NA,NA
2190,NA,NA,NA,NA,NA,NA,NA,NA,0,NA,NA,FALSE,NA,NA,NA,NA,NA,insufficient_history,NA,NA
2191,NA,NA,NA,NA,NA,NA,NA,NA,0,NA,NA,FALSE,NA,NA,NA,NA,NA,insufficient_history,NA,NA
2192,NA,NA,NA,NA,NA,NA,NA,NA,2,12.571924166666665,0.4443663072355055,TRUE,NA,NA,NA,NA,NA,insufficient_history,NA,NA
2193,forward,12.351233333333333,1000.4499,81,16,16,32,0.3950617283950617,2,14.207730833333333,0.5092592592592593,FALSE,1.8564974999999997,0.1141975308641976,1,NA,NA,insufficient_history,0.400974025974026,middle
2194,NA,NA,NA,NA,NA,NA,NA,NA,0,NA,NA,FALSE,NA,NA,NA,NA,NA,insufficient_history,NA,NA
2195,NA,NA,NA,NA,NA,NA,NA,NA,0,NA,NA,FALSE,NA,NA,NA,NA,NA,insufficient_history,NA,NA
2196,NA,NA,NA,NA,NA,NA,NA,NA,1,10.826666666666666,0.2,TRUE,NA,NA,NA,NA,NA,insufficient_history,NA,NA
2197,forward,10.826666666666666,54.13333333333333,5,0,1,1,0.2,0,NA,NA,FALSE,NA,NA,NA,NA,NA,insufficient_history,0.2564935064935065,fringe
2198,NA,NA,NA,NA,NA,NA,NA,NA,0,NA,NA,FALSE,NA,NA,NA,NA,NA,insufficient_history,NA,NA
2199,NA,NA,NA,NA,NA,NA,NA,NA,2,10.818941666666667,0.22695652173913045,TRUE,NA,NA,NA,NA,NA,insufficient_history,NA,NA
2200,forward,10.456,522.8,50,6,8,14,0.28,0,NA,NA,FALSE,NA,NA,1,NA,NA,insufficient_history,0.21753246753246752,fringe
2201,NA,NA,NA,NA,NA,NA,NA,NA,1,11.8,0,FALSE,NA,NA,NA,NA,NA,insufficient_history,NA,NA
2202,NA,NA,NA,NA,NA,NA,NA,NA,3,18.086505,0.758728724853386,TRUE,NA,NA,1,NA,NA,insufficient_history,NA,NA
2203,forward,18.646913333333334,1510.39998,81,30,34,64,0.7901234567901234,2,20.150684166666665,1.0073170731707317,FALSE,1.5037708333333306,0.2171936163806083,2,2.2783541666664027,0.28571428571425256,rising,0.8928571428571429,top
2204,NA,NA,NA,NA,NA,NA,NA,NA,0,NA,NA,FALSE,NA,NA,NA,NA,NA,insufficient_history,NA,NA
2205,NA,NA,NA,NA,NA,NA,NA,NA,1,7.835946666666667,0.21568627450980393,TRUE,NA,NA,NA,NA,NA,insufficient_history,NA,NA
2206,forward,7.835946666666667,399.63328,51,5,6,11,0.21568627450980393,1,9.322486666666666,0.23809523809523808,TRUE,1.4865399999999998,0.02240896358543415,NA,NA,NA,insufficient_history,0.0425531914893617,fringe
2207,forward,9.322486666666666,587.31666,63,7,8,15,0.23809523809523808,2,6.863145833333333,0.09836065573770492,TRUE,-2.459340833333333,-0.13973458235753317,1,NA,NA,insufficient_history,0.12337662337662338,fringe
2208,forward,10.182256666666666,315.64995666666664,31,1,4,5,0.16129032258064516,0,NA,NA,FALSE,NA,NA,1,NA,NA,insufficient_history,0.08685968819599109,fringe
2209,NA,NA,NA,NA,NA,NA,NA,NA,1,9.45,0,FALSE,NA,NA,NA,NA,NA,insufficient_history,NA,NA
2210,forward,9.45,9.45,1,0,0,0,0,1,9.523436666666667,0.125,FALSE,0.0734366666666677,0.125,NA,NA,NA,insufficient_history,0.1413373860182371,fringe
2211,NA,NA,NA,NA,NA,NA,NA,NA,1,8.6,0.125,FALSE,NA,NA,2,0.07343666666664084,0.12499999999995257,stable,NA,NA
2212,NA,NA,NA,NA,NA,NA,NA,NA,2,14.636911666666666,0.13995726495726496,TRUE,NA,NA,NA,NA,NA,insufficient_history,NA,NA
2213,defense,15.72799,1226.78322,78,1,10,11,0.14102564102564102,1,15.971333333333332,0.06,FALSE,0.2433433333333319,-0.08102564102564103,1,NA,NA,insufficient_history,0.21285140562248997,fringe
2214,NA,NA,NA,NA,NA,NA,NA,NA,0,NA,NA,FALSE,NA,NA,NA,NA,NA,insufficient_history,NA,NA
2215,NA,NA,NA,NA,NA,NA,NA,NA,2,14.395524166666666,0.1388888888888889,TRUE,NA,NA,NA,NA,NA,insufficient_history,NA,NA
2216,defense,11.916048333333332,321.733305,27,0,3,3,0.1111111111111111,0,NA,NA,FALSE,NA,NA,1,NA,NA,insufficient_history,0.06906906906906907,fringe
2217,NA,NA,NA,NA,NA,NA,NA,NA,0,NA,NA,FALSE,NA,NA,2,-4.958951666664783,-0.05555555555553445,declining,NA,NA
2218,forward,10.555555,31.666665,3,0,0,0,0,2,10.290083333333332,0.11,TRUE,-0.2654716666666683,0.11,NA,NA,NA,insufficient_history,0.20754716981132076,fringe
2219,forward,8.629166666666666,69.03333333333333,8,0,0,0,0,1,11.950999999999999,0.22,FALSE,3.3218333333333323,0.22,1,NA,NA,insufficient_history,0.09310344827586207,fringe
2220,NA,NA,NA,NA,NA,NA,NA,NA,1,12.136243333333335,0.1111111111111111,TRUE,NA,NA,3,0.6977225000003882,0.11000000000003653,rising,NA,NA
2221,forward,12.136243333333335,764.58333,63,3,4,7,0.1111111111111111,1,11.388888333333334,0.16666666666666666,TRUE,-0.7473550000000007,0.05555555555555555,2,3.321833333333822,0.2200000000000324,rising,0.37537993920972645,middle
2222,forward,11.388888333333334,683.3333,60,4,6,10,0.16666666666666666,0,NA,NA,FALSE,NA,NA,2,0.09262166666665811,-0.05444444444443812,stable,0.30194805194805197,fringe
2223,NA,NA,NA,NA,NA,NA,NA,NA,0,NA,NA,FALSE,NA,NA,2,-0.7473549999997159,0.0555555555555345,declining,NA,NA
2224,NA,NA,NA,NA,NA,NA,NA,NA,1,10.135416666666666,0,FALSE,NA,NA,NA,NA,NA,insufficient_history,NA,NA
2225,NA,NA,NA,NA,NA,NA,NA,NA,1,8.104166666666666,0,FALSE,NA,NA,1,NA,NA,insufficient_history,NA,NA
2226,NA,NA,NA,NA,NA,NA,NA,NA,0,NA,NA,FALSE,NA,NA,2,-1.0156249999998828,0,declining,NA,NA
2227,NA,NA,NA,NA,NA,NA,NA,NA,0,NA,NA,FALSE,NA,NA,NA,NA,NA,insufficient_history,NA,NA
2228,NA,NA,NA,NA,NA,NA,NA,NA,0,NA,NA,FALSE,NA,NA,NA,NA,NA,insufficient_history,NA,NA
2229,NA,NA,NA,NA,NA,NA,NA,NA,2,9.035185000000002,0.1388888888888889,TRUE,NA,NA,NA,NA,NA,insufficient_history,NA,NA
2230,forward,12.253703333333336,661.6999800000001,54,5,10,15,0.2777777777777778,2,11.209394166666666,0.25280583613916946,TRUE,-1.04430916666667,-0.02497194163860833,1,NA,NA,insufficient_history,0.3961038961038961,middle
2231,NA,NA,NA,NA,NA,NA,NA,NA,0,NA,NA,FALSE,NA,NA,NA,NA,NA,insufficient_history,NA,NA
2232,NA,NA,NA,NA,NA,NA,NA,NA,1,14.004166666666666,0,TRUE,NA,NA,NA,NA,NA,insufficient_history,NA,NA
2233,defense,14.004166666666666,56.016666666666666,4,0,0,0,0,0,NA,NA,FALSE,NA,NA,NA,NA,NA,insufficient_history,0.20930232558139536,fringe
2234,NA,NA,NA,NA,NA,NA,NA,NA,0,NA,NA,FALSE,NA,NA,1,NA,NA,insufficient_history,NA,NA
2235,NA,NA,NA,NA,NA,NA,NA,NA,0,NA,NA,FALSE,NA,NA,1,NA,NA,insufficient_history,NA,NA
2236,NA,NA,NA,NA,NA,NA,NA,NA,0,NA,NA,FALSE,NA,NA,NA,NA,NA,insufficient_history,NA,NA
2237,NA,NA,NA,NA,NA,NA,NA,NA,1,12.252776666666668,0.3333333333333333,TRUE,NA,NA,NA,NA,NA,insufficient_history,NA,NA
2238,defense,12.252776666666668,73.51666,6,0,2,2,0.3333333333333333,1,8.55,0,TRUE,-3.702776666666667,-0.3333333333333333,NA,NA,NA,insufficient_history,0.07848837209302326,fringe
2239,defense,8.55,8.55,1,0,0,0,0,0,NA,NA,FALSE,NA,NA,1,NA,NA,insufficient_history,0.006006006006006006,fringe
2240,NA,NA,NA,NA,NA,NA,NA,NA,0,NA,NA,FALSE,NA,NA,2,-3.702776666665261,-0.33333333333320675,declining,NA,NA
2241,NA,NA,NA,NA,NA,NA,NA,NA,0,NA,NA,FALSE,NA,NA,NA,NA,NA,insufficient_history,NA,NA
2242,NA,NA,NA,NA,NA,NA,NA,NA,0,NA,NA,FALSE,NA,NA,NA,NA,NA,insufficient_history,NA,NA
2243,NA,NA,NA,NA,NA,NA,NA,NA,2,12.4789675,0.30952380952380953,TRUE,NA,NA,NA,NA,NA,insufficient_history,NA,NA
2244,forward,12.644443333333333,113.79999,9,2,1,3,0.3333333333333333,2,11.341845,0.3724165341812401,TRUE,-1.302598333333334,0.039083200847906785,1,NA,NA,insufficient_history,0.42694805194805197,middle
2245,NA,NA,NA,NA,NA,NA,NA,NA,1,12.333585,0.3181818181818182,FALSE,NA,NA,NA,NA,NA,insufficient_history,NA,NA
2246,NA,NA,NA,NA,NA,NA,NA,NA,0,NA,NA,FALSE,NA,NA,NA,NA,NA,insufficient_history,NA,NA
2247,NA,NA,NA,NA,NA,NA,NA,NA,2,13.460434166666666,0.1984047856430708,TRUE,NA,NA,NA,NA,NA,insufficient_history,NA,NA
2248,defense,12.720586666666666,216.24997333333332,17,0,3,3,0.17647058823529413,0,NA,NA,FALSE,NA,NA,1,NA,NA,insufficient_history,0.0990990990990991,fringe
2249,NA,NA,NA,NA,NA,NA,NA,NA,1,15.352776666666665,0,TRUE,NA,NA,2,-1.4796949999994347,-0.043868394815536664,declining,NA,NA
2250,NA,NA,NA,NA,NA,NA,NA,NA,0,NA,NA,FALSE,NA,NA,NA,NA,NA,insufficient_history,NA,NA
2251,NA,NA,NA,NA,NA,NA,NA,NA,2,15.120259166666667,0.37150747238466536,TRUE,NA,NA,NA,NA,NA,insufficient_history,NA,NA
2252,forward,14.253070000000001,1083.23332,76,6,12,18,0.23684210526315788,2,11.544444166666667,0.22575757575757574,TRUE,-2.7086258333333344,-0.011084529505582141,1,NA,NA,insufficient_history,0.5535714285714286,middle
2253,NA,NA,NA,NA,NA,NA,NA,NA,1,7.545833333333333,0.125,FALSE,NA,NA,NA,NA,NA,insufficient_history,NA,NA
2254,NA,NA,NA,NA,NA,NA,NA,NA,2,10.864317499999999,0.16363636363636364,TRUE,NA,NA,1,NA,NA,insufficient_history,NA,NA
2255,forward,11.630301666666666,767.5999099999999,66,5,10,15,0.22727272727272727,2,12.899382500000002,0.303968253968254,TRUE,1.2690808333333354,0.07669552669552673,2,1.276249999999853,-0.012499999999998544,rising,0.3246753246753247,fringe
2256,forward,14.51666666666667,1016.1666666666669,70,16,11,27,0.38571428571428573,0,NA,NA,FALSE,NA,NA,3,0.5918825000000658,0.06111111111112081,rising,0.474835886214442,middle
2257,NA,NA,NA,NA,NA,NA,NA,NA,1,9.094,0.32,FALSE,NA,NA,NA,NA,NA,insufficient_history,NA,NA
2258,forward,9.094,227.35,25,2,6,8,0.32,1,12.898015000000001,0.23809523809523808,FALSE,3.8040150000000015,-0.08190476190476192,NA,NA,NA,insufficient_history,0.12241379310344827,fringe
2259,NA,NA,NA,NA,NA,NA,NA,NA,2,16.3379325,0.5420590081607031,TRUE,NA,NA,2,3.8040150000005615,-0.08190476190477397,rising,NA,NA
2260,forward,15.687448333333334,1270.683315,81,17,31,48,0.5925925925925926,3,17.308545555555554,0.5763400854347527,FALSE,1.62109722222222,-0.01625250715783988,2,3.8040150000005615,-0.08190476190477397,rising,0.6914893617021277,top
2261,NA,NA,NA,NA,NA,NA,NA,NA,0,NA,NA,FALSE,NA,NA,NA,NA,NA,insufficient_history,NA,NA
2262,NA,NA,NA,NA,NA,NA,NA,NA,2,8.987131666666667,0.07352941176470588,TRUE,NA,NA,NA,NA,NA,insufficient_history,NA,NA
2263,forward,9.170833333333333,36.68333333333333,4,0,0,0,0,0,NA,NA,FALSE,NA,NA,1,NA,NA,insufficient_history,0.11363636363636363,fringe
2264,NA,NA,NA,NA,NA,NA,NA,NA,0,NA,NA,FALSE,NA,NA,2,0.36740333333319597,-0.14705882352935595,rising,NA,NA
2265,NA,NA,NA,NA,NA,NA,NA,NA,1,9.71111,0.3333333333333333,FALSE,NA,NA,NA,NA,NA,insufficient_history,NA,NA
2266,forward,9.71111,29.13333,3,0,1,1,0.3333333333333333,0,NA,NA,FALSE,NA,NA,NA,NA,NA,insufficient_history,0.15344827586206897,fringe
2267,NA,NA,NA,NA,NA,NA,NA,NA,0,NA,NA,FALSE,NA,NA,1,NA,NA,insufficient_history,NA,NA
2268,NA,NA,NA,NA,NA,NA,NA,NA,0,NA,NA,FALSE,NA,NA,1,NA,NA,insufficient_history,NA,NA
2269,NA,NA,NA,NA,NA,NA,NA,NA,2,8.4,0.30147058823529416,FALSE,NA,NA,NA,NA,NA,insufficient_history,NA,NA
2270,forward,9.616666666666667,163.48333333333335,17,5,1,6,0.35294117647058826,1,9.663333333333332,0.12,FALSE,0.04666666666666508,-0.23294117647058826,1,NA,NA,insufficient_history,0.14482758620689656,fringe
2271,forward,9.663333333333332,724.7499999999999,75,3,6,9,0.12,1,11.574106666666667,0.17857142857142858,TRUE,1.910773333333335,0.05857142857142858,2,2.4333333333336924,0.10294117647060344,rising,0.1595744680851064,fringe
2272,forward,11.574106666666667,648.1499733333334,56,4,6,10,0.17857142857142858,1,7.76111,0.14285714285714285,FALSE,-3.812996666666667,-0.035714285714285726,2,0.02333333333332999,-0.11647058823528059,stable,0.3181818181818182,fringe
2273,NA,NA,NA,NA,NA,NA,NA,NA,1,12.571110000000001,0.3111111111111111,TRUE,NA,NA,NA,NA,NA,insufficient_history,NA,NA
2274,forward,12.571110000000001,565.6999500000001,45,10,4,14,0.3111111111111111,2,13.831298333333335,0.43309859154929575,TRUE,1.2601883333333337,0.12198748043818464,NA,NA,NA,insufficient_history,0.4148936170212766,middle
2275,forward,13.388888333333334,80.33333,6,2,1,3,0.5,1,14.273708333333335,0.36619718309859156,TRUE,0.8848200000000013,-0.13380281690140844,1,NA,NA,insufficient_history,0.4837662337662338,middle
2276,NA,NA,NA,NA,NA,NA,NA,NA,2,12.516315,0.3851744186046512,TRUE,NA,NA,NA,NA,NA,insufficient_history,NA,NA
2277,forward,13.656588333333334,587.2332983333333,43,8,9,17,0.3953488372093023,1,14.418713333333335,0.22807017543859648,FALSE,0.762125000000001,-0.16727866177070583,1,NA,NA,insufficient_history,0.506896551724138,middle
2278,NA,NA,NA,NA,NA,NA,NA,NA,1,13.037438333333334,0.21739130434782608,TRUE,NA,NA,3,1.5213358333336475,-0.07346491228072792,rising,NA,NA
2279,forward,13.037438333333334,899.583245,69,5,10,15,0.21739130434782608,1,10.927705,0.18181818181818182,TRUE,-2.1097333333333346,-0.03557312252964426,2,0.7621250000001184,-0.1672786617707304,rising,0.4574468085106383,middle
2280,forward,10.927705,841.433285,77,10,4,14,0.18181818181818182,0,NA,NA,FALSE,NA,NA,2,-0.6906374999999206,-0.0053394355453845535,declining,0.26785714285714285,fringe
2281,NA,NA,NA,NA,NA,NA,NA,NA,1,13.704588333333334,0.21739130434782608,TRUE,NA,NA,2,-2.109733333332531,-0.03557312252963072,declining,NA,NA
2282,NA,NA,NA,NA,NA,NA,NA,NA,2,11.1058475,0.1871345029239766,TRUE,NA,NA,NA,NA,NA,insufficient_history,NA,NA
2283,forward,10.155555,274.19998499999997,27,1,2,3,0.1111111111111111,0,NA,NA,FALSE,NA,NA,1,NA,NA,insufficient_history,0.1896551724137931,fringe
2284,NA,NA,NA,NA,NA,NA,NA,NA,0,NA,NA,FALSE,NA,NA,2,-1.9005849999992805,-0.15204678362567328,declining,NA,NA
2285,NA,NA,NA,NA,NA,NA,NA,NA,1,12.51559,0.3225806451612903,TRUE,NA,NA,2,-1.9005849999992805,-0.15204678362567328,declining,NA,NA
2286,forward,12.51559,387.98329,31,5,5,10,0.3225806451612903,1,9.833333333333334,0,TRUE,-2.6822566666666656,-0.3225806451612903,1,NA,NA,insufficient_history,0.41185410334346506,middle
2287,forward,9.833333333333334,9.833333333333334,1,0,0,0,0,1,9.585868333333334,0.1956521739130435,FALSE,-0.24746500000000005,0.1956521739130435,1,NA,NA,insufficient_history,0.15097402597402598,fringe
2288,NA,NA,NA,NA,NA,NA,NA,NA,0,NA,NA,FALSE,NA,NA,NA,NA,NA,insufficient_history,NA,NA
2289,NA,NA,NA,NA,NA,NA,NA,NA,2,10.139641666666668,0.1440677966101695,TRUE,NA,NA,NA,NA,NA,insufficient_history,NA,NA
2290,NA,NA,NA,NA,NA,NA,NA,NA,0,NA,NA,FALSE,NA,NA,2,2.3015066666657975,0.2881355932202297,rising,NA,NA
2291,NA,NA,NA,NA,NA,NA,NA,NA,0,NA,NA,FALSE,NA,NA,2,2.3015066666657975,0.2881355932202297,rising,NA,NA
2292,NA,NA,NA,NA,NA,NA,NA,NA,1,15.483333333333334,0.125,FALSE,NA,NA,NA,NA,NA,insufficient_history,NA,NA
2293,NA,NA,NA,NA,NA,NA,NA,NA,2,16.940384166666668,0.32905982905982906,TRUE,NA,NA,1,NA,NA,insufficient_history,NA,NA
2294,defense,18.175213333333332,1417.66664,78,4,30,34,0.4358974358974359,1,19.093871666666665,0.25,TRUE,0.9186583333333331,-0.1858974358974359,1,NA,NA,insufficient_history,0.5615615615615616,middle
2295,defense,19.093871666666665,1298.3832733333331,68,2,15,17,0.25,0,NA,NA,FALSE,NA,NA,2,2.4696583333323954,0.21367521367513273,rising,0.5301204819277109,middle
2296,NA,NA,NA,NA,NA,NA,NA,NA,3,15.201742222222222,0.4713144517066086,TRUE,NA,NA,NA,NA,NA,insufficient_history,NA,NA
2297,NA,NA,NA,NA,NA,NA,NA,NA,1,16.870986666666667,0.5061728395061729,TRUE,NA,NA,3,1.112963333333874,0.31481481481493717,rising,NA,NA
2298,forward,16.870986666666667,1366.54992,81,20,21,41,0.5061728395061729,2,14.2848425,0.3511104617182934,TRUE,-2.586144166666667,-0.15506237778787946,2,4.324401666667302,0.8453159041395578,rising,0.7735562310030395,top
2299,forward,16.57816,961.53328,58,10,15,25,0.43103448275862066,1,11.991525,0.2711864406779661,TRUE,-4.586635000000001,-0.15984804208065456,2,-0.25709916666663624,-0.2283950617283683,stable,0.7402597402597403,top
2300,forward,11.991525,707.499975,59,8,8,16,0.2711864406779661,0,NA,NA,FALSE,NA,NA,2,-0.2928266666665492,-0.07513835674752369,stable,0.23162583518930957,fringe
2301,NA,NA,NA,NA,NA,NA,NA,NA,1,16.089473333333334,0.2894736842105263,FALSE,NA,NA,NA,NA,NA,insufficient_history,NA,NA
2302,defense,18.661216666666668,970.3832666666668,52,4,10,14,0.2692307692307692,3,17.793768888888888,0.18690026093993795,TRUE,-0.8674477777777803,-0.08233050829083127,1,NA,NA,insufficient_history,0.5988372093023255,middle
2303,NA,NA,NA,NA,NA,NA,NA,NA,0,NA,NA,FALSE,NA,NA,NA,NA,NA,insufficient_history,NA,NA
2304,forward,8.755813333333332,376.4999733333333,43,1,2,3,0.06976744186046512,1,8.991428333333333,0.2,TRUE,0.23561500000000102,0.13023255813953488,NA,NA,NA,insufficient_history,0.08966565349544073,fringe
2305,forward,8.991428333333333,314.6999916666667,35,3,4,7,0.2,1,7.431195,0.10256410256410256,TRUE,-1.5602333333333336,-0.09743589743589745,1,NA,NA,insufficient_history,0.09902597402597403,fringe
2306,forward,7.431195,289.816605,39,2,2,4,0.10256410256410256,1,7.842646666666667,0.11764705882352941,FALSE,0.4114516666666672,0.01508295625942685,2,0.2356149999999131,0.1302325581394855,stable,0.004454342984409799,fringe
2307,NA,NA,NA,NA,NA,NA,NA,NA,1,10.408333333333331,0,FALSE,NA,NA,NA,NA,NA,insufficient_history,NA,NA
2308,NA,NA,NA,NA,NA,NA,NA,NA,2,16.4186725,0.25925925925925924,TRUE,NA,NA,1,NA,NA,insufficient_history,NA,NA
2309,defense,15.090123333333334,407.43333,27,2,12,14,0.5185185185185185,2,16.194000000000003,0.30344827586206896,TRUE,1.1038766666666682,-0.21507024265644953,2,3.6694441666662416,0,rising,0.2852852852852853,fringe
2310,NA,NA,NA,NA,NA,NA,NA,NA,2,19.4453025,0.2012750455373406,FALSE,NA,NA,NA,NA,NA,insufficient_history,NA,NA
2311,defense,23.003173333333333,1449.19992,63,2,12,14,0.2222222222222222,3,21.883989444444445,0.19781237281237282,FALSE,-1.1191838888888874,-0.024409849409849388,1,NA,NA,insufficient_history,0.8982558139534884,top
2312,NA,NA,NA,NA,NA,NA,NA,NA,1,14.351625000000002,0.024390243902439025,FALSE,NA,NA,NA,NA,NA,insufficient_history,NA,NA
2313,NA,NA,NA,NA,NA,NA,NA,NA,1,14.568518333333335,0,TRUE,NA,NA,1,NA,NA,insufficient_history,NA,NA
2314,defense,14.568518333333335,131.116665,9,0,0,0,0,1,13.308333333333332,0.08333333333333333,TRUE,-1.2601850000000034,0.08333333333333333,1,NA,NA,insufficient_history,0.2558139534883721,fringe
2315,defense,13.308333333333332,159.7,12,0,1,1,0.08333333333333333,0,NA,NA,FALSE,NA,NA,2,0.10844666666665498,-0.012195121951218094,stable,0.13813813813813813,fringe
2316,NA,NA,NA,NA,NA,NA,NA,NA,0,NA,NA,FALSE,NA,NA,NA,NA,NA,insufficient_history,NA,NA
2317,NA,NA,NA,NA,NA,NA,NA,NA,1,11.831158333333335,0.34782608695652173,TRUE,NA,NA,NA,NA,NA,insufficient_history,NA,NA
2318,forward,11.831158333333335,272.1166416666667,23,2,6,8,0.34782608695652173,0,NA,NA,FALSE,NA,NA,NA,NA,NA,insufficient_history,0.34498480243161095,middle
2319,NA,NA,NA,NA,NA,NA,NA,NA,0,NA,NA,FALSE,NA,NA,1,NA,NA,insufficient_history,NA,NA
2320,NA,NA,NA,NA,NA,NA,NA,NA,0,NA,NA,FALSE,NA,NA,1,NA,NA,insufficient_history,NA,NA
2321,NA,NA,NA,NA,NA,NA,NA,NA,1,11.783333333333331,2,FALSE,NA,NA,NA,NA,NA,insufficient_history,NA,NA
2322,NA,NA,NA,NA,NA,NA,NA,NA,1,12.608218333333333,0.3013698630136986,TRUE,NA,NA,1,NA,NA,insufficient_history,NA,NA
2323,forward,12.608218333333333,920.3999383333334,73,7,15,22,0.3013698630136986,1,10.455071666666667,0.4057971014492754,TRUE,-2.1531466666666663,0.10442723843557677,1,NA,NA,insufficient_history,0.4209726443768997,middle
2324,forward,10.455071666666667,721.399945,69,9,19,28,0.4057971014492754,2,16.059096666666665,0.5476237234878241,TRUE,5.604024999999998,0.14182662203854868,2,0.41244249999995225,-0.849315068493052,rising,0.2159090909090909,fringe
2325,NA,NA,NA,NA,NA,NA,NA,NA,0,NA,NA,FALSE,NA,NA,NA,NA,NA,insufficient_history,NA,NA
2326,forward,11.301218333333333,463.34995166666664,41,2,4,6,0.14634146341463414,1,9.12857,0,FALSE,-2.172648333333333,-0.14634146341463414,NA,NA,NA,insufficient_history,0.3100303951367781,fringe
2327,NA,NA,NA,NA,NA,NA,NA,NA,1,12.076075,0.2903225806451613,FALSE,NA,NA,NA,NA,NA,insufficient_history,NA,NA
2328,NA,NA,NA,NA,NA,NA,NA,NA,3,14.935543888888889,0.43178571428571433,TRUE,NA,NA,1,NA,NA,insufficient_history,NA,NA
2329,forward,15.190888333333332,1139.316625,75,13,20,33,0.44,1,13.252306666666668,0.26153846153846155,FALSE,-1.9385816666666642,-0.17846153846153845,2,0.5794933333331144,0.18035714285707458,rising,0.5100222717149221,middle
2330,NA,NA,NA,NA,NA,NA,NA,NA,2,10.930833333333332,0.1,FALSE,NA,NA,NA,NA,NA,insufficient_history,NA,NA
2331,forward,13.790475,96.533325,7,0,0,0,0,1,10.61739,0.2608695652173913,TRUE,-3.1730850000000004,0.2608695652173913,2,-1.345000000000196,-0.20000000000002946,declining,0.5288753799392097,middle
2332,forward,10.61739,488.39994,46,7,5,12,0.2608695652173913,1,11.05,0.12903225806451613,TRUE,0.4326100000000004,-0.13183730715287517,2,1.76607083333313,0,rising,0.23863636363636365,fringe
2333,forward,11.05,342.55,31,1,3,4,0.12903225806451613,0,NA,NA,FALSE,NA,NA,2,-3.1730849999987942,0.2608695652172923,declining,0.1291759465478842,fringe
2334,NA,NA,NA,NA,NA,NA,NA,NA,1,13.360254999999999,0.3076923076923077,FALSE,NA,NA,NA,NA,NA,insufficient_history,NA,NA
2335,forward,11.408333333333335,91.26666666666668,8,0,1,1,0.125,1,14.767128333333334,0.4861111111111111,TRUE,3.358794999999999,0.3611111111111111,1,NA,NA,insufficient_history,0.31762917933130697,fringe
2336,forward,14.767128333333334,1063.23324,72,14,21,35,0.4861111111111111,2,13.553768333333332,0.3365026870607689,TRUE,-1.2133600000000015,-0.1496084240503422,2,-0.9759608333332185,-0.09134615384614321,declining,0.5974025974025974,middle
2337,NA,NA,NA,NA,NA,NA,NA,NA,2,19.13040833333333,0.15350877192982454,FALSE,NA,NA,NA,NA,NA,insufficient_history,NA,NA
2338,defense,20.116373333333332,1146.63328,57,2,6,8,0.14035087719298245,1,21.65995666666667,0.2597402597402597,TRUE,1.5435833333333377,0.11938938254727727,1,NA,NA,insufficient_history,0.7209302325581395,top
2339,defense,21.65995666666667,1667.8166633333335,77,5,15,20,0.2597402597402597,2,21.7548825,0.2677754677754678,FALSE,0.09492583333333116,0.008035208035208075,2,0.9859649999998878,-0.013157894736840555,rising,0.8348348348348348,top
2340,forward,14.019443333333333,84.11666,6,1,4,5,0.8333333333333334,2,13.1059725,0.30749895266024296,FALSE,-0.9134708333333332,-0.5258343806730904,NA,NA,NA,insufficient_history,0.5557461406518011,middle
2341,forward,12.760214999999999,395.56666499999994,31,4,5,9,0.2903225806451613,0,NA,NA,FALSE,NA,NA,2,-0.5677133333331166,-0.5086580086578154,declining,0.43275862068965515,middle
2342,NA,NA,NA,NA,NA,NA,NA,NA,3,16.52608388888889,0.635670731707317,TRUE,NA,NA,3,-0.6296141666668327,-0.2715053763441339,declining,NA,NA
2343,forward,17.729583333333334,1418.3666666666668,80,18,39,57,0.7125,1,17.053755,0.5352112676056338,FALSE,-0.6758283333333353,-0.17728873239436627,2,-0.3921649999998453,0.2445121951218585,declining,0.7572383073496659,top
2344,NA,NA,NA,NA,NA,NA,NA,NA,2,12.976666666666667,0,FALSE,NA,NA,NA,NA,NA,insufficient_history,NA,NA
2345,defense,19.31839,560.2333100000001,29,0,6,6,0.20689655172413793,2,16.966974999999998,0.14641943734015345,TRUE,-2.351415000000003,-0.06047711438398448,2,7.753333333334478,0,rising,0.6598837209302325,middle
2346,defense,17.47598,1188.36664,68,1,13,14,0.20588235294117646,1,16.152776666666668,0.2619047619047619,TRUE,-1.323203333333332,0.05602240896358546,2,-2.860419999998915,-0.11994002998496198,declining,0.40160642570281124,middle
2347,defense,16.152776666666668,678.4166200000001,42,2,9,11,0.2619047619047619,0,NA,NA,FALSE,NA,NA,3,-0.9212050000000751,-5.07099391470991e-4,declining,0.30078125,fringe
2348,NA,NA,NA,NA,NA,NA,NA,NA,3,17.491376666666667,0.6453318056418945,TRUE,NA,NA,NA,NA,NA,insufficient_history,NA,NA
2349,forward,18.103863333333333,1249.16657,69,17,30,47,0.6811594202898551,5,19.316748999999998,0.8545570337540549,FALSE,1.212885666666665,0.1733976134641998,1,NA,NA,insufficient_history,0.8517241379310345,top
2350,NA,NA,NA,NA,NA,NA,NA,NA,2,12.039345,0.2625,FALSE,NA,NA,NA,NA,NA,insufficient_history,NA,NA
2351,forward,13.129166666666666,735.2333333333333,56,10,13,23,0.4107142857142857,1,11.605713333333334,0.3,TRUE,-1.5234533333333324,-0.11071428571428571,1,NA,NA,insufficient_history,0.46808510638297873,middle
2352,forward,11.605713333333334,812.3999333333334,70,10,11,21,0.3,1,11.150000000000002,0.2978723404255319,TRUE,-0.45571333333333186,-0.002127659574468088,2,1.0898216666665403,0.1482142857142685,rising,0.32305194805194803,fringe
2353,forward,11.150000000000002,524.0500000000001,47,6,8,14,0.2978723404255319,1,13.10147,0.3382352941176471,TRUE,1.9514699999999987,0.04036295369211518,2,-1.5234533333327531,-0.11071428571424367,declining,0.14699331848552338,fringe
2354,forward,13.10147,890.8999600000001,68,12,11,23,0.3382352941176471,0,NA,NA,FALSE,NA,NA,3,-0.9895833333335364,-0.056420972644386544,declining,0.3479212253829322,middle
2355,NA,NA,NA,NA,NA,NA,NA,NA,1,10.012221666666667,0.2,FALSE,NA,NA,NA,NA,NA,insufficient_history,NA,NA
2356,forward,10.012221666666667,300.36665,30,2,4,6,0.2,3,10.2648,0.07564102564102564,TRUE,0.25257833333333224,-0.12435897435897438,NA,NA,NA,insufficient_history,0.182370820668693,fringe
2357,forward,12.111109999999998,36.33333,3,0,0,0,0,1,13.270833333333334,0.5,FALSE,1.1597233333333357,0.5,NA,NA,NA,insufficient_history,0.3670668953687822,middle
2358,NA,NA,NA,NA,NA,NA,NA,NA,3,14.528783333333333,0.44034540916143833,TRUE,NA,NA,2,1.1597233333328971,0.49999999999981026,rising,NA,NA
2359,forward,15.64218,1267.01658,81,16,25,41,0.5061728395061729,1,14.061501666666665,0.4647887323943662,FALSE,-1.580678333333335,-0.04138410711180668,2,1.0886166666662516,0.20153005464473236,rising,0.5567928730512249,middle
2360,NA,NA,NA,NA,NA,NA,NA,NA,1,8.5375,0.25,FALSE,NA,NA,NA,NA,NA,insufficient_history,NA,NA
2361,forward,9.015,360.6,40,4,5,9,0.225,1,10.059356666666668,0.3684210526315789,TRUE,1.0443566666666673,0.14342105263157892,1,NA,NA,insufficient_history,0.1094224924012158,fringe
2362,forward,10.059356666666668,573.3833300000001,57,11,10,21,0.3684210526315789,2,10.804400833333332,0.23755656108597284,TRUE,0.7450441666666645,-0.1308644915456061,2,0.23874999999997223,-0.012499999999998523,stable,0.17857142857142858,fringe
2363,NA,NA,NA,NA,NA,NA,NA,NA,2,18.378708333333336,0.950082850041425,FALSE,NA,NA,NA,NA,NA,insufficient_history,NA,NA
2364,NA,NA,NA,NA,NA,NA,NA,NA,3,19.600065555555556,1.0701219512195121,TRUE,NA,NA,2,0.30483666666671616,0.04101077050539136,stable,NA,NA
2365,forward,20.554791666666667,1644.3833333333332,80,39,63,102,1.275,2,19.155410833333335,0.8942454268292683,FALSE,-1.399380833333332,-0.3807545731707316,2,0.0319366666666643,-0.06029411764705179,stable,0.9805194805194806,top
2366,forward,19.650405,1611.33321,82,34,55,89,1.0853658536585367,1,18.66041666666667,0.703125,FALSE,-0.9899883333333293,-0.38224085365853666,2,1.9597916666659285,0.4249999999998388,rising,0.9153674832962138,top
2367,NA,NA,NA,NA,NA,NA,NA,NA,1,12.85,0.7,FALSE,NA,NA,NA,NA,NA,insufficient_history,NA,NA
2368,forward,13.514000000000001,337.85,25,5,2,7,0.28,1,15.603438333333333,0.6507936507936508,TRUE,2.089438333333332,0.3707936507936508,1,NA,NA,insufficient_history,0.5075987841945289,middle
2369,forward,15.603438333333333,983.016615,63,23,18,41,0.6507936507936508,2,17.571798333333334,0.8125561881929877,TRUE,1.9683600000000006,0.16176253739933688,2,0.3319999999999632,-0.2099999999999756,stable,0.6477272727272727,middle
2370,NA,NA,NA,NA,NA,NA,NA,NA,1,11.116666666666665,0.14285714285714285,FALSE,NA,NA,NA,NA,NA,insufficient_history,NA,NA
2371,forward,13.42275,845.6332500000001,63,10,11,21,0.3333333333333333,2,17.006690833333334,0.657925407925408,TRUE,3.583940833333333,0.3245920745920747,NA,NA,NA,insufficient_history,0.4969604863221885,middle
2372,forward,16.58611,1293.71658,78,28,25,53,0.6794871794871795,1,16.262935000000002,0.5522388059701493,FALSE,-0.3231749999999991,-0.12724837351703022,2,4.004521666665148,0.3030303030301881,rising,0.6703786191536748,top
2373,NA,NA,NA,NA,NA,NA,NA,NA,1,15.98967,0.5774647887323944,FALSE,NA,NA,NA,NA,NA,insufficient_history,NA,NA
2374,NA,NA,NA,NA,NA,NA,NA,NA,4,20.668817083333334,0.8828207847295864,FALSE,NA,NA,1,NA,NA,insufficient_history,NA,NA
2375,NA,NA,NA,NA,NA,NA,NA,NA,1,12.125,0.5,FALSE,NA,NA,NA,NA,NA,insufficient_history,NA,NA
2376,forward,12.591109999999999,188.86665,15,0,3,3,0.2,1,10.594791666666667,0.16666666666666666,FALSE,-1.9963183333333312,-0.033333333333333354,1,NA,NA,insufficient_history,0.41793313069908816,middle
2377,NA,NA,NA,NA,NA,NA,NA,NA,0,NA,NA,FALSE,NA,NA,2,-1.9963183333325731,-0.03333333333332064,declining,NA,NA
2378,NA,NA,NA,NA,NA,NA,NA,NA,2,13.818126666666666,0.5538961038961039,FALSE,NA,NA,NA,NA,NA,insufficient_history,NA,NA
2379,NA,NA,NA,NA,NA,NA,NA,NA,2,19.05837833333333,0.979927701674277,TRUE,NA,NA,2,1.4910166666668914,0.1649350649350892,rising,NA,NA
2380,forward,18.773378333333334,1351.68324,72,20,57,77,1.0694444444444444,3,20.078650555555555,0.9797304822363292,FALSE,1.3052722222222215,-0.08971396220811523,2,1.4910166666668914,0.1649350649350892,rising,0.9118541033434651,top
2381,NA,NA,NA,NA,NA,NA,NA,NA,0,NA,NA,FALSE,NA,NA,NA,NA,NA,insufficient_history,NA,NA
2382,NA,NA,NA,NA,NA,NA,NA,NA,2,11.080731666666665,0.18484848484848485,TRUE,NA,NA,NA,NA,NA,insufficient_history,NA,NA
2383,forward,11.387063333333334,762.9332433333334,67,5,6,11,0.16417910447761194,0,NA,NA,FALSE,NA,NA,2,1.6723733333327024,-0.06666666666664128,rising,0.17371937639198218,fringe
2384,NA,NA,NA,NA,NA,NA,NA,NA,1,12.32222166666667,0.3333333333333333,FALSE,NA,NA,NA,NA,NA,insufficient_history,NA,NA
2385,forward,18.11081,1340.19994,74,41,38,79,1.0675675675675675,3,18.39398333333333,1.092102206736353,FALSE,0.2831733333333304,0.02453463916878551,1,NA,NA,insufficient_history,0.8601823708206687,top
2386,NA,NA,NA,NA,NA,NA,NA,NA,1,13.683333333333334,0.35,FALSE,NA,NA,NA,NA,NA,insufficient_history,NA,NA
2387,forward,13.922423333333334,765.7332833333334,55,5,11,16,0.2909090909090909,1,16.343003333333332,0.5679012345679012,TRUE,2.4205799999999975,0.2769921436588103,1,NA,NA,insufficient_history,0.5455927051671733,middle
2388,forward,16.343003333333332,1323.78327,81,19,27,46,0.5679012345679012,2,15.778325833333334,0.5166735708367854,TRUE,-0.5646774999999984,-0.05122766373111576,2,0.11954499999998777,-0.02954545454545108,stable,0.7142857142857143,top
2389,NA,NA,NA,NA,NA,NA,NA,NA,0,NA,NA,FALSE,NA,NA,NA,NA,NA,insufficient_history,NA,NA
2390,NA,NA,NA,NA,NA,NA,NA,NA,1,1.7666666666666666,0,TRUE,NA,NA,NA,NA,NA,insufficient_history,NA,NA
2391,forward,1.7666666666666666,1.7666666666666666,1,0,0,0,0,0,NA,NA,FALSE,NA,NA,NA,NA,NA,insufficient_history,0,fringe
2392,NA,NA,NA,NA,NA,NA,NA,NA,0,NA,NA,FALSE,NA,NA,1,NA,NA,insufficient_history,NA,NA
2393,NA,NA,NA,NA,NA,NA,NA,NA,2,18.09858416666667,0.2665903890160183,FALSE,NA,NA,NA,NA,NA,insufficient_history,NA,NA
2394,NA,NA,NA,NA,NA,NA,NA,NA,3,20.627946666666666,0.26786786786786787,TRUE,NA,NA,2,-1.7633550000002605,-0.09839816933639889,declining,NA,NA
2395,defense,18.979953333333334,1404.5165466666667,74,3,17,20,0.2702702702702703,1,17.091333333333335,0.14,TRUE,-1.8886199999999995,-0.13027027027027027,2,-0.8549999999996706,-0.09999999999996192,declining,0.5180722891566265,middle
2396,NA,NA,NA,NA,NA,NA,NA,NA,2,23.43993833333333,0.4585724533715925,FALSE,NA,NA,NA,NA,NA,insufficient_history,NA,NA
2397,NA,NA,NA,NA,NA,NA,NA,NA,4,25.019747083333332,0.6747249318696992,FALSE,NA,NA,2,0.6534566666667727,0.11226685796271381,rising,NA,NA
2398,NA,NA,NA,NA,NA,NA,NA,NA,3,10.363578333333333,0.28273809523809523,TRUE,NA,NA,NA,NA,NA,insufficient_history,NA,NA
2399,forward,16.188033333333333,1262.6666,78,14,26,40,0.5128205128205128,2,17.884235833333335,0.7770826734241368,TRUE,1.6962025000000018,0.26426216060362406,2,4.143118333333942,0.2767857142857551,rising,0.7264437689969605,top
2400,forward,17.356276666666666,1336.4333033333332,77,24,29,53,0.6883116883116883,1,18.970656666666667,1.056338028169014,FALSE,1.6143800000000006,0.3680263398573257,2,2.224161666665827,0.35303314571593875,rising,0.7371937639198218,top
2401,NA,NA,NA,NA,NA,NA,NA,NA,1,10.293938333333335,0.09090909090909091,FALSE,NA,NA,NA,NA,NA,insufficient_history,NA,NA
2402,defense,16.40027166666666,1000.4165716666664,61,5,18,23,0.3770491803278688,2,18.785894999999996,0.3434192672998643,TRUE,2.385623333333335,-0.033629913028004554,1,NA,NA,insufficient_history,0.42441860465116277,middle
2403,defense,19.66333333333333,1081.4833333333331,55,3,20,23,0.41818181818181815,1,18.191666666666666,0.21428571428571427,FALSE,-1.471666666666664,-0.20389610389610388,2,1.5081849999994388,-0.10839246390991719,rising,0.6024096385542169,middle
2404,NA,NA,NA,NA,NA,NA,NA,NA,2,14.889629166666666,0.23015873015873015,FALSE,NA,NA,NA,NA,NA,insufficient_history,NA,NA
2405,defense,14.925925,940.333275,63,2,6,8,0.12698412698412698,2,18.517241666666667,0.2990580847723705,TRUE,3.5913166666666676,0.17207395778824353,1,NA,NA,insufficient_history,0.2672672672672673,fringe
2406,NA,NA,NA,NA,NA,NA,NA,NA,1,14.383333333333333,1,FALSE,NA,NA,NA,NA,NA,insufficient_history,NA,NA
2407,NA,NA,NA,NA,NA,NA,NA,NA,0,NA,NA,FALSE,NA,NA,1,NA,NA,insufficient_history,NA,NA
2408,NA,NA,NA,NA,NA,NA,NA,NA,0,NA,NA,FALSE,NA,NA,1,NA,NA,insufficient_history,NA,NA
2409,NA,NA,NA,NA,NA,NA,NA,NA,2,14.032238333333334,0.09090909090909091,FALSE,NA,NA,NA,NA,NA,insufficient_history,NA,NA
2410,defense,13.829628333333334,124.466655,9,0,0,0,0,1,14.234848333333334,0.18181818181818182,FALSE,0.4052199999999999,0.18181818181818182,NA,NA,NA,insufficient_history,0.19476744186046513,fringe
2411,NA,NA,NA,NA,NA,NA,NA,NA,0,NA,NA,FALSE,NA,NA,2,0.4052199999998466,0.18181818181811282,rising,NA,NA
2412,NA,NA,NA,NA,NA,NA,NA,NA,0,NA,NA,FALSE,NA,NA,NA,NA,NA,insufficient_history,NA,NA
2413,defense,18.225,72.9,4,0,0,0,0,2,15.1668625,0.2457692307692308,TRUE,-3.058137500000001,0.2457692307692308,NA,NA,NA,insufficient_history,0.5697674418604651,middle
2414,defense,15.084615000000001,784.39998,52,2,9,11,0.21153846153846154,1,15.261346666666666,0.06382978723404255,TRUE,0.17673166666666518,-0.14770867430441897,2,-2.9758899999988704,0.2799999999998938,declining,0.1686746987951807,fringe
2415,NA,NA,NA,NA,NA,NA,NA,NA,2,18.247853333333335,0.4166666666666667,FALSE,NA,NA,NA,NA,NA,insufficient_history,NA,NA
2416,forward,18.579040000000003,1226.21664,66,35,20,55,0.8333333333333334,3,17.990420555555556,0.5333333333333333,FALSE,-0.588619444444447,-0.30000000000000004,1,NA,NA,insufficient_history,0.8966565349544073,top
2417,forward,11.366666666666667,11.366666666666667,1,3,0,3,3,2,11.268338333333334,0.1861598440545809,FALSE,-0.0983283333333329,-2.813840155945419,NA,NA,NA,insufficient_history,0.29310344827586204,fringe
2418,NA,NA,NA,NA,NA,NA,NA,NA,2,11.983036666666667,0.28119827871565706,TRUE,NA,NA,2,-1.0253100000001496,-2.9259259259263564,declining,NA,NA
2419,forward,11.770753333333333,623.8499266666666,53,7,7,14,0.2641509433962264,1,14.995669999999997,0.36363636363636365,TRUE,3.2249166666666635,0.09948542024013723,2,0.9269816666665581,0.11208576998049379,rising,0.3344155844155844,middle
2420,forward,14.995669999999997,1154.6665899999998,77,11,17,28,0.36363636363636365,1,13.499136666666667,0.3448275862068966,FALSE,-1.4965333333333302,-0.018808777429467072,2,-0.42456666666650406,-0.034094670638848294,declining,0.49665924276169265,middle
2421,NA,NA,NA,NA,NA,NA,NA,NA,2,23.339245,0.9970380496696285,FALSE,NA,NA,NA,NA,NA,insufficient_history,NA,NA
2422,NA,NA,NA,NA,NA,NA,NA,NA,4,25.6163975,1.1316398390342053,FALSE,NA,NA,1,NA,NA,insufficient_history,NA,NA
2423,NA,NA,NA,NA,NA,NA,NA,NA,2,13.885148333333333,0.17678571428571427,FALSE,NA,NA,NA,NA,NA,insufficient_history,NA,NA
2424,defense,15.839046666666666,554.3666333333333,35,1,7,8,0.22857142857142856,0,NA,NA,FALSE,NA,NA,1,NA,NA,insufficient_history,0.35735735735735735,middle
2425,NA,NA,NA,NA,NA,NA,NA,NA,0,NA,NA,FALSE,NA,NA,2,3.907796666665183,0.10357142857138926,rising,NA,NA
2426,NA,NA,NA,NA,NA,NA,NA,NA,2,16.4504025,0.06451612903225806,FALSE,NA,NA,NA,NA,NA,insufficient_history,NA,NA
2427,defense,19.76540833333333,1047.5666416666666,53,0,14,14,0.2641509433962264,1,16.113513333333334,0.24324324324324326,TRUE,-3.651894999999996,-0.020907700152983155,2,-3.2158616666671422,0.1290322580645351,declining,0.6976744186046512,top
2428,defense,16.113513333333334,1192.3999866666668,74,2,16,18,0.24324324324324326,1,16.591008333333335,0.2631578947368421,TRUE,0.4774950000000011,0.019914651493598834,2,2.461468333333047,0.0675593426658473,rising,0.36936936936936937,middle
2429,defense,16.591008333333335,1260.9166333333335,76,3,17,20,0.2631578947368421,0,NA,NA,FALSE,NA,NA,2,-3.6518949999986074,-0.020907700152975266,declining,0.3132530120481928,fringe
2430,NA,NA,NA,NA,NA,NA,NA,NA,2,12.757406666666668,0.4305555555555556,FALSE,NA,NA,NA,NA,NA,insufficient_history,NA,NA
2431,NA,NA,NA,NA,NA,NA,NA,NA,2,14.894087500000001,0.4700854700854701,FALSE,NA,NA,2,-0.01852000000000378,-0.13888888888890927,stable,NA,NA
2432,forward,15.180768333333335,1184.09993,78,12,18,30,0.38461538461538464,1,12.626436666666667,0.3448275862068966,FALSE,-2.554331666666668,-0.03978779840848806,1,NA,NA,insufficient_history,0.5077951002227171,middle
2433,NA,NA,NA,NA,NA,NA,NA,NA,3,14.078697222222223,0.3411111111111111,TRUE,NA,NA,NA,NA,NA,insufficient_history,NA,NA
2434,NA,NA,NA,NA,NA,NA,NA,NA,2,13.929453333333335,0.468233158531666,TRUE,NA,NA,3,0.6157875000001891,0.02500000000001046,rising,NA,NA
2435,forward,14.683783333333336,1086.599966666667,74,22,23,45,0.6081081081081081,2,15.448928333333335,0.5321428571428571,FALSE,0.7651449999999986,-0.07596525096525097,2,-0.8328549999999026,-0.027487562189051507,declining,0.5892857142857143,middle
2436,NA,NA,NA,NA,NA,NA,NA,NA,0,NA,NA,FALSE,NA,NA,NA,NA,NA,insufficient_history,NA,NA
2437,NA,NA,NA,NA,NA,NA,NA,NA,0,NA,NA,FALSE,NA,NA,NA,NA,NA,insufficient_history,NA,NA
2438,NA,NA,NA,NA,NA,NA,NA,NA,0,NA,NA,FALSE,NA,NA,NA,NA,NA,insufficient_history,NA,NA
2439,NA,NA,NA,NA,NA,NA,NA,NA,2,12.365440833333334,0.10294117647058823,TRUE,NA,NA,NA,NA,NA,insufficient_history,NA,NA
2440,defense,13.480881666666667,458.3499766666667,34,2,5,7,0.20588235294117646,1,15.502379999999997,0.2857142857142857,TRUE,2.02149833333333,0.07983193277310924,1,NA,NA,insufficient_history,0.060240963855421686,fringe
2441,NA,NA,NA,NA,NA,NA,NA,NA,2,15.966614166666666,0.36788617886178865,TRUE,NA,NA,NA,NA,NA,insufficient_history,NA,NA
2442,forward,16.829673333333332,1380.0332133333332,82,15,18,33,0.4024390243902439,1,18.92761833333333,0.6142857142857143,FALSE,2.0979449999999993,0.2118466898954704,1,NA,NA,insufficient_history,0.7810344827586206,top
2443,NA,NA,NA,NA,NA,NA,NA,NA,4,15.661920000000002,0.4364550959005455,TRUE,NA,NA,3,1.9120316666671553,0.14047619047623136,rising,NA,NA
2444,NA,NA,NA,NA,NA,NA,NA,NA,2,13.360003333333333,0.27035886818495514,TRUE,NA,NA,NA,NA,NA,insufficient_history,NA,NA
2445,forward,13.92037,876.98331,63,4,15,19,0.30158730158730157,1,13.666903333333332,0.22857142857142856,FALSE,-0.25346666666666806,-0.073015873015873,1,NA,NA,insufficient_history,0.5465517241379311,middle
2446,NA,NA,NA,NA,NA,NA,NA,NA,2,15.286686666666668,0.3231707317073171,TRUE,NA,NA,3,0.43363333333338205,-0.005279503105597017,rising,NA,NA
2447,forward,15.307520000000002,1255.21664,82,7,20,27,0.32926829268292684,2,12.961846666666666,0.21438746438746437,FALSE,-2.3456733333333357,-0.11488082829546248,2,0.79947499999991,0.04425087108013427,rising,0.6363636363636364,middle
2448,NA,NA,NA,NA,NA,NA,NA,NA,2,21.776626666666665,0.4280821917808219,TRUE,NA,NA,NA,NA,NA,insufficient_history,NA,NA
2449,defense,21.165753333333335,1545.0999933333335,73,6,20,26,0.3561643835616438,1,23.376055,0.6338028169014085,FALSE,2.210301666666666,0.2776384333397647,1,NA,NA,insufficient_history,0.7870370370370371,top
2450,NA,NA,NA,NA,NA,NA,NA,NA,4,21.5150475,0.4517606377362475,TRUE,NA,NA,3,0.494277500000261,0.06690140845073828,rising,NA,NA
2451,NA,NA,NA,NA,NA,NA,NA,NA,2,14.745833333333334,0.25,TRUE,NA,NA,NA,NA,NA,insufficient_history,NA,NA
2452,defense,12.7875,51.15,4,0,1,1,0.25,2,15.1402775,0.25,TRUE,2.3527775,0,NA,NA,NA,insufficient_history,0.09508196721311475,fringe
2453,NA,NA,NA,NA,NA,NA,NA,NA,1,14.327776666666669,0.3888888888888889,TRUE,NA,NA,3,0.3944441666664732,-0,rising,NA,NA
2454,defense,14.327776666666669,257.89998,18,2,5,7,0.3888888888888889,2,14.132624166666666,0.26700680272108845,TRUE,-0.1951525000000025,-0.12188208616780044,2,-3.1277783333337923,7.850462293420031e-17,declining,0.24709302325581395,fringe
2455,defense,12.663888333333334,75.98333000000001,6,0,1,1,0.16666666666666666,0,NA,NA,FALSE,NA,NA,2,1.2735833333328526,-0.021541950113370466,rising,0.040160642570281124,fringe
2456,NA,NA,NA,NA,NA,NA,NA,NA,1,19.254385,0.3508771929824561,TRUE,NA,NA,NA,NA,NA,insufficient_history,NA,NA
2457,defense,19.254385,1097.499945,57,6,14,20,0.3508771929824561,1,15.592341666666668,0.21621621621621623,TRUE,-3.6620433333333313,-0.1346609767662399,NA,NA,NA,insufficient_history,0.6229508196721312,middle
2458,defense,15.592341666666668,576.9166416666667,37,2,6,8,0.21621621621621623,1,15.541918333333332,0.21212121212121213,TRUE,-0.05042333333333637,-0.004095004095004101,1,NA,NA,insufficient_history,0.3333333333333333,fringe
2459,defense,15.541918333333332,512.883305,33,1,6,7,0.21212121212121213,1,16.38728,0.23684210526315788,FALSE,0.845361666666669,0.024720893141945754,2,-3.6620433333319395,-0.1346609767661887,declining,0.292358803986711,fringe
2460,defense,16.38728,1245.43328,76,3,15,18,0.23684210526315788,3,17.93297833333333,0.19764644988430155,TRUE,1.5456983333333305,-0.03919565537885633,2,-0.0504233333333434,-0.004095004095004624,stable,0.42151162790697677,middle
2461,NA,NA,NA,NA,NA,NA,NA,NA,1,16.538541666666667,0.0625,FALSE,NA,NA,NA,NA,NA,insufficient_history,NA,NA
2462,NA,NA,NA,NA,NA,NA,NA,NA,2,15.142525833333334,0.21428571428571427,TRUE,NA,NA,1,NA,NA,insufficient_history,NA,NA
2463,defense,14.169443333333334,510.09996,36,1,7,8,0.2222222222222222,1,15.4,0.21739130434782608,TRUE,1.2305566666666667,-0.004830917874396129,2,-0.2114666666666422,0.07192460317459483,stable,0.2012012012012012,fringe
2464,defense,15.4,708.4,46,3,7,10,0.21739130434782608,0,NA,NA,FALSE,NA,NA,2,-1.946164999999259,0.015873015873009867,declining,0.18875502008032127,fringe
2465,NA,NA,NA,NA,NA,NA,NA,NA,2,11.708894166666667,0.22916666666666666,FALSE,NA,NA,NA,NA,NA,insufficient_history,NA,NA
2466,forward,13.436538333333337,1048.0499900000002,78,9,17,26,0.3333333333333333,2,15.961178333333335,0.426829268292683,TRUE,2.524639999999998,0.09349593495934966,1,NA,NA,insufficient_history,0.5,middle
2467,forward,15.985771666666668,1310.8332766666667,82,17,26,43,0.524390243902439,2,15.597696666666666,0.3217770034843206,FALSE,-0.3880750000000024,-0.20261324041811846,2,1.7276441666664686,0.10416666666665456,rising,0.6818181818181818,top
2468,NA,NA,NA,NA,NA,NA,NA,NA,1,13.342856666666668,0.5714285714285714,FALSE,NA,NA,NA,NA,NA,insufficient_history,NA,NA
2469,forward,13.342856666666668,186.79999333333336,14,3,5,8,0.5714285714285714,1,13.256965000000001,0.34328358208955223,TRUE,-0.08589166666666692,-0.22814498933901917,NA,NA,NA,insufficient_history,0.4908814589665654,middle
2470,forward,13.256965000000001,888.2166550000001,67,6,17,23,0.34328358208955223,2,17.64048916666667,0.5218138096873927,TRUE,4.3835241666666676,0.17853022759784043,1,NA,NA,insufficient_history,0.4724025974025974,middle
2471,NA,NA,NA,NA,NA,NA,NA,NA,0,NA,NA,FALSE,NA,NA,NA,NA,NA,insufficient_history,NA,NA
2472,NA,NA,NA,NA,NA,NA,NA,NA,1,10.8125,0,TRUE,NA,NA,NA,NA,NA,insufficient_history,NA,NA
2473,defense,10.8125,43.25,4,0,0,0,0,3,17.89383611111111,0.2135312417570482,TRUE,7.08133611111111,0.2135312417570482,NA,NA,NA,insufficient_history,0.05232558139534884,fringe
2474,defense,19.74375,1421.55,72,1,16,17,0.2361111111111111,0,NA,NA,FALSE,NA,NA,3,2.8528891666670644,0.10483870967743798,rising,0.58203125,middle
2475,NA,NA,NA,NA,NA,NA,NA,NA,1,18.333788333333334,0.136986301369863,FALSE,NA,NA,NA,NA,NA,insufficient_history,NA,NA
2476,defense,18.333788333333334,1338.3665483333334,73,1,9,10,0.136986301369863,2,14.631504166666666,0.1873822975517891,TRUE,-3.7022841666666686,0.050395996181926084,NA,NA,NA,insufficient_history,0.5843023255813954,middle
2477,defense,14.676851666666668,528.36666,36,1,7,8,0.2222222222222222,1,14.320833333333333,0.1590909090909091,TRUE,-0.3560183333333349,-0.06313131313131312,2,-3.747631666665243,0.015556071511487054,declining,0.13253012048192772,fringe
2478,defense,14.320833333333333,630.1166666666667,44,0,7,7,0.1590909090909091,0,NA,NA,FALSE,NA,NA,3,-1.8284683333336331,0.04261796042619243,declining,0.15234375,fringe
2479,NA,NA,NA,NA,NA,NA,NA,NA,2,11.394740833333334,0.31271777003484325,FALSE,NA,NA,NA,NA,NA,insufficient_history,NA,NA
2480,forward,10.520731666666668,431.3499983333334,41,6,5,11,0.2682926829268293,2,11.624330833333334,0.34285714285714286,TRUE,1.1035991666666654,0.07456445993031358,1,NA,NA,insufficient_history,0.23556231003039513,fringe
2481,forward,11.140178333333333,623.8499866666666,56,8,8,16,0.2857142857142857,0,NA,NA,FALSE,NA,NA,2,1.5877516666660634,0.13170731707312078,rising,0.1447661469933185,fringe
2482,NA,NA,NA,NA,NA,NA,NA,NA,2,14.489021666666666,0.4423913043478261,FALSE,NA,NA,NA,NA,NA,insufficient_history,NA,NA
2483,NA,NA,NA,NA,NA,NA,NA,NA,4,18.486865833333333,0.8322728879462709,FALSE,NA,NA,2,2.148043333333659,-0.01521739130435004,rising,NA,NA
2484,forward,13.245833333333335,211.93333333333337,16,5,4,9,0.5625,2,15.782225,0.3842496899545267,TRUE,2.536391666666665,-0.17825031004547331,NA,NA,NA,insufficient_history,0.4817629179331307,middle
2485,forward,17.767274999999998,1456.91655,82,13,25,38,0.4634146341463415,2,14.791479166666669,0.365777666999003,TRUE,-2.975795833333329,-0.0976369671473385,1,NA,NA,insufficient_history,0.8409090909090909,top
2486,NA,NA,NA,NA,NA,NA,NA,NA,1,16.245453333333334,0.18181818181818182,FALSE,NA,NA,NA,NA,NA,insufficient_history,NA,NA
2487,NA,NA,NA,NA,NA,NA,NA,NA,1,16.455091666666668,0.3333333333333333,FALSE,NA,NA,1,NA,NA,insufficient_history,NA,NA
2488,defense,16.455091666666668,592.3833000000001,36,2,10,12,0.3333333333333333,2,16.5809,0.2395580378824672,TRUE,0.12580833333333175,-0.0937752954508661,NA,NA,NA,insufficient_history,0.4273255813953488,middle
2489,defense,16.391378333333332,950.6999433333332,58,2,7,9,0.15517241379310345,0,NA,NA,FALSE,NA,NA,2,0.31532999999988787,-0.009389671361498804,stable,0.285140562248996,fringe
2490,NA,NA,NA,NA,NA,NA,NA,NA,1,10.560416666666667,0.125,FALSE,NA,NA,NA,NA,NA,insufficient_history,NA,NA
2491,forward,10.560416666666667,84.48333333333333,8,0,1,1,0.125,1,9.946295,0.2777777777777778,FALSE,-0.6141216666666676,0.1527777777777778,NA,NA,NA,insufficient_history,0.2288961038961039,fringe
2492,NA,NA,NA,NA,NA,NA,NA,NA,1,15.396376666666665,0.2898550724637681,TRUE,NA,NA,NA,NA,NA,insufficient_history,NA,NA
2493,defense,15.396376666666665,1062.34999,69,5,15,20,0.2898550724637681,2,15.9562575,0.2768118977796397,TRUE,0.5598808333333345,-0.013043174684128411,NA,NA,NA,insufficient_history,0.3153153153153153,fringe
2494,NA,NA,NA,NA,NA,NA,NA,NA,2,13.590232499999999,0.36243386243386244,TRUE,NA,NA,NA,NA,NA,insufficient_history,NA,NA
2495,forward,12.619751666666666,340.733295,27,4,4,8,0.2962962962962963,0,NA,NA,FALSE,NA,NA,1,NA,NA,insufficient_history,0.2962138084632517,fringe
2496,NA,NA,NA,NA,NA,NA,NA,NA,0,NA,NA,FALSE,NA,NA,NA,NA,NA,insufficient_history,NA,NA
2497,forward,8.041666666666666,16.083333333333332,2,0,0,0,0,0,NA,NA,FALSE,NA,NA,NA,NA,NA,insufficient_history,0.0486322188449848,fringe
2498,NA,NA,NA,NA,NA,NA,NA,NA,0,NA,NA,FALSE,NA,NA,1,NA,NA,insufficient_history,NA,NA
2499,NA,NA,NA,NA,NA,NA,NA,NA,1,8.382049999999998,0,FALSE,NA,NA,1,NA,NA,insufficient_history,NA,NA
2500,NA,NA,NA,NA,NA,NA,NA,NA,1,10.600000000000001,0.2222222222222222,FALSE,NA,NA,NA,NA,NA,insufficient_history,NA,NA
2501,NA,NA,NA,NA,NA,NA,NA,NA,0,NA,NA,FALSE,NA,NA,1,NA,NA,insufficient_history,NA,NA
2502,NA,NA,NA,NA,NA,NA,NA,NA,0,NA,NA,FALSE,NA,NA,NA,NA,NA,insufficient_history,NA,NA
2503,forward,10.722023333333334,300.21665333333334,28,2,0,2,0.07142857142857142,1,12.076328333333333,0.2753623188405797,TRUE,1.3543049999999983,0.2039337474120083,NA,NA,NA,insufficient_history,0.25379939209726443,fringe
2504,forward,12.076328333333333,833.2666549999999,69,10,9,19,0.2753623188405797,2,12.515617500000001,0.24947735191637632,TRUE,0.4392891666666685,-0.02588496692420339,1,NA,NA,insufficient_history,0.3652597402597403,middle
2505,forward,12.52195,1026.7999,82,14,7,21,0.25609756097560976,1,12.509285,0.24285714285714285,TRUE,-0.012665000000000148,-0.013240418118466907,2,1.3543049999994858,0.20393374741193096,rising,0.28507795100222716,fringe
2506,NA,NA,NA,NA,NA,NA,NA,NA,2,11.528261666666666,0.24259259259259258,FALSE,NA,NA,NA,NA,NA,insufficient_history,NA,NA
2507,forward,13.257141666666666,927.9999166666666,70,8,13,21,0.3,2,10.37304,0.1998015873015873,TRUE,-2.884101666666666,-0.10019841269841268,1,NA,NA,insufficient_history,0.474025974025974,middle
2508,NA,NA,NA,NA,NA,NA,NA,NA,1,8.226921666666666,0.23076923076923078,TRUE,NA,NA,NA,NA,NA,insufficient_history,NA,NA
2509,forward,8.226921666666666,106.94998166666666,13,1,2,3,0.23076923076923078,1,9.720236666666667,0.07142857142857142,TRUE,1.4933150000000008,-0.15934065934065936,NA,NA,NA,insufficient_history,0.060790273556231005,fringe
2510,forward,9.720236666666667,136.08331333333334,14,0,1,1,0.07142857142857142,0,NA,NA,FALSE,NA,NA,1,NA,NA,insufficient_history,0.1444805194805195,fringe
2511,NA,NA,NA,NA,NA,NA,NA,NA,0,NA,NA,FALSE,NA,NA,2,1.4933149999994357,-0.15934065934059882,rising,NA,NA
2512,NA,NA,NA,NA,NA,NA,NA,NA,0,NA,NA,FALSE,NA,NA,NA,NA,NA,insufficient_history,NA,NA
2513,NA,NA,NA,NA,NA,NA,NA,NA,1,14.186458333333333,0.0625,FALSE,NA,NA,NA,NA,NA,insufficient_history,NA,NA
2514,defense,14.186458333333333,226.98333333333332,16,1,0,1,0.0625,0,NA,NA,FALSE,NA,NA,NA,NA,NA,insufficient_history,0.23546511627906977,fringe
2515,NA,NA,NA,NA,NA,NA,NA,NA,1,9.073749999999999,0.15,TRUE,NA,NA,NA,NA,NA,insufficient_history,NA,NA
2516,forward,9.073749999999999,362.94999999999993,40,3,3,6,0.15,1,6.863333333333332,0,TRUE,-2.2104166666666663,-0.15,NA,NA,NA,insufficient_history,0.1206896551724138,fringe
2517,forward,6.863333333333332,34.31666666666666,5,0,0,0,0,0,NA,NA,FALSE,NA,NA,1,NA,NA,insufficient_history,0.03793103448275862,fringe
2518,NA,NA,NA,NA,NA,NA,NA,NA,1,10.299999999999999,0.2727272727272727,TRUE,NA,NA,2,-2.210416666666991,-0.15000000000002206,declining,NA,NA
2519,forward,10.299999999999999,113.3,11,2,1,3,0.2727272727272727,1,11.530951666666665,0.2698412698412698,FALSE,1.230951666666666,-0.002886002886002881,2,-2.210416666666991,-0.15000000000002206,declining,0.20972644376899696,fringe
2520,NA,NA,NA,NA,NA,NA,NA,NA,0,NA,NA,FALSE,NA,NA,2,1.2309516666662006,-0.00288600288600173,rising,NA,NA
2521,NA,NA,NA,NA,NA,NA,NA,NA,2,17.134145,0.2996336996336996,TRUE,NA,NA,NA,NA,NA,insufficient_history,NA,NA
2522,defense,18.836666666666666,1318.5666666666666,70,5,19,24,0.34285714285714286,3,17.477255,0.29235743680188125,FALSE,-1.3594116666666665,-0.050499706055261606,1,NA,NA,insufficient_history,0.584717607973422,middle
2523,defense,19.23168666666667,1557.76662,81,10,19,29,0.35802469135802467,1,16.56642833333333,0.2,FALSE,-2.6652583333333375,-0.15802469135802466,2,-3.5443649999986495,-0.14761904761899153,declining,0.5502008032128514,middle
2524,NA,NA,NA,NA,NA,NA,NA,NA,2,9.038205000000001,0.20961538461538462,FALSE,NA,NA,NA,NA,NA,insufficient_history,NA,NA
2525,forward,9.183333333333334,146.93333333333334,16,2,2,4,0.25,2,8.3087075,0.16398046398046398,TRUE,-0.874625833333333,-0.08601953601953602,NA,NA,NA,insufficient_history,0.11854103343465046,fringe
2526,forward,10.736065,654.899965,61,5,9,14,0.22950819672131148,0,NA,NA,FALSE,NA,NA,3,-0.729497500000221,-0.04563492063492912,declining,0.16630196936542668,fringe
2527,NA,NA,NA,NA,NA,NA,NA,NA,1,19.594530000000002,0.421875,FALSE,NA,NA,NA,NA,NA,insufficient_history,NA,NA
2528,defense,19.594530000000002,1254.0499200000002,64,3,24,27,0.421875,2,21.25246666666667,0.5336257309941521,TRUE,1.657936666666668,0.11175073099415211,NA,NA,NA,insufficient_history,0.6802325581395349,top
2529,defense,22.71951666666667,1726.683266666667,76,9,32,41,0.5394736842105263,1,19.871051666666666,0.3157894736842105,FALSE,-2.8484650000000045,-0.22368421052631582,2,0.1908866666665925,0.1059027777777377,stable,0.8433734939759037,top
2530,NA,NA,NA,NA,NA,NA,NA,NA,0,NA,NA,FALSE,NA,NA,NA,NA,NA,insufficient_history,NA,NA
2531,NA,NA,NA,NA,NA,NA,NA,NA,1,12.936110000000001,0.3333333333333333,TRUE,NA,NA,NA,NA,NA,insufficient_history,NA,NA
2532,defense,12.936110000000001,77.61666000000001,6,0,2,2,0.3333333333333333,0,NA,NA,FALSE,NA,NA,NA,NA,NA,insufficient_history,0.11411411411411411,fringe
2533,NA,NA,NA,NA,NA,NA,NA,NA,0,NA,NA,FALSE,NA,NA,1,NA,NA,insufficient_history,NA,NA
2534,NA,NA,NA,NA,NA,NA,NA,NA,1,6.28611,0.3333333333333333,FALSE,NA,NA,NA,NA,NA,insufficient_history,NA,NA
2535,forward,6.28611,37.71666,6,1,1,2,0.3333333333333333,1,12.942591666666665,0.1111111111111111,TRUE,6.656481666666665,-0.2222222222222222,NA,NA,NA,insufficient_history,0.02127659574468085,fringe
2536,forward,12.942591666666665,116.483325,9,1,0,1,0.1111111111111111,0,NA,NA,FALSE,NA,NA,1,NA,NA,insufficient_history,0.44805194805194803,middle
2537,NA,NA,NA,NA,NA,NA,NA,NA,0,NA,NA,FALSE,NA,NA,NA,NA,NA,insufficient_history,NA,NA
2538,NA,NA,NA,NA,NA,NA,NA,NA,2,10.541895,0.18270509977827049,TRUE,NA,NA,NA,NA,NA,insufficient_history,NA,NA
2539,forward,11.706666666666665,936.5333333333332,80,8,10,18,0.225,1,12.802173333333334,0.2463768115942029,FALSE,1.0955066666666688,0.021376811594202905,2,-0.06742666666663934,-0.21995565410191206,stable,0.20489977728285078,fringe
2540,NA,NA,NA,NA,NA,NA,NA,NA,0,NA,NA,FALSE,NA,NA,NA,NA,NA,insufficient_history,NA,NA
2541,NA,NA,NA,NA,NA,NA,NA,NA,2,15.492898333333333,0.3714109292991664,TRUE,NA,NA,NA,NA,NA,insufficient_history,NA,NA
2542,forward,14.061813333333335,1110.8832533333334,79,14,10,24,0.3037974683544304,2,16.142392500000003,0.47356076759061827,TRUE,2.080579166666668,0.16976329923618788,1,NA,NA,insufficient_history,0.5340909090909091,middle
2543,NA,NA,NA,NA,NA,NA,NA,NA,1,8.861666666666668,0,FALSE,NA,NA,NA,NA,NA,insufficient_history,NA,NA
2544,NA,NA,NA,NA,NA,NA,NA,NA,0,NA,NA,FALSE,NA,NA,1,NA,NA,insufficient_history,NA,NA
2545,defense,16.7,16.7,1,0,0,0,0,1,14.313541666666667,0.0625,FALSE,-2.386458333333332,0.0625,NA,NA,NA,insufficient_history,0.4065573770491803,middle
2546,defense,14.313541666666667,229.01666666666668,16,0,1,1,0.0625,1,18.79435,0.3220338983050847,FALSE,4.480808333333334,0.2595338983050847,1,NA,NA,insufficient_history,0.19933554817275748,fringe
2547,NA,NA,NA,NA,NA,NA,NA,NA,4,17.639776249999997,0.2363520290027653,FALSE,NA,NA,2,-1.1932291666665265,0.03124999999999637,declining,NA,NA
2548,NA,NA,NA,NA,NA,NA,NA,NA,2,12.348499999999998,0.16999999999999998,TRUE,NA,NA,NA,NA,NA,insufficient_history,NA,NA
2549,forward,13.326666666666664,133.26666666666665,10,0,1,1,0.1,0,NA,NA,FALSE,NA,NA,1,NA,NA,insufficient_history,0.4896551724137931,middle
2550,NA,NA,NA,NA,NA,NA,NA,NA,1,8.566666666666665,0.18181818181818182,TRUE,NA,NA,2,1.9563333333336221,-0.14000000000002055,rising,NA,NA
2551,forward,8.566666666666665,94.23333333333332,11,1,1,2,0.18181818181818182,1,13.591666666666667,0.40625,TRUE,5.025000000000002,0.22443181818181818,2,1.9563333333336221,-0.14000000000002055,rising,0.08358662613981763,fringe
2552,forward,13.591666666666667,434.93333333333334,32,7,6,13,0.40625,1,12.169851666666666,0.39705882352941174,TRUE,-1.4218150000000005,-0.009191176470588258,2,-2.3799999999997232,0.040909090909086177,declining,0.5,middle
2553,forward,12.169851666666666,827.5499133333333,68,10,17,27,0.39705882352941174,1,14.704725,0.43283582089552236,FALSE,2.5348733333333335,0.03577699736611062,2,5.024999999998097,0.22443181818173305,rising,0.2516703786191537,fringe
2554,forward,11.35,11.35,1,0,0,0,0,2,11.392,0.12,TRUE,0.041999999999999815,0.12,NA,NA,NA,insufficient_history,0.28130360205831906,fringe
2555,forward,11.833333333333334,153.83333333333334,13,0,0,0,0,1,10.950666666666667,0.24,TRUE,-0.8826666666666672,0.24,1,NA,NA,insufficient_history,0.33275862068965517,fringe
2556,forward,10.950666666666667,547.5333333333333,50,7,5,12,0.24,1,13.892038333333332,0.40298507462686567,FALSE,2.941371666666665,0.16298507462686568,2,0.48333333333315065,0,rising,0.25689655172413794,fringe
2557,NA,NA,NA,NA,NA,NA,NA,NA,2,13.919977499999998,0.3681592039800995,TRUE,NA,NA,3,-0.19966666666677463,0.12000000000003985,stable,NA,NA
2558,forward,11.331913333333336,532.5999266666668,47,3,7,10,0.2127659574468085,1,12.034523333333334,0.42857142857142855,TRUE,0.7026099999999982,0.21580547112462004,2,0.05587833333331287,-0.0696517412935058,stable,0.16703786191536749,fringe
2559,NA,NA,NA,NA,NA,NA,NA,NA,2,11.173895833333335,0.1643835616438356,FALSE,NA,NA,NA,NA,NA,insufficient_history,NA,NA
2560,forward,12.165713333333334,425.7999666666667,35,7,9,16,0.45714285714285713,1,11.070311666666667,0.1875,TRUE,-1.0954016666666675,-0.26964285714285713,2,0.885007499999899,0.16438356164381654,rising,0.37987012987012986,middle
2561,forward,11.070311666666667,354.24997333333334,32,2,4,6,0.1875,0,NA,NA,FALSE,NA,NA,2,0.1068099999999573,0.12837573385513715,stable,0.13140311804008908,fringe
2562,NA,NA,NA,NA,NA,NA,NA,NA,1,15.975,0.16666666666666666,FALSE,NA,NA,NA,NA,NA,insufficient_history,NA,NA
2563,defense,20.00024833333333,1340.0166383333333,67,6,10,16,0.23880597014925373,2,19.319815,0.27835497835497836,FALSE,-0.6804333333333332,0.03954900820572463,2,1.838976666666455,0.024261603375524646,rising,0.7177177177177178,top
2564,NA,NA,NA,NA,NA,NA,NA,NA,2,15.846242499999999,0.47176434676434675,FALSE,NA,NA,NA,NA,NA,insufficient_history,NA,NA
2565,NA,NA,NA,NA,NA,NA,NA,NA,4,16.458302083333333,0.49449739245291613,FALSE,NA,NA,1,NA,NA,insufficient_history,NA,NA
2566,NA,NA,NA,NA,NA,NA,NA,NA,1,12.85398,0.31343283582089554,FALSE,NA,NA,NA,NA,NA,insufficient_history,NA,NA
2567,forward,12.85398,861.21666,67,6,15,21,0.31343283582089554,1,17.420475,0.35714285714285715,TRUE,4.566495,0.04371002132196161,NA,NA,NA,insufficient_history,0.44376899696048633,middle
2568,forward,17.420475,1219.43325,70,9,16,25,0.35714285714285715,2,16.542365,0.49636363636363634,TRUE,-0.8781099999999995,0.1392207792207792,1,NA,NA,insufficient_history,0.8116883116883117,top
2569,defense,18.080000000000002,90.4,5,0,3,3,0.6,2,23.568046666666667,0.8370743034055728,FALSE,5.488046666666666,0.23707430340557278,NA,NA,NA,insufficient_history,0.5432098765432098,middle
2570,NA,NA,NA,NA,NA,NA,NA,NA,4,25.279444583333333,1.0416214081169153,FALSE,NA,NA,2,3.804558333333893,0.17941176470590886,rising,NA,NA
2571,NA,NA,NA,NA,NA,NA,NA,NA,2,17.479576666666667,0.6267605633802817,FALSE,NA,NA,NA,NA,NA,insufficient_history,NA,NA
2572,NA,NA,NA,NA,NA,NA,NA,NA,4,18.7426875,0.8949616959853289,FALSE,NA,NA,2,2.909390000000439,-0.014084507042255468,rising,NA,NA
2573,NA,NA,NA,NA,NA,NA,NA,NA,1,12.760093333333336,0.29577464788732394,FALSE,NA,NA,NA,NA,NA,insufficient_history,NA,NA
2574,forward,12.760093333333336,905.9666266666668,71,9,12,21,0.29577464788732394,1,14.185671666666668,0.40350877192982454,TRUE,1.4255783333333323,0.1077341240425006,NA,NA,NA,insufficient_history,0.43465045592705165,middle
2575,forward,14.185671666666668,808.583285,57,11,12,23,0.40350877192982454,2,15.448774166666666,0.5033670033670034,TRUE,1.2631024999999987,0.09985823143717881,1,NA,NA,insufficient_history,0.5405844155844156,middle
2576,NA,NA,NA,NA,NA,NA,NA,NA,1,12.354761666666667,0.14285714285714285,FALSE,NA,NA,NA,NA,NA,insufficient_history,NA,NA
2577,defense,18.516463333333334,1518.3499933333335,82,8,32,40,0.4878048780487805,2,23.219749166666666,0.8990299823633157,TRUE,4.703285833333332,0.4112251043145352,1,NA,NA,insufficient_history,0.5735735735735735,middle
2578,NA,NA,NA,NA,NA,NA,NA,NA,2,13.469444166666666,0.2,FALSE,NA,NA,NA,NA,NA,insufficient_history,NA,NA
2579,NA,NA,NA,NA,NA,NA,NA,NA,1,15.485624999999999,0.3625,TRUE,NA,NA,2,0.8811116666668002,0.133333333333353,rising,NA,NA
2580,forward,15.485624999999999,1238.85,80,16,13,29,0.3625,2,14.337409999999998,0.23431931575196008,TRUE,-1.1482150000000004,-0.1281806842480399,2,0.8811116666668002,0.133333333333353,rising,0.6808510638297872,top
2581,forward,14.340941666666666,659.6833166666667,46,5,6,11,0.2391304347826087,1,13.793283333333333,0.208955223880597,TRUE,-0.5476583333333327,-0.030175210902011695,2,-1.1517466666662264,-0.13299180327863808,declining,0.44766146993318484,middle
2582,NA,NA,NA,NA,NA,NA,NA,NA,2,21.083863333333333,0.20995670995670995,FALSE,NA,NA,NA,NA,NA,insufficient_history,NA,NA
2583,defense,19.991666666666667,839.65,42,0,10,10,0.23809523809523808,3,20.48839166666667,0.1855438405961054,FALSE,0.4967250000000014,-0.05255139749913268,NA,NA,NA,insufficient_history,0.7151162790697675,top
2584,NA,NA,NA,NA,NA,NA,NA,NA,1,13.214393333333334,0.22727272727272727,FALSE,NA,NA,NA,NA,NA,insufficient_history,NA,NA
2585,forward,12.775924999999999,1034.849925,81,9,11,20,0.24691358024691357,1,13.956458333333336,0.35,TRUE,1.1805333333333365,0.10308641975308641,1,NA,NA,insufficient_history,0.43506493506493504,middle
2586,forward,13.956458333333336,1116.5166666666669,80,12,16,28,0.35,1,12.060316666666667,0.19047619047619047,FALSE,-1.8961416666666686,-0.1595238095238095,2,-0.4384683333331671,0.019640852974178877,declining,0.42538975501113585,middle
2587,NA,NA,NA,NA,NA,NA,NA,NA,2,21.2800175,0.39410311824637234,FALSE,NA,NA,NA,NA,NA,insufficient_history,NA,NA
2588,defense,21.952108333333335,1734.2165583333335,79,9,34,43,0.5443037974683544,2,21.775760833333333,0.3336538461538462,TRUE,-0.1763475000000021,-0.21064995131450825,1,NA,NA,insufficient_history,0.8618618618618619,top
2589,NA,NA,NA,NA,NA,NA,NA,NA,1,9.958333333333334,0,FALSE,NA,NA,NA,NA,NA,insufficient_history,NA,NA
2590,NA,NA,NA,NA,NA,NA,NA,NA,0,NA,NA,FALSE,NA,NA,1,NA,NA,insufficient_history,NA,NA
2591,NA,NA,NA,NA,NA,NA,NA,NA,0,NA,NA,FALSE,NA,NA,NA,NA,NA,insufficient_history,NA,NA
2592,defense,16.454166666666666,526.5333333333333,32,0,5,5,0.15625,2,13.458076666666667,0.038461538461538464,TRUE,-2.996089999999999,-0.11778846153846154,1,NA,NA,insufficient_history,0.4084084084084084,middle
2593,NA,NA,NA,NA,NA,NA,NA,NA,2,13.367539166666667,0.3263009845288326,FALSE,NA,NA,NA,NA,NA,insufficient_history,NA,NA
2594,NA,NA,NA,NA,NA,NA,NA,NA,1,12.023231666666668,0.4393939393939394,TRUE,NA,NA,2,-0.7480416666667775,-0.20815752461325143,declining,NA,NA
2595,forward,12.023231666666668,793.5332900000001,66,12,17,29,0.4393939393939394,3,13.930346666666667,0.43633984621943867,FALSE,1.9071149999999992,-0.003054093174500727,2,-0.7480416666667775,-0.20815752461325143,declining,0.3677811550151976,middle
2596,NA,NA,NA,NA,NA,NA,NA,NA,2,15.692368333333334,0.6741391678622669,FALSE,NA,NA,NA,NA,NA,insufficient_history,NA,NA
2597,NA,NA,NA,NA,NA,NA,NA,NA,4,17.44103,0.8269714998396143,FALSE,NA,NA,2,2.091243333333639,0.44583931133435556,rising,NA,NA
2598,NA,NA,NA,NA,NA,NA,NA,NA,1,17.878888333333336,0.06666666666666667,FALSE,NA,NA,NA,NA,NA,insufficient_history,NA,NA
2599,defense,16.595833333333335,66.38333333333334,4,0,0,0,0,0,NA,NA,FALSE,NA,NA,1,NA,NA,insufficient_history,0.4264264264264264,middle
2600,NA,NA,NA,NA,NA,NA,NA,NA,0,NA,NA,FALSE,NA,NA,2,-1.2830549999995111,-0.06666666666664135,declining,NA,NA
2601,NA,NA,NA,NA,NA,NA,NA,NA,1,18.549443333333333,0.3333333333333333,FALSE,NA,NA,NA,NA,NA,insufficient_history,NA,NA
2602,NA,NA,NA,NA,NA,NA,NA,NA,1,18.549443333333333,0.3333333333333333,TRUE,NA,NA,NA,NA,NA,insufficient_history,NA,NA
2603,defense,18.549443333333333,556.4833,30,1,9,10,0.3333333333333333,1,14.91051166666667,0.15384615384615385,TRUE,-3.6389316666666627,-0.17948717948717946,NA,NA,NA,insufficient_history,0.46586345381526106,middle
2604,NA,NA,NA,NA,NA,NA,NA,NA,3,13.007491111111111,0.5251303935514462,TRUE,NA,NA,NA,NA,NA,insufficient_history,NA,NA
2605,forward,12.279053333333335,908.6499466666668,74,8,19,27,0.36486486486486486,1,12.874316666666665,0.22950819672131148,FALSE,0.5952633333333299,-0.13535666814355338,2,-5.173246666664704,-0.7894736842102266,declining,0.2650334075723831,fringe
2606,NA,NA,NA,NA,NA,NA,NA,NA,0,NA,NA,FALSE,NA,NA,NA,NA,NA,insufficient_history,NA,NA
2607,forward,5.327776666666667,15.98333,3,0,0,0,0,0,NA,NA,FALSE,NA,NA,NA,NA,NA,insufficient_history,0.003246753246753247,fringe
2608,NA,NA,NA,NA,NA,NA,NA,NA,0,NA,NA,FALSE,NA,NA,1,NA,NA,insufficient_history,NA,NA
2609,NA,NA,NA,NA,NA,NA,NA,NA,2,20.225483333333333,0.6072757337742869,FALSE,NA,NA,NA,NA,NA,insufficient_history,NA,NA
2610,NA,NA,NA,NA,NA,NA,NA,NA,3,25.07750888888889,0.7755974992086103,TRUE,NA,NA,2,-1.8600066666669324,0.1413807358412776,declining,NA,NA
2611,defense,25.795725,2012.06655,78,15,58,73,0.9358974358974359,2,24.898098333333337,0.8068204816838697,FALSE,-0.8976266666666639,-0.12907695421356624,2,2.3594474999997246,-0.007733050847456753,rising,0.993993993993994,top
2612,NA,NA,NA,NA,NA,NA,NA,NA,0,NA,NA,FALSE,NA,NA,NA,NA,NA,insufficient_history,NA,NA
2613,NA,NA,NA,NA,NA,NA,NA,NA,1,11.782811666666667,0.21875,TRUE,NA,NA,NA,NA,NA,insufficient_history,NA,NA
2614,forward,11.782811666666667,754.0999466666667,64,4,10,14,0.21875,0,NA,NA,FALSE,NA,NA,NA,NA,NA,insufficient_history,0.24288840262582057,fringe
2615,NA,NA,NA,NA,NA,NA,NA,NA,2,12.694906666666666,0.08333333333333333,FALSE,NA,NA,NA,NA,NA,insufficient_history,NA,NA
2616,forward,9.889813333333333,178.01664,18,0,3,3,0.16666666666666666,0,NA,NA,FALSE,NA,NA,1,NA,NA,insufficient_history,0.15422077922077923,fringe
2617,NA,NA,NA,NA,NA,NA,NA,NA,0,NA,NA,FALSE,NA,NA,NA,NA,NA,insufficient_history,NA,NA
2618,forward,10.094948333333333,666.26659,66,3,12,15,0.22727272727272727,2,9.7392125,0.08682266009852216,TRUE,-0.35573583333333225,-0.1404500671742051,1,NA,NA,insufficient_history,0.18344155844155843,fringe
2619,NA,NA,NA,NA,NA,NA,NA,NA,0,NA,NA,FALSE,NA,NA,NA,NA,NA,insufficient_history,NA,NA
2620,forward,14.200404999999998,1164.43321,82,9,19,28,0.34146341463414637,1,12.671428333333333,0.21428571428571427,TRUE,-1.528976666666665,-0.1271777003484321,1,NA,NA,insufficient_history,0.5422077922077922,middle
2621,forward,12.671428333333333,532.19999,42,2,7,9,0.21428571428571427,1,11.811903333333333,0.125,FALSE,-0.8595249999999997,-0.08928571428571427,2,3.583738333331971,0.34146341463401686,rising,0.3051224944320713,fringe
2622,NA,NA,NA,NA,NA,NA,NA,NA,1,11.1425,0.2,FALSE,NA,NA,NA,NA,NA,insufficient_history,NA,NA
2623,forward,16.116943333333335,967.0166000000002,60,10,14,24,0.4,2,17.25569916666667,0.413710273466371,TRUE,1.1387558333333345,0.013710273466370992,1,NA,NA,insufficient_history,0.71580547112462,top
2624,forward,17.013635,561.449955,33,3,7,10,0.30303030303030304,1,16.119951666666665,0.5492957746478874,FALSE,-0.8936833333333354,0.24626547161758433,2,1.380819999999484,0.12439024390239188,rising,0.7104677060133631,top
2625,NA,NA,NA,NA,NA,NA,NA,NA,0,NA,NA,FALSE,NA,NA,NA,NA,NA,insufficient_history,NA,NA
2626,NA,NA,NA,NA,NA,NA,NA,NA,0,NA,NA,FALSE,NA,NA,NA,NA,NA,insufficient_history,NA,NA
2627,NA,NA,NA,NA,NA,NA,NA,NA,1,9.810143333333334,0.13043478260869565,FALSE,NA,NA,NA,NA,NA,insufficient_history,NA,NA
2628,NA,NA,NA,NA,NA,NA,NA,NA,1,14.216666666666669,0.5,FALSE,NA,NA,NA,NA,NA,insufficient_history,NA,NA
2629,forward,11.85,11.85,1,0,0,0,0,1,12.134676666666667,0.22580645161290322,FALSE,0.2846766666666678,0.22580645161290322,1,NA,NA,insufficient_history,0.34802431610942247,middle
2630,NA,NA,NA,NA,NA,NA,NA,NA,0,NA,NA,FALSE,NA,NA,2,0.2846766666665594,0.22580645161281757,stable,NA,NA
2631,forward,14.175,141.75,10,2,1,3,0.3,2,13.302736666666668,0.35256643611212235,TRUE,-0.8722633333333327,0.05256643611212236,NA,NA,NA,insufficient_history,0.574468085106383,middle
2632,forward,13.98109666666667,1146.449926666667,82,12,14,26,0.3170731707317073,2,13.052915833333333,0.3489594282110574,TRUE,-0.9281808333333359,0.03188625747935009,1,NA,NA,insufficient_history,0.5308441558441559,middle
2633,NA,NA,NA,NA,NA,NA,NA,NA,1,15.745096666666665,0.23529411764705882,FALSE,NA,NA,NA,NA,NA,insufficient_history,NA,NA
2634,defense,14.020236666666667,588.8499400000001,42,2,6,8,0.19047619047619047,2,19.35341,0.21707317073170732,TRUE,5.333173333333333,0.02659698025551685,1,NA,NA,insufficient_history,0.18618618618618618,fringe
2635,NA,NA,NA,NA,NA,NA,NA,NA,0,NA,NA,FALSE,NA,NA,NA,NA,NA,insufficient_history,NA,NA
2636,forward,8.416666666666666,8.416666666666666,1,0,0,0,0,0,NA,NA,FALSE,NA,NA,1,NA,NA,insufficient_history,0.0698051948051948,fringe
2637,NA,NA,NA,NA,NA,NA,NA,NA,0,NA,NA,FALSE,NA,NA,2,-0.8649999999996703,-0.09999999999996204,declining,NA,NA
2638,NA,NA,NA,NA,NA,NA,NA,NA,1,13.276959999999999,0.20588235294117646,FALSE,NA,NA,NA,NA,NA,insufficient_history,NA,NA
2639,defense,21.460833333333333,1716.8666666666668,80,13,38,51,0.6375,3,22.836705555555557,0.6968507546709649,TRUE,1.375872222222224,0.059350754670964956,1,NA,NA,insufficient_history,0.8226744186046512,top
2640,NA,NA,NA,NA,NA,NA,NA,NA,1,10.994443333333333,0.16666666666666666,FALSE,NA,NA,NA,NA,NA,insufficient_history,NA,NA
2641,forward,16.341666666666665,32.68333333333333,2,0,0,0,0,1,12.188518333333331,0.044444444444444446,TRUE,-4.153148333333334,0.044444444444444446,1,NA,NA,insufficient_history,0.7126623376623377,top
2642,forward,12.188518333333331,548.4833249999999,45,0,2,2,0.044444444444444446,0,NA,NA,FALSE,NA,NA,2,5.347223333331307,-0.16666666666660337,rising,0.2561247216035635,fringe
2643,NA,NA,NA,NA,NA,NA,NA,NA,1,16.222356666666666,0.3170731707317073,FALSE,NA,NA,NA,NA,NA,insufficient_history,NA,NA
2644,defense,17.045833333333334,886.3833333333334,52,11,11,22,0.4230769230769231,3,16.829927777777776,0.4089360849529152,TRUE,-0.21590555555555824,-0.014140838124007848,1,NA,NA,insufficient_history,0.48255813953488375,middle
2645,defense,18.283333333333335,639.9166666666667,35,1,9,10,0.2857142857142857,1,13.573116666666666,0.41935483870967744,TRUE,-4.710216666666669,0.13364055299539174,2,1.5874999999993962,0.09866220735782211,rising,0.4457831325301205,middle
2646,NA,NA,NA,NA,NA,NA,NA,NA,1,14.314879999999997,0.2857142857142857,FALSE,NA,NA,NA,NA,NA,insufficient_history,NA,NA
2647,defense,16.959476666666667,864.93331,51,5,11,16,0.3137254901960784,2,20.223673333333334,0.41559652029826016,TRUE,3.264196666666667,0.10187103010218174,1,NA,NA,insufficient_history,0.4738372093023256,middle
2648,defense,21.120586666666668,1436.1998933333334,68,3,20,23,0.3382352941176471,1,19.032141666666668,0.38571428571428573,FALSE,-2.088445,0.04747899159663865,2,2.3672833333324403,0.17923225628272685,rising,0.7469879518072289,top
2649,NA,NA,NA,NA,NA,NA,NA,NA,1,16.666666666666668,0,FALSE,NA,NA,NA,NA,NA,insufficient_history,NA,NA
2650,NA,NA,NA,NA,NA,NA,NA,NA,0,NA,NA,FALSE,NA,NA,1,NA,NA,insufficient_history,NA,NA
2651,NA,NA,NA,NA,NA,NA,NA,NA,3,14.782367222222222,0.2495668549905838,TRUE,NA,NA,NA,NA,NA,insufficient_history,NA,NA
2652,defense,14.106213333333333,832.2665866666666,59,2,17,19,0.3220338983050847,1,15.011110000000002,0.1282051282051282,TRUE,0.9048966666666693,-0.19382877009995653,2,2.376888333332434,0.10666666666662623,rising,0.10843373493975904,fringe
2653,NA,NA,NA,NA,NA,NA,NA,NA,3,15.492978333333333,0.12402534113060429,TRUE,NA,NA,NA,NA,NA,insufficient_history,NA,NA
2654,defense,16.016666666666666,304.31666666666666,19,0,1,1,0.05263157894736842,2,14.364351666666668,0.20833333333333331,TRUE,-1.652314999999998,0.1557017543859649,1,NA,NA,insufficient_history,0.3663663663663664,middle
2655,NA,NA,NA,NA,NA,NA,NA,NA,0,NA,NA,FALSE,NA,NA,NA,NA,NA,insufficient_history,NA,NA
2656,forward,8.864491666666668,203.88330833333336,23,4,3,7,0.30434782608695654,2,10.130705833333334,0.17028985507246375,TRUE,1.266214166666666,-0.1340579710144928,NA,NA,NA,insufficient_history,0.08928571428571429,fringe
2657,NA,NA,NA,NA,NA,NA,NA,NA,0,NA,NA,FALSE,NA,NA,NA,NA,NA,insufficient_history,NA,NA
2658,defense,20.201851666666666,181.816665,9,1,3,4,0.4444444444444444,0,NA,NA,FALSE,NA,NA,1,NA,NA,insufficient_history,0.7387387387387387,top
2659,NA,NA,NA,NA,NA,NA,NA,NA,1,13.664583333333333,0.25,TRUE,NA,NA,2,2.7061449999989744,0.14141414141408776,rising,NA,NA
2660,defense,16.279999999999998,162.79999999999998,10,1,0,1,0.1,2,18.062165,0.25576923076923075,TRUE,1.7821650000000027,0.15576923076923074,NA,NA,NA,insufficient_history,0.4011627906976744,middle
2661,defense,18.652306666666668,1212.3999333333334,65,4,13,17,0.26153846153846155,2,14.293194999999999,0.1939655172413793,TRUE,-4.359111666666669,-0.06757294429708224,1,NA,NA,insufficient_history,0.5915915915915916,middle
2662,NA,NA,NA,NA,NA,NA,NA,NA,1,10.67564,0.23076923076923078,FALSE,NA,NA,NA,NA,NA,insufficient_history,NA,NA
2663,forward,5.908333333333333,11.816666666666666,2,0,0,0,0,0,NA,NA,FALSE,NA,NA,1,NA,NA,insufficient_history,0.006493506493506494,fringe
2664,NA,NA,NA,NA,NA,NA,NA,NA,1,7.691666666666666,0,TRUE,NA,NA,2,-4.767306666664854,-0.2307692307691432,declining,NA,NA
2665,NA,NA,NA,NA,NA,NA,NA,NA,2,16.44363166666667,0.3282051282051282,FALSE,NA,NA,NA,NA,NA,insufficient_history,NA,NA
2666,defense,15.79282,1026.5333,65,5,16,21,0.3230769230769231,1,17.879106666666665,0.36619718309859156,FALSE,2.0862866666666644,0.043120260021668466,1,NA,NA,insufficient_history,0.22088353413654618,fringe
2667,NA,NA,NA,NA,NA,NA,NA,NA,2,16.30157666666667,0.4810951760104302,TRUE,NA,NA,NA,NA,NA,insufficient_history,NA,NA
2668,forward,16.413888333333336,1280.28329,78,23,19,42,0.5384615384615384,1,18.818158333333333,0.9402985074626866,FALSE,2.404269999999997,0.4018369690011482,1,NA,NA,insufficient_history,0.6525612472160356,middle
2669,NA,NA,NA,NA,NA,NA,NA,NA,1,13.73943,0.0975609756097561,TRUE,NA,NA,NA,NA,NA,insufficient_history,NA,NA
2670,defense,13.73943,563.31663,41,0,4,4,0.0975609756097561,1,14.191501666666666,0.0784313725490196,TRUE,0.4520716666666651,-0.019129603060736494,NA,NA,NA,insufficient_history,0.19135802469135801,fringe
2671,defense,14.191501666666666,723.766585,51,0,4,4,0.0784313725490196,0,NA,NA,FALSE,NA,NA,1,NA,NA,insufficient_history,0.19269102990033224,fringe
2672,NA,NA,NA,NA,NA,NA,NA,NA,1,17.457575000000002,0.19480519480519481,TRUE,NA,NA,2,0.452071666666736,-0.019129603060739325,rising,NA,NA
2673,defense,17.457575000000002,1344.233275,77,2,13,15,0.19480519480519481,2,16.066798333333335,0.1569952305246423,TRUE,-1.3907766666666674,-0.03780996428055253,2,0.452071666666736,-0.019129603060739325,rising,0.5145348837209303,middle
2674,defense,17.124773333333334,1267.2332266666667,74,0,8,8,0.10810810810810811,1,17.189705,0.19117647058823528,FALSE,0.06493166666666639,0.08306836248012717,2,-2.448751666665734,0.011077158135977424,declining,0.357429718875502,middle
2675,NA,NA,NA,NA,NA,NA,NA,NA,1,9.896189999999999,0.17142857142857143,FALSE,NA,NA,NA,NA,NA,insufficient_history,NA,NA
2676,forward,9.896189999999999,346.36664999999994,35,2,4,6,0.17142857142857143,2,11.305966666666666,0.23948948948948948,TRUE,1.4097766666666676,0.06806091806091805,NA,NA,NA,insufficient_history,0.1702127659574468,fringe
2677,forward,11.65,862.1,74,11,8,19,0.25675675675675674,1,10.86228,0.18421052631578946,TRUE,-0.7877200000000002,-0.07254623044096728,2,1.065743333332931,0.05079365079363153,rising,0.2026726057906459,fringe
2678,NA,NA,NA,NA,NA,NA,NA,NA,1,12.95,0,FALSE,NA,NA,NA,NA,NA,insufficient_history,NA,NA
2679,NA,NA,NA,NA,NA,NA,NA,NA,1,16.529031666666665,0.2903225806451613,TRUE,NA,NA,1,NA,NA,insufficient_history,NA,NA
2680,defense,16.529031666666665,512.3999816666666,31,3,6,9,0.2903225806451613,1,17.209288333333333,0.19672131147540983,TRUE,0.6802566666666685,-0.09360126916975148,1,NA,NA,insufficient_history,0.30522088353413657,fringe
2681,NA,NA,NA,NA,NA,NA,NA,NA,1,10.419818333333334,0.35135135135135137,FALSE,NA,NA,NA,NA,NA,insufficient_history,NA,NA
2682,forward,10.419818333333334,385.5332783333333,37,5,8,13,0.35135135135135137,2,12.2849775,0.28671775223499363,TRUE,1.8651591666666665,-0.06463359911635774,NA,NA,NA,insufficient_history,0.21428571428571427,fringe
2683,NA,NA,NA,NA,NA,NA,NA,NA,0,NA,NA,FALSE,NA,NA,1,NA,NA,insufficient_history,NA,NA
2684,NA,NA,NA,NA,NA,NA,NA,NA,1,14.641666666666667,0.15384615384615385,FALSE,NA,NA,NA,NA,NA,insufficient_history,NA,NA
2685,defense,14.641666666666667,380.68333333333334,26,1,3,4,0.15384615384615385,2,13.342848333333333,0.14190981432360744,TRUE,-1.298818333333335,-0.011936339522546413,NA,NA,NA,insufficient_history,0.24624624624624625,fringe
2686,defense,14.235056666666667,412.81664333333333,29,3,3,6,0.20689655172413793,0,NA,NA,FALSE,NA,NA,2,-2.191026666665838,-0.07692307692304773,declining,0.14453125,fringe
2687,NA,NA,NA,NA,NA,NA,NA,NA,1,13.4597,0.417910447761194,FALSE,NA,NA,NA,NA,NA,insufficient_history,NA,NA
2688,NA,NA,NA,NA,NA,NA,NA,NA,1,12.863541666666666,0.296875,TRUE,NA,NA,1,NA,NA,insufficient_history,NA,NA
2689,NA,NA,NA,NA,NA,NA,NA,NA,2,19.921931666666666,0.22701532311792139,FALSE,NA,NA,NA,NA,NA,insufficient_history,NA,NA
2690,defense,20.394303333333333,1611.1499633333333,79,3,10,13,0.16455696202531644,3,21.024303888888888,0.29813731860515486,TRUE,0.6300005555555543,0.1335803565798384,NA,NA,NA,insufficient_history,0.7325581395348837,top
2691,NA,NA,NA,NA,NA,NA,NA,NA,2,4.304544999999999,0.022727272727272728,FALSE,NA,NA,NA,NA,NA,insufficient_history,NA,NA
2692,forward,2.466666666666667,4.933333333333334,2,0,0,0,0,2,9.678005,0.15496098104793757,TRUE,7.211338333333334,0.15496098104793757,1,NA,NA,insufficient_history,0,fringe
2693,forward,9.258546666666668,361.08332,39,3,4,7,0.1794871794871795,1,9.013791666666666,0.1724137931034483,FALSE,-0.2447550000000014,-0.0070733863837312005,2,7.630796666663771,0.13043478260864616,rising,0.0467706013363029,fringe
2694,NA,NA,NA,NA,NA,NA,NA,NA,0,NA,NA,FALSE,NA,NA,NA,NA,NA,insufficient_history,NA,NA
2695,NA,NA,NA,NA,NA,NA,NA,NA,0,NA,NA,FALSE,NA,NA,NA,NA,NA,insufficient_history,NA,NA
2696,NA,NA,NA,NA,NA,NA,NA,NA,1,12.719576666666667,0.38095238095238093,TRUE,NA,NA,NA,NA,NA,insufficient_history,NA,NA
2697,forward,12.719576666666667,801.33333,63,8,16,24,0.38095238095238093,1,13.899516666666667,0.3333333333333333,FALSE,1.1799400000000002,-0.047619047619047616,NA,NA,NA,insufficient_history,0.30957683741648107,fringe
2698,NA,NA,NA,NA,NA,NA,NA,NA,0,NA,NA,FALSE,NA,NA,NA,NA,NA,insufficient_history,NA,NA
2699,forward,8.811903333333333,61.683323333333334,7,2,0,2,0.2857142857142857,3,12.929946666666668,0.3173315811937013,TRUE,4.118043333333334,0.03161729547941561,NA,NA,NA,insufficient_history,0.09878419452887538,fringe
2700,NA,NA,NA,NA,NA,NA,NA,NA,1,11.986926666666667,0.3333333333333333,FALSE,NA,NA,NA,NA,NA,insufficient_history,NA,NA
2701,NA,NA,NA,NA,NA,NA,NA,NA,1,9.10098,0.058823529411764705,FALSE,NA,NA,NA,NA,NA,insufficient_history,NA,NA
2702,forward,9.10098,154.71666,17,1,0,1,0.058823529411764705,0,NA,NA,FALSE,NA,NA,NA,NA,NA,insufficient_history,0.10551948051948051,fringe
2703,NA,NA,NA,NA,NA,NA,NA,NA,1,11.001851666666665,0.25396825396825395,TRUE,NA,NA,1,NA,NA,insufficient_history,NA,NA
2704,NA,NA,NA,NA,NA,NA,NA,NA,1,17.610416666666666,0.25,FALSE,NA,NA,NA,NA,NA,insufficient_history,NA,NA
2705,NA,NA,NA,NA,NA,NA,NA,NA,0,NA,NA,FALSE,NA,NA,1,NA,NA,insufficient_history,NA,NA
2706,NA,NA,NA,NA,NA,NA,NA,NA,1,15.457893333333333,0.3157894736842105,FALSE,NA,NA,NA,NA,NA,insufficient_history,NA,NA
2707,defense,15.457893333333333,293.69997333333333,19,0,6,6,0.3157894736842105,0,NA,NA,FALSE,NA,NA,NA,NA,NA,insufficient_history,0.3372093023255814,middle
2708,NA,NA,NA,NA,NA,NA,NA,NA,1,15.271913333333332,0.3148148148148148,TRUE,NA,NA,1,NA,NA,insufficient_history,NA,NA
2709,defense,15.271913333333332,824.68332,54,0,17,17,0.3148148148148148,1,15.86515,0.2727272727272727,TRUE,0.5932366666666677,-0.04208754208754212,1,NA,NA,insufficient_history,0.18072289156626506,fringe
2710,NA,NA,NA,NA,NA,NA,NA,NA,0,NA,NA,FALSE,NA,NA,NA,NA,NA,insufficient_history,NA,NA
2711,NA,NA,NA,NA,NA,NA,NA,NA,1,14.066666666666666,0,TRUE,NA,NA,NA,NA,NA,insufficient_history,NA,NA
2712,NA,NA,NA,NA,NA,NA,NA,NA,0,NA,NA,FALSE,NA,NA,NA,NA,NA,insufficient_history,NA,NA
2713,NA,NA,NA,NA,NA,NA,NA,NA,2,15.462948333333333,0.5026315789473684,TRUE,NA,NA,NA,NA,NA,insufficient_history,NA,NA
2714,forward,14.418221666666668,1081.366625,75,13,17,30,0.4,2,17.159467500000005,0.5564774090363854,TRUE,2.7412458333333376,0.1564774090363854,1,NA,NA,insufficient_history,0.5665584415584416,middle
2715,forward,17.314836666666668,1419.8166066666668,82,31,28,59,0.7195121951219512,1,17.00409833333334,0.39344262295081966,FALSE,-0.31073833333332956,-0.3260695721711315,2,-2.0894533333325374,-0.20526315789465888,declining,0.734966592427617,top
2716,NA,NA,NA,NA,NA,NA,NA,NA,0,NA,NA,FALSE,NA,NA,NA,NA,NA,insufficient_history,NA,NA
2717,NA,NA,NA,NA,NA,NA,NA,NA,1,9.616666666666667,0,TRUE,NA,NA,NA,NA,NA,insufficient_history,NA,NA
2718,forward,9.616666666666667,9.616666666666667,1,0,0,0,0,0,NA,NA,FALSE,NA,NA,NA,NA,NA,insufficient_history,0.137987012987013,fringe
2719,NA,NA,NA,NA,NA,NA,NA,NA,0,NA,NA,FALSE,NA,NA,1,NA,NA,insufficient_history,NA,NA
2720,NA,NA,NA,NA,NA,NA,NA,NA,2,15.158455833333335,0.41911764705882354,TRUE,NA,NA,NA,NA,NA,insufficient_history,NA,NA
2721,forward,17.229411666666667,585.7999966666667,34,14,6,20,0.5882352941176471,1,12.637776666666667,0.2222222222222222,FALSE,-4.591635,-0.36601307189542487,1,NA,NA,insufficient_history,0.7987012987012987,top
2722,NA,NA,NA,NA,NA,NA,NA,NA,2,8.705416666666668,0.2,FALSE,NA,NA,NA,NA,NA,insufficient_history,NA,NA
2723,forward,7.040000000000001,35.2,5,1,1,2,0.4,0,NA,NA,FALSE,NA,NA,1,NA,NA,insufficient_history,0.027597402597402596,fringe
2724,NA,NA,NA,NA,NA,NA,NA,NA,0,NA,NA,FALSE,NA,NA,2,-3.330833333332067,0.3999999999998483,declining,NA,NA
2725,NA,NA,NA,NA,NA,NA,NA,NA,1,14.092451666666667,0.09433962264150944,FALSE,NA,NA,NA,NA,NA,insufficient_history,NA,NA
2726,defense,14.092451666666667,746.8999383333334,53,1,4,5,0.09433962264150944,1,19.349145,0.1282051282051282,TRUE,5.256693333333333,0.03386550556361875,NA,NA,NA,insufficient_history,0.22965116279069767,fringe
2727,defense,19.349145,1509.23331,78,3,7,10,0.1282051282051282,1,17.228125,0.078125,TRUE,-2.1210200000000015,-0.050080128205128194,1,NA,NA,insufficient_history,0.6546546546546547,middle
2728,defense,17.228125,1102.6,64,1,4,5,0.078125,1,16.235353333333332,0.12121212121212122,FALSE,-0.9927716666666662,0.043087121212121215,2,5.256693333331336,0.0338655055636059,rising,0.3654618473895582,middle
2729,NA,NA,NA,NA,NA,NA,NA,NA,1,8.583333333333334,0,FALSE,NA,NA,NA,NA,NA,insufficient_history,NA,NA
2730,NA,NA,NA,NA,NA,NA,NA,NA,1,8.20196,0.11764705882352941,TRUE,NA,NA,1,NA,NA,insufficient_history,NA,NA
2731,NA,NA,NA,NA,NA,NA,NA,NA,1,10.626125,0.16216216216216217,FALSE,NA,NA,NA,NA,NA,insufficient_history,NA,NA
2732,forward,10.626125,393.166625,37,1,5,6,0.16216216216216217,2,10.972169166666667,0.11215538847117794,TRUE,0.34604416666666715,-0.05000677369098423,NA,NA,NA,insufficient_history,0.24316109422492402,fringe
2733,forward,10.932934999999999,459.18326999999994,42,2,3,5,0.11904761904761904,1,9.527776666666666,0,TRUE,-1.4051583333333326,-0.11904761904761904,2,0.385278333333192,-0.05689900426740372,rising,0.12249443207126949,fringe
2734,NA,NA,NA,NA,NA,NA,NA,NA,2,12.494096666666668,0.14583333333333331,FALSE,NA,NA,NA,NA,NA,insufficient_history,NA,NA
2735,defense,15.221526666666668,365.31664,24,0,4,4,0.16666666666666666,0,NA,NA,FALSE,NA,NA,1,NA,NA,insufficient_history,0.3003003003003003,fringe
2736,NA,NA,NA,NA,NA,NA,NA,NA,1,12.717178333333333,0.12307692307692308,TRUE,NA,NA,2,5.45485999999793,0.041666666666650864,rising,NA,NA
2737,defense,12.717178333333333,826.6165916666666,65,1,7,8,0.12307692307692308,0,NA,NA,FALSE,NA,NA,2,5.45485999999793,0.041666666666650864,rising,0.0703125,fringe
2738,NA,NA,NA,NA,NA,NA,NA,NA,1,9.758333333333333,0,FALSE,NA,NA,NA,NA,NA,insufficient_history,NA,NA
2739,defense,9.758333333333333,19.516666666666666,2,0,0,0,0,1,16.62,0.2,TRUE,6.861666666666668,0.2,NA,NA,NA,insufficient_history,0.023255813953488372,fringe
2740,defense,16.62,166.20000000000002,10,0,2,2,0.2,2,14.571538333333333,0.12384615384615386,TRUE,-2.048461666666668,-0.07615384615384616,1,NA,NA,insufficient_history,0.4294294294294294,middle
2741,defense,14.676666666666668,733.8333333333334,50,2,5,7,0.14,1,14.46641,0.1076923076923077,FALSE,-0.21025666666666787,-0.032307692307692315,2,6.861666666664063,0.19999999999992416,rising,0.1285140562248996,fringe
2742,NA,NA,NA,NA,NA,NA,NA,NA,0,NA,NA,FALSE,NA,NA,NA,NA,NA,insufficient_history,NA,NA
2743,defense,13.385713333333333,187.39998666666668,14,0,4,4,0.2857142857142857,1,16.057321666666667,0.3181818181818182,TRUE,2.6716083333333334,0.03246753246753248,1,NA,NA,insufficient_history,0.14714714714714713,fringe
2744,defense,16.057321666666667,1059.78323,66,5,16,21,0.3181818181818182,1,16.480188333333334,0.2641509433962264,FALSE,0.4228666666666676,-0.054030874785591765,2,-2.9609533333322062,0.2857142857141773,declining,0.24899598393574296,fringe
2745,NA,NA,NA,NA,NA,NA,NA,NA,2,7.621770833333334,0.0625,TRUE,NA,NA,NA,NA,NA,insufficient_history,NA,NA
2746,forward,8.430208333333333,134.88333333333333,16,2,0,2,0.125,1,13.871398333333333,0.2962962962962963,FALSE,5.441190000000001,0.17129629629629628,1,NA,NA,insufficient_history,0.0896551724137931,fringe
2747,NA,NA,NA,NA,NA,NA,NA,NA,3,14.342053333333332,0.35065531941869127,TRUE,NA,NA,2,1.6168750000002372,0.12500000000001843,rising,NA,NA
2748,forward,14.950291666666665,852.166625,57,13,12,25,0.43859649122807015,1,14.302173333333334,0.2318840579710145,FALSE,-0.6481183333333309,-0.20671243325705566,2,0.33307166666653903,0.02077687443540313,stable,0.4922048997772829,middle
2749,NA,NA,NA,NA,NA,NA,NA,NA,0,NA,NA,FALSE,NA,NA,NA,NA,NA,insufficient_history,NA,NA
2750,NA,NA,NA,NA,NA,NA,NA,NA,1,11.80606,0.15151515151515152,FALSE,NA,NA,NA,NA,NA,insufficient_history,NA,NA
2751,NA,NA,NA,NA,NA,NA,NA,NA,0,NA,NA,FALSE,NA,NA,NA,NA,NA,insufficient_history,NA,NA
2752,NA,NA,NA,NA,NA,NA,NA,NA,1,9.739371666666667,0.13043478260869565,FALSE,NA,NA,NA,NA,NA,insufficient_history,NA,NA
2753,NA,NA,NA,NA,NA,NA,NA,NA,1,13.720833333333333,0,FALSE,NA,NA,NA,NA,NA,insufficient_history,NA,NA
2754,forward,7.851851666666666,70.666665,9,2,1,3,0.3333333333333333,0,NA,NA,FALSE,NA,NA,1,NA,NA,insufficient_history,0.05357142857142857,fringe
2755,NA,NA,NA,NA,NA,NA,NA,NA,0,NA,NA,FALSE,NA,NA,2,-5.868981666664442,0.3333333333332068,declining,NA,NA
2756,NA,NA,NA,NA,NA,NA,NA,NA,0,NA,NA,FALSE,NA,NA,NA,NA,NA,insufficient_history,NA,NA
2757,NA,NA,NA,NA,NA,NA,NA,NA,0,NA,NA,FALSE,NA,NA,NA,NA,NA,insufficient_history,NA,NA
2758,NA,NA,NA,NA,NA,NA,NA,NA,1,11.671211666666666,0.09090909090909091,TRUE,NA,NA,NA,NA,NA,insufficient_history,NA,NA
2759,forward,11.671211666666666,128.38332833333334,11,1,0,1,0.09090909090909091,1,9.597916666666666,0.125,TRUE,-2.073295,0.03409090909090909,NA,NA,NA,insufficient_history,0.32792207792207795,fringe
2760,forward,9.597916666666666,383.91666666666663,40,2,3,5,0.125,0,NA,NA,FALSE,NA,NA,1,NA,NA,insufficient_history,0.062360801781737196,fringe
2761,NA,NA,NA,NA,NA,NA,NA,NA,0,NA,NA,FALSE,NA,NA,NA,NA,NA,insufficient_history,NA,NA
2762,NA,NA,NA,NA,NA,NA,NA,NA,1,11.556943333333331,0.5833333333333334,TRUE,NA,NA,NA,NA,NA,insufficient_history,NA,NA
2763,forward,11.556943333333331,138.68331999999998,12,4,3,7,0.5833333333333334,1,12.595833333333333,0.3333333333333333,FALSE,1.038890000000002,-0.25000000000000006,NA,NA,NA,insufficient_history,0.331306990881459,fringe
2764,NA,NA,NA,NA,NA,NA,NA,NA,0,NA,NA,FALSE,NA,NA,2,1.0388899999996115,-0.24999999999990516,rising,NA,NA
2765,NA,NA,NA,NA,NA,NA,NA,NA,1,16.599305,0.25,TRUE,NA,NA,NA,NA,NA,insufficient_history,NA,NA
2766,defense,16.599305,398.38332,24,2,4,6,0.25,1,14.70238,0.14285714285714285,TRUE,-1.8969250000000013,-0.10714285714285715,NA,NA,NA,insufficient_history,0.436046511627907,middle
2767,defense,14.70238,102.91666,7,0,1,1,0.14285714285714285,0,NA,NA,FALSE,NA,NA,1,NA,NA,insufficient_history,0.2552552552552553,fringe
2768,NA,NA,NA,NA,NA,NA,NA,NA,0,NA,NA,FALSE,NA,NA,2,-1.8969249999992779,-0.10714285714281649,declining,NA,NA
2769,NA,NA,NA,NA,NA,NA,NA,NA,0,NA,NA,FALSE,NA,NA,2,-1.8969249999992779,-0.10714285714281649,declining,NA,NA
2770,forward,12.783333333333331,25.566666666666663,2,0,0,0,0,1,11.894443333333333,0.3333333333333333,TRUE,-0.8888899999999982,0.3333333333333333,NA,NA,NA,insufficient_history,0.42758620689655175,middle
2771,forward,12.783333333333331,25.566666666666663,2,0,0,0,0,1,11.894443333333333,0.3333333333333333,TRUE,-0.8888899999999982,0.3333333333333333,NA,NA,NA,insufficient_history,0.42758620689655175,middle
2772,forward,11.894443333333333,71.36666,6,0,2,2,0.3333333333333333,1,11.904278333333334,0.2702702702702703,FALSE,0.009835000000000704,-0.06306306306306303,1,NA,NA,insufficient_history,0.35,middle
2773,forward,11.904278333333334,880.9165966666667,74,9,11,20,0.2702702702702703,3,13.213246666666667,0.27074867074867076,TRUE,1.3089683333333326,4.7840047840047584e-4,2,-0.8888900000001294,0.33333333333338244,declining,0.3556231003039514,middle
2774,defense,13.35,26.7,2,0,0,0,0,0,NA,NA,FALSE,NA,NA,NA,NA,NA,insufficient_history,0.1697530864197531,fringe
2775,defense,13.35,26.7,2,0,0,0,0,0,NA,NA,FALSE,NA,NA,NA,NA,NA,insufficient_history,0.1697530864197531,fringe
2776,NA,NA,NA,NA,NA,NA,NA,NA,0,NA,NA,FALSE,NA,NA,1,NA,NA,insufficient_history,NA,NA
2777,NA,NA,NA,NA,NA,NA,NA,NA,0,NA,NA,FALSE,NA,NA,1,NA,NA,insufficient_history,NA,NA
2778,NA,NA,NA,NA,NA,NA,NA,NA,0,NA,NA,FALSE,NA,NA,NA,NA,NA,insufficient_history,NA,NA
2779,forward,11.2,11.2,1,0,0,0,0,2,13.061904166666665,0.34835164835164834,FALSE,1.8619041666666654,0.34835164835164834,NA,NA,NA,insufficient_history,0.2775862068965517,fringe
2780,NA,NA,NA,NA,NA,NA,NA,NA,1,12.163808333333332,0.34285714285714286,TRUE,NA,NA,2,2.7600000000004075,0.35384615384620594,rising,NA,NA
2781,forward,12.163808333333332,851.4665833333332,70,10,14,24,0.34285714285714286,2,12.382396666666667,0.3308442851453604,TRUE,0.21858833333333472,-0.012012857711782454,2,2.7600000000004075,0.35384615384620594,rising,0.38145896656534956,middle
2782,forward,11.820966666666667,732.8999333333334,62,7,8,15,0.24193548387096775,1,12.422955,0.33962264150943394,FALSE,0.6019883333333329,0.0976871576384662,2,0.780018333333041,0.0768959435625812,rising,0.21158129175946547,fringe
2783,defense,21.05,21.05,1,0,1,1,1,0,NA,NA,FALSE,NA,NA,NA,NA,NA,insufficient_history,0.7777777777777778,top
2784,defense,21.05,21.05,1,0,1,1,1,0,NA,NA,FALSE,NA,NA,NA,NA,NA,insufficient_history,0.7777777777777778,top
2785,NA,NA,NA,NA,NA,NA,NA,NA,0,NA,NA,FALSE,NA,NA,1,NA,NA,insufficient_history,NA,NA
2786,NA,NA,NA,NA,NA,NA,NA,NA,0,NA,NA,FALSE,NA,NA,1,NA,NA,insufficient_history,NA,NA
2787,NA,NA,NA,NA,NA,NA,NA,NA,0,NA,NA,FALSE,NA,NA,NA,NA,NA,insufficient_history,NA,NA
2788,NA,NA,NA,NA,NA,NA,NA,NA,0,NA,NA,FALSE,NA,NA,NA,NA,NA,insufficient_history,NA,NA
2789,NA,NA,NA,NA,NA,NA,NA,NA,0,NA,NA,FALSE,NA,NA,NA,NA,NA,insufficient_history,NA,NA
2790,NA,NA,NA,NA,NA,NA,NA,NA,1,8.668055,0.16666666666666666,TRUE,NA,NA,NA,NA,NA,insufficient_history,NA,NA
2791,NA,NA,NA,NA,NA,NA,NA,NA,1,8.955555,0.16666666666666666,FALSE,NA,NA,NA,NA,NA,insufficient_history,NA,NA
2792,forward,8.955555,322.39998,36,3,3,6,0.16666666666666666,2,11.950399166666667,0.2450980392156863,TRUE,2.9948441666666668,0.07843137254901963,NA,NA,NA,insufficient_history,0.10638297872340426,fringe
2793,forward,13.008823333333334,884.5999866666667,68,11,11,22,0.3235294117647059,1,13.15,0.288135593220339,TRUE,0.1411766666666665,-0.035393818544366906,2,1.9364199999992668,0,rising,0.33407572383073497,middle
2794,NA,NA,NA,NA,NA,NA,NA,NA,1,10.366666666666665,0.5714285714285714,FALSE,NA,NA,NA,NA,NA,insufficient_history,NA,NA
2795,NA,NA,NA,NA,NA,NA,NA,NA,1,9.820833333333333,0,TRUE,NA,NA,2,-3.149999999998805,-0.40476190476175095,declining,NA,NA
2796,defense,16.594443333333334,248.91665,15,2,2,4,0.26666666666666666,1,16.741666666666667,0,FALSE,0.14722333333333282,-0.26666666666666666,NA,NA,NA,insufficient_history,0.4331395348837209,middle
2797,defense,16.741666666666667,33.483333333333334,2,0,0,0,0,0,NA,NA,FALSE,NA,NA,1,NA,NA,insufficient_history,0.4444444444444444,middle
2798,NA,NA,NA,NA,NA,NA,NA,NA,1,14.584795000000002,0.38596491228070173,FALSE,NA,NA,NA,NA,NA,insufficient_history,NA,NA
2799,forward,12.505625,1000.45,80,4,13,17,0.2125,1,13.64362666666667,0.2647058823529412,FALSE,1.1380016666666695,0.052205882352941185,2,-0.7483099999997184,-0.0346135609293372,declining,0.27839643652561247,fringe
2800,NA,NA,NA,NA,NA,NA,NA,NA,2,16.154955,0.3654017857142857,FALSE,NA,NA,NA,NA,NA,insufficient_history,NA,NA
2801,forward,18.044285,1263.0999499999998,70,9,17,26,0.37142857142857144,3,15.728776666666667,0.6803791086912684,FALSE,-2.315508333333332,0.30895053726269694,1,NA,NA,insufficient_history,0.8541033434650456,top
2802,NA,NA,NA,NA,NA,NA,NA,NA,1,18.807776666666665,0.5666666666666667,FALSE,NA,NA,NA,NA,NA,insufficient_history,NA,NA
2803,defense,21.877776666666666,918.86662,42,10,14,24,0.5714285714285714,2,21.638623333333335,0.43776057176891003,TRUE,-0.23915333333333066,-0.13366799965966136,1,NA,NA,insufficient_history,0.8528528528528528,top
2804,NA,NA,NA,NA,NA,NA,NA,NA,1,16.616666666666667,0,FALSE,NA,NA,NA,NA,NA,insufficient_history,NA,NA
2805,NA,NA,NA,NA,NA,NA,NA,NA,1,14.686558333333332,0.25806451612903225,FALSE,NA,NA,2,0.9516666666663093,0.19999999999992416,rising,NA,NA
2806,NA,NA,NA,NA,NA,NA,NA,NA,1,15.892404999999998,0.4810126582278481,FALSE,NA,NA,NA,NA,NA,insufficient_history,NA,NA
2807,forward,16.49691333333333,1336.2499799999998,81,31,37,68,0.8395061728395061,2,17.123874166666667,0.5728306732709594,FALSE,0.6269608333333352,-0.26667549956854675,1,NA,NA,insufficient_history,0.7256493506493507,top
2808,NA,NA,NA,NA,NA,NA,NA,NA,2,9.123958333333334,0,FALSE,NA,NA,NA,NA,NA,insufficient_history,NA,NA
2809,forward,9.28,185.6,20,1,3,4,0.2,1,11.759375,0.359375,FALSE,2.479375000000001,0.159375,2,-4.297916666665036,0,declining,0.051224944320712694,fringe
2810,NA,NA,NA,NA,NA,NA,NA,NA,2,18.367135,0.8079012345679013,FALSE,NA,NA,NA,NA,NA,insufficient_history,NA,NA
2811,forward,18.827160000000003,1524.99996,81,23,42,65,0.8024691358024691,2,17.0864925,0.5086021505376344,FALSE,-1.7406675000000043,-0.2938669852648348,1,NA,NA,insufficient_history,0.9058441558441559,top
2812,NA,NA,NA,NA,NA,NA,NA,NA,0,NA,NA,FALSE,NA,NA,NA,NA,NA,insufficient_history,NA,NA
2813,NA,NA,NA,NA,NA,NA,NA,NA,0,NA,NA,FALSE,NA,NA,NA,NA,NA,insufficient_history,NA,NA
2814,NA,NA,NA,NA,NA,NA,NA,NA,1,10.081480000000001,0,TRUE,NA,NA,NA,NA,NA,insufficient_history,NA,NA
2815,NA,NA,NA,NA,NA,NA,NA,NA,2,12.572110833333333,0.32999999999999996,FALSE,NA,NA,NA,NA,NA,insufficient_history,NA,NA
2816,forward,12.055333333333333,301.3833333333333,25,3,6,9,0.36,2,11.984564166666665,0.3840909090909091,TRUE,-0.07076916666666833,0.024090909090909107,1,NA,NA,insufficient_history,0.3587662337662338,middle
2817,forward,12.10625,968.5,80,24,12,36,0.45,1,11.862878333333333,0.3181818181818182,FALSE,-0.24337166666666654,-0.13181818181818183,2,-1.0335549999996079,0.059999999999977245,declining,0.24498886414253898,fringe
2818,NA,NA,NA,NA,NA,NA,NA,NA,3,18.050170555555557,0.7390275557525205,TRUE,NA,NA,NA,NA,NA,insufficient_history,NA,NA
2819,forward,18.049636666666668,830.2832866666668,46,26,10,36,0.782608695652174,2,18.740940000000002,0.8383704489218806,FALSE,0.6913033333333338,0.05576175326970667,1,NA,NA,insufficient_history,0.8555194805194806,top
2820,NA,NA,NA,NA,NA,NA,NA,NA,1,14.401959999999999,0.17647058823529413,FALSE,NA,NA,NA,NA,NA,insufficient_history,NA,NA
2821,defense,14.401959999999999,244.83332,17,2,1,3,0.17647058823529413,1,13.145096666666666,0.14705882352941177,FALSE,-1.2568633333333334,-0.02941176470588236,NA,NA,NA,insufficient_history,0.21921921921921922,fringe
2822,NA,NA,NA,NA,NA,NA,NA,NA,1,23.04105666666667,0.6097560975609756,FALSE,NA,NA,NA,NA,NA,insufficient_history,NA,NA
2823,defense,22.35955166666667,1833.4832366666667,82,9,33,42,0.5121951219512195,1,25.049285,0.5571428571428572,FALSE,2.689733333333333,0.04494773519163764,2,0.10772333333329026,-0.09756097560971888,stable,0.8152610441767069,top
2824,NA,NA,NA,NA,NA,NA,NA,NA,0,NA,NA,FALSE,NA,NA,NA,NA,NA,insufficient_history,NA,NA
2825,forward,8.526086666666666,196.09999333333332,23,0,2,2,0.08695652173913043,0,NA,NA,FALSE,NA,NA,1,NA,NA,insufficient_history,0.031180400890868598,fringe
2826,NA,NA,NA,NA,NA,NA,NA,NA,3,20.448698888888888,0.356519120746763,TRUE,NA,NA,NA,NA,NA,insufficient_history,NA,NA
2827,defense,19.645678333333333,1060.86663,54,2,18,20,0.37037037037037035,2,21.968718333333335,0.31450577663671375,TRUE,2.3230400000000024,-0.0558645937336566,1,NA,NA,insufficient_history,0.6846846846846847,top
2828,NA,NA,NA,NA,NA,NA,NA,NA,2,10.550925,0.16666666666666666,FALSE,NA,NA,NA,NA,NA,insufficient_history,NA,NA
2829,NA,NA,NA,NA,NA,NA,NA,NA,0,NA,NA,FALSE,NA,NA,2,0.27962999999989674,-0.33333333333320675,stable,NA,NA
2830,forward,15.448333333333332,154.48333333333332,10,0,4,4,0.4,1,14.581883333333334,0.4782608695652174,FALSE,-0.8664499999999986,0.07826086956521738,NA,NA,NA,insufficient_history,0.6762917933130699,top
2831,NA,NA,NA,NA,NA,NA,NA,NA,1,14.581883333333334,0.4782608695652174,FALSE,NA,NA,1,NA,NA,insufficient_history,NA,NA
2832,NA,NA,NA,NA,NA,NA,NA,NA,2,14.862260833333334,0.3835447498238196,FALSE,NA,NA,NA,NA,NA,insufficient_history,NA,NA
2833,forward,15.445735,664.166605,43,7,11,18,0.4186046511627907,2,14.293071666666666,0.39964014394242303,TRUE,-1.1526633333333347,-0.018964507220367688,1,NA,NA,insufficient_history,0.6747720364741642,top
2834,forward,13.279233333333334,810.0332333333333,61,13,6,19,0.3114754098360656,1,15.650245,0.5735294117647058,TRUE,2.371011666666666,0.26205400192864026,2,-0.13882499999994632,0.06920022688596358,stable,0.35634743875278396,middle
2835,NA,NA,NA,NA,NA,NA,NA,NA,1,11.254285000000001,0.15714285714285714,FALSE,NA,NA,NA,NA,NA,insufficient_history,NA,NA
2836,NA,NA,NA,NA,NA,NA,NA,NA,3,17.598196666666666,0.842521670606777,TRUE,NA,NA,NA,NA,NA,insufficient_history,NA,NA
2837,forward,18.499793333333333,1498.48326,81,31,32,63,0.7777777777777778,2,19.489005,0.8825352112676057,FALSE,0.9892116666666659,0.10475743348982791,1,NA,NA,insufficient_history,0.8814935064935064,top
2838,NA,NA,NA,NA,NA,NA,NA,NA,2,17.7156425,0.743559718969555,FALSE,NA,NA,NA,NA,NA,insufficient_history,NA,NA
2839,NA,NA,NA,NA,NA,NA,NA,NA,4,20.35168458333333,1.1836671393123006,FALSE,NA,NA,1,NA,NA,insufficient_history,NA,NA
2840,NA,NA,NA,NA,NA,NA,NA,NA,2,12.163422500000001,0.41875,FALSE,NA,NA,NA,NA,NA,insufficient_history,NA,NA
2841,forward,11.802286666666669,601.9166200000001,51,7,8,15,0.29411764705882354,1,11.210713333333333,0.2857142857142857,TRUE,-0.5915733333333364,-0.00840336134453784,2,-0.9714883333329638,0.1624999999999384,declining,0.2071269487750557,fringe
2842,NA,NA,NA,NA,NA,NA,NA,NA,2,14.64375,0.29166666666666663,FALSE,NA,NA,NA,NA,NA,insufficient_history,NA,NA
2843,NA,NA,NA,NA,NA,NA,NA,NA,1,13.867071666666666,0.17073170731707318,FALSE,NA,NA,NA,NA,NA,insufficient_history,NA,NA
2844,defense,19.864583333333332,158.91666666666666,8,0,2,2,0.25,2,18.45079666666667,0.2039969834087481,TRUE,-1.4137866666666632,-0.04600301659125189,NA,NA,NA,insufficient_history,0.7057057057057057,top
2845,defense,19.999671666666668,1019.983255,51,3,8,11,0.21568627450980393,1,16.901921666666667,0.19230769230769232,FALSE,-3.0977500000000013,-0.023378582202111614,1,NA,NA,insufficient_history,0.642570281124498,middle
2846,defense,14.308888333333334,214.633325,15,1,1,2,0.13333333333333333,3,21.550798333333333,0.2571863932130796,TRUE,7.241909999999999,0.12385305987974629,NA,NA,NA,insufficient_history,0.2441860465116279,fringe
2847,defense,21.478726666666667,1632.3832266666666,76,2,14,16,0.21052631578947367,1,23.537558333333333,0.39436619718309857,FALSE,2.0588316666666664,0.1838398813936249,2,5.327221666664644,0.03333333333332068,rising,0.7670682730923695,top
2848,NA,NA,NA,NA,NA,NA,NA,NA,2,16.4777775,0.5208333333333334,FALSE,NA,NA,NA,NA,NA,insufficient_history,NA,NA
2849,NA,NA,NA,NA,NA,NA,NA,NA,1,13.971568333333332,0.058823529411764705,FALSE,NA,NA,2,-1.6263883333327087,-0.3166666666665464,declining,NA,NA
2850,NA,NA,NA,NA,NA,NA,NA,NA,1,11.536403333333334,0.42105263157894735,FALSE,NA,NA,NA,NA,NA,insufficient_history,NA,NA
2851,NA,NA,NA,NA,NA,NA,NA,NA,1,13.38148,0.3888888888888889,TRUE,NA,NA,2,4.057681666665126,0.15959252971131482,rising,NA,NA
2852,NA,NA,NA,NA,NA,NA,NA,NA,1,10.468136666666668,0.2647058823529412,FALSE,NA,NA,NA,NA,NA,insufficient_history,NA,NA
2853,forward,15.986666666666668,1278.9333333333334,80,18,15,33,0.4125,1,17.006428333333336,0.7714285714285715,FALSE,1.0197616666666676,0.3589285714285715,2,-1.609803333332724,-0.2647058823528407,declining,0.6080178173719376,middle
2854,NA,NA,NA,NA,NA,NA,NA,NA,1,13.689705,0.11764705882352941,FALSE,NA,NA,NA,NA,NA,insufficient_history,NA,NA
2855,defense,21.01687666666667,1660.3332566666668,79,15,32,47,0.5949367088607594,1,23.34632333333333,0.6617647058823529,FALSE,2.3294466666666622,0.06682799702159348,2,3.101961666665491,0.21568627450972208,rising,0.7349397590361446,top
2856,NA,NA,NA,NA,NA,NA,NA,NA,1,10.271666666666668,0.1,FALSE,NA,NA,NA,NA,NA,insufficient_history,NA,NA
2857,forward,11.376486666666667,637.0832533333333,56,14,13,27,0.48214285714285715,1,12.048888333333334,0.31666666666666665,TRUE,0.6724016666666675,-0.1654761904761905,2,0.6127766666664334,0.23333333333324474,rising,0.1714922048997773,fringe
2858,NA,NA,NA,NA,NA,NA,NA,NA,0,NA,NA,FALSE,NA,NA,NA,NA,NA,insufficient_history,NA,NA
2859,NA,NA,NA,NA,NA,NA,NA,NA,0,NA,NA,FALSE,NA,NA,1,NA,NA,insufficient_history,NA,NA
2860,NA,NA,NA,NA,NA,NA,NA,NA,0,NA,NA,FALSE,NA,NA,NA,NA,NA,insufficient_history,NA,NA
2861,forward,9.270511666666666,120.51665166666666,13,1,2,3,0.23076923076923078,1,11.36752,0.3333333333333333,TRUE,2.097008333333335,0.10256410256410253,1,NA,NA,insufficient_history,0.04899777282850779,fringe
2862,NA,NA,NA,NA,NA,NA,NA,NA,2,15.65149416666667,0.21719269102990035,TRUE,NA,NA,NA,NA,NA,insufficient_history,NA,NA
2863,NA,NA,NA,NA,NA,NA,NA,NA,0,NA,NA,FALSE,NA,NA,NA,NA,NA,insufficient_history,NA,NA
2864,NA,NA,NA,NA,NA,NA,NA,NA,1,10.677776666666666,0,TRUE,NA,NA,NA,NA,NA,insufficient_history,NA,NA
2865,NA,NA,NA,NA,NA,NA,NA,NA,3,15.680514444444446,0.42845528455284554,TRUE,NA,NA,NA,NA,NA,insufficient_history,NA,NA
2866,forward,18.109348333333333,742.4832816666667,41,9,18,27,0.6585365853658537,1,17.590935,0.49122807017543857,TRUE,-0.5184133333333314,-0.16730851519041512,2,3.0255283333321854,0.22682926829259686,rising,0.8084632516703786,top
2867,forward,18.109348333333333,742.4832816666667,41,9,18,27,0.6585365853658537,1,17.590935,0.49122807017543857,FALSE,-0.5184133333333314,-0.16730851519041512,2,3.0255283333321854,0.22682926829259686,rising,0.8084632516703786,top
2868,NA,NA,NA,NA,NA,NA,NA,NA,1,13.469565,0.13043478260869565,FALSE,NA,NA,NA,NA,NA,insufficient_history,NA,NA
2869,NA,NA,NA,NA,NA,NA,NA,NA,1,20.34011166666667,0.3898305084745763,FALSE,NA,NA,2,-0.8659433333330008,0.04347826086954873,declining,NA,NA
2870,NA,NA,NA,NA,NA,NA,NA,NA,2,14.867539166666667,0.05714285714285714,FALSE,NA,NA,NA,NA,NA,insufficient_history,NA,NA
2871,defense,14.283333333333335,142.83333333333334,10,0,1,1,0.1,1,13.808333333333334,0,FALSE,-0.4750000000000014,-0.1,2,1.8953174999997815,0.057142857142850514,rising,0.2132132132132132,fringe
2872,NA,NA,NA,NA,NA,NA,NA,NA,0,NA,NA,FALSE,NA,NA,NA,NA,NA,insufficient_history,NA,NA
2873,forward,13.319333333333335,998.95,75,15,10,25,0.3333333333333333,1,17.04656,0.6031746031746031,TRUE,3.727226666666665,0.2698412698412698,1,NA,NA,insufficient_history,0.3585746102449889,middle
2874,NA,NA,NA,NA,NA,NA,NA,NA,3,11.335716666666666,0.33687943262411346,TRUE,NA,NA,NA,NA,NA,insufficient_history,NA,NA
2875,forward,14.230555,256.14999,18,7,2,9,0.5,1,13.276594999999999,0.5106382978723404,TRUE,-0.9539600000000021,0.010638297872340385,1,NA,NA,insufficient_history,0.5503246753246753,middle
2876,forward,13.276594999999999,623.999965,47,13,11,24,0.5106382978723404,1,16.39619,0.6571428571428571,FALSE,3.119595000000002,0.14650455927051675,2,7.730554999997067,0.49999999999981026,rising,0.35412026726057905,middle
2877,defense,18.475,36.95,2,0,0,0,0,2,20.5704925,0.4133691035099486,TRUE,2.095492499999999,0.4133691035099486,NA,NA,NA,insufficient_history,0.5705705705705706,middle
2878,defense,19.37723,1375.78333,71,2,15,17,0.23943661971830985,1,21.763755,0.5873015873015873,FALSE,2.386524999999999,0.34786496758327745,1,NA,NA,insufficient_history,0.5662650602409639,middle
2879,NA,NA,NA,NA,NA,NA,NA,NA,2,16.871875000000003,0.25,FALSE,NA,NA,NA,NA,NA,insufficient_history,NA,NA
2880,defense,14.426054999999998,1024.249905,71,2,22,24,0.3380281690140845,1,16.858456666666665,0.34328358208955223,FALSE,2.4324016666666672,0.00525541307546773,2,-5.7437499999978225,-0.1666666666666034,declining,0.11646586345381527,fringe
2881,NA,NA,NA,NA,NA,NA,NA,NA,0,NA,NA,FALSE,NA,NA,NA,NA,NA,insufficient_history,NA,NA
2882,NA,NA,NA,NA,NA,NA,NA,NA,1,16.513605,0.16326530612244897,TRUE,NA,NA,NA,NA,NA,insufficient_history,NA,NA
2883,NA,NA,NA,NA,NA,NA,NA,NA,1,15.847395,0.09375,FALSE,NA,NA,NA,NA,NA,insufficient_history,NA,NA
2884,NA,NA,NA,NA,NA,NA,NA,NA,1,13.045311666666667,0.21875,FALSE,NA,NA,2,-2.0890616666658723,-0.09374999999996439,declining,NA,NA
2885,NA,NA,NA,NA,NA,NA,NA,NA,2,12.314899999999998,0.2543005517689062,FALSE,NA,NA,NA,NA,NA,insufficient_history,NA,NA
2886,NA,NA,NA,NA,NA,NA,NA,NA,1,12.973095,0.3142857142857143,FALSE,NA,NA,2,-0.9545866666663007,-0.1496267445633965,declining,NA,NA
2887,NA,NA,NA,NA,NA,NA,NA,NA,3,14.814576666666667,0.4829414030375899,TRUE,NA,NA,NA,NA,NA,insufficient_history,NA,NA
2888,forward,13.953048333333333,1144.1499633333333,82,14,16,30,0.36585365853658536,2,16.0110075,0.4757575757575757,FALSE,2.0579591666666683,0.10990391722099035,1,NA,NA,insufficient_history,0.5292207792207793,middle
2889,NA,NA,NA,NA,NA,NA,NA,NA,1,15.576068333333334,0.5897435897435898,TRUE,NA,NA,NA,NA,NA,insufficient_history,NA,NA
2890,forward,15.576068333333334,607.466665,39,8,15,23,0.5897435897435898,1,15.259118333333335,0.6037735849056604,FALSE,-0.3169499999999985,0.014029995162070596,NA,NA,NA,insufficient_history,0.6793103448275862,top
2891,forward,15.259118333333335,808.7332716666667,53,21,11,32,0.6037735849056604,3,15.51565,0.470642883686362,FALSE,0.2565316666666657,-0.13313070121929838,1,NA,NA,insufficient_history,0.662613981762918,middle
2892,NA,NA,NA,NA,NA,NA,NA,NA,1,10.645453333333334,0.09090909090909091,FALSE,NA,NA,NA,NA,NA,insufficient_history,NA,NA
2893,NA,NA,NA,NA,NA,NA,NA,NA,2,10.838154166666666,0.12678571428571428,TRUE,NA,NA,1,NA,NA,insufficient_history,NA,NA
2894,forward,12.154285,850.79995,70,8,1,9,0.12857142857142856,1,9.839284999999999,0.16071428571428573,TRUE,-2.3150000000000013,0.03214285714285717,2,-0.5617149999999338,0.017045454545452567,declining,0.3782467532467532,middle
2895,forward,9.839284999999999,550.9999599999999,56,3,6,9,0.16071428571428573,1,12.477463333333333,0.323943661971831,TRUE,2.638178333333334,0.16322937625754527,2,2.632261666665671,0.00357142857142722,rising,0.0779510022271715,fringe
2896,NA,NA,NA,NA,NA,NA,NA,NA,1,14.133333333333333,0,FALSE,NA,NA,NA,NA,NA,insufficient_history,NA,NA
2897,forward,6.791666666666667,27.166666666666668,4,0,0,0,0,1,9.20875,0.175,TRUE,2.4170833333333333,0.175,1,NA,NA,insufficient_history,0,fringe
2898,NA,NA,NA,NA,NA,NA,NA,NA,1,11.833333333333334,0.2727272727272727,FALSE,NA,NA,NA,NA,NA,insufficient_history,NA,NA
2899,forward,13.746153333333332,1072.19996,78,6,23,29,0.3717948717948718,1,16.495236666666667,0.9,FALSE,2.749083333333335,0.5282051282051282,2,-0.3160933333332132,-0.014106583072094921,stable,0.4053452115812918,middle
2900,NA,NA,NA,NA,NA,NA,NA,NA,2,11.285714166666667,0,FALSE,NA,NA,NA,NA,NA,insufficient_history,NA,NA
2901,defense,13.788095,96.516665,7,0,0,0,0,0,NA,NA,FALSE,NA,NA,1,NA,NA,insufficient_history,0.08433734939759036,fringe
2902,NA,NA,NA,NA,NA,NA,NA,NA,1,12.629628333333335,0.2222222222222222,FALSE,NA,NA,NA,NA,NA,insufficient_history,NA,NA
2903,NA,NA,NA,NA,NA,NA,NA,NA,0,NA,NA,FALSE,NA,NA,1,NA,NA,insufficient_history,NA,NA
2904,NA,NA,NA,NA,NA,NA,NA,NA,1,10.233333333333333,1,FALSE,NA,NA,NA,NA,NA,insufficient_history,NA,NA
2905,NA,NA,NA,NA,NA,NA,NA,NA,0,NA,NA,FALSE,NA,NA,1,NA,NA,insufficient_history,NA,NA
2906,NA,NA,NA,NA,NA,NA,NA,NA,0,NA,NA,FALSE,NA,NA,1,NA,NA,insufficient_history,NA,NA
2907,NA,NA,NA,NA,NA,NA,NA,NA,1,14.333333333333334,0.5555555555555556,FALSE,NA,NA,NA,NA,NA,insufficient_history,NA,NA
2908,NA,NA,NA,NA,NA,NA,NA,NA,1,10.550000000000002,0.25,TRUE,NA,NA,1,NA,NA,insufficient_history,NA,NA
2909,NA,NA,NA,NA,NA,NA,NA,NA,3,15.137506666666667,0.19399641577060933,TRUE,NA,NA,NA,NA,NA,insufficient_history,NA,NA
2910,defense,15.610416666666667,249.76666666666668,16,1,1,2,0.125,2,15.868717499999999,0.27930763178599527,TRUE,0.2583008333333314,0.15430763178599527,1,NA,NA,insufficient_history,0.3333333333333333,fringe
2911,NA,NA,NA,NA,NA,NA,NA,NA,2,14.939305000000001,0.5132472826086957,FALSE,NA,NA,NA,NA,NA,insufficient_history,NA,NA
2912,forward,15.68151,1003.61664,64,11,38,49,0.765625,2,14.9812125,0.5111973392461198,FALSE,-0.7002974999999996,-0.25442766075388024,1,NA,NA,insufficient_history,0.6590909090909091,middle
2913,NA,NA,NA,NA,NA,NA,NA,NA,1,9.702776666666667,0.16666666666666666,FALSE,NA,NA,NA,NA,NA,insufficient_history,NA,NA
2914,NA,NA,NA,NA,NA,NA,NA,NA,0,NA,NA,FALSE,NA,NA,1,NA,NA,insufficient_history,NA,NA
2915,NA,NA,NA,NA,NA,NA,NA,NA,2,15.372705833333335,0.5709289617486338,TRUE,NA,NA,NA,NA,NA,insufficient_history,NA,NA
2916,forward,10.214813333333332,91.93331999999998,9,1,0,1,0.1111111111111111,1,8.975,1,FALSE,-1.2398133333333323,0.8888888888888888,NA,NA,NA,insufficient_history,0.19148936170212766,fringe
2917,forward,8.975,17.95,2,0,2,2,1,0,NA,NA,FALSE,NA,NA,1,NA,NA,insufficient_history,0.09577922077922078,fringe
2918,NA,NA,NA,NA,NA,NA,NA,NA,1,12.073015,0.38095238095238093,FALSE,NA,NA,NA,NA,NA,insufficient_history,NA,NA
2919,NA,NA,NA,NA,NA,NA,NA,NA,2,8.842066666666668,0.17914438502673796,FALSE,NA,NA,NA,NA,NA,insufficient_history,NA,NA
2920,NA,NA,NA,NA,NA,NA,NA,NA,2,11.533333333333333,0,TRUE,NA,NA,NA,NA,NA,insufficient_history,NA,NA
2921,forward,14.416666666666666,28.833333333333332,2,0,0,0,0,1,8.65,0,FALSE,-5.766666666666666,0,NA,NA,NA,insufficient_history,0.5987841945288754,middle
2922,NA,NA,NA,NA,NA,NA,NA,NA,0,NA,NA,FALSE,NA,NA,2,-5.7666666666644755,0,declining,NA,NA
2923,NA,NA,NA,NA,NA,NA,NA,NA,1,11.308333333333334,1,FALSE,NA,NA,NA,NA,NA,insufficient_history,NA,NA
2924,forward,11.308333333333334,22.616666666666667,2,1,1,2,1,0,NA,NA,FALSE,NA,NA,NA,NA,NA,insufficient_history,0.29545454545454547,fringe
2925,forward,13.288888333333334,119.599995,9,1,0,1,0.1111111111111111,0,NA,NA,FALSE,NA,NA,NA,NA,NA,insufficient_history,0.47564935064935066,middle
2926,NA,NA,NA,NA,NA,NA,NA,NA,0,NA,NA,FALSE,NA,NA,1,NA,NA,insufficient_history,NA,NA
2927,NA,NA,NA,NA,NA,NA,NA,NA,2,10.746752500000001,0.20259740259740258,FALSE,NA,NA,NA,NA,NA,insufficient_history,NA,NA
2928,NA,NA,NA,NA,NA,NA,NA,NA,1,15.683333333333332,0.125,FALSE,NA,NA,NA,NA,NA,insufficient_history,NA,NA
2929,defense,15.683333333333332,376.4,24,0,3,3,0.125,1,17.621838333333336,0.13793103448275862,TRUE,1.9385050000000046,0.012931034482758619,NA,NA,NA,insufficient_history,0.20080321285140562,fringe
2930,NA,NA,NA,NA,NA,NA,NA,NA,1,14.041666666666666,0,FALSE,NA,NA,NA,NA,NA,insufficient_history,NA,NA
2931,NA,NA,NA,NA,NA,NA,NA,NA,0,NA,NA,FALSE,NA,NA,1,NA,NA,insufficient_history,NA,NA
2932,NA,NA,NA,NA,NA,NA,NA,NA,1,10.283333333333333,0.22727272727272727,FALSE,NA,NA,NA,NA,NA,insufficient_history,NA,NA
2933,forward,10.283333333333333,226.23333333333332,22,3,2,5,0.22727272727272727,1,9.815578333333333,0.2391304347826087,TRUE,-0.46775500000000036,0.011857707509881438,NA,NA,NA,insufficient_history,0.20516717325227962,fringe
2934,forward,9.815578333333333,451.5166033333333,46,5,6,11,0.2391304347826087,2,15.113537499999998,0.3595456910005202,TRUE,5.297959166666665,0.12041525621791149,1,NA,NA,insufficient_history,0.14935064935064934,fringe
2935,forward,14.481506666666665,1057.1499866666666,73,10,12,22,0.3013698630136986,0,NA,NA,FALSE,NA,NA,3,2.7311175000009422,0.09522439585733783,rising,0.4726477024070022,middle
2936,NA,NA,NA,NA,NA,NA,NA,NA,1,13.5,0,FALSE,NA,NA,NA,NA,NA,insufficient_history,NA,NA
2937,forward,13.5,13.5,1,0,0,0,0,0,NA,NA,FALSE,NA,NA,NA,NA,NA,insufficient_history,0.5045592705167173,middle
2938,NA,NA,NA,NA,NA,NA,NA,NA,0,NA,NA,FALSE,NA,NA,1,NA,NA,insufficient_history,NA,NA
2939,NA,NA,NA,NA,NA,NA,NA,NA,0,NA,NA,FALSE,NA,NA,NA,NA,NA,insufficient_history,NA,NA
2940,NA,NA,NA,NA,NA,NA,NA,NA,1,8.835416666666667,0,TRUE,NA,NA,NA,NA,NA,insufficient_history,NA,NA
2941,forward,8.835416666666667,70.68333333333334,8,0,0,0,0,1,12.742511666666667,0.2463768115942029,TRUE,3.907095,0.2463768115942029,NA,NA,NA,insufficient_history,0.10182370820668693,fringe
2942,forward,12.742511666666667,879.2333050000001,69,4,13,17,0.2463768115942029,1,13.689375000000002,0.2875,TRUE,0.9468633333333347,0.04112318840579707,1,NA,NA,insufficient_history,0.43344155844155846,middle
2943,forward,13.689375000000002,1095.15,80,9,14,23,0.2875,1,13.392936666666666,0.1864406779661017,FALSE,-0.29643833333333625,-0.10105932203389828,2,3.907094999998518,0.2463768115941094,rising,0.39643652561247217,middle
2944,NA,NA,NA,NA,NA,NA,NA,NA,0,NA,NA,FALSE,NA,NA,NA,NA,NA,insufficient_history,NA,NA
2945,NA,NA,NA,NA,NA,NA,NA,NA,2,13.812499166666667,0.2833333333333333,TRUE,NA,NA,NA,NA,NA,insufficient_history,NA,NA
2946,defense,14.047221666666667,421.41665,30,3,4,7,0.23333333333333334,0,NA,NA,FALSE,NA,NA,1,NA,NA,insufficient_history,0.1921921921921922,fringe
2947,NA,NA,NA,NA,NA,NA,NA,NA,0,NA,NA,FALSE,NA,NA,2,0.46944499999982475,-0.09999999999996201,rising,NA,NA
2948,NA,NA,NA,NA,NA,NA,NA,NA,1,7.45,0,FALSE,NA,NA,NA,NA,NA,insufficient_history,NA,NA
2949,forward,7.45,14.9,2,0,0,0,0,0,NA,NA,FALSE,NA,NA,NA,NA,NA,insufficient_history,0.037993920972644375,fringe
2950,NA,NA,NA,NA,NA,NA,NA,NA,1,11.288333333333332,0.23333333333333334,TRUE,NA,NA,1,NA,NA,insufficient_history,NA,NA
2951,forward,11.288333333333332,338.65,30,4,3,7,0.23333333333333334,1,12.148633333333333,0.2786885245901639,FALSE,0.8603000000000005,0.045355191256830574,1,NA,NA,insufficient_history,0.16481069042316257,fringe
2952,NA,NA,NA,NA,NA,NA,NA,NA,1,16.030555,0.16666666666666666,FALSE,NA,NA,NA,NA,NA,insufficient_history,NA,NA
2953,defense,16.030555,96.18333,6,1,0,1,0.16666666666666666,0,NA,NA,FALSE,NA,NA,NA,NA,NA,insufficient_history,0.38372093023255816,middle
2954,NA,NA,NA,NA,NA,NA,NA,NA,0,NA,NA,FALSE,NA,NA,1,NA,NA,insufficient_history,NA,NA
2955,NA,NA,NA,NA,NA,NA,NA,NA,3,15.69877722222222,0.23658116426125503,TRUE,NA,NA,NA,NA,NA,insufficient_history,NA,NA
2956,defense,15.89837333333333,1303.666613333333,82,5,14,19,0.23170731707317074,1,17.733801666666665,0.23943661971830985,FALSE,1.8354283333333345,0.007729302645139102,2,0.2452483333332414,-0.03359173126613718,stable,0.2248995983935743,fringe
2957,NA,NA,NA,NA,NA,NA,NA,NA,0,NA,NA,FALSE,NA,NA,NA,NA,NA,insufficient_history,NA,NA
2958,NA,NA,NA,NA,NA,NA,NA,NA,2,10.478391666666667,0.206656346749226,FALSE,NA,NA,NA,NA,NA,insufficient_history,NA,NA
2959,forward,11.37149,432.11662,38,6,3,9,0.23684210526315788,1,16.840045,0.8055555555555556,FALSE,5.468555,0.5687134502923977,1,NA,NA,insufficient_history,0.16926503340757237,fringe
2960,NA,NA,NA,NA,NA,NA,NA,NA,3,17.762020555555555,0.7270929466051417,TRUE,NA,NA,NA,NA,NA,insufficient_history,NA,NA
2961,forward,17.753251666666664,1455.7666366666665,82,31,41,72,0.8780487804878049,1,18.92761833333333,1,FALSE,1.1743666666666677,0.12195121951219512,2,-0.7810099999996996,-0.087013843111371,declining,0.7616926503340757,top
2962,NA,NA,NA,NA,NA,NA,NA,NA,2,14.053508333333333,0.02631578947368421,FALSE,NA,NA,NA,NA,NA,insufficient_history,NA,NA
2963,forward,13.872221666666666,83.23333,6,1,0,1,0.16666666666666666,0,NA,NA,FALSE,NA,NA,NA,NA,NA,insufficient_history,0.5227272727272727,middle
2964,NA,NA,NA,NA,NA,NA,NA,NA,1,20.515908333333336,0.4090909090909091,FALSE,NA,NA,NA,NA,NA,insufficient_history,NA,NA
2965,defense,20.85071333333333,1459.5499333333332,70,6,16,22,0.3142857142857143,1,21.233711666666668,0.3181818181818182,FALSE,0.38299833333333666,0.0038961038961038974,1,NA,NA,insufficient_history,0.7108433734939759,top
2966,NA,NA,NA,NA,NA,NA,NA,NA,2,10.873018333333334,0.22739018087855295,FALSE,NA,NA,NA,NA,NA,insufficient_history,NA,NA
2967,forward,15.706925,1209.433225,77,27,11,38,0.4935064935064935,1,15.897916666666667,0.5555555555555556,FALSE,0.19099166666666711,0.062049062049062076,2,3.108999999998822,0.010335917312657605,rising,0.5679287305122495,middle
2968,NA,NA,NA,NA,NA,NA,NA,NA,1,12.901666666666667,0.45,FALSE,NA,NA,NA,NA,NA,insufficient_history,NA,NA
2969,forward,16.794948333333334,1108.46659,66,11,14,25,0.3787878787878788,0,NA,NA,FALSE,NA,NA,2,1.841388333332637,-0.08888888888885502,rising,0.6783369803063457,top
2970,NA,NA,NA,NA,NA,NA,NA,NA,2,15.039227499999999,0.5319225251076041,FALSE,NA,NA,NA,NA,NA,insufficient_history,NA,NA
2971,forward,18.75,1518.75,81,33,34,67,0.8271604938271605,1,19.434126666666668,0.8412698412698413,FALSE,0.6841266666666677,0.014109347442680775,2,2.32845499999912,-0.11262553802004331,rising,0.8507795100222717,top
2972,defense,14.689583333333335,117.51666666666668,8,0,2,2,0.25,1,14.294696666666667,0.10606060606060606,FALSE,-0.39488666666666816,-0.14393939393939392,NA,NA,NA,insufficient_history,0.25225225225225223,fringe
2973,NA,NA,NA,NA,NA,NA,NA,NA,2,14.361055,0.7466666666666667,FALSE,NA,NA,NA,NA,NA,insufficient_history,NA,NA
2974,NA,NA,NA,NA,NA,NA,NA,NA,1,15.908333333333331,1,FALSE,NA,NA,NA,NA,NA,insufficient_history,NA,NA
2975,NA,NA,NA,NA,NA,NA,NA,NA,3,23.18111833333333,0.53415980891781345,TRUE,NA,NA,NA,NA,NA,insufficient_history,NA,NA
2976,defense,21.920345,1687.866565,77,4,28,32,0.4155844155844156,2,23.811504999999997,0.5934475055845123,FALSE,1.8911599999999957,0.1778630900000967,NA,NA,NA,insufficient_history,0.8558558558558559,top
2977,NA,NA,NA,NA,NA,NA,NA,NA,2,16.5508125,0.5975609756097562,FALSE,NA,NA,NA,NA,NA,insufficient_history,NA,NA
2978,forward,17.217478333333336,1411.8332233333335,82,20,13,33,0.4024390243902439,1,17.782175000000002,0.4027777777777778,FALSE,0.5646966666666664,3.387533875338633e-4,2,0.019104999999994494,0.17073170731700846,stable,0.7171492204899778,top
2979,NA,NA,NA,NA,NA,NA,NA,NA,2,16.740994166666667,0.3351648351648352,FALSE,NA,NA,NA,NA,NA,insufficient_history,NA,NA
2980,NA,NA,NA,NA,NA,NA,NA,NA,1,16.535666666666668,0.18,FALSE,NA,NA,2,-0.8751516666663254,0.09890109890106148,declining,NA,NA
2981,NA,NA,NA,NA,NA,NA,NA,NA,3,15.828002222222223,0.5258986067205246,TRUE,NA,NA,NA,NA,NA,insufficient_history,NA,NA
2982,forward,15.376281666666667,1199.34997,78,13,22,35,0.44871794871794873,1,16.599523333333334,0.6,FALSE,1.2232416666666666,0.15128205128205124,2,0.6333683333330943,-0.22486828240244355,rising,0.5233853006681515,middle
2983,NA,NA,NA,NA,NA,NA,NA,NA,3,14.55754388888889,0.3297456167021384,TRUE,NA,NA,NA,NA,NA,insufficient_history,NA,NA
2984,forward,14.110511666666667,917.1832583333334,65,5,11,16,0.24615384615384617,1,12.042741666666666,0.3387096774193548,FALSE,-2.067770000000001,0.09255583126550865,2,3.1712133333321306,0.5612648221341744,rising,0.43207126948775054,middle
2985,defense,20.066666666666666,40.13333333333333,2,0,0,0,0,2,25.171421666666667,0.46568984346559883,FALSE,5.104755000000001,0.46568984346559883,NA,NA,NA,insufficient_history,0.7207207207207207,top
2986,defense,24.974186666666665,2047.8833066666664,82,8,39,47,0.573170731707317,1,25.368656666666666,0.3582089552238806,FALSE,0.3944700000000019,-0.21496177648343645,1,NA,NA,insufficient_history,0.9799196787148594,top
2987,NA,NA,NA,NA,NA,NA,NA,NA,2,13.110250833333334,0.33254716981132076,FALSE,NA,NA,NA,NA,NA,insufficient_history,NA,NA
2988,forward,16.48375,1318.7,80,20,35,55,0.6875,1,18.556279999999997,0.6376811594202898,FALSE,2.072529999999997,-0.0498188405797102,2,1.9071683333326106,0.16509433962257894,rising,0.6570155902004454,middle
2989,NA,NA,NA,NA,NA,NA,NA,NA,3,11.392126666666666,0.2580706508819474,TRUE,NA,NA,NA,NA,NA,insufficient_history,NA,NA
2990,NA,NA,NA,NA,NA,NA,NA,NA,0,NA,NA,FALSE,NA,NA,NA,NA,NA,insufficient_history,NA,NA
2991,NA,NA,NA,NA,NA,NA,NA,NA,1,10.682736666666667,0.2857142857142857,FALSE,NA,NA,NA,NA,NA,insufficient_history,NA,NA
2992,forward,15.589583333333335,124.71666666666668,8,0,5,5,0.625,1,15.233333333333333,0.25,FALSE,-0.35625000000000284,-0.375,NA,NA,NA,insufficient_history,0.6869300911854104,top
2993,NA,NA,NA,NA,NA,NA,NA,NA,0,NA,NA,FALSE,NA,NA,2,-0.3562499999998657,-0.3749999999998578,declining,NA,NA
2994,NA,NA,NA,NA,NA,NA,NA,NA,2,18.75033416666667,0.19753086419753085,FALSE,NA,NA,NA,NA,NA,insufficient_history,NA,NA
2995,defense,17.620833333333334,140.96666666666667,8,0,0,0,0,2,19.747875,0.29705882352941176,FALSE,2.127041666666667,0.29705882352941176,1,NA,NA,insufficient_history,0.5225225225225225,middle
2996,NA,NA,NA,NA,NA,NA,NA,NA,0,NA,NA,FALSE,NA,NA,NA,NA,NA,insufficient_history,NA,NA
2997,NA,NA,NA,NA,NA,NA,NA,NA,1,16.572916666666668,0.625,FALSE,NA,NA,NA,NA,NA,insufficient_history,NA,NA
2998,NA,NA,NA,NA,NA,NA,NA,NA,1,10.029628333333333,0,FALSE,NA,NA,NA,NA,NA,insufficient_history,NA,NA
2999,NA,NA,NA,NA,NA,NA,NA,NA,1,9.588888333333333,0.16666666666666666,FALSE,NA,NA,NA,NA,NA,insufficient_history,NA,NA
3000,NA,NA,NA,NA,NA,NA,NA,NA,2,14.558713333333333,0.488562091503268,FALSE,NA,NA,NA,NA,NA,insufficient_history,NA,NA
3001,forward,13.588496666666666,964.7832633333333,71,19,19,38,0.5352112676056338,1,14.936618333333332,0.6197183098591549,FALSE,1.3481216666666658,0.08450704225352113,2,0.8211333333330265,0.19934640522868258,rising,0.38752783964365256,middle
3002,NA,NA,NA,NA,NA,NA,NA,NA,1,11.083333333333334,0,FALSE,NA,NA,NA,NA,NA,insufficient_history,NA,NA
3003,NA,NA,NA,NA,NA,NA,NA,NA,2,14.975465833333333,0.4035137701804369,FALSE,NA,NA,NA,NA,NA,insufficient_history,NA,NA
3004,NA,NA,NA,NA,NA,NA,NA,NA,2,9.041923333333333,0.12962962962962962,FALSE,NA,NA,NA,NA,NA,insufficient_history,NA,NA
3005,NA,NA,NA,NA,NA,NA,NA,NA,1,16.566666666666666,0.875,FALSE,NA,NA,NA,NA,NA,insufficient_history,NA,NA
3006,NA,NA,NA,NA,NA,NA,NA,NA,0,NA,NA,FALSE,NA,NA,NA,NA,NA,insufficient_history,NA,NA
3007,NA,NA,NA,NA,NA,NA,NA,NA,1,12.757575000000001,0.13636363636363635,FALSE,NA,NA,NA,NA,NA,insufficient_history,NA,NA
3008,NA,NA,NA,NA,NA,NA,NA,NA,1,12.757575000000001,0.13636363636363635,FALSE,NA,NA,NA,NA,NA,insufficient_history,NA,NA
3009,NA,NA,NA,NA,NA,NA,NA,NA,3,15.388221111111111,0.34178017104846375,TRUE,NA,NA,NA,NA,NA,insufficient_history,NA,NA
3010,defense,18.60185166666667,167.41666500000002,9,0,3,3,0.3333333333333333,1,18.02234,0.14893617021276595,FALSE,-0.5795116666666686,-0.18439716312056736,NA,NA,NA,insufficient_history,0.5855855855855856,middle
3011,NA,NA,NA,NA,NA,NA,NA,NA,1,11.654358333333333,0.13846153846153847,FALSE,NA,NA,NA,NA,NA,insufficient_history,NA,NA
3012,NA,NA,NA,NA,NA,NA,NA,NA,1,13.71111,0,FALSE,NA,NA,NA,NA,NA,insufficient_history,NA,NA
3013,NA,NA,NA,NA,NA,NA,NA,NA,3,14.95688111111111,0.16477272727272727,TRUE,NA,NA,NA,NA,NA,insufficient_history,NA,NA
3014,defense,17.072726666666664,563.3999799999999,33,0,6,6,0.18181818181818182,1,11.894443333333333,0.3333333333333333,TRUE,-5.178283333333331,0.1515151515151515,2,3.1229166666654824,0.3124999999998814,rising,0.3493975903614458,middle
3015,NA,NA,NA,NA,NA,NA,NA,NA,2,9.986666666666666,0,FALSE,NA,NA,NA,NA,NA,insufficient_history,NA,NA
3016,NA,NA,NA,NA,NA,NA,NA,NA,0,NA,NA,FALSE,NA,NA,2,3.859999999998536,0,rising,NA,NA
3017,NA,NA,NA,NA,NA,NA,NA,NA,0,NA,NA,FALSE,NA,NA,NA,NA,NA,insufficient_history,NA,NA
3018,NA,NA,NA,NA,NA,NA,NA,NA,1,12.364583333333334,0.2708333333333333,TRUE,NA,NA,NA,NA,NA,insufficient_history,NA,NA
3019,NA,NA,NA,NA,NA,NA,NA,NA,1,6.8,0,FALSE,NA,NA,NA,NA,NA,insufficient_history,NA,NA
3020,NA,NA,NA,NA,NA,NA,NA,NA,0,NA,NA,FALSE,NA,NA,NA,NA,NA,insufficient_history,NA,NA
3021,NA,NA,NA,NA,NA,NA,NA,NA,2,20.64653,0.2301420917773119,TRUE,NA,NA,NA,NA,NA,insufficient_history,NA,NA
3022,defense,21.039916666666667,1704.23325,81,6,16,22,0.2716049382716049,3,20.59963611111111,0.25942360437848544,FALSE,-0.4402805555555567,-0.012181333893119484,NA,NA,NA,insufficient_history,0.7819767441860465,top
3023,NA,NA,NA,NA,NA,NA,NA,NA,0,NA,NA,FALSE,NA,NA,NA,NA,NA,insufficient_history,NA,NA
3024,NA,NA,NA,NA,NA,NA,NA,NA,1,8.808333333333334,0,TRUE,NA,NA,NA,NA,NA,insufficient_history,NA,NA
3025,forward,8.808333333333334,17.616666666666667,2,0,0,0,0,0,NA,NA,FALSE,NA,NA,NA,NA,NA,insufficient_history,0.08279220779220779,fringe
3026,NA,NA,NA,NA,NA,NA,NA,NA,0,NA,NA,FALSE,NA,NA,1,NA,NA,insufficient_history,NA,NA
3027,NA,NA,NA,NA,NA,NA,NA,NA,2,11.065445833333332,0.2642857142857143,TRUE,NA,NA,NA,NA,NA,insufficient_history,NA,NA
3028,forward,11.559225,647.3166,56,15,9,24,0.42857142857142855,1,14.55215,0.5,FALSE,2.9929249999999996,0.07142857142857145,1,NA,NA,insufficient_history,0.18262806236080179,fringe
3029,NA,NA,NA,NA,NA,NA,NA,NA,1,17.11111,0.1111111111111111,FALSE,NA,NA,NA,NA,NA,insufficient_history,NA,NA
3030,NA,NA,NA,NA,NA,NA,NA,NA,0,NA,NA,FALSE,NA,NA,1,NA,NA,insufficient_history,NA,NA
3031,NA,NA,NA,NA,NA,NA,NA,NA,1,4.1,0,TRUE,NA,NA,NA,NA,NA,insufficient_history,NA,NA
3032,forward,4.1,4.1,1,0,0,0,0,0,NA,NA,FALSE,NA,NA,NA,NA,NA,insufficient_history,0.00303951367781155,fringe
3033,NA,NA,NA,NA,NA,NA,NA,NA,0,NA,NA,FALSE,NA,NA,1,NA,NA,insufficient_history,NA,NA
3034,NA,NA,NA,NA,NA,NA,NA,NA,1,15.641666666666667,0,FALSE,NA,NA,NA,NA,NA,insufficient_history,NA,NA
3035,NA,NA,NA,NA,NA,NA,NA,NA,1,13.525,0.5,FALSE,NA,NA,NA,NA,NA,insufficient_history,NA,NA
3036,NA,NA,NA,NA,NA,NA,NA,NA,1,13.366666666666667,0,FALSE,NA,NA,NA,NA,NA,insufficient_history,NA,NA
3037,NA,NA,NA,NA,NA,NA,NA,NA,0,NA,NA,FALSE,NA,NA,NA,NA,NA,insufficient_history,NA,NA
3038,NA,NA,NA,NA,NA,NA,NA,NA,0,NA,NA,FALSE,NA,NA,NA,NA,NA,insufficient_history,NA,NA
3039,NA,NA,NA,NA,NA,NA,NA,NA,1,15.669999999999998,0.2,FALSE,NA,NA,NA,NA,NA,insufficient_history,NA,NA
3040,NA,NA,NA,NA,NA,NA,NA,NA,3,13.640929444444444,0.40210319875566375,TRUE,NA,NA,NA,NA,NA,insufficient_history,NA,NA
3041,forward,13.252221666666665,397.56665,30,4,9,13,0.43333333333333335,1,15.16761,0.5471698113207547,TRUE,1.9153883333333344,0.11383647798742136,1,NA,NA,insufficient_history,0.4707792207792208,middle
3042,forward,15.16761,803.88333,53,16,13,29,0.5471698113207547,1,15.874136666666667,0.5172413793103449,FALSE,0.706526666666667,-0.029928432010409844,2,0.7492649999997157,0.2075268817203514,rising,0.5055679287305123,middle
3043,NA,NA,NA,NA,NA,NA,NA,NA,1,11.468208333333333,0.3333333333333333,FALSE,NA,NA,NA,NA,NA,insufficient_history,NA,NA
3044,NA,NA,NA,NA,NA,NA,NA,NA,0,NA,NA,FALSE,NA,NA,NA,NA,NA,insufficient_history,NA,NA
3045,NA,NA,NA,NA,NA,NA,NA,NA,1,18.09855,0.21739130434782608,TRUE,NA,NA,NA,NA,NA,insufficient_history,NA,NA
3046,defense,18.09855,416.26665,23,1,4,5,0.21739130434782608,0,NA,NA,FALSE,NA,NA,NA,NA,NA,insufficient_history,0.47265625,middle
3047,NA,NA,NA,NA,NA,NA,NA,NA,2,11.518156666666666,0.19904240766073872,TRUE,NA,NA,NA,NA,NA,insufficient_history,NA,NA
3048,forward,12.702205,863.7499399999999,68,4,12,16,0.23529411764705882,2,10.457609166666668,0.2813953488372093,TRUE,-2.2445958333333316,0.04610123119015047,NA,NA,NA,insufficient_history,0.4301948051948052,middle
3049,NA,NA,NA,NA,NA,NA,NA,NA,1,19.480346666666662,0.43283582089552236,FALSE,NA,NA,NA,NA,NA,insufficient_history,NA,NA
3050,NA,NA,NA,NA,NA,NA,NA,NA,2,15.976388333333333,0.08974358974358974,TRUE,NA,NA,NA,NA,NA,insufficient_history,NA,NA
3051,defense,16.794443333333334,654.98329,39,1,6,7,0.1794871794871795,1,13.140228333333333,0.10344827586206896,FALSE,-3.6542150000000007,-0.07603890362511052,1,NA,NA,insufficient_history,0.3333333333333333,fringe
3052,NA,NA,NA,NA,NA,NA,NA,NA,1,9.964583333333334,0,FALSE,NA,NA,NA,NA,NA,insufficient_history,NA,NA
3053,NA,NA,NA,NA,NA,NA,NA,NA,1,9.964583333333334,0,TRUE,NA,NA,NA,NA,NA,insufficient_history,NA,NA
3054,forward,9.964583333333334,79.71666666666667,8,0,0,0,0,0,NA,NA,FALSE,NA,NA,NA,NA,NA,insufficient_history,0.16233766233766234,fringe
3055,NA,NA,NA,NA,NA,NA,NA,NA,0,NA,NA,FALSE,NA,NA,1,NA,NA,insufficient_history,NA,NA
3056,NA,NA,NA,NA,NA,NA,NA,NA,1,9.783333333333333,0.09090909090909091,TRUE,NA,NA,NA,NA,NA,insufficient_history,NA,NA
3057,defense,9.783333333333333,107.61666666666666,11,0,1,1,0.09090909090909091,2,18.878372499999998,0.3601190476190476,TRUE,9.095039166666664,0.26920995670995673,NA,NA,NA,insufficient_history,0.029069767441860465,fringe
3058,defense,20.722221666666666,497.33332,24,3,4,7,0.2916666666666667,1,17.904876666666667,0.1951219512195122,FALSE,-2.8173449999999995,-0.09654471544715448,2,7.251189999997249,0.3376623376622095,rising,0.6987951807228916,top
3059,NA,NA,NA,NA,NA,NA,NA,NA,3,8.683332777777778,0.1111111111111111,TRUE,NA,NA,NA,NA,NA,insufficient_history,NA,NA
3060,forward,10.233333333333333,10.233333333333333,1,0,0,0,0,1,9.890475,0.2857142857142857,TRUE,-0.34285833333333215,0.2857142857142857,2,-0.12777833333328134,-0.33333333333320675,stable,0.0957683741648107,fringe
3061,NA,NA,NA,NA,NA,NA,NA,NA,2,9.732688333333334,0.047619047619047616,TRUE,NA,NA,NA,NA,NA,insufficient_history,NA,NA
3062,NA,NA,NA,NA,NA,NA,NA,NA,2,9.732688333333334,0.047619047619047616,TRUE,NA,NA,NA,NA,NA,insufficient_history,NA,NA
3063,NA,NA,NA,NA,NA,NA,NA,NA,1,8.4,0,FALSE,NA,NA,2,0.8637899999996727,-0.09523809523805908,rising,NA,NA
3064,NA,NA,NA,NA,NA,NA,NA,NA,2,11.944583333333332,0.2,TRUE,NA,NA,NA,NA,NA,insufficient_history,NA,NA
3065,defense,14.044999999999998,140.45,10,1,1,2,0.2,1,9.844166666666666,0.2,FALSE,-4.200833333333332,0,NA,NA,NA,insufficient_history,0.2180232558139535,fringe
3066,NA,NA,NA,NA,NA,NA,NA,NA,0,NA,NA,FALSE,NA,NA,2,-4.200833333331738,3.925231146707948e-17,declining,NA,NA
3067,NA,NA,NA,NA,NA,NA,NA,NA,2,9.489814166666665,0.2037037037037037,TRUE,NA,NA,NA,NA,NA,insufficient_history,NA,NA
3068,forward,10.196295,275.299965,27,7,4,11,0.4074074074074074,1,8.116666666666667,0.175,FALSE,-2.079628333333332,-0.2324074074074074,1,NA,NA,insufficient_history,0.19155844155844157,fringe
3069,NA,NA,NA,NA,NA,NA,NA,NA,3,20.104900555555556,0.3506286632633768,TRUE,NA,NA,NA,NA,NA,insufficient_history,NA,NA
3070,defense,20.571458333333332,1645.7166666666667,80,5,21,26,0.325,1,19.319443333333332,0.2619047619047619,FALSE,-1.252015,-0.0630952380952381,2,2.357973333332441,0.029211571185468275,rising,0.6827309236947792,top
3071,NA,NA,NA,NA,NA,NA,NA,NA,1,13.641250000000003,0.375,FALSE,NA,NA,NA,NA,NA,insufficient_history,NA,NA
3072,forward,12.442591666666665,111.983325,9,0,3,3,0.3333333333333333,3,15.153798333333334,0.5695700221016676,TRUE,2.711206666666669,0.2362366887683343,NA,NA,NA,insufficient_history,0.40425531914893614,middle
3073,forward,13.541666666666666,568.75,42,6,10,16,0.38095238095238093,1,17.403273333333335,0.8214285714285714,FALSE,3.8616066666666686,0.44047619047619047,2,2.0738633333325494,0.1729957805906518,rising,0.38084632516703787,middle
3074,forward,16.94,169.4,10,3,6,9,0.9,3,17.893155000000004,0.580771751722456,TRUE,0.9531550000000024,-0.31922824827754404,NA,NA,NA,insufficient_history,0.7796352583586627,top
3075,forward,17.963203333333336,1383.1666566666668,77,15,22,37,0.4805194805194805,1,18.624178333333337,0.5492957746478874,FALSE,0.6609750000000005,0.06877629412840686,2,0.1520833333332792,-0.18749999999992878,stable,0.7839643652561247,top
3076,NA,NA,NA,NA,NA,NA,NA,NA,1,14.67380833333333,0.5714285714285714,FALSE,NA,NA,NA,NA,NA,insufficient_history,NA,NA
3077,NA,NA,NA,NA,NA,NA,NA,NA,3,17.60912,0.46064814814814814,TRUE,NA,NA,NA,NA,NA,insufficient_history,NA,NA
3078,defense,22.085416666666667,176.68333333333334,8,2,1,3,0.375,3,22.81075611111111,0.46632921047803877,TRUE,0.7253394444444439,0.09132921047803877,NA,NA,NA,insufficient_history,0.8517441860465116,top
3079,defense,23.80168666666667,1880.3332466666668,79,4,31,35,0.4430379746835443,2,22.315290833333336,0.47797482837528604,FALSE,-1.486395833333333,0.034936853691741765,1,NA,NA,insufficient_history,0.9429429429429429,top
3080,forward,14.633333333333333,14.633333333333333,1,0,0,0,0,1,17.36406166666666,0.578125,FALSE,2.730728333333328,0.578125,NA,NA,NA,insufficient_history,0.5827922077922078,middle
3081,defense,16.233333333333334,32.46666666666667,2,1,1,2,1,2,21.25239666666667,0.5643631436314362,FALSE,5.019063333333335,-0.43563685636856375,NA,NA,NA,insufficient_history,0.3843843843843844,middle
3082,NA,NA,NA,NA,NA,NA,NA,NA,1,8.38,0.2,FALSE,NA,NA,NA,NA,NA,insufficient_history,NA,NA
3083,NA,NA,NA,NA,NA,NA,NA,NA,2,14.695504166666666,0.6161616161616161,FALSE,NA,NA,NA,NA,NA,insufficient_history,NA,NA
3084,forward,16.278888333333335,732.549975,45,18,17,35,0.7777777777777778,1,16.861863333333336,0.847457627118644,FALSE,0.5829750000000011,0.06967984934086624,1,NA,NA,insufficient_history,0.6414253897550112,middle
3085,NA,NA,NA,NA,NA,NA,NA,NA,0,NA,NA,FALSE,NA,NA,NA,NA,NA,insufficient_history,NA,NA
3086,NA,NA,NA,NA,NA,NA,NA,NA,3,14.376408333333334,0.3266214929585183,TRUE,NA,NA,NA,NA,NA,insufficient_history,NA,NA
3087,NA,NA,NA,NA,NA,NA,NA,NA,1,20.116666666666667,0.5,FALSE,NA,NA,NA,NA,NA,insufficient_history,NA,NA
3088,NA,NA,NA,NA,NA,NA,NA,NA,1,7.033333333333333,0,FALSE,NA,NA,NA,NA,NA,insufficient_history,NA,NA
3089,NA,NA,NA,NA,NA,NA,NA,NA,1,12.847579999999999,0.41935483870967744,FALSE,NA,NA,NA,NA,NA,insufficient_history,NA,NA
3090,forward,13.111109999999998,39.33333,3,0,1,1,0.3333333333333333,2,16.092410833333332,0.5596590909090908,FALSE,2.981300833333334,0.2263257575757575,NA,NA,NA,insufficient_history,0.461038961038961,middle
3091,NA,NA,NA,NA,NA,NA,NA,NA,0,NA,NA,FALSE,NA,NA,NA,NA,NA,insufficient_history,NA,NA
3092,NA,NA,NA,NA,NA,NA,NA,NA,2,13.646816666666666,0.2986111111111111,FALSE,NA,NA,NA,NA,NA,insufficient_history,NA,NA
3093,NA,NA,NA,NA,NA,NA,NA,NA,0,NA,NA,FALSE,NA,NA,NA,NA,NA,insufficient_history,NA,NA
3094,NA,NA,NA,NA,NA,NA,NA,NA,2,16.2420725,0.6463414634146342,FALSE,NA,NA,NA,NA,NA,insufficient_history,NA,NA
3095,forward,19.07119,1334.9833,70,26,37,63,0.9,0,NA,NA,FALSE,NA,NA,2,1.5207316666660922,0.2926829268291573,rising,0.8840262582056893,top
3096,NA,NA,NA,NA,NA,NA,NA,NA,0,NA,NA,FALSE,NA,NA,NA,NA,NA,insufficient_history,NA,NA
3097,NA,NA,NA,NA,NA,NA,NA,NA,3,14.909927777777778,0.5090277777777777,TRUE,NA,NA,NA,NA,NA,insufficient_history,NA,NA
3098,NA,NA,NA,NA,NA,NA,NA,NA,0,NA,NA,FALSE,NA,NA,NA,NA,NA,insufficient_history,NA,NA
3099,NA,NA,NA,NA,NA,NA,NA,NA,1,12.140578333333336,0.391304347826087,FALSE,NA,NA,NA,NA,NA,insufficient_history,NA,NA
3100,NA,NA,NA,NA,NA,NA,NA,NA,2,18.96279416666667,0.3232323232323232,FALSE,NA,NA,NA,NA,NA,insufficient_history,NA,NA
3101,NA,NA,NA,NA,NA,NA,NA,NA,1,1.1666666666666667,0,FALSE,NA,NA,NA,NA,NA,insufficient_history,NA,NA
3102,NA,NA,NA,NA,NA,NA,NA,NA,0,NA,NA,FALSE,NA,NA,NA,NA,NA,insufficient_history,NA,NA
3103,NA,NA,NA,NA,NA,NA,NA,NA,1,13.405713333333333,0.35714285714285715,FALSE,NA,NA,NA,NA,NA,insufficient_history,NA,NA
3104,NA,NA,NA,NA,NA,NA,NA,NA,2,19.292525833333332,0.31547619047619047,FALSE,NA,NA,NA,NA,NA,insufficient_history,NA,NA
3105,NA,NA,NA,NA,NA,NA,NA,NA,1,14.344443333333336,0.3333333333333333,FALSE,NA,NA,NA,NA,NA,insufficient_history,NA,NA
3106,NA,NA,NA,NA,NA,NA,NA,NA,2,15.789100000000001,0.19256756756756757,TRUE,NA,NA,NA,NA,NA,insufficient_history,NA,NA
3107,defense,16.204503333333335,599.5666233333334,37,0,5,5,0.13513513513513514,1,15.373696666666666,0.25,FALSE,-0.8308066666666694,0.11486486486486486,NA,NA,NA,insufficient_history,0.26506024096385544,fringe
3108,NA,NA,NA,NA,NA,NA,NA,NA,2,15.598929166666668,0.2410873440285205,FALSE,NA,NA,NA,NA,NA,insufficient_history,NA,NA
3109,defense,15.927271666666666,700.7999533333333,44,3,7,10,0.22727272727272727,1,14.937624999999999,0.09090909090909091,FALSE,-0.9896466666666672,-0.13636363636363635,1,NA,NA,insufficient_history,0.23293172690763053,fringe
3110,forward,10.486363333333335,115.34999666666668,11,3,0,3,0.2727272727272727,1,10.058333333333334,0,FALSE,-0.42803000000000146,-0.2727272727272727,NA,NA,NA,insufficient_history,0.23100303951367782,fringe
3111,forward,10.058333333333334,20.116666666666667,2,0,0,0,0,0,NA,NA,FALSE,NA,NA,1,NA,NA,insufficient_history,0.17694805194805194,fringe
3112,NA,NA,NA,NA,NA,NA,NA,NA,1,9.195833333333333,0.16666666666666666,TRUE,NA,NA,2,-0.42802999999983654,-0.2727272727271692,declining,NA,NA
3113,NA,NA,NA,NA,NA,NA,NA,NA,1,9.8,0,FALSE,NA,NA,NA,NA,NA,insufficient_history,NA,NA
3114,NA,NA,NA,NA,NA,NA,NA,NA,1,14.762345000000002,0.18518518518518517,FALSE,NA,NA,NA,NA,NA,insufficient_history,NA,NA
3115,NA,NA,NA,NA,NA,NA,NA,NA,1,11.943333333333333,0.5,FALSE,NA,NA,NA,NA,NA,insufficient_history,NA,NA
3116,NA,NA,NA,NA,NA,NA,NA,NA,2,16.8541625,0.6901676829268293,FALSE,NA,NA,NA,NA,NA,insufficient_history,NA,NA
3117,NA,NA,NA,NA,NA,NA,NA,NA,1,14.12,0.4857142857142857,FALSE,NA,NA,NA,NA,NA,insufficient_history,NA,NA
3118,NA,NA,NA,NA,NA,NA,NA,NA,1,22.47512,0.7681159420289855,FALSE,NA,NA,NA,NA,NA,insufficient_history,NA,NA
3119,NA,NA,NA,NA,NA,NA,NA,NA,1,18.066666666666666,0,FALSE,NA,NA,NA,NA,NA,insufficient_history,NA,NA
3120,NA,NA,NA,NA,NA,NA,NA,NA,2,15.082050833333334,0.2153846153846154,FALSE,NA,NA,NA,NA,NA,insufficient_history,NA,NA
3121,NA,NA,NA,NA,NA,NA,NA,NA,1,19.616446666666665,0.19736842105263158,FALSE,NA,NA,NA,NA,NA,insufficient_history,NA,NA
3122,NA,NA,NA,NA,NA,NA,NA,NA,1,11.616666666666667,0,FALSE,NA,NA,NA,NA,NA,insufficient_history,NA,NA
3123,NA,NA,NA,NA,NA,NA,NA,NA,2,18.260284999999996,0.36877394636015326,FALSE,NA,NA,NA,NA,NA,insufficient_history,NA,NA
3124,NA,NA,NA,NA,NA,NA,NA,NA,1,15.427776666666668,0.38095238095238093,FALSE,NA,NA,NA,NA,NA,insufficient_history,NA,NA
3125,NA,NA,NA,NA,NA,NA,NA,NA,2,17.21736083333333,0.23333333333333334,FALSE,NA,NA,NA,NA,NA,insufficient_history,NA,NA
3126,NA,NA,NA,NA,NA,NA,NA,NA,1,11.105555,0.20833333333333334,FALSE,NA,NA,NA,NA,NA,insufficient_history,NA,NA
3127,NA,NA,NA,NA,NA,NA,NA,NA,1,13.395958333333333,0.45454545454545453,FALSE,NA,NA,NA,NA,NA,insufficient_history,NA,NA
3128,NA,NA,NA,NA,NA,NA,NA,NA,1,12.516666666666667,0.25,FALSE,NA,NA,NA,NA,NA,insufficient_history,NA,NA
3129,NA,NA,NA,NA,NA,NA,NA,NA,3,15.790199444444445,0.5058938351621278,TRUE,NA,NA,NA,NA,NA,insufficient_history,NA,NA
3130,forward,17.935771666666668,1470.7332766666668,82,20,30,50,0.6097560975609756,1,17.219443333333334,0.6515151515151515,FALSE,-0.7163283333333332,0.041759053954175895,1,NA,NA,insufficient_history,0.77728285077951,top
3131,NA,NA,NA,NA,NA,NA,NA,NA,2,11.169117499999999,0.41911764705882354,FALSE,NA,NA,NA,NA,NA,insufficient_history,NA,NA
3132,NA,NA,NA,NA,NA,NA,NA,NA,0,NA,NA,FALSE,NA,NA,NA,NA,NA,insufficient_history,NA,NA
3133,NA,NA,NA,NA,NA,NA,NA,NA,1,13.9,0,FALSE,NA,NA,NA,NA,NA,insufficient_history,NA,NA
3134,NA,NA,NA,NA,NA,NA,NA,NA,1,11.033333333333331,1,TRUE,NA,NA,NA,NA,NA,insufficient_history,NA,NA
3135,forward,11.033333333333331,11.033333333333331,1,1,0,1,1,0,NA,NA,FALSE,NA,NA,NA,NA,NA,insufficient_history,0.2775974025974026,fringe
3136,NA,NA,NA,NA,NA,NA,NA,NA,0,NA,NA,FALSE,NA,NA,1,NA,NA,insufficient_history,NA,NA
3137,NA,NA,NA,NA,NA,NA,NA,NA,1,9.200616666666667,0.2222222222222222,TRUE,NA,NA,NA,NA,NA,insufficient_history,NA,NA
3138,defense,17.571428333333333,122.99999833333334,7,1,2,3,0.42857142857142855,1,19.174073333333336,0.3888888888888889,TRUE,1.6026450000000025,-0.03968253968253965,NA,NA,NA,insufficient_history,0.5261627906976745,middle
3139,defense,17.571428333333333,122.99999833333334,7,1,2,3,0.42857142857142855,1,19.174073333333336,0.3888888888888889,FALSE,1.6026450000000025,-0.03968253968253965,NA,NA,NA,insufficient_history,0.5261627906976745,middle
3140,NA,NA,NA,NA,NA,NA,NA,NA,1,19.057985,0.25,FALSE,NA,NA,2,1.6026449999993977,-0.03968253968252451,rising,NA,NA
3141,forward,9.946666666666665,49.73333333333333,5,1,0,1,0.2,1,9.59658,0.10256410256410256,FALSE,-0.350086666666666,-0.09743589743589745,NA,NA,NA,insufficient_history,0.17477203647416414,fringe
3142,forward,9.59658,374.26662,39,4,0,4,0.10256410256410256,0,NA,NA,FALSE,NA,NA,1,NA,NA,insufficient_history,0.13636363636363635,fringe
3143,NA,NA,NA,NA,NA,NA,NA,NA,0,NA,NA,FALSE,NA,NA,2,-0.35008666666653093,-0.09743589743586042,declining,NA,NA
3144,NA,NA,NA,NA,NA,NA,NA,NA,0,NA,NA,FALSE,NA,NA,NA,NA,NA,insufficient_history,NA,NA
3145,NA,NA,NA,NA,NA,NA,NA,NA,1,10.628786666666665,0.3181818181818182,FALSE,NA,NA,NA,NA,NA,insufficient_history,NA,NA
3146,NA,NA,NA,NA,NA,NA,NA,NA,1,16.221568333333334,0.17647058823529413,FALSE,NA,NA,NA,NA,NA,insufficient_history,NA,NA
3147,NA,NA,NA,NA,NA,NA,NA,NA,0,NA,NA,FALSE,NA,NA,1,NA,NA,insufficient_history,NA,NA
3148,NA,NA,NA,NA,NA,NA,NA,NA,1,10.541666666666666,0.21428571428571427,FALSE,NA,NA,NA,NA,NA,insufficient_history,NA,NA
3149,NA,NA,NA,NA,NA,NA,NA,NA,0,NA,NA,FALSE,NA,NA,1,NA,NA,insufficient_history,NA,NA
3150,NA,NA,NA,NA,NA,NA,NA,NA,1,16.241768333333333,0.9135802469135802,TRUE,NA,NA,NA,NA,NA,insufficient_history,NA,NA
3151,forward,16.241768333333333,1315.583235,81,39,35,74,0.9135802469135802,2,15.017757499999998,0.5364255765199162,TRUE,-1.2240108333333346,-0.377154670393664,NA,NA,NA,insufficient_history,0.6996753246753247,top
3152,forward,12.225,146.7,12,0,2,2,0.16666666666666666,0,NA,NA,FALSE,NA,NA,NA,NA,NA,insufficient_history,0.3912337662337662,middle
3153,NA,NA,NA,NA,NA,NA,NA,NA,1,7.833333333333333,0.3333333333333333,FALSE,NA,NA,NA,NA,NA,insufficient_history,NA,NA
3154,NA,NA,NA,NA,NA,NA,NA,NA,2,19.98791,0.8428956089478045,FALSE,NA,NA,NA,NA,NA,insufficient_history,NA,NA
3155,NA,NA,NA,NA,NA,NA,NA,NA,2,14.546319166666667,0.39675147660154475,FALSE,NA,NA,NA,NA,NA,insufficient_history,NA,NA
3156,NA,NA,NA,NA,NA,NA,NA,NA,2,17.022513333333336,0.5214488636363637,FALSE,NA,NA,NA,NA,NA,insufficient_history,NA,NA
3157,NA,NA,NA,NA,NA,NA,NA,NA,2,16.7136725,0.5826530612244898,FALSE,NA,NA,NA,NA,NA,insufficient_history,NA,NA
3158,NA,NA,NA,NA,NA,NA,NA,NA,1,15.251343333333333,0.5806451612903226,FALSE,NA,NA,NA,NA,NA,insufficient_history,NA,NA
3159,defense,17.464285,122.249995,7,0,3,3,0.42857142857142855,0,NA,NA,FALSE,NA,NA,NA,NA,NA,insufficient_history,0.5075075075075075,middle
3160,defense,17.464285,122.249995,7,0,3,3,0.42857142857142855,0,NA,NA,FALSE,NA,NA,NA,NA,NA,insufficient_history,0.5075075075075075,middle
3161,defense,15.45,77.25,5,0,1,1,0.2,0,NA,NA,FALSE,NA,NA,NA,NA,NA,insufficient_history,0.3183183183183183,fringe
3162,defense,15.45,77.25,5,0,1,1,0.2,0,NA,NA,FALSE,NA,NA,NA,NA,NA,insufficient_history,0.3183183183183183,fringe
3163,NA,NA,NA,NA,NA,NA,NA,NA,1,15.54923,0.18461538461538463,FALSE,NA,NA,NA,NA,NA,insufficient_history,NA,NA
3164,defense,14.213333333333333,71.06666666666666,5,1,0,1,0.2,0,NA,NA,FALSE,NA,NA,NA,NA,NA,insufficient_history,0.2042042042042042,fringe
3165,NA,NA,NA,NA,NA,NA,NA,NA,0,NA,NA,FALSE,NA,NA,1,NA,NA,insufficient_history,NA,NA
3166,NA,NA,NA,NA,NA,NA,NA,NA,0,NA,NA,FALSE,NA,NA,NA,NA,NA,insufficient_history,NA,NA
3167,NA,NA,NA,NA,NA,NA,NA,NA,1,14.695383333333332,0.23076923076923078,FALSE,NA,NA,NA,NA,NA,insufficient_history,NA,NA
3168,NA,NA,NA,NA,NA,NA,NA,NA,0,NA,NA,FALSE,NA,NA,NA,NA,NA,insufficient_history,NA,NA
3169,NA,NA,NA,NA,NA,NA,NA,NA,1,12.50111,0.03333333333333333,TRUE,NA,NA,NA,NA,NA,insufficient_history,NA,NA
3170,NA,NA,NA,NA,NA,NA,NA,NA,1,16.308333333333334,0.7142857142857143,FALSE,NA,NA,NA,NA,NA,insufficient_history,NA,NA
3171,NA,NA,NA,NA,NA,NA,NA,NA,1,20.638095,0.2857142857142857,FALSE,NA,NA,NA,NA,NA,insufficient_history,NA,NA
3172,NA,NA,NA,NA,NA,NA,NA,NA,1,19.775861666666668,0.896551724137931,FALSE,NA,NA,NA,NA,NA,insufficient_history,NA,NA
3173,NA,NA,NA,NA,NA,NA,NA,NA,1,5.35,0,FALSE,NA,NA,NA,NA,NA,insufficient_history,NA,NA
3174,NA,NA,NA,NA,NA,NA,NA,NA,1,8.928703333333335,0.2222222222222222,TRUE,NA,NA,NA,NA,NA,insufficient_history,NA,NA
3175,NA,NA,NA,NA,NA,NA,NA,NA,1,15.126153333333335,0.46153846153846156,TRUE,NA,NA,NA,NA,NA,insufficient_history,NA,NA
