player_id,player_name,name_key,name_key_ascii,first_name,last_name,first_name_key,last_name_key
8471699,Andrew Cogliano,andrew cogliano,andrew cogliano,Andrew,Cogliano,andrew,cogliano
8471418,Anton Khudobin,anton khudobin,anton khudobin,Anton,Khudobin,anton,khudobin
8475204,Brandon Pirri,brandon pirri,brandon pirri,Brandon,Pirri,brandon,pirri
8475764,Cam Fowler,cam fowler,cam fowler,Cam,Fowler,cam,fowler
8474176,Carl Hagelin,carl hagelin,carl hagelin,Carl,Hagelin,carl,hagelin
8473485,Chris Stewart,chris stewart,chris stewart,Chris,Stewart,chris,stewart
8475780,Chris Wagner,chris wagner,chris wagner,Chris,Wagner,chris,wagner
8470886,Clayton Stoner,clayton stoner,clayton stoner,Clayton,Stoner,clayton,stoner
8470621,Corey Perry,corey perry,corey perry,Corey,Perry,corey,perry
8474102,David Perron,david perron,david perron,David,Perron,david,perron
8475883,Frederik Andersen,frederik andersen,frederik andersen,Frederik,Andersen,frederik,andersen
8476854,Hampus Lindholm,hampus lindholm,hampus lindholm,Hampus,Lindholm,hampus,lindholm
8476158,Harry Zolnierczyk,harry zolnierczyk,harry zolnierczyk,Harry,Zolnierczyk,harry,zolnierczyk
8475164,Jakob Silfverberg,jakob silfverberg,jakob silfverberg,Jakob,Silfverberg,jakob,silfverberg
8473465,Jamie McGinn,jamie mcginn,jamie mcginn,Jamie,McGinn,jamie,mcginn
8478137,Jiri Sekac,jiri sekac,jiri sekac,Jiri,Sekac,jiri,sekac
8476434,John Gibson,john gibson,john gibson,John,Gibson,john,gibson
8476312,Josh Manson,josh manson,josh manson,Josh,Manson,josh,manson
8469598,Kevin Bieksa,kevin bieksa,kevin bieksa,Kevin,Bieksa,kevin,bieksa
8473560,Korbinian Holzer,korbinian holzer,korbinian holzer,Korbinian,Holzer,korbinian,holzer
8476384,Max Friberg,max friberg,max friberg,Max,Friberg,max,friberg
8475958,Michael Sgarbossa,michael sgarbossa,michael sgarbossa,Michael,Sgarbossa,michael,sgarbossa
8471390,Mike Santorelli,mike santorelli,mike santorelli,Mike,Santorelli,mike,santorelli
8470775,Nate Thompson,nate thompson,nate thompson,Nate,Thompson,nate,thompson
8477941,Nick Ritchie,nick ritchie,nick ritchie,Nick,Ritchie,nick,ritchie
8474034,Patrick Maroon,patrick maroon,patrick maroon,Patrick,Maroon,patrick,maroon
8476483,Rickard Rakell,rickard rakell,rickard rakell,Rickard,Rakell,rickard,rakell
8476116,Ryan Garbutt,ryan garbutt,ryan garbutt,Ryan,Garbutt,ryan,garbutt
8470612,Ryan Getzlaf,ryan getzlaf,ryan getzlaf,Ryan,Getzlaf,ryan,getzlaf
8470616,Ryan Kesler,ryan kesler,ryan kesler,Ryan,Kesler,ryan,kesler
8475222,Sami Vatanen,sami vatanen,sami vatanen,Sami,Vatanen,sami,vatanen
8467423,Shawn Horcoff,shawn horcoff,shawn horcoff,Shawn,Horcoff,shawn,horcoff
8477447,Shea Theodore,shea theodore,shea theodore,Shea,Theodore,shea,theodore
8475155,Simon Despres,simon despres,simon despres,Simon,Despres,simon,despres
8476474,Stefan Noesen,stefan noesen,stefan noesen,Stefan,Noesen,stefan,noesen
8469490,Tim Jackman,tim jackman,tim jackman,Tim,Jackman,tim,jackman
8474005,Alex Grant,alex grant,alex grant,Alex,Grant,alex,grant
8467338,Alex Tanguay,alex tanguay,alex tanguay,Alex,Tanguay,alex,tanguay
8474765,Anders Lindback,anders lindback,anders lindback,Anders,Lindback,anders,lindback
8477407,Anthony Duclair,anthony duclair,anthony duclair,Anthony,Duclair,anthony,duclair
8468535,Antoine Vermette,antoine vermette,antoine vermette,Antoine,Vermette,antoine,vermette
8470159,Boyd Gordon,boyd gordon,boyd gordon,Boyd,Gordon,boyd,gordon
8470755,Brad Richardson,brad richardson,brad richardson,Brad,Richardson,brad,richardson
8475749,Christian Thomas,christian thomas,christian thomas,Christian,Thomas,christian,thomas
8476473,Connor Murphy,connor murphy,connor murphy,Connor,Murphy,connor,murphy
8475414,Craig Cunningham,craig cunningham,craig cunningham,Craig,Cunningham,craig,cunningham
8474138,Dustin Jeffrey,dustin jeffrey,dustin jeffrey,Dustin,Jeffrey,dustin,jeffrey
8474554,Eric Selleck,eric selleck,eric selleck,Eric,Selleck,eric,selleck
8475797,Jarred Tinordi,jarred tinordi,jarred tinordi,Jarred,Tinordi,jarred,tinordi
8471856,Joe Vitale,joe vitale,joe vitale,Joe,Vitale,joe,vitale
8473722,John Scott,john scott,john scott,John,Scott,john,scott
8476921,Jordan Martinook,jordan martinook,jordan martinook,Jordan,Martinook,jordan,martinook
8475246,Kevin Connauton,kevin connauton,kevin connauton,Kevin,Connauton,kevin,connauton
8476403,Klas Dahlbeck,klas dahlbeck,klas dahlbeck,Klas,Dahlbeck,klas,dahlbeck
8471231,Kyle Chipchura,kyle chipchura,kyle chipchura,Kyle,Chipchura,kyle,chipchura
8477460,Laurent Dauphin,laurent dauphin,laurent dauphin,Laurent,Dauphin,laurent,dauphin
8475839,Louis Domingue,louis domingue,louis domingue,Louis,Domingue,louis,domingue
8471691,Martin Hanzal,martin hanzal,martin hanzal,Martin,Hanzal,martin,hanzal
8477503,Max Domi,max domi,max domi,Max,Domi,max,domi
8474628,Michael Stone,michael stone,michael stone,Michael,Stone,michael,stone
8469608,Mike Smith,mike smith,mike smith,Mike,Smith,mike,smith
8474571,Mikkel Boedker,mikkel boedker,mikkel boedker,Mikkel,Boedker,mikkel,boedker
8471269,Nicklas Grossmann,nicklas grossmann,nicklas grossmann,Nicklas,Grossmann,nicklas,grossmann
8478999,Niklas Treutle,niklas treutle,niklas treutle,Niklas,Treutle,niklas,treutle
8475171,Oliver Ekman-Larsson,oliver ekman-larsson,oliver ekman-larsson,Oliver,Ekman-Larsson,oliver,ekman-larsson
8475194,Philip Samuelsson,philip samuelsson,philip samuelsson,Philip,Samuelsson,philip,samuelsson
8478928,Sergei Plotnikov,sergei plotnikov,sergei plotnikov,Sergei,Plotnikov,sergei,plotnikov
8462038,Shane Doan,shane doan,shane doan,Shane,Doan,shane,doan
8475206,Stefan Elliott,stefan elliott,stefan elliott,Stefan,Elliott,stefan,elliott
8471703,Steve Downie,steve downie,steve downie,Steve,Downie,steve,downie
8476356,Tobias Rieder,tobias rieder,tobias rieder,Tobias,Rieder,tobias,rieder
8477715,Tyler Gaudet,tyler gaudet,tyler gaudet,Tyler,Gaudet,tyler,gaudet
8474588,Viktor Tikhonov,viktor tikhonov,viktor tikhonov,Viktor,Tikhonov,viktor,tikhonov
8469760,Zbynek Michalek,zbynek michalek,zbynek michalek,Zbynek,Michalek,zbynek,michalek
8471717,Adam McQuaid,adam mcquaid,adam mcquaid,Adam,McQuaid,adam,mcquaid
8476435,Alex Khokhlachev,alex khokhlachev,alex khokhlachev,Alex,Khokhlachev,alex,khokhlachev
8473419,Brad Marchand,brad marchand,brad marchand,Brad,Marchand,brad,marchand
8475792,Brett Connolly,brett connolly,brett connolly,Brett,Connolly,brett,connolly
8467967,Chris Kelly,chris kelly,chris kelly,Chris,Kelly,chris,kelly
8476525,Colin Miller,colin miller,colin miller,Colin,Miller,colin,miller
8471276,David Krejci,david krejci,david krejci,David,Krejci,david,krejci
8477956,David Pastrnak,david pastrnak,david pastrnak,David,Pastrnak,david,pastrnak
8469619,Dennis Seidenberg,dennis seidenberg,dennis seidenberg,Dennis,Seidenberg,dennis,seidenberg
8478366,Frank Vatrano,frank vatrano,frank vatrano,Frank,Vatrano,frank,vatrano
8474625,Jimmy Hayes,jimmy hayes,jimmy hayes,Jimmy,Hayes,jimmy,hayes
8476476,Joe Morrow,joe morrow,joe morrow,Joe,Morrow,joe,morrow
8468639,John-Michael Liles,john-michael liles,john-michael liles,John-Michael,Liles,john-michael,liles
8475361,Jonas Gustavsson,jonas gustavsson,jonas gustavsson,Jonas,Gustavsson,jonas,gustavsson
8478564,Joonas Kemppainen,joonas kemppainen,joonas kemppainen,Joonas,Kemppainen,joonas,kemppainen
8476191,Kevan Miller,kevan miller,kevan miller,Kevan,Miller,kevan,miller
8475157,Landon Ferraro,landon ferraro,landon ferraro,Landon,Ferraro,landon,ferraro
8470740,Lee Stempniak,lee stempniak,lee stempniak,Lee,Stempniak,lee,stempniak
8470626,Loui Eriksson,loui eriksson,loui eriksson,Loui,Eriksson,loui,eriksson
8473492,Matt Beleskey,matt beleskey,matt beleskey,Matt,Beleskey,matt,beleskey
8475625,Matt Irwin,matt irwin,matt irwin,Matt,Irwin,matt,irwin
8470171,Max Talbot,max talbot,max talbot,Max,Talbot,max,talbot
8478569,Noel Acciari,noel acciari,noel acciari,Noel,Acciari,noel,acciari
8470638,Patrice Bergeron,patrice bergeron,patrice bergeron,Patrice,Bergeron,patrice,bergeron
8475727,Ryan Spooner,ryan spooner,ryan spooner,Ryan,Spooner,ryan,spooner
8476495,Seth Griffith,seth griffith,seth griffith,Seth,Griffith,seth,griffith
8474019,Tommy Cross,tommy cross,tommy cross,Tommy,Cross,tommy,cross
8476792,Torey Krug,torey krug,torey krug,Torey,Krug,torey,krug
8471695,Tuukka Rask,tuukka rask,tuukka rask,Tuukka,Rask,tuukka,rask
8475292,Tyler Randell,tyler randell,tyler randell,Tyler,Randell,tyler,randell
8474736,Zac Rinaldo,zac rinaldo,zac rinaldo,Zac,Rinaldo,zac,rinaldo
8475902,Zach Trotman,zach trotman,zach trotman,Zach,Trotman,zach,trotman
8465009,Zdeno Chara,zdeno chara,zdeno chara,Zdeno,Chara,zdeno,chara
8467407,Brian Gionta,brian gionta,brian gionta,Brian,Gionta,brian,gionta
8471811,Cal O'Reilly,cal o'reilly,cal o'reilly,Cal,O'Reilly,cal,o'reilly
8469470,Carlo Colaiacovo,carlo colaiacovo,carlo colaiacovo,Carlo,Colaiacovo,carlo,colaiacovo
8479268,Casey Nelson,casey nelson,casey nelson,Casey,Nelson,casey,nelson
8473434,Chad Johnson,chad johnson,chad johnson,Chad,Johnson,chad,johnson
8477244,Chad Ruhwedel,chad ruhwedel,chad ruhwedel,Chad,Ruhwedel,chad,ruhwedel
8471742,Cody Franson,cody franson,cody franson,Cody,Franson,cody,franson
8476766,Cole Schneider,cole schneider,cole schneider,Cole,Schneider,cole,schneider
8476401,Daniel Catenacci,daniel catenacci,daniel catenacci,Daniel,Catenacci,daniel,catenacci
8467330,David Legwand,david legwand,david legwand,David,Legwand,david,legwand
8478542,Evan Rodrigues,evan rodrigues,evan rodrigues,Evan,Rodrigues,evan,rodrigues
8475169,Evander Kane,evander kane,evander kane,Evander,Kane,evander,kane
8477392,Hudson Fasching,hudson fasching,hudson fasching,Hudson,Fasching,hudson,fasching
8478403,Jack Eichel,jack eichel,jack eichel,Jack,Eichel,jack,eichel
8476931,Jake McCabe,jake mccabe,jake mccabe,Jake,McCabe,jake,mccabe
8476309,Jason Kasdorf,jason kasdorf,jason kasdorf,Jason,Kasdorf,jason,kasdorf
8475728,Johan Larsson,johan larsson,johan larsson,Johan,Larsson,johan,larsson
8470324,Josh Gorges,josh gorges,josh gorges,Josh,Gorges,josh,gorges
8477473,Justin Bailey,justin bailey,justin bailey,Justin,Bailey,justin,bailey
8476999,Linus Ullmark,linus ullmark,linus ullmark,Linus,Ullmark,linus,ullmark
8475220,Marcus Foligno,marcus foligno,marcus foligno,Marcus,Foligno,marcus,foligno
8475796,Mark Pysyk,mark pysyk,mark pysyk,Mark,Pysyk,mark,pysyk
8470852,Matt Moulson,matt moulson,matt moulson,Matt,Moulson,matt,moulson
8473426,Mike Weber,mike weber,mike weber,Mike,Weber,mike,weber
8475235,Nicolas Deslauriers,nicolas deslauriers,nicolas deslauriers,Nicolas,Deslauriers,nicolas,deslauriers
8475321,Phil Varone,phil varone,phil varone,Phil,Varone,phil,varone
8477499,Rasmus Ristolainen,rasmus ristolainen,rasmus ristolainen,Rasmus,Ristolainen,rasmus,ristolainen
8475215,Robin Lehner,robin lehner,robin lehner,Robin,Lehner,robin,lehner
8475158,Ryan O'Reilly,ryan o'reilly,ryan o'reilly,Ryan,O'Reilly,ryan,o'reilly
8477933,Sam Reinhart,sam reinhart,sam reinhart,Sam,Reinhart,sam,reinhart
8477213,Tim Schaller,tim schaller,tim schaller,Tim,Schaller,tim,schaller
8474589,Tyler Ennis,tyler ennis,tyler ennis,Tyler,Ennis,tyler,ennis
8474567,Zach Bogosian,zach bogosian,zach bogosian,Zach,Bogosian,zach,bogosian
8476878,Zemgus Girgensons,zemgus girgensons,zemgus girgensons,Zemgus,Girgensons,zemgus,girgensons
8475250,Andrej Nestrasil,andrej nestrasil,andrej nestrasil,Andrej,Nestrasil,andrej,nestrasil
8474089,Brad Malone,brad malone,brad malone,Brad,Malone,brad,malone
8476944,Brendan Woods,brendan woods,brendan woods,Brendan,Woods,brendan,woods
8477488,Brett Pesce,brett pesce,brett pesce,Brett,Pesce,brett,pesce
8476934,Brock McGinn,brock mcginn,brock mcginn,Brock,McGinn,brock,mcginn
8475980,Brody Sutter,brody sutter,brody sutter,Brody,Sutter,brody,sutter
8470320,Cam Ward,cam ward,cam ward,Cam,Ward,cam,ward
8474052,Chris Terry,chris terry,chris terry,Chris,Terry,chris,terry
8478585,Derek Ryan,derek ryan,derek ryan,Derek,Ryan,derek,ryan
8475663,Eddie Lack,eddie lack,eddie lack,Eddie,Lack,eddie,lack
8477496,Elias Lindholm,elias lindholm,elias lindholm,Elias,Lindholm,elias,lindholm
8470595,Eric Staal,eric staal,eric staal,Eric,Staal,eric,staal
8476958,Jaccob Slavin,jaccob slavin,jaccob slavin,Jaccob,Slavin,jaccob,slavin
8470222,James Wisniewski,james wisniewski,james wisniewski,James,Wisniewski,james,wisniewski
8469508,Jay McClement,jay mcclement,jay mcclement,Jay,McClement,jay,mcclement
8475784,Jeff Skinner,jeff skinner,jeff skinner,Jeff,Skinner,jeff,skinner
8475807,Joakim Nordstrom,joakim nordstrom,joakim nordstrom,Joakim,Nordstrom,joakim,nordstrom
8473533,Jordan Staal,jordan staal,jordan staal,Jordan,Staal,jordan,staal
8475753,Justin Faulk,justin faulk,justin faulk,Justin,Faulk,justin,faulk
8471346,Kris Versteeg,kris versteeg,kris versteeg,Kris,Versteeg,kris,versteeg
8474661,Michal Jordan,michal jordan,michal jordan,Michal,Jordan,michal,jordan
8471804,Nathan Gerbe,nathan gerbe,nathan gerbe,Nathan,Gerbe,nathan,gerbe
8478396,Noah Hanifin,noah hanifin,noah hanifin,Noah,Hanifin,noah,hanifin
8477887,Patrick Brown,patrick brown,patrick brown,Patrick,Brown,patrick,brown
8476858,Phillip Di Giuseppe,phillip di giuseppe,phillip di giuseppe,Phillip,Di Giuseppe,phillip,di giuseppe
8474062,Riley Nash,riley nash,riley nash,Riley,Nash,riley,nash
8468493,Ron Hainsey,ron hainsey,ron hainsey,Ron,Hainsey,ron,hainsey
8476465,Ryan Murphy,ryan murphy,ryan murphy,Ryan,Murphy,ryan,murphy
8477566,Sergey Tolchinsky,sergey tolchinsky,sergey tolchinsky,Sergey,Tolchinsky,sergey,tolchinsky
8476953,Trevor Carrick,trevor carrick,trevor carrick,Trevor,Carrick,trevor,carrick
8476437,Victor Rask,victor rask,victor rask,Victor,Rask,victor,rask
8477505,Alexander Wennberg,alexander wennberg,alexander wennberg,Alexander,Wennberg,alexander,wennberg
8473550,Andrew Bodnarchuk,andrew bodnarchuk,andrew bodnarchuk,Andrew,Bodnarchuk,andrew,bodnarchuk
8476341,Anton Forsberg,anton forsberg,anton forsberg,Anton,Forsberg,anton,forsberg
8476432,Boone Jenner,boone jenner,boone jenner,Boone,Jenner,boone,jenner
8471273,Brandon Dubinsky,brandon dubinsky,brandon dubinsky,Brandon,Dubinsky,brandon,dubinsky
8476438,Brandon Saad,brandon saad,brandon saad,Brandon,Saad,brandon,saad
8474715,Cam Atkinson,cam atkinson,cam atkinson,Cam,Atkinson,cam,atkinson
8474597,Cody Goloubef,cody goloubef,cody goloubef,Cody,Goloubef,cody,goloubef
8470147,Curtis McElhinney,curtis mcelhinney,curtis mcelhinney,Curtis,McElhinney,curtis,mcelhinney
8474774,Dalton Prout,dalton prout,dalton prout,Dalton,Prout,dalton,prout
8470920,David Clarkson,david clarkson,david clarkson,David,Clarkson,david,clarkson
8475233,David Savard,david savard,david savard,David,Savard,david,savard
8478567,Dean Kukan,dean kukan,dean kukan,Dean,Kukan,dean,kukan
8469492,Fedor Tyutin,fedor tyutin,fedor tyutin,Fedor,Tyutin,fedor,tyutin
8470169,Gregory Campbell,gregory campbell,gregory campbell,Gregory,Campbell,gregory,campbell
8471677,Jack Johnson,jack johnson,jack johnson,Jack,Johnson,jack,johnson
8471766,Jared Boll,jared boll,jared boll,Jared,Boll,jared,boll
8475829,John Ramage,john ramage,john ramage,John,Ramage,john,ramage
8476914,Joonas Korpisalo,joonas korpisalo,joonas korpisalo,Joonas,Korpisalo,joonas,korpisalo
8476981,Josh Anderson,josh anderson,josh anderson,Josh,Anderson,josh,anderson
8473992,Justin Falk,justin falk,justin falk,Justin,Falk,justin,falk
8477510,Kerby Rychel,kerby rychel,kerby rychel,Kerby,Rychel,kerby,rychel
8478541,Markus Hannikainen,markus hannikainen,markus hannikainen,Markus,Hannikainen,markus,hannikainen
8474685,Matt Calvert,matt calvert,matt calvert,Matt,Calvert,matt,calvert
8475808,Michael Chaput,michael chaput,michael chaput,Michael,Chaput,michael,chaput
8476394,Michael Paliotta,michael paliotta,michael paliotta,Michael,Paliotta,michael,paliotta
8473422,Nick Foligno,nick foligno,nick foligno,Nick,Foligno,nick,foligno
8477416,Oliver Bjorkstrand,oliver bjorkstrand,oliver bjorkstrand,Oliver,Bjorkstrand,oliver,bjorkstrand
8471504,Rene Bourque,rene bourque,rene bourque,Rene,Bourque,rene,bourque
8475793,Ryan Johansen,ryan johansen,ryan johansen,Ryan,Johansen,ryan,johansen
8476850,Ryan Murray,ryan murray,ryan murray,Ryan,Murray,ryan,murray
8468486,Scott Hartnell,scott hartnell,scott hartnell,Scott,Hartnell,scott,hartnell
8475683,Sergei Bobrovsky,sergei bobrovsky,sergei bobrovsky,Sergei,Bobrovsky,sergei,bobrovsky
8477495,Seth Jones,seth jones,seth jones,Seth,Jones,seth,jones
8477947,Sonny Milano,sonny milano,sonny milano,Sonny,Milano,sonny,milano
8476448,William Karlsson,william karlsson,william karlsson,William,Karlsson,william,karlsson
8475650,Brandon Bollig,brandon bollig,brandon bollig,Brandon,Bollig,brandon,bollig
8476967,Brett Kulak,brett kulak,brett kulak,Brett,Kulak,brett,kulak
8470877,David Jones,david jones,david jones,David,Jones,david,jones
8469770,Dennis Wideman,dennis wideman,dennis wideman,Dennis,Wideman,dennis,wideman
8474683,Derek Grant,derek grant,derek grant,Derek,Grant,derek,grant
8468674,Deryk Engelland,deryk engelland,deryk engelland,Deryk,Engelland,deryk,engelland
8476462,Dougie Hamilton,dougie hamilton,dougie hamilton,Dougie,Hamilton,dougie,hamilton
8475213,Drew Shore,drew shore,drew shore,Drew,Shore,drew,shore
8477486,Emile Poirier,emile poirier,emile poirier,Emile,Poirier,emile,poirier
8475878,Freddie Hamilton,freddie hamilton,freddie hamilton,Freddie,Hamilton,freddie,hamilton
8477903,Garnet Hathaway,garnet hathaway,garnet hathaway,Garnet,Hathaway,garnet,hathaway
8477445,Hunter Shinkaruk,hunter shinkaruk,hunter shinkaruk,Hunter,Shinkaruk,hunter,shinkaruk
8478562,Jakub Nakladal,jakub nakladal,jakub nakladal,Jakub,Nakladal,jakub,nakladal
8470201,Jiri Hudler,jiri hudler,jiri hudler,Jiri,Hudler,jiri,hudler
8474577,Joe Colborne,joe colborne,joe colborne,Joe,Colborne,joe,colborne
8476346,Johnny Gaudreau,johnny gaudreau,johnny gaudreau,Johnny,Gaudreau,johnny,gaudreau
8473972,Jonas Hiller,jonas hiller,jonas hiller,Jonas,Hiller,jonas,hiller
8475299,Joni Ortio,joni ortio,joni ortio,Joni,Ortio,joni,ortio
8477591,Josh Jooris,josh jooris,josh jooris,Josh,Jooris,josh,jooris
8476279,Jyrki Jokipakka,jyrki jokipakka,jyrki jokipakka,Jyrki,Jokipakka,jyrki,jokipakka
8471403,Karri Ramo,karri ramo,karri ramo,Karri,Ramo,karri,ramo
8475844,Kenny Agostino,kenny agostino,kenny agostino,Kenny,Agostino,kenny,agostino
8471729,Kris Russell,kris russell,kris russell,Kris,Russell,kris,russell
8471222,Ladislav Smid,ladislav smid,ladislav smid,Ladislav,Smid,ladislav,smid
8474642,Lance Bouma,lance bouma,lance bouma,Lance,Bouma,lance,bouma
8470966,Mark Giordano,mark giordano,mark giordano,Mark,Giordano,mark,giordano
8476440,Markus Granlund,markus granlund,markus granlund,Markus,Granlund,markus,granlund
8471664,Mason Raymond,mason raymond,mason raymond,Mason,Raymond,mason,raymond
8470162,Matt Stajan,matt stajan,matt stajan,Matt,Stajan,matt,stajan
8473564,Michael Frolik,michael frolik,michael frolik,Michael,Frolik,michael,frolik
8475907,Micheal Ferland,micheal ferland,micheal ferland,Micheal,Ferland,micheal,ferland
8474150,Mikael Backlund,mikael backlund,mikael backlund,Mikael,Backlund,mikael,backlund
8473404,Niklas Backstrom,niklas backstrom,niklas backstrom,Niklas,Backstrom,niklas,backstrom
8478430,Oliver Kylington,oliver kylington,oliver kylington,Oliver,Kylington,oliver,kylington
8476890,Patrick Sieloff,patrick sieloff,patrick sieloff,Patrick,Sieloff,patrick,sieloff
8477935,Sam Bennett,sam bennett,sam bennett,Sam,Bennett,sam,bennett
8477497,Sean Monahan,sean monahan,sean monahan,Sean,Monahan,sean,monahan
8474673,TJ Brodie,tj brodie,tj brodie,TJ,Brodie,tj,brodie
8476505,Turner Elson,turner elson,turner elson,Turner,Elson,turner,elson
8476452,Tyler Wotherspoon,tyler wotherspoon,tyler wotherspoon,Tyler,Wotherspoon,tyler,wotherspoon
8471956,Andrew Desjardins,andrew desjardins,andrew desjardins,Andrew,Desjardins,andrew,desjardins
8471217,Andrew Ladd,andrew ladd,andrew ladd,Andrew,Ladd,andrew,ladd
8476381,Andrew Shaw,andrew shaw,andrew shaw,Andrew,Shaw,andrew,shaw
8473573,Artem Anisimov,artem anisimov,artem anisimov,Artem,Anisimov,artem,anisimov
8478550,Artemi Panarin,artemi panarin,artemi panarin,Artemi,Panarin,artemi,panarin
8474850,Brandon Mashinter,brandon mashinter,brandon mashinter,Brandon,Mashinter,brandon,mashinter
8470607,Brent Seabrook,brent seabrook,brent seabrook,Brent,Seabrook,brent,seabrook
8471254,Bryan Bickell,bryan bickell,bryan bickell,Bryan,Bickell,bryan,bickell
8469555,Christian Ehrhoff,christian ehrhoff,christian ehrhoff,Christian,Ehrhoff,christian,ehrhoff
8470645,Corey Crawford,corey crawford,corey crawford,Corey,Crawford,corey,crawford
8474668,Dale Weise,dale weise,dale weise,Dale,Weise,dale,weise
8475182,David Rundblad,david rundblad,david rundblad,David,Rundblad,david,rundblad
8477929,Dennis Rasmussen,dennis rasmussen,dennis rasmussen,Dennis,Rasmussen,dennis,rasmussen
8470281,Duncan Keith,duncan keith,duncan keith,Duncan,Keith,duncan,keith
8476979,Erik Gustafsson,erik gustafsson,erik gustafsson,Erik,Gustafsson,erik,gustafsson
8473604,Jonathan Toews,jonathan toews,jonathan toews,Jonathan,Toews,jonathan,toews
8478393,Kyle Baun,kyle baun,kyle baun,Kyle,Baun,kyle,baun
8475323,Marcus Kruger,marcus kruger,marcus kruger,Marcus,Kruger,marcus,kruger
8466148,Marian Hossa,marian hossa,marian hossa,Marian,Hossa,marian,hossa
8476471,Mark McNeill,mark mcneill,mark mcneill,Mark,McNeill,mark,mcneill
8477448,Marko Dano,marko dano,marko dano,Marko,Dano,marko,dano
8468038,Michael Leighton,michael leighton,michael leighton,Michael,Leighton,michael,leighton
8465058,Michal Rozsival,michal rozsival,michal rozsival,Michal,Rozsival,michal,rozsival
8471769,Niklas Hjalmarsson,niklas hjalmarsson,niklas hjalmarsson,Niklas,Hjalmarsson,niklas,hjalmarsson
8474141,Patrick Kane,patrick kane,patrick kane,Patrick,Kane,patrick,kane
8476479,Phillip Danault,phillip danault,phillip danault,Phillip,Danault,phillip,danault
8475209,Richard Panik,richard panik,richard panik,Richard,Panik,richard,panik
8467452,Rob Scuderi,rob scuderi,rob scuderi,Rob,Scuderi,rob,scuderi
8477451,Ryan Hartman,ryan hartman,ryan hartman,Ryan,Hartman,ryan,hartman
8474152,Scott Darling,scott darling,scott darling,Scott,Darling,scott,darling
8478528,Tanner Kero,tanner kero,tanner kero,Tanner,Kero,tanner,kero
8476882,Teuvo Teravainen,teuvo teravainen,teuvo teravainen,Teuvo,Teravainen,teuvo,teravainen
8470039,Tomas Fleischmann,tomas fleischmann,tomas fleischmann,Tomas,Fleischmann,tomas,fleischmann
8470110,Trevor Daley,trevor daley,trevor daley,Trevor,Daley,trevor,daley
8477845,Trevor van Riemsdyk,trevor van riemsdyk,trevor van riemsdyk,Trevor,van Riemsdyk,trevor,van riemsdyk
8477300,Viktor Svedberg,viktor svedberg,viktor svedberg,Viktor,Svedberg,viktor,svedberg
8476994,Vinnie Hinostroza,vinnie hinostroza,vinnie hinostroza,Vinnie,Hinostroza,vinnie,hinostroza
8478561,Andreas Martinsen,andreas martinsen,andreas martinsen,Andreas,Martinsen,andreas,martinsen
8475461,Andrew Agozzino,andrew agozzino,andrew agozzino,Andrew,Agozzino,andrew,agozzino
8476043,Ben Street,ben street,ben street,Ben,Street,ben,street
8471260,Blake Comeau,blake comeau,blake comeau,Blake,Comeau,blake,comeau
8477916,Borna Rendulic,borna rendulic,borna rendulic,Borna,Rendulic,borna,rendulic
8467331,Brad Stuart,brad stuart,brad stuart,Brad,Stuart,brad,stuart
8475759,Brandon Gormley,brandon gormley,brandon gormley,Brandon,Gormley,brandon,gormley
8475717,Calvin Pickard,calvin pickard,calvin pickard,Calvin,Pickard,calvin,pickard
8471262,Carl Soderberg,carl soderberg,carl soderberg,Carl,Soderberg,carl,soderberg
8477453,Chris Bigras,chris bigras,chris bigras,Chris,Bigras,chris,bigras
8471657,Cody McLeod,cody mcleod,cody mcleod,Cody,McLeod,cody,mcleod
8477902,Dennis Everberg,dennis everberg,dennis everberg,Dennis,Everberg,dennis,everberg
8475199,Eric Gelinas,eric gelinas,eric gelinas,Eric,Gelinas,eric,gelinas
8473446,Erik Johnson,erik johnson,erik johnson,Erik,Johnson,erik,johnson
8467400,Francois Beauchemin,francois beauchemin,francois beauchemin,Francois,Beauchemin,francois,beauchemin
8476455,Gabriel Landeskog,gabriel landeskog,gabriel landeskog,Gabriel,Landeskog,gabriel,landeskog
8471681,Jack Skille,jack skille,jack skille,Jack,Skille,jack,skille
8462042,Jarome Iginla,jarome iginla,jarome iginla,Jarome,Iginla,jarome,iginla
8470750,John Mitchell,john mitchell,john mitchell,John,Mitchell,john,mitchell
8475168,Matt Duchene,matt duchene,matt duchene,Matt,Duchene,matt,duchene
8476888,Mikhail Grigorenko,mikhail grigorenko,mikhail grigorenko,Mikhail,Grigorenko,mikhail,grigorenko
8478420,Mikko Rantanen,mikko rantanen,mikko rantanen,Mikko,Rantanen,mikko,rantanen
8470317,Nate Guenin,nate guenin,nate guenin,Nate,Guenin,nate,guenin
8477492,Nathan MacKinnon,nathan mackinnon,nathan mackinnon,Nathan,MacKinnon,nathan,mackinnon
8474207,Nick Holden,nick holden,nick holden,Nick,Holden,nick,holden
8477507,Nikita Zadorov,nikita zadorov,nikita zadorov,Nikita,Zadorov,nikita,zadorov
8473499,Reto Berra,reto berra,reto berra,Reto,Berra,reto,berra
8477914,Roman Will,roman will,roman will,Roman,Will,roman,will
8473575,Semyon Varlamov,semyon varlamov,semyon varlamov,Semyon,Varlamov,semyon,varlamov
8473574,Shawn Matthias,shawn matthias,shawn matthias,Shawn,Matthias,shawn,matthias
8475197,Tyson Barrie,tyson barrie,tyson barrie,Tyson,Barrie,tyson,barrie
8474743,Zach Redmond,zach redmond,zach redmond,Zach,Redmond,zach,redmond
8469466,Ales Hemsky,ales hemsky,ales hemsky,Ales,Hemsky,ales,hemsky
8471274,Alex Goligoski,alex goligoski,alex goligoski,Alex,Goligoski,alex,goligoski
8474849,Antoine Roussel,antoine roussel,antoine roussel,Antoine,Roussel,antoine,roussel
8474550,Antti Niemi,antti niemi,antti niemi,Antti,Niemi,antti,niemi
8476439,Brett Ritchie,brett ritchie,brett ritchie,Brett,Ritchie,brett,ritchie
8475236,Cody Eakin,cody eakin,cody eakin,Cody,Eakin,cody,eakin
8474098,Colton Sceviour,colton sceviour,colton sceviour,Colton,Sceviour,colton,sceviour
8475310,Curtis McKenzie,curtis mckenzie,curtis mckenzie,Curtis,McKenzie,curtis,mckenzie
8476913,Devin Shore,devin shore,devin shore,Devin,Shore,devin,shore
8476902,Esa Lindell,esa lindell,esa lindell,Esa,Lindell,esa,lindell
8473994,Jamie Benn,jamie benn,jamie benn,Jamie,Benn,jamie,benn
8476467,Jamie Oleksiak,jamie oleksiak,jamie oleksiak,Jamie,Oleksiak,jamie,oleksiak
8474218,Jason Demers,jason demers,jason demers,Jason,Demers,jason,demers
8477450,Jason Dickinson,jason dickinson,jason dickinson,Jason,Dickinson,jason,dickinson
8469455,Jason Spezza,jason spezza,jason spezza,Jason,Spezza,jason,spezza
8475906,John Klingberg,john klingberg,john klingberg,John,Klingberg,john,klingberg
8469665,Johnny Oduya,johnny oduya,johnny oduya,Johnny,Oduya,johnny,oduya
8474818,Jordie Benn,jordie benn,jordie benn,Jordie,Benn,jordie,benn
8470140,Kari Lehtonen,kari lehtonen,kari lehtonen,Kari,Lehtonen,kari,lehtonen
8477406,Mattias Janmark,mattias janmark,mattias janmark,Mattias,Janmark,mattias,janmark
8470622,Patrick Eaves,patrick eaves,patrick eaves,Patrick,Eaves,patrick,eaves
8469544,Patrick Sharp,patrick sharp,patrick sharp,Patrick,Sharp,patrick,sharp
8475747,Patrik Nemeth,patrik nemeth,patrik nemeth,Patrik,Nemeth,patrik,nemeth
8476889,Radek Faksa,radek faksa,radek faksa,Radek,Faksa,radek,faksa
8475730,Stephen Johns,stephen johns,stephen johns,Stephen,Johns,stephen,johns
8468635,Travis Moen,travis moen,travis moen,Travis,Moen,travis,moen
8475794,Tyler Seguin,tyler seguin,tyler seguin,Tyler,Seguin,tyler,seguin
8477501,Valeri Nichushkin,valeri nichushkin,valeri nichushkin,Valeri,Nichushkin,valeri,nichushkin
8469759,Vernon Fiddler,vernon fiddler,vernon fiddler,Vernon,Fiddler,vernon,fiddler
8476289,Alexey Marchenko,alexey marchenko,alexey marchenko,Alexey,Marchenko,alexey,marchenko
8476960,Andreas Athanasiou,andreas athanasiou,andreas athanasiou,Andreas,Athanasiou,andreas,athanasiou
8477511,Anthony Mantha,anthony mantha,anthony mantha,Anthony,Mantha,anthony,mantha
8467389,Brad Richards,brad richards,brad richards,Brad,Richards,brad,richards
8474090,Brendan Smith,brendan smith,brendan smith,Brendan,Smith,brendan,smith
8477215,Danny DeKeyser,danny dekeyser,danny dekeyser,Danny,DeKeyser,danny,dekeyser
8471794,Darren Helm,darren helm,darren helm,Darren,Helm,darren,helm
8470778,Drew Miller,drew miller,drew miller,Drew,Miller,drew,miller
8477946,Dylan Larkin,dylan larkin,dylan larkin,Dylan,Larkin,dylan,larkin
8474025,Eric Tangradi,eric tangradi,eric tangradi,Eric,Tangradi,eric,tangradi
8474679,Gustav Nyquist,gustav nyquist,gustav nyquist,Gustav,Nyquist,gustav,nyquist
8468083,Henrik Zetterberg,henrik zetterberg,henrik zetterberg,Henrik,Zetterberg,henrik,zetterberg
8471693,Jakub Kindl,jakub kindl,jakub kindl,Jakub,Kindl,jakub,kindl
8470657,Jimmy Howard,jimmy howard,jimmy howard,Jimmy,Howard,jimmy,howard
8474168,Joakim Andersson,joakim andersson,joakim andersson,Joakim,Andersson,joakim,andersson
8471309,Johan Franzen,johan franzen,johan franzen,Johan,Franzen,johan,franzen
8470318,Jonathan Ericsson,jonathan ericsson,jonathan ericsson,Jonathan,Ericsson,jonathan,ericsson
8471716,Justin Abdelkader,justin abdelkader,justin abdelkader,Justin,Abdelkader,justin,abdelkader
8470724,Kyle Quincey,kyle quincey,kyle quincey,Kyle,Quincey,kyle,quincey
8476822,Luke Glendening,luke glendening,luke glendening,Luke,Glendening,luke,glendening
8471242,Mike Green,mike green,mike green,Mike,Green,mike,green
8468509,Niklas Kronwall,niklas kronwall,niklas kronwall,Niklas,Kronwall,niklas,kronwall
8467514,Pavel Datsyuk,pavel datsyuk,pavel datsyuk,Pavel,Datsyuk,pavel,datsyuk
8475852,Petr Mrazek,petr mrazek,petr mrazek,Petr,Mrazek,petr,mrazek
8475772,Riley Sheahan,riley sheahan,riley sheahan,Riley,Sheahan,riley,sheahan
8475800,Teemu Pulkkinen,teemu pulkkinen,teemu pulkkinen,Teemu,Pulkkinen,teemu,pulkkinen
8476430,Tomas Jurco,tomas jurco,tomas jurco,Tomas,Jurco,tomas,jurco
8477931,Tomas Nosek,tomas nosek,tomas nosek,Tomas,Nosek,tomas,nosek
8475193,Tomas Tatar,tomas tatar,tomas tatar,Tomas,Tatar,tomas,tatar
8476443,Xavier Ouellet,xavier ouellet,xavier ouellet,Xavier,Ouellet,xavier,ouellet
8476431,Adam Clendening,adam clendening,adam clendening,Adam,Clendening,adam,clendening
8471490,Adam Cracknell,adam cracknell,adam cracknell,Adam,Cracknell,adam,cracknell
8471385,Adam Pardy,adam pardy,adam pardy,Adam,Pardy,adam,pardy
8475195,Anders Nilsson,anders nilsson,anders nilsson,Anders,Nilsson,anders,nilsson
8471284,Andrej Sekera,andrej sekera,andrej sekera,Andrej,Sekera,andrej,sekera
8466333,Andrew Ference,andrew ference,andrew ference,Andrew,Ference,andrew,ference
8477249,Andrew Miller,andrew miller,andrew miller,Andrew,Miller,andrew,miller
8475165,Anton Lander,anton lander,anton lander,Anton,Lander,anton,lander
8477415,Anton Slepyshev,anton slepyshev,anton slepyshev,Anton,Slepyshev,anton,slepyshev
8471678,Benoit Pouliot,benoit pouliot,benoit pouliot,Benoit,Pouliot,benoit,pouliot
8476779,Brad Hunt,brad hunt,brad hunt,Brad,Hunt,brad,hunt
8475869,Brandon Davidson,brandon davidson,brandon davidson,Brandon,Davidson,brandon,davidson
8475660,Cam Talbot,cam talbot,cam talbot,Cam,Talbot,cam,talbot
8478402,Connor McDavid,connor mcdavid,connor mcdavid,Connor,McDavid,connor,mcdavid
8477498,Darnell Nurse,darnell nurse,darnell nurse,Darnell,Nurse,darnell,nurse
8473468,Eric Gryba,eric gryba,eric gryba,Eric,Gryba,eric,gryba
8476852,Griffin Reinhart,griffin reinhart,griffin reinhart,Griffin,Reinhart,griffin,reinhart
8476336,Iiro Pakarinen,iiro pakarinen,iiro pakarinen,Iiro,Pakarinen,iiro,pakarinen
8474586,Jordan Eberle,jordan eberle,jordan eberle,Jordan,Eberle,jordan,eberle
8477851,Jordan Oesterle,jordan oesterle,jordan oesterle,Jordan,Oesterle,jordan,oesterle
8476915,Jujhar Khaira,jujhar khaira,jujhar khaira,Jujhar,Khaira,jujhar,khaira
8474602,Justin Schultz,justin schultz,justin schultz,Justin,Schultz,justin,schultz
8476316,Laurent Brossoit,laurent brossoit,laurent brossoit,Laurent,Brossoit,laurent,brossoit
8471232,Lauri Korpikoski,lauri korpikoski,lauri korpikoski,Lauri,Korpikoski,lauri,korpikoski
8477934,Leon Draisaitl,leon draisaitl,leon draisaitl,Leon,Draisaitl,leon,draisaitl
8473989,Luke Gazdic,luke gazdic,luke gazdic,Luke,Gazdic,luke,gazdic
8471816,Mark Fayne,mark fayne,mark fayne,Mark,Fayne,mark,fayne
8473914,Mark Letestu,mark letestu,mark letestu,Mark,Letestu,mark,letestu
8468611,Matt Hendricks,matt hendricks,matt hendricks,Matt,Hendricks,matt,hendricks
8476855,Nail Yakupov,nail yakupov,nail yakupov,Nail,Yakupov,nail,yakupov
8471348,Nikita Nikitin,nikita nikitin,nikita nikitin,Nikita,Nikitin,nikita,nikitin
8476472,Oscar Klefbom,oscar klefbom,oscar klefbom,Oscar,Klefbom,oscar,klefbom
8473970,Rob Klinkhammer,rob klinkhammer,rob klinkhammer,Rob,Klinkhammer,rob,klinkhammer
8476454,Ryan Nugent-Hopkins,ryan nugent-hopkins,ryan nugent-hopkins,Ryan,Nugent-Hopkins,ryan,nugent-hopkins
8475791,Taylor Hall,taylor hall,taylor hall,Taylor,Hall,taylor,hall
8473962,Teddy Purcell,teddy purcell,teddy purcell,Teddy,Purcell,teddy,purcell
8475178,Zack Kassian,zack kassian,zack kassian,Zack,Kassian,zack,kassian
8477932,Aaron Ekblad,aaron ekblad,aaron ekblad,Aaron,Ekblad,aaron,ekblad
8471219,Al Montoya,al montoya,al montoya,Al,Montoya,al,montoya
8477493,Aleksander Barkov,aleksander barkov,aleksander barkov,Aleksander,Barkov,aleksander,barkov
8475755,Alexander Petrovic,alexander petrovic,alexander petrovic,Alexander,Petrovic,alexander,petrovic
8474698,Brent Regner,brent regner,brent regner,Brent,Regner,brent,regner
8466285,Brian Campbell,brian campbell,brian campbell,Brian,Campbell,brian,campbell
8475736,Connor Brickley,connor brickley,connor brickley,Connor,Brickley,connor,brickley
8475260,Corban Knight,corban knight,corban knight,Corban,Knight,corban,knight
8471245,Dave Bolland,dave bolland,dave bolland,Dave,Bolland,dave,bolland
8468001,Derek MacKenzie,derek mackenzie,derek mackenzie,Derek,MacKenzie,derek,mackenzie
8475179,Dmitry Kulikov,dmitry kulikov,dmitry kulikov,Dmitry,Kulikov,dmitry,kulikov
8475153,Dylan Olsen,dylan olsen,dylan olsen,Dylan,Olsen,dylan,olsen
8475790,Erik Gudbranson,erik gudbranson,erik gudbranson,Erik,Gudbranson,erik,gudbranson
8475253,Garrett Wilson,garrett wilson,garrett wilson,Garrett,Wilson,garrett,wilson
8475735,Greg McKegg,greg mckegg,greg mckegg,Greg,McKegg,greg,mckegg
8448208,Jaromir Jagr,jaromir jagr,jaromir jagr,Jaromir,Jagr,jaromir,jagr
8475756,John McFarland,john mcfarland,john mcfarland,John,McFarland,john,mcfarland
8476456,Jonathan Huberdeau,jonathan huberdeau,jonathan huberdeau,Jonathan,Huberdeau,jonathan,huberdeau
8469638,Jussi Jokinen,jussi jokinen,jussi jokinen,Jussi,Jokinen,jussi,jokinen
8476415,Kyle Rau,kyle rau,kyle rau,Kyle,Rau,kyle,rau
8476400,Logan Shaw,logan shaw,logan shaw,Logan,Shaw,logan,shaw
8476875,Mike Matheson,mike matheson,mike matheson,Mike,Matheson,mike,matheson
8475760,Nick Bjugstad,nick bjugstad,nick bjugstad,Nick,Bjugstad,nick,bjugstad
8475769,Quinton Howden,quinton howden,quinton howden,Quinton,Howden,quinton,howden
8475191,Reilly Smith,reilly smith,reilly smith,Reilly,Smith,reilly,smith
8466141,Roberto Luongo,roberto luongo,roberto luongo,Roberto,Luongo,roberto,luongo
8476428,Rocco Grimaldi,rocco grimaldi,rocco grimaldi,Rocco,Grimaldi,rocco,grimaldi
8465978,Shawn Thornton,shawn thornton,shawn thornton,Shawn,Thornton,shawn,thornton
8474000,Steven Kampfer,steven kampfer,steven kampfer,Steven,Kampfer,steven,kampfer
8476389,Vincent Trocheck,vincent trocheck,vincent trocheck,Vincent,Trocheck,vincent,trocheck
8465185,Willie Mitchell,willie mitchell,willie mitchell,Willie,Mitchell,willie,mitchell
8474166,Alec Martinez,alec martinez,alec martinez,Alec,Martinez,alec,martinez
8476404,Andy Andreoff,andy andreoff,andy andreoff,Andy,Andreoff,andy,andreoff
8471685,Anze Kopitar,anze kopitar,anze kopitar,Anze,Kopitar,anze,kopitar
8475188,Brayden McNabb,brayden mcnabb,brayden mcnabb,Brayden,McNabb,brayden,mcnabb
8475762,Derek Forbort,derek forbort,derek forbort,Derek,Forbort,derek,forbort
8474563,Drew Doughty,drew doughty,drew doughty,Drew,Doughty,drew,doughty
8470606,Dustin Brown,dustin brown,dustin brown,Dustin,Brown,dustin,brown
8474100,Dwight King,dwight king,dwight king,Dwight,King,dwight,king
8474162,Jake Muzzin,jake muzzin,jake muzzin,Jake,Muzzin,jake,muzzin
8473571,Jamie McBain,jamie mcbain,jamie mcbain,Jamie,McBain,jamie,mcbain
8470604,Jeff Carter,jeff carter,jeff carter,Jeff,Carter,jeff,carter
8471240,Jeff Schultz,jeff schultz,jeff schultz,Jeff,Schultz,jeff,schultz
8473523,Jhonas Enroth,jhonas enroth,jhonas enroth,Jhonas,Enroth,jhonas,enroth
8471734,Jonathan Quick,jonathan quick,jonathan quick,Jonathan,Quick,jonathan,quick
8475325,Jordan Nolan,jordan nolan,jordan nolan,Jordan,Nolan,jordan,nolan
8475738,Jordan Weal,jordan weal,jordan weal,Jordan,Weal,jordan,weal
8475857,Kevin Gravel,kevin gravel,kevin gravel,Kevin,Gravel,kevin,gravel
8475160,Kyle Clifford,kyle clifford,kyle clifford,Kyle,Clifford,kyle,clifford
8474568,Luke Schenn,luke schenn,luke schenn,Luke,Schenn,luke,schenn
8468483,Marian Gaborik,marian gaborik,marian gaborik,Marian,Gaborik,marian,gaborik
8470121,Matt Greene,matt greene,matt greene,Matt,Greene,matt,greene
8476352,Michael Mersch,michael mersch,michael mersch,Michael,Mersch,michael,mersch
8473473,Milan Lucic,milan lucic,milan lucic,Milan,Lucic,milan,lucic
8475343,Nic Dowd,nic dowd,nic dowd,Nic,Dowd,nic,dowd
8476406,Nicholas Shore,nicholas shore,nicholas shore,Nicholas,Shore,nicholas,shore
8469514,Peter Budaj,peter budaj,peter budaj,Peter,Budaj,peter,budaj
8476871,Tanner Pearson,tanner pearson,tanner pearson,Tanner,Pearson,tanner,pearson
8473453,Trevor Lewis,trevor lewis,trevor lewis,Trevor,Lewis,trevor,lewis
8475726,Tyler Toffoli,tyler toffoli,tyler toffoli,Tyler,Toffoli,tyler,toffoli
8467329,Vincent Lecavalier,vincent lecavalier,vincent lecavalier,Vincent,Lecavalier,vincent,lecavalier
8475757,Brett Bulmer,brett bulmer,brett bulmer,Brett,Bulmer,brett,bulmer
8475745,Charlie Coyle,charlie coyle,charlie coyle,Charlie,Coyle,charlie,coyle
8470871,Chris Porter,chris porter,chris porter,Chris,Porter,chris,porter
8477850,Christian Folin,christian folin,christian folin,Christian,Folin,christian,folin
8477006,Christoph Bertschy,christoph bertschy,christoph bertschy,Christoph,Bertschy,christoph,bertschy
8475311,Darcy Kuemper,darcy kuemper,darcy kuemper,Darcy,Kuemper,darcy,kuemper
8471227,Devan Dubnyk,devan dubnyk,devan dubnyk,Devan,Dubnyk,devan,dubnyk
8475287,Erik Haula,erik haula,erik haula,Erik,Haula,erik,haula
8477467,Gustav Olofsson,gustav olofsson,gustav olofsson,Gustav,Olofsson,gustav,olofsson
8474716,Jared Spurgeon,jared spurgeon,jared spurgeon,Jared,Spurgeon,jared,spurgeon
8468526,Jarret Stoll,jarret stoll,jarret stoll,Jarret,Stoll,jarret,stoll
8469506,Jason Pominville,jason pominville,jason pominville,Jason,Pominville,jason,pominville
8475722,Jason Zucker,jason zucker,jason zucker,Jason,Zucker,jason,zucker
8476463,Jonas Brodin,jonas brodin,jonas brodin,Jonas,Brodin,jonas,brodin
8475147,Jordan Schroeder,jordan schroeder,jordan schroeder,Jordan,Schroeder,jordan,schroeder
8476235,Justin Fontaine,justin fontaine,justin fontaine,Justin,Fontaine,justin,fontaine
8476545,Kurtis Gabriel,kurtis gabriel,kurtis gabriel,Kurtis,Gabriel,kurtis,gabriel
8474618,Marco Scandella,marco scandella,marco scandella,Marco,Scandella,marco,scandella
8476856,Mathew Dumba,mathew dumba,mathew dumba,Mathew,Dumba,mathew,dumba
8477923,Michael Keranen,michael keranen,michael keranen,Michael,Keranen,michael,keranen
8475798,Mikael Granlund,mikael granlund,mikael granlund,Mikael,Granlund,mikael,granlund
8476422,Mike Reilly,mike reilly,mike reilly,Mike,Reilly,mike,reilly
8469459,Mikko Koivu,mikko koivu,mikko koivu,Mikko,Koivu,mikko,koivu
8475613,Nate Prosser,nate prosser,nate prosser,Nate,Prosser,nate,prosser
8475799,Nino Niederreiter,nino niederreiter,nino niederreiter,Nino,Niederreiter,nino,niederreiter
8473646,Ryan Carter,ryan carter,ryan carter,Ryan,Carter,ryan,carter
8470600,Ryan Suter,ryan suter,ryan suter,Ryan,Suter,ryan,suter
8470598,Thomas Vanek,thomas vanek,thomas vanek,Thomas,Vanek,thomas,vanek
8476344,Tyler Graovac,tyler graovac,tyler graovac,Tyler,Graovac,tyler,graovac
8470729,Tyson Strachan,tyson strachan,tyson strachan,Tyson,Strachan,tyson,strachan
8474610,Zac Dalpe,zac dalpe,zac dalpe,Zac,Dalpe,zac,dalpe
8470610,Zach Parise,zach parise,zach parise,Zach,Parise,zach,parise
8476851,Alex Galchenyuk,alex galchenyuk,alex galchenyuk,Alex,Galchenyuk,alex,galchenyuk
8470120,Alexander Semin,alexander semin,alexander semin,Alexander,Semin,alexander,semin
8471296,Alexei Emelin,alexei emelin,alexei emelin,Alexei,Emelin,alexei,emelin
8467496,Andrei Markov,andrei markov,andrei markov,Andrei,Markov,andrei,markov
8475681,Ben Scrivens,ben scrivens,ben scrivens,Ben,Scrivens,ben,scrivens
8475848,Brendan Gallagher,brendan gallagher,brendan gallagher,Brendan,Gallagher,brendan,gallagher
8478004,Brett Lernout,brett lernout,brett lernout,Brett,Lernout,brett,lernout
8476808,Brian Flynn,brian flynn,brian flynn,Brian,Flynn,brian,flynn
8473431,Bud Holloway,bud holloway,bud holloway,Bud,Holloway,bud,holloway
8471679,Carey Price,carey price,carey price,Carey,Price,carey,price
8476948,Charles Hudon,charles hudon,charles hudon,Charles,Hudon,charles,hudon
8479292,Charlie Lindgren,charlie lindgren,charlie lindgren,Charlie,Lindgren,charlie,lindgren
8477901,Daniel Carr,daniel carr,daniel carr,Daniel,Carr,daniel,carr
8476379,Darren Dietz,darren dietz,darren dietz,Darren,Dietz,darren,dietz
8471976,David Desharnais,david desharnais,david desharnais,David,Desharnais,david,desharnais
8475758,Devante Smith-Pelly,devante smith-pelly,devante smith-pelly,Devante,Smith-Pelly,devante,smith-pelly
8474682,Dustin Tokarski,dustin tokarski,dustin tokarski,Dustin,Tokarski,dustin,tokarski
8474688,Greg Pateryn,greg pateryn,greg pateryn,Greg,Pateryn,greg,pateryn
8477455,Jacob de la Rose,jacob de la rose,jacob de la rose,Jacob,de la Rose,jacob,de la rose
8473507,Jeff Petry,jeff petry,jeff petry,Jeff,Petry,jeff,petry
8477810,Joel Hanley,joel hanley,joel hanley,Joel,Hanley,joel,hanley
8474189,Lars Eller,lars eller,lars eller,Lars,Eller,lars,eller
8476451,Lucas Lessio,lucas lessio,lucas lessio,Lucas,Lessio,lucas,lessio
8474717,Mark Barberio,mark barberio,mark barberio,Mark,Barberio,mark,barberio
8474157,Max Pacioretty,max pacioretty,max pacioretty,Max,Pacioretty,max,pacioretty
8477446,Michael McCarron,michael mccarron,michael mccarron,Michael,McCarron,michael,mccarron
8471371,Mike Brown,mike brown,mike brown,Mike,Brown,mike,brown
8477237,Mike Condon,mike condon,mike condon,Mike,Condon,mike,condon
8475782,Morgan Ellis,morgan ellis,morgan ellis,Morgan,Ellis,morgan,ellis
8476470,Nathan Beaulieu,nathan beaulieu,nathan beaulieu,Nathan,Beaulieu,nathan,beaulieu
8474056,P.K. Subban,p.k. subban,p.k. subban,P.K.,Subban,p.k.,subban
8474038,Paul Byron,paul byron,paul byron,Paul,Byron,paul,byron
8478963,Ryan Johnston,ryan johnston,ryan johnston,Ryan,Johnston,ryan,johnston
8476870,Stefan Matteau,stefan matteau,stefan matteau,Stefan,Matteau,stefan,matteau
8477413,Sven Andrighetto,sven andrighetto,sven andrighetto,Sven,Andrighetto,sven,andrighetto
8470104,Tom Gilbert,tom gilbert,tom gilbert,Tom,Gilbert,tom,gilbert
8469521,Tomas Plekanec,tomas plekanec,tomas plekanec,Tomas,Plekanec,tomas,plekanec
8471338,Torrey Mitchell,torrey mitchell,torrey mitchell,Torrey,Mitchell,torrey,mitchell
8473658,Victor Bartley,victor bartley,victor bartley,Victor,Bartley,victor,bartley
8474641,Adam Henrique,adam henrique,adam henrique,Adam,Henrique,adam,henrique
8476457,Adam Larsson,adam larsson,adam larsson,Adam,Larsson,adam,larsson
8472382,Andy Greene,andy greene,andy greene,Andy,Greene,andy,greene
8476370,Blake Pietila,blake pietila,blake pietila,Blake,Pietila,blake,pietila
8476769,Bobby Farnham,bobby farnham,bobby farnham,Bobby,Farnham,bobby,farnham
8476772,Brian O'Neill,brian o'neill,brian o'neill,Brian,O'Neill,brian,o'neill
8471239,Cory Schneider,cory schneider,cory schneider,Cory,Schneider,cory,schneider
8476923,Damon Severson,damon severson,damon severson,Damon,Severson,damon,severson
8473673,David Schlemko,david schlemko,david schlemko,David,Schlemko,david,schlemko
8474660,David Warsofsky,david warsofsky,david warsofsky,David,Warsofsky,david,warsofsky
8475185,Jacob Josefson,jacob josefson,jacob josefson,Jacob,Josefson,jacob,josefson
8474024,Jim O'Brien,jim o'brien,jim o'brien,Jim,O'Brien,jim,o'brien
8473482,Jiri Tlusty,jiri tlusty,jiri tlusty,Jiri,Tlusty,jiri,tlusty
8475186,John Moore,john moore,john moore,John,Moore,john,moore
8475750,Jon Merrill,jon merrill,jon merrill,Jon,Merrill,jon,merrill
8469547,Jordin Tootoo,jordin tootoo,jordin tootoo,Jordin,Tootoo,jordin,tootoo
8477010,Joseph Blandisi,joseph blandisi,joseph blandisi,Joseph,Blandisi,joseph,blandisi
8476234,Keith Kinkaid,keith kinkaid,keith kinkaid,Keith,Kinkaid,keith,kinkaid
8475151,Kyle Palmieri,kyle palmieri,kyle palmieri,Kyle,Palmieri,kyle,palmieri
8471752,Marc-Andre Gragnani,marc-andre gragnani,marc-andre gragnani,Marc-Andre,Gragnani,marc-andre,gragnani
8469500,Michael Cammalleri,michael cammalleri,michael cammalleri,Michael,Cammalleri,michael,cammalleri
8476209,Mike Sislo,mike sislo,mike sislo,Mike,Sislo,mike,sislo
8477425,Miles Wood,miles wood,miles wood,Miles,Wood,miles,wood
8460542,Patrik Elias,patrik elias,patrik elias,Patrik,Elias,patrik,elias
8476200,Paul Thompson,paul thompson,paul thompson,Paul,Thompson,paul,thompson
8478401,Pavel Zacha,pavel zacha,pavel zacha,Pavel,Zacha,pavel,zacha
8476423,Reid Boucher,reid boucher,reid boucher,Reid,Boucher,reid,boucher
8475809,Scott Wedgewood,scott wedgewood,scott wedgewood,Scott,Wedgewood,scott,wedgewood
8478566,Sergey Kalinin,sergey kalinin,sergey kalinin,Sergey,Kalinin,sergey,kalinin
8475274,Seth Helgeson,seth helgeson,seth helgeson,Seth,Helgeson,seth,helgeson
8472410,Stephen Gionta,stephen gionta,stephen gionta,Stephen,Gionta,stephen,gionta
8477463,Steven Santini,steven santini,steven santini,Steven,Santini,steven,santini
8471233,Travis Zajac,travis zajac,travis zajac,Travis,Zajac,travis,zajac
8469462,Tuomo Ruutu,tuomo ruutu,tuomo ruutu,Tuomo,Ruutu,tuomo,ruutu
8471311,Tyler Kennedy,tyler kennedy,tyler kennedy,Tyler,Kennedy,tyler,kennedy
8478584,Vojtech Mozik,vojtech mozik,vojtech mozik,Vojtech,Mozik,vojtech,mozik
8471186,Yann Danis,yann danis,yann danis,Yann,Danis,yann,danis
8475868,Anthony Bitetto,anthony bitetto,anthony bitetto,Anthony,Bitetto,anthony,bitetto
8475766,Austin Watson,austin watson,austin watson,Austin,Watson,austin,watson
8467890,Barret Jackman,barret jackman,barret jackman,Barret,Jackman,barret,jackman
8475714,Calle Jarnkrok,calle jarnkrok,calle jarnkrok,Calle,Jarnkrok,calle,jarnkrok
8475622,Carter Hutton,carter hutton,carter hutton,Carter,Hutton,carter,hutton
8471760,Cody Bass,cody bass,cody bass,Cody,Bass,cody,bass
8474570,Cody Hodgson,cody hodgson,cody hodgson,Cody,Hodgson,cody,hodgson
8474569,Colin Wilson,colin wilson,colin wilson,Colin,Wilson,colin,wilson
8476925,Colton Sissons,colton sissons,colton sissons,Colton,Sissons,colton,sissons
8470714,Corey Potter,corey potter,corey potter,Corey,Potter,corey,potter
8475225,Craig Smith,craig smith,craig smith,Craig,Smith,craig,smith
8470180,Eric Nystrom,eric nystrom,eric nystrom,Eric,Nystrom,eric,nystrom
8476887,Filip Forsberg,filip forsberg,filip forsberg,Filip,Forsberg,filip,forsberg
8475268,Gabriel Bourque,gabriel bourque,gabriel bourque,Gabriel,Bourque,gabriel,bourque
8471707,James Neal,james neal,james neal,James,Neal,james,neal
8477424,Juuse Saros,juuse saros,juuse saros,Juuse,Saros,juuse,saros
8477942,Kevin Fiala,kevin fiala,kevin fiala,Kevin,Fiala,kevin,fiala
8475218,Mattias Ekholm,mattias ekholm,mattias ekholm,Mattias,Ekholm,mattias,ekholm
8476447,Miikka Salomaki,miikka salomaki,miikka salomaki,Miikka,Salomaki,miikka,salomaki
8467370,Mike Fisher,mike fisher,mike fisher,Mike,Fisher,mike,fisher
8467371,Mike Ribeiro,mike ribeiro,mike ribeiro,Mike,Ribeiro,mike,ribeiro
8468700,Paul Gaustad,paul gaustad,paul gaustad,Paul,Gaustad,paul,gaustad
8471469,Pekka Rinne,pekka rinne,pekka rinne,Pekka,Rinne,pekka,rinne
8475774,Petter Granberg,petter granberg,petter granberg,Petter,Granberg,petter,granberg
8476857,Pontus Aberg,pontus aberg,pontus aberg,Pontus,Aberg,pontus,aberg
8474600,Roman Josi,roman josi,roman josi,Roman,Josi,roman,josi
8475176,Ryan Ellis,ryan ellis,ryan ellis,Ryan,Ellis,ryan,ellis
8470642,Shea Weber,shea weber,shea weber,Shea,Weber,shea,weber
8478042,Viktor Arvidsson,viktor arvidsson,viktor arvidsson,Viktor,Arvidsson,viktor,arvidsson
8476917,Adam Pelech,adam pelech,adam pelech,Adam,Pelech,adam,pelech
8476409,Alan Quine,alan quine,alan quine,Alan,Quine,alan,quine
8475314,Anders Lee,anders lee,anders lee,Anders,Lee,anders,lee
8471996,Bracken Kearns,bracken kearns,bracken kearns,Bracken,Kearns,bracken,kearns
8473565,Brian Strait,brian strait,brian strait,Brian,Strait,brian,strait
8475754,Brock Nelson,brock nelson,brock nelson,Brock,Nelson,brock,nelson
8473504,Cal Clutterbuck,cal clutterbuck,cal clutterbuck,Cal,Clutterbuck,cal,clutterbuck
8475177,Calvin de Haan,calvin de haan,calvin de haan,Calvin,de Haan,calvin,de haan
8475231,Casey Cizikas,casey cizikas,casey cizikas,Casey,Cizikas,casey,cizikas
8476444,Christopher Gibson,christopher gibson,christopher gibson,Christopher,Gibson,christopher,gibson
8460720,Eric Boulton,eric boulton,eric boulton,Eric,Boulton,eric,boulton
8470144,Frans Nielsen,frans nielsen,frans nielsen,Frans,Nielsen,frans,nielsen
8475234,J-F Berube,j-f berube,j-f berube,J-F,Berube,j-f,berube
8470860,Jaroslav Halak,jaroslav halak,jaroslav halak,Jaroslav,Halak,jaroslav,halak
8475166,John Tavares,john tavares,john tavares,John,Tavares,john,tavares
8470187,Johnny Boychuk,johnny boychuk,johnny boychuk,Johnny,Boychuk,johnny,boychuk
8474573,Josh Bailey,josh bailey,josh bailey,Josh,Bailey,josh,bailey
8473449,Kyle Okposo,kyle okposo,kyle okposo,Kyle,Okposo,kyle,okposo
8469623,Marek Zidlicky,marek zidlicky,marek zidlicky,Marek,Zidlicky,marek,zidlicky
8474709,Matt Martin,matt martin,matt martin,Matt,Martin,matt,martin
8471362,Mikhail Grabovski,mikhail grabovski,mikhail grabovski,Mikhail,Grabovski,mikhail,grabovski
8475181,Nick Leddy,nick leddy,nick leddy,Nick,Leddy,nick,leddy
8473579,Nikolay Kulemin,nikolay kulemin,nikolay kulemin,Nikolay,Kulemin,nikolay,kulemin
8477527,Ross Johnston,ross johnston,ross johnston,Ross,Johnston,ross,johnston
8477506,Ryan Pulock,ryan pulock,ryan pulock,Ryan,Pulock,ryan,pulock
8476458,Ryan Strome,ryan strome,ryan strome,Ryan,Strome,ryan,strome
8476429,Scott Mayfield,scott mayfield,scott mayfield,Scott,Mayfield,scott,mayfield
8476386,Shane Prince,shane prince,shane prince,Shane,Prince,shane,prince
8470609,Steve Bernier,steve bernier,steve bernier,Steve,Bernier,steve,bernier
8475192,Taylor Beck,taylor beck,taylor beck,Taylor,Beck,taylor,beck
8471306,Thomas Greiss,thomas greiss,thomas greiss,Thomas,Greiss,thomas,greiss
8474066,Thomas Hickey,thomas hickey,thomas hickey,Thomas,Hickey,thomas,hickey
8474612,Travis Hamonic,travis hamonic,travis hamonic,Travis,Hamonic,travis,hamonic
8477293,Antti Raanta,antti raanta,antti raanta,Antti,Raanta,antti,raanta
8476869,Brady Skjei,brady skjei,brady skjei,Brady,Skjei,brady,skjei
8475184,Chris Kreider,chris kreider,chris kreider,Chris,Kreider,chris,kreider
8473589,Chris Summers,chris summers,chris summers,Chris,Summers,chris,summers
8467096,Dan Boyle,dan boyle,dan boyle,Dan,Boyle,dan,boyle
8471958,Dan Girardi,dan girardi,dan girardi,Dan,Girardi,dan,girardi
8470230,Daniel Paille,daniel paille,daniel paille,Daniel,Paille,daniel,paille
8474613,Derek Stepan,derek stepan,derek stepan,Derek,Stepan,derek,stepan
8473544,Derick Brassard,derick brassard,derick brassard,Derick,Brassard,derick,brassard
8468575,Dominic Moore,dominic moore,dominic moore,Dominic,Moore,dominic,moore
8475795,Dylan McIlrath,dylan mcilrath,dylan mcilrath,Dylan,McIlrath,dylan,mcilrath
8475770,Emerson Etem,emerson etem,emerson etem,Emerson,Etem,emerson,etem
8468685,Henrik Lundqvist,henrik lundqvist,henrik lundqvist,Henrik,Lundqvist,henrik,lundqvist
8476468,J.T. Miller,j.t. miller,j.t. miller,J.T.,Miller,j.t.,miller
8477126,Jayson Megna,jayson megna,jayson megna,Jayson,Megna,jayson,megna
8475855,Jesper Fast,jesper fast,jesper fast,Jesper,Fast,jesper,fast
8471735,Keith Yandle,keith yandle,keith yandle,Keith,Yandle,keith,yandle
8475763,Kevin Hayes,kevin hayes,kevin hayes,Kevin,Hayes,kevin,hayes
8470630,Kevin Klein,kevin klein,kevin klein,Kevin,Klein,kevin,klein
8476433,Magnus Hellberg,magnus hellberg,magnus hellberg,Magnus,Hellberg,magnus,hellberg
8471686,Marc Staal,marc staal,marc staal,Marc,Staal,marc,staal
8475949,Marek Hrivik,marek hrivik,marek hrivik,Marek,Hrivik,marek,hrivik
8475692,Mats Zuccarello,mats zuccarello,mats zuccarello,Mats,Zuccarello,mats,zuccarello
8475715,Oscar Lindberg,oscar lindberg,oscar lindberg,Oscar,Lindberg,oscar,lindberg
8476244,Raphael Diaz,raphael diaz,raphael diaz,Raphael,Diaz,raphael,diaz
8470041,Rick Nash,rick nash,rick nash,Rick,Nash,rick,nash
8474151,Ryan McDonagh,ryan mcdonagh,ryan mcdonagh,Ryan,McDonagh,ryan,mcdonagh
8470854,Tanner Glass,tanner glass,tanner glass,Tanner,Glass,tanner,glass
8473537,Viktor Stalberg,viktor stalberg,viktor stalberg,Viktor,Stalberg,viktor,stalberg
8475163,Alex Chiasson,alex chiasson,alex chiasson,Alex,Chiasson,alex,chiasson
8477202,Andrew Hammond,andrew hammond,andrew hammond,Andrew,Hammond,andrew,hammond
8477433,Ben Harpur,ben harpur,ben harpur,Ben,Harpur,ben,harpur
8471676,Bobby Ryan,bobby ryan,bobby ryan,Bobby,Ryan,bobby,ryan
8477210,Buddy Robinson,buddy robinson,buddy robinson,Buddy,Robinson,buddy,robinson
8476904,Chris Driedger,chris driedger,chris driedger,Chris,Driedger,chris,driedger
8467493,Chris Neil,chris neil,chris neil,Chris,Neil,chris,neil
8475227,Chris Wideman,chris wideman,chris wideman,Chris,Wideman,chris,wideman
8470667,Clarke MacArthur,clarke macarthur,clarke macarthur,Clarke,MacArthur,clarke,macarthur
8476879,Cody Ceci,cody ceci,cody ceci,Cody,Ceci,cody,ceci
8471862,Colin Greening,colin greening,colin greening,Colin,Greening,colin,greening
8467950,Craig Anderson,craig anderson,craig anderson,Craig,Anderson,craig,anderson
8477508,Curtis Lazar,curtis lazar,curtis lazar,Curtis,Lazar,curtis,lazar
8475661,Dave Dziurzynski,dave dziurzynski,dave dziurzynski,Dave,Dziurzynski,dave,dziurzynski
8470602,Dion Phaneuf,dion phaneuf,dion phaneuf,Dion,Phaneuf,dion,phaneuf
8474578,Erik Karlsson,erik karlsson,erik karlsson,Erik,Karlsson,erik,karlsson
8476368,Fredrik Claesson,fredrik claesson,fredrik claesson,Fredrik,Claesson,fredrik,claesson
8475174,Jared Cowen,jared cowen,jared cowen,Jared,Cowen,jared,cowen
8476419,Jean-Gabriel Pageau,jean-gabriel pageau,jean-gabriel pageau,Jean-Gabriel,Pageau,jean-gabriel,pageau
8474068,Kyle Turris,kyle turris,kyle turris,Kyle,Turris,kyle,turris
8470760,Marc Methot,marc methot,marc methot,Marc,Methot,marc,methot
8474697,Mark Borowiecki,mark borowiecki,mark borowiecki,Mark,Borowiecki,mark,borowiecki
8475913,Mark Stone,mark stone,mark stone,Mark,Stone,mark,stone
8476477,Matt Puempel,matt puempel,matt puempel,Matt,Puempel,matt,puempel
8478559,Matthew O'Connor,matthew o'connor,matthew o'connor,Matthew,O'Connor,matthew,o'connor
8476323,Max McCormick,max mccormick,max mccormick,Max,McCormick,max,mccormick
8474497,Michael Kostka,michael kostka,michael kostka,Michael,Kostka,michael,kostka
8476459,Mika Zibanejad,mika zibanejad,mika zibanejad,Mika,Zibanejad,mika,zibanejad
8474884,Mike Hoffman,mike hoffman,mike hoffman,Mike,Hoffman,mike,hoffman
8470599,Milan Michalek,milan michalek,milan michalek,Milan,Michalek,milan,michalek
8477426,Nick Paul,nick paul,nick paul,Nick,Paul,nick,paul
8474605,Patrick Wiercioch,patrick wiercioch,patrick wiercioch,Patrick,Wiercioch,patrick,wiercioch
8476288,Ryan Dzingel,ryan dzingel,ryan dzingel,Ryan,Dzingel,ryan,dzingel
8467351,Scott Gomez,scott gomez,scott gomez,Scott,Gomez,scott,gomez
8474250,Zack Smith,zack smith,zack smith,Zack,Smith,zack,smith
8473584,Andrew MacDonald,andrew macdonald,andrew macdonald,Andrew,MacDonald,andrew,macdonald
8475430,Brandon Manning,brandon manning,brandon manning,Brandon,Manning,brandon,manning
8475170,Brayden Schenn,brayden schenn,brayden schenn,Brayden,Schenn,brayden,schenn
8471762,Chris VandeVelde,chris vandevelde,chris vandevelde,Chris,VandeVelde,chris,vandevelde
8473512,Claude Giroux,claude giroux,claude giroux,Claude,Giroux,claude,giroux
8470644,Colin McDonald,colin mcdonald,colin mcdonald,Colin,McDonald,colin,mcdonald
8478563,Evgeny Medvedev,evgeny medvedev,evgeny medvedev,Evgeny,Medvedev,evgeny,medvedev
8474161,Jakub Voracek,jakub voracek,jakub voracek,Jakub,Voracek,jakub,voracek
8468309,Mark Streit,mark streit,mark streit,Mark,Streit,mark,streit
8476177,Matt Read,matt read,matt read,Matt,Read,matt,read
8474584,Michael Del Zotto,michael del zotto,michael del zotto,Michael,Del Zotto,michael,del zotto
8477290,Michael Raffl,michael raffl,michael raffl,Michael,Raffl,michael,raffl
8473607,Michal Neuvirth,michal neuvirth,michal neuvirth,Michal,Neuvirth,michal,neuvirth
8476393,Nick Cousins,nick cousins,nick cousins,Nick,Cousins,nick,cousins
8468513,Nick Schultz,nick schultz,nick schultz,Nick,Schultz,nick,schultz
8477930,Pierre-Edouard Bellemare,pierre-edouard bellemare,pierre-edouard bellemare,Pierre-Edouard,Bellemare,pierre-edouard,bellemare
8469469,R.J. Umberger,r.j. umberger,r.j. umberger,R.J.,Umberger,r.j.,umberger
8475462,Radko Gudas,radko gudas,radko gudas,Radko,Gudas,radko,gudas
8473466,Ryan White,ryan white,ryan white,Ryan,White,ryan,white
8474040,Sam Gagner,sam gagner,sam gagner,Sam,Gagner,sam,gagner
8476872,Scott Laughton,scott laughton,scott laughton,Scott,Laughton,scott,laughton
8476461,Sean Couturier,sean couturier,sean couturier,Sean,Couturier,sean,couturier
8476906,Shayne Gostisbehere,shayne gostisbehere,shayne gostisbehere,Shayne,Gostisbehere,shayne,gostisbehere
8473461,Steve Mason,steve mason,steve mason,Steve,Mason,steve,mason
8476955,Taylor Leier,taylor leier,taylor leier,Taylor,Leier,taylor,leier
8474190,Wayne Simmonds,wayne simmonds,wayne simmonds,Wayne,Simmonds,wayne,simmonds
8475761,Beau Bennett,beau bennett,beau bennett,Beau,Bennett,beau,bennett
8473933,Ben Lovejoy,ben lovejoy,ben lovejoy,Ben,Lovejoy,ben,lovejoy
8475208,Brian Dumoulin,brian dumoulin,brian dumoulin,Brian,Dumoulin,brian,dumoulin
8475810,Bryan Rust,bryan rust,bryan rust,Bryan,Rust,bryan,rust
8470543,Chris Kunitz,chris kunitz,chris kunitz,Chris,Kunitz,chris,kunitz
8477839,Conor Sheary,conor sheary,conor sheary,Conor,Sheary,conor,sheary
8478466,Daniel Sprong,daniel sprong,daniel sprong,Daniel,Sprong,daniel,sprong
8476884,Derrick Pouliot,derrick pouliot,derrick pouliot,Derrick,Pouliot,derrick,pouliot
8478866,Dominik Simon,dominik simon,dominik simon,Dominik,Simon,dominik,simon
8470611,Eric Fehr,eric fehr,eric fehr,Eric,Fehr,eric,fehr
8471215,Evgeni Malkin,evgeni malkin,evgeni malkin,Evgeni,Malkin,evgeni,malkin
8474013,Ian Cole,ian cole,ian cole,Ian,Cole,ian,cole
8473553,Jeff Zatkoff,jeff zatkoff,jeff zatkoff,Jeff,Zatkoff,jeff,zatkoff
8476326,Josh Archibald,josh archibald,josh archibald,Josh,Archibald,josh,archibald
8476147,Kael Mouillierat,kael mouillierat,kael mouillierat,Kael,Mouillierat,kael,mouillierat
8471331,Kevin Porter,kevin porter,kevin porter,Kevin,Porter,kevin,porter
8471724,Kris Letang,kris letang,kris letang,Kris,Letang,kris,letang
8470594,Marc-Andre Fleury,marc-andre fleury,marc-andre fleury,Marc-Andre,Fleury,marc-andre,fleury
8464989,Matt Cullen,matt cullen,matt cullen,Matt,Cullen,matt,cullen
8476899,Matt Murray,matt murray,matt murray,Matt,Murray,matt,murray
8474009,Nick Bonino,nick bonino,nick bonino,Nick,Bonino,nick,bonino
8476874,Olli Maatta,olli maatta,olli maatta,Olli,Maatta,olli,maatta
8476897,Oskar Sundqvist,oskar sundqvist,oskar sundqvist,Oskar,Sundqvist,oskar,sundqvist
8466393,Pascal Dupuis,pascal dupuis,pascal dupuis,Pascal,Dupuis,pascal,dupuis
8471887,Patric Hornqvist,patric hornqvist,patric hornqvist,Patric,Hornqvist,patric,hornqvist
8473548,Phil Kessel,phil kessel,phil kessel,Phil,Kessel,phil,kessel
8476293,Scott Wilson,scott wilson,scott wilson,Scott,Wilson,scott,wilson
8471675,Sidney Crosby,sidney crosby,sidney crosby,Sidney,Crosby,sidney,crosby
8475832,Tom Kuhnhackl,tom kuhnhackl,tom kuhnhackl,Tom,Kuhnhackl,tom,kuhnhackl
8473542,Tom Sestito,tom sestito,tom sestito,Tom,Sestito,tom,sestito
8471774,Alex Stalock,alex stalock,alex stalock,Alex,Stalock,alex,stalock
8476624,Barclay Goodrow,barclay goodrow,barclay goodrow,Barclay,Goodrow,barclay,goodrow
8474727,Ben Smith,ben smith,ben smith,Ben,Smith,ben,smith
8475455,Brenden Dillon,brenden dillon,brenden dillon,Brenden,Dillon,brenden,dillon
8470613,Brent Burns,brent burns,brent burns,Brent,Burns,brent,burns
8474516,Bryan Lerg,bryan lerg,bryan lerg,Bryan,Lerg,bryan,lerg
8476919,Chris Tierney,chris tierney,chris tierney,Chris,Tierney,chris,tierney
8464977,Dainius Zubrus,dainius zubrus,dainius zubrus,Dainius,Zubrus,dainius,zubrus
8476331,Dylan DeMelo,dylan demelo,dylan demelo,Dylan,DeMelo,dylan,demelo
8473503,James Reimer,james reimer,james reimer,James,Reimer,james,reimer
8470794,Joe Pavelski,joe pavelski,joe pavelski,Joe,Pavelski,joe,pavelski
8466138,Joe Thornton,joe thornton,joe thornton,Joe,Thornton,joe,thornton
8468208,Joel Ward,joel ward,joel ward,Joel,Ward,joel,ward
8473562,John McCarthy,john mccarthy,john mccarthy,John,McCarthy,john,mccarthy
8475820,Joonas Donskoi,joonas donskoi,joonas donskoi,Joonas,Donskoi,joonas,donskoi
8474027,Justin Braun,justin braun,justin braun,Justin,Braun,justin,braun
8474053,Logan Couture,logan couture,logan couture,Logan,Couture,logan,couture
8471709,Marc-Edouard Vlasic,marc-edouard vlasic,marc-edouard vlasic,Marc-Edouard,Vlasic,marc-edouard,vlasic
8474889,Martin Jones,martin jones,martin jones,Martin,Jones,martin,jones
8476442,Matt Nieto,matt nieto,matt nieto,Matt,Nieto,matt,nieto
8476807,Matt Tennyson,matt tennyson,matt tennyson,Matt,Tennyson,matt,tennyson
8477922,Melker Karlsson,melker karlsson,melker karlsson,Melker,Karlsson,melker,karlsson
8474230,Micheal Haley,micheal haley,micheal haley,Micheal,Haley,micheal,haley
8477509,Mirco Mueller,mirco mueller,mirco mueller,Mirco,Mueller,mirco,mueller
8474096,Nick Spaling,nick spaling,nick spaling,Nick,Spaling,nick,spaling
8477958,Nikolay Goldobin,nikolay goldobin,nikolay goldobin,Nikolay,Goldobin,nikolay,goldobin
8466139,Patrick Marleau,patrick marleau,patrick marleau,Patrick,Marleau,patrick,marleau
8468542,Paul Martin,paul martin,paul martin,Paul,Martin,paul,martin
8471392,Roman Polak,roman polak,roman polak,Roman,Polak,roman,polak
8477846,Ryan Carpenter,ryan carpenter,ryan carpenter,Ryan,Carpenter,ryan,carpenter
8476881,Tomas Hertl,tomas hertl,tomas hertl,Tomas,Hertl,tomas,hertl
8474739,Tommy Wingels,tommy wingels,tommy wingels,Tommy,Wingels,tommy,wingels
8474565,Alex Pietrangelo,alex pietrangelo,alex pietrangelo,Alex,Pietrangelo,alex,pietrangelo
8470257,Alexander Steen,alexander steen,alexander steen,Alexander,Steen,alexander,steen
8470378,Andre Benoit,andre benoit,andre benoit,Andre,Benoit,andre,benoit
8470880,Brian Elliott,brian elliott,brian elliott,Brian,Elliott,brian,elliott
8474125,Carl Gunnarsson,carl gunnarsson,carl gunnarsson,Carl,Gunnarsson,carl,gunnarsson
8471761,Chris Butler,chris butler,chris butler,Chris,Butler,chris,butler
8476892,Colton Parayko,colton parayko,colton parayko,Colton,Parayko,colton,parayko
8470655,David Backes,david backes,david backes,David,Backes,david,backes
8476436,Dmitrij Jaskin,dmitrij jaskin,dmitrij jaskin,Dmitrij,Jaskin,dmitrij,jaskin
8475768,Jaden Schwartz,jaden schwartz,jaden schwartz,Jaden,Schwartz,jaden,schwartz
8474596,Jake Allen,jake allen,jake allen,Jake,Allen,jake,allen
8470151,Jay Bouwmeester,jay bouwmeester,jay bouwmeester,Jay,Bouwmeester,jay,bouwmeester
8476819,Jeremy Welsh,jeremy welsh,jeremy welsh,Jeremy,Welsh,jeremy,welsh
8476441,Joel Edmundson,joel edmundson,joel edmundson,Joel,Edmundson,joel,edmundson
8476412,Jordan Binnington,jordan binnington,jordan binnington,Jordan,Binnington,jordan,binnington
8475150,Jordan Caron,jordan caron,jordan caron,Jordan,Caron,jordan,caron
8474627,Jori Lehtera,jori lehtera,jori lehtera,Jori,Lehtera,jori,lehtera
8474031,Kevin Shattenkirk,kevin shattenkirk,kevin shattenkirk,Kevin,Shattenkirk,kevin,shattenkirk
8470803,Kyle Brodziak,kyle brodziak,kyle brodziak,Kyle,Brodziak,kyle,brodziak
8475175,Magnus Paajarvi,magnus paajarvi,magnus paajarvi,Magnus,Paajarvi,magnus,paajarvi
8467899,Martin Havlat,martin havlat,martin havlat,Martin,Havlat,martin,havlat
8473534,Patrik Berglund,patrik berglund,patrik berglund,Patrik,Berglund,patrik,berglund
8471669,Paul Stastny,paul stastny,paul stastny,Paul,Stastny,paul,stastny
8476989,Petteri Lindbohm,petteri lindbohm,petteri lindbohm,Petteri,Lindbohm,petteri,lindbohm
8477831,Pheonix Copley,pheonix copley,pheonix copley,Pheonix,Copley,pheonix,copley
8477952,Robby Fabbri,robby fabbri,robby fabbri,Robby,Fabbri,robby,fabbri
8474145,Robert Bortuzzo,robert bortuzzo,robert bortuzzo,Robert,Bortuzzo,robert,bortuzzo
8471817,Ryan Reaves,ryan reaves,ryan reaves,Ryan,Reaves,ryan,reaves
8470105,Scottie Upshall,scottie upshall,scottie upshall,Scottie,Upshall,scottie,upshall
8468505,Steve Ott,steve ott,steve ott,Steve,Ott,steve,ott
8471426,Troy Brouwer,troy brouwer,troy brouwer,Troy,Brouwer,troy,brouwer
8476427,Ty Rattie,ty rattie,ty rattie,Ty,Rattie,ty,rattie
8475765,Vladimir Tarasenko,vladimir tarasenko,vladimir tarasenko,Vladimir,Tarasenko,vladimir,tarasenko
8473986,Alex Killorn,alex killorn,alex killorn,Alex,Killorn,alex,killorn
8476883,Andrei Vasilevskiy,andrei vasilevskiy,andrei vasilevskiy,Andrei,Vasilevskiy,andrei,vasilevskiy
8477205,Andrej Sustr,andrej sustr,andrej sustr,Andrej,Sustr,andrej,sustr
8471873,Anton Stralman,anton stralman,anton stralman,Anton,Stralman,anton,stralman
8471750,Ben Bishop,ben bishop,ben bishop,Ben,Bishop,ben,bishop
8470601,Braydon Coburn,braydon coburn,braydon coburn,Braydon,Coburn,braydon,coburn
8470619,Brian Boyle,brian boyle,brian boyle,Brian,Boyle,brian,boyle
8476975,Cedric Paquette,cedric paquette,cedric paquette,Cedric,Paquette,cedric,paquette
8473588,Erik Condra,erik condra,erik condra,Erik,Condra,erik,condra
8476806,JT Brown,jt brown,jt brown,JT,Brown,jt,brown
8474520,Jason Garrison,jason garrison,jason garrison,Jason,Garrison,jason,garrison
8477326,Joel Vermin,joel vermin,joel vermin,Joel,Vermin,joel,vermin
8477494,Jonathan Drouin,jonathan drouin,jonathan drouin,Jonathan,Drouin,jonathan,drouin
8476539,Jonathan Marchessault,jonathan marchessault,jonathan marchessault,Jonathan,Marchessault,jonathan,marchessault
8477356,Kristers Gudlevskis,kristers gudlevskis,kristers gudlevskis,Kristers,Gudlevskis,kristers,gudlevskis
8474722,Luke Witkowski,luke witkowski,luke witkowski,Luke,Witkowski,luke,witkowski
8470640,Matt Carle,matt carle,matt carle,Matt,Carle,matt,carle
8475060,Matt Taormina,matt taormina,matt taormina,Matt,Taormina,matt,taormina
8471916,Mike Angelidis,mike angelidis,mike angelidis,Mike,Angelidis,mike,angelidis
8471663,Mike Blunden,mike blunden,mike blunden,Mike,Blunden,mike,blunden
8476453,Nikita Kucherov,nikita kucherov,nikita kucherov,Nikita,Kucherov,nikita,kucherov
8476300,Nikita Nesterov,nikita nesterov,nikita nesterov,Nikita,Nesterov,nikita,nesterov
8476292,Ondrej Palat,ondrej palat,ondrej palat,Ondrej,Palat,ondrej,palat
8471339,Ryan Callahan,ryan callahan,ryan callahan,Ryan,Callahan,ryan,callahan
8476886,Slater Koekkoek,slater koekkoek,slater koekkoek,Slater,Koekkoek,slater,koekkoek
8474564,Steven Stamkos,steven stamkos,steven stamkos,Steven,Stamkos,steven,stamkos
8475775,Tye McGinn,tye mcginn,tye mcginn,Tye,McGinn,tye,mcginn
8474870,Tyler Johnson,tyler johnson,tyler johnson,Tyler,Johnson,tyler,johnson
8470047,Valtteri Filppula,valtteri filppula,valtteri filppula,Valtteri,Filppula,valtteri,filppula
8475167,Victor Hedman,victor hedman,victor hedman,Victor,Hedman,victor,hedman
8476480,Vladislav Namestnikov,vladislav namestnikov,vladislav namestnikov,Vladislav,Namestnikov,vladislav,namestnikov
8476826,Yanni Gourde,yanni gourde,yanni gourde,Yanni,Gourde,yanni,gourde
8474638,Andrew Campbell,andrew campbell,andrew campbell,Andrew,Campbell,andrew,campbell
8468504,Brad Boyes,brad boyes,brad boyes,Brad,Boyes,brad,boyes
8476894,Brendan Leipsic,brendan leipsic,brendan leipsic,Brendan,Leipsic,brendan,leipsic
8469639,Brooks Laich,brooks laich,brooks laich,Brooks,Laich,brooks,laich
8475278,Byron Froese,byron froese,byron froese,Byron,Froese,byron,froese
8477015,Connor Brown,connor brown,connor brown,Connor,Brown,connor,brown
8476941,Connor Carrick,connor carrick,connor carrick,Connor,Carrick,connor,carrick
8471476,Daniel Winnik,daniel winnik,daniel winnik,Daniel,Winnik,daniel,winnik
8476302,Frank Corrado,frank corrado,frank corrado,Frank,Corrado,frank,corrado
8477512,Frederik Gauthier,frederik gauthier,frederik gauthier,Frederik,Gauthier,frederik,gauthier
8476343,Garret Sparks,garret sparks,garret sparks,Garret,Sparks,garret,sparks
8474581,Jake Gardiner,jake gardiner,jake gardiner,Jake,Gardiner,jake,gardiner
8474037,James van Riemsdyk,james van riemsdyk,james van riemsdyk,James,van Riemsdyk,james,van riemsdyk
8470207,Joffrey Lupul,joffrey lupul,joffrey lupul,Joffrey,Lupul,joffrey,lupul
8473541,Jonathan Bernier,jonathan bernier,jonathan bernier,Jonathan,Bernier,jonathan,bernier
8476410,Josh Leivo,josh leivo,josh leivo,Josh,Leivo,josh,leivo
8477953,Kasperi Kapanen,kasperi kapanen,kasperi kapanen,Kasperi,Kapanen,kasperi,kapanen
8473463,Leo Komarov,leo komarov,leo komarov,Leo,Komarov,leo,komarov
8476062,Mark Arcobello,mark arcobello,mark arcobello,Mark,Arcobello,mark,arcobello
8475716,Martin Marincin,martin marincin,martin marincin,Martin,Marincin,martin,marincin
8471436,Matt Hunwick,matt hunwick,matt hunwick,Matt,Hunwick,matt,hunwick
8473546,Michael Grabner,michael grabner,michael grabner,Michael,Grabner,michael,grabner
8476853,Morgan Rielly,morgan rielly,morgan rielly,Morgan,Rielly,morgan,rielly
8475172,Nazem Kadri,nazem kadri,nazem kadri,Nazem,Kadri,nazem,kadri
8478373,Nikita Soshnikov,nikita soshnikov,nikita soshnikov,Nikita,Soshnikov,nikita,soshnikov
8469707,PA Parenteau,pa parenteau,pa parenteau,PA,Parenteau,pa,parenteau
8475180,Peter Holland,peter holland,peter holland,Peter,Holland,peter,holland
8471733,Rich Clune,rich clune,rich clune,Rich,Clune,rich,clune
8477642,Rinat Valiev,rinat valiev,rinat valiev,Rinat,Valiev,rinat,valiev
8475842,Sam Carrick,sam carrick,sam carrick,Sam,Carrick,sam,carrick
8476449,Scott Harrington,scott harrington,scott harrington,Scott,Harrington,scott,harrington
8476478,Stuart Percy,stuart percy,stuart percy,Stuart,Percy,stuart,percy
8474113,TJ Brennan,tj brennan,tj brennan,TJ,Brennan,tj,brennan
8477427,Tobias Lindberg,tobias lindberg,tobias lindberg,Tobias,Lindberg,tobias,lindberg
8475098,Tyler Bozak,tyler bozak,tyler bozak,Tyler,Bozak,tyler,bozak
8477033,Viktor Loov,viktor loov,viktor loov,Viktor,Loov,viktor,loov
8477939,William Nylander,william nylander,william nylander,William,Nylander,william,nylander
8475786,Zach Hyman,zach hyman,zach hyman,Zach,Hyman,zach,hyman
8473415,Alex Biega,alex biega,alex biega,Alex,Biega,alex,biega
8475836,Alex Friesen,alex friesen,alex friesen,Alex,Friesen,alex,friesen
8471303,Alexander Edler,alexander edler,alexander edler,Alexander,Edler,alexander,edler
8470358,Alexandre Burrows,alexandre burrows,alexandre burrows,Alexandre,Burrows,alexandre,burrows
8476414,Alexandre Grenier,alexandre grenier,alexandre grenier,Alexandre,Grenier,alexandre,grenier
8476388,Andrey Pedan,andrey pedan,andrey pedan,Andrey,Pedan,andrey,pedan
8477018,Ben Hutton,ben hutton,ben hutton,Ben,Hutton,ben,hutton
8477500,Bo Horvat,bo horvat,bo horvat,Bo,Horvat,bo,horvat
8471283,Brandon Prust,brandon prust,brandon prust,Brandon,Prust,brandon,prust
8474091,Brandon Sutter,brandon sutter,brandon sutter,Brandon,Sutter,brandon,sutter
8476867,Brendan Gaunce,brendan gaunce,brendan gaunce,Brendan,Gaunce,brendan,gaunce
8470274,Chris Higgins,chris higgins,chris higgins,Chris,Higgins,chris,higgins
8475690,Chris Tanev,chris tanev,chris tanev,Chris,Tanev,chris,tanev
8469465,Dan Hamhuis,dan hamhuis,dan hamhuis,Dan,Hamhuis,dan,hamhuis
8467875,Daniel Sedin,daniel sedin,daniel sedin,Daniel,Sedin,daniel,sedin
8473432,Derek Dorsett,derek dorsett,derek dorsett,Derek,Dorsett,derek,dorsett
8467876,Henrik Sedin,henrik sedin,henrik sedin,Henrik,Sedin,henrik,sedin
8474593,Jacob Markstrom,jacob markstrom,jacob markstrom,Jacob,Markstrom,jacob,markstrom
8477937,Jake Virtanen,jake virtanen,jake virtanen,Jake,Virtanen,jake,virtanen
8471498,Jannik Hansen,jannik hansen,jannik hansen,Jannik,Hansen,jannik,hansen
8477955,Jared McCann,jared mccann,jared mccann,Jared,McCann,jared,mccann
8475223,Linden Vey,linden vey,linden vey,Linden,Vey,linden,vey
8474579,Luca Sbisa,luca sbisa,luca sbisa,Luca,Sbisa,luca,sbisa
8474749,Matt Bartkowski,matt bartkowski,matt bartkowski,Matt,Bartkowski,matt,bartkowski
8477816,Michael Zalewski,michael zalewski,michael zalewski,Michael,Zalewski,michael,zalewski
8477997,Nikita Tryamkin,nikita tryamkin,nikita tryamkin,Nikita,Tryamkin,nikita,tryamkin
8468085,Radim Vrbata,radim vrbata,radim vrbata,Radim,Vrbata,radim,vrbata
8473614,Richard Bachman,richard bachman,richard bachman,Richard,Bachman,richard,bachman
8477589,Ronalds Kenins,ronalds kenins,ronalds kenins,Ronalds,Kenins,ronalds,kenins
8468011,Ryan Miller,ryan miller,ryan miller,Ryan,Miller,ryan,miller
8476466,Sven Baertschi,sven baertschi,sven baertschi,Sven,Baertschi,sven,baertschi
8476166,Taylor Fedun,taylor fedun,taylor fedun,Taylor,Fedun,taylor,fedun
8474134,Yannick Weber,yannick weber,yannick weber,Yannick,Weber,yannick,weber
8476392,Adam Lowry,adam lowry,adam lowry,Adam,Lowry,adam,lowry
8475788,Alexander Burmistrov,alexander burmistrov,alexander burmistrov,Alexander,Burmistrov,alexander,burmistrov
8477429,Andrew Copp,andrew copp,andrew copp,Andrew,Copp,andrew,copp
8474061,Anthony Peluso,anthony peluso,anthony peluso,Anthony,Peluso,anthony,peluso
8475279,Ben Chiarot,ben chiarot,ben chiarot,Ben,Chiarot,ben,chiarot
8471218,Blake Wheeler,blake wheeler,blake wheeler,Blake,Wheeler,blake,wheeler
8479293,Brandon Tanev,brandon tanev,brandon tanev,Brandon,Tanev,brandon,tanev
8473412,Bryan Little,bryan little,bryan little,Bryan,Little,bryan,little
8478029,Chase De Leo,chase de leo,chase de leo,Chase,De Leo,chase,de leo
8469501,Chris Thorburn,chris thorburn,chris thorburn,Chris,Thorburn,chris,thorburn
8476945,Connor Hellebuyck,connor hellebuyck,connor hellebuyck,Connor,Hellebuyck,connor,hellebuyck
8471226,Drew Stafford,drew stafford,drew stafford,Drew,Stafford,drew,stafford
8470834,Dustin Byfuglien,dustin byfuglien,dustin byfuglien,Dustin,Byfuglien,dustin,byfuglien
8477076,JC Lipon,jc lipon,jc lipon,JC,Lipon,jc,lipon
8476885,Jacob Trouba,jacob trouba,jacob trouba,Jacob,Trouba,jacob,trouba
8476469,Joel Armia,joel armia,joel armia,Joel,Armia,joel,armia
8477504,Josh Morrissey,josh morrissey,josh morrissey,Josh,Morrissey,josh,morrissey
8475815,Julian Melchiori,julian melchiori,julian melchiori,Julian,Melchiori,julian,melchiori
8476460,Mark Scheifele,mark scheifele,mark scheifele,Mark,Scheifele,mark,scheifele
8470614,Mark Stuart,mark stuart,mark stuart,Mark,Stuart,mark,stuart
8473618,Mathieu Perreault,mathieu perreault,mathieu perreault,Mathieu,Perreault,mathieu,perreault
8474094,Matt Halischuk,matt halischuk,matt halischuk,Matt,Halischuk,matt,halischuk
8474636,Michael Hutchinson,michael hutchinson,michael hutchinson,Michael,Hutchinson,michael,hutchinson
8477464,Nic Petan,nic petan,nic petan,Nic,Petan,nic,petan
8477940,Nikolaj Ehlers,nikolaj ehlers,nikolaj ehlers,Nikolaj,Ehlers,nikolaj,ehlers
8471715,Ondrej Pavelec,ondrej pavelec,ondrej pavelec,Ondrej,Pavelec,ondrej,pavelec
8474616,Patrice Cormier,patrice cormier,patrice cormier,Patrice,Cormier,patrice,cormier
8474074,Paul Postma,paul postma,paul postma,Paul,Postma,paul,postma
8476910,Scott Kosmachuk,scott kosmachuk,scott kosmachuk,Scott,Kosmachuk,scott,kosmachuk
8470828,Toby Enstrom,toby enstrom,toby enstrom,Toby,Enstrom,toby,enstrom
8474574,Tyler Myers,tyler myers,tyler myers,Tyler,Myers,tyler,myers
8474604,Aaron Ness,aaron ness,aaron ness,Aaron,Ness,aaron,ness
8471214,Alex Ovechkin,alex ovechkin,alex ovechkin,Alex,Ovechkin,alex,ovechkin
8477444,Andre Burakovsky,andre burakovsky,andre burakovsky,Andre,Burakovsky,andre,burakovsky
8474651,Braden Holtby,braden holtby,braden holtby,Braden,Holtby,braden,holtby
8468498,Brooks Orpik,brooks orpik,brooks orpik,Brooks,Orpik,brooks,orpik
8476905,Chandler Stephenson,chandler stephenson,chandler stephenson,Chandler,Stephenson,chandler,stephenson
8475161,Chris Brown,chris brown,chris brown,Chris,Brown,chris,brown
8475200,Dmitry Orlov,dmitry orlov,dmitry orlov,Dmitry,Orlov,dmitry,orlov
8475744,Evgeny Kuznetsov,evgeny kuznetsov,evgeny kuznetsov,Evgeny,Kuznetsov,evgeny,kuznetsov
8466251,Jason Chimera,jason chimera,jason chimera,Jason,Chimera,jason,chimera
8474291,Jay Beagle,jay beagle,jay beagle,Jay,Beagle,jay,beagle
8474590,John Carlson,john carlson,john carlson,John,Carlson,john,carlson
8468508,Justin Williams,justin williams,justin williams,Justin,Williams,justin,williams
8473991,Karl Alzner,karl alzner,karl alzner,Karl,Alzner,karl,alzner
8475149,Marcus Johansson,marcus johansson,marcus johansson,Marcus,Johansson,marcus,johansson
8471702,Matt Niskanen,matt niskanen,matt niskanen,Matt,Niskanen,matt,niskanen
8475247,Michael Latta,michael latta,michael latta,Michael,Latta,michael,latta
8470617,Mike Richards,mike richards,mike richards,Mike,Richards,mike,richards
8477220,Nate Schmidt,nate schmidt,nate schmidt,Nate,Schmidt,nate,schmidt
8473563,Nicklas Backstrom,nicklas backstrom,nicklas backstrom,Nicklas,Backstrom,nicklas,backstrom
8474008,Paul Carey,paul carey,paul carey,Paul,Carey,paul,carey
8475831,Philipp Grubauer,philipp grubauer,philipp grubauer,Philipp,Grubauer,philipp,grubauer
8475598,Ryan Stanton,ryan stanton,ryan stanton,Ryan,Stanton,ryan,stanton
8474744,Sean Collins,sean collins,sean collins,Sean,Collins,sean,collins
8475816,Stanislav Galiev,stanislav galiev,stanislav galiev,Stanislav,Galiev,stanislav,galiev
8471698,T.J. Oshie,t.j. oshie,t.j. oshie,T.J.,Oshie,t.j.,oshie
8471710,Taylor Chorney,taylor chorney,taylor chorney,Taylor,Chorney,taylor,chorney
8476880,Tom Wilson,tom wilson,tom wilson,Tom,Wilson,tom,wilson
8475119,Zach Sill,zach sill,zach sill,Zach,Sill,zach,sill
8477986,Brandon Montour,brandon montour,brandon montour,Brandon,Montour,brandon,montour
8474130,Corey Tropp,corey tropp,corey tropp,Corey,Tropp,corey,tropp
8478491,Jacob Larsson,jacob larsson,jacob larsson,Jacob,Larsson,jacob,larsson
8477034,Jaycob Megna,jaycob megna,jaycob megna,Jaycob,Megna,jaycob,megna
8476390,Joseph Cramarossa,joseph cramarossa,joseph cramarossa,Joseph,Cramarossa,joseph,cramarossa
8479290,Kalle Kossila,kalle kossila,kalle kossila,Kalle,Kossila,kalle,kossila
8477466,Nick Sorensen,nick sorensen,nick sorensen,Nick,Sorensen,nick,sorensen
8476866,Nicolas Kerdiles,nicolas kerdiles,nicolas kerdiles,Nicolas,Kerdiles,nicolas,kerdiles
8478131,Ondrej Kase,ondrej kase,ondrej kase,Ondrej,Kase,ondrej,kase
8477943,Brendan Perlini,brendan perlini,brendan perlini,Brendan,Perlini,brendan,perlini
8477989,Christian Dvorak,christian dvorak,christian dvorak,Christian,Dvorak,christian,dvorak
8478432,Christian Fischer,christian fischer,christian fischer,Christian,Fischer,christian,fischer
8479343,Clayton Keller,clayton keller,clayton keller,Clayton,Keller,clayton,keller
8478440,Dylan Strome,dylan strome,dylan strome,Dylan,Strome,dylan,strome
8479345,Jakob Chychrun,jakob chychrun,jakob chychrun,Jakob,Chychrun,jakob,chychrun
8471251,Justin Peters,justin peters,justin peters,Justin,Peters,justin,peters
8478474,Lawson Crouse,lawson crouse,lawson crouse,Lawson,Crouse,lawson,crouse
8476986,Marek Langhamer,marek langhamer,marek langhamer,Marek,Langhamer,marek,langhamer
8477950,Tony DeAngelo,tony deangelo,tony deangelo,Tony,DeAngelo,tony,deangelo
8477320,Anton Blidh,anton blidh,anton blidh,Anton,Blidh,anton,blidh
8478512,Austin Czarnik,austin czarnik,austin czarnik,Austin,Czarnik,austin,czarnik
8478443,Brandon Carlo,brandon carlo,brandon carlo,Brandon,Carlo,brandon,carlo
8479325,Charlie McAvoy,charlie mcavoy,charlie mcavoy,Charlie,McAvoy,charlie,mcavoy
8478046,Danton Heinen,danton heinen,danton heinen,Danton,Heinen,danton,heinen
8478417,Jakob Forsbacka Karlsson,jakob forsbacka karlsson,jakob forsbacka karlsson,Jakob,Forsbacka Karlsson,jakob,forsbacka karlsson
8476876,Malcolm Subban,malcolm subban,malcolm subban,Malcolm,Subban,malcolm,subban
8476891,Matt Grzelcyk,matt grzelcyk,matt grzelcyk,Matt,Grzelcyk,matt,grzelcyk
8477417,Peter Cehlarik,peter cehlarik,peter cehlarik,Peter,Cehlarik,peter,cehlarik
8476303,Rob O'Gara,rob o'gara,rob o'gara,Rob,O'Gara,rob,o'gara
8476374,Sean Kuraly,sean kuraly,sean kuraly,Sean,Kuraly,sean,kuraly
8475876,Zane McIntyre,zane mcintyre,zane mcintyre,Zane,McIntyre,zane,mcintyre
8479423,Alex Nylander,alex nylander,alex nylander,Alex,Nylander,alex,nylander
8477041,Brady Austin,brady austin,brady austin,Brady,Austin,brady,austin
8478425,Brendan Guhle,brendan guhle,brendan guhle,Brendan,Guhle,brendan,guhle
8480083,C.J. Smith,c.j. smith,c.j. smith,C.J.,Smith,c.j.,smith
8475982,Erik Burgdoerfer,erik burgdoerfer,erik burgdoerfer,Erik,Burgdoerfer,erik,burgdoerfer
8477491,Nick Baptiste,nick baptiste,nick baptiste,Nick,Baptiste,nick,baptiste
8477391,Sean Malone,sean malone,sean malone,Sean,Malone,sean,malone
8477478,William Carrier,william carrier,william carrier,William,Carrier,william,carrier
8477968,Alex Nedeljkovic,alex nedeljkovic,alex nedeljkovic,Alex,Nedeljkovic,alex,nedeljkovic
8479249,Andrew Poturalski,andrew poturalski,andrew poturalski,Andrew,Poturalski,andrew,poturalski
8479115,Jorge Alves,jorge alves,jorge alves,Jorge,Alves,jorge,alves
8478027,Lucas Wallmark,lucas wallmark,lucas wallmark,Lucas,Wallmark,lucas,wallmark
8476924,Martin Frk,martin frk,martin frk,Martin,Frk,martin,frk
8478427,Sebastian Aho,sebastian aho,sebastian aho,Sebastian,Aho,sebastian,aho
8477458,Valentin Zykov,valentin zykov,valentin zykov,Valentin,Zykov,valentin,zykov
8478506,Gabriel Carlsson,gabriel carlsson,gabriel carlsson,Gabriel,Carlsson,gabriel,carlsson
8476310,Lukas Sedlak,lukas sedlak,lukas sedlak,Lukas,Sedlak,lukas,sedlak
8478906,Markus Nutivaara,markus nutivaara,markus nutivaara,Markus,Nutivaara,markus,nutivaara
8476391,T.J. Tynan,t.j. tynan,t.j. tynan,T.J.,Tynan,t.j.,tynan
8478460,Zach Werenski,zach werenski,zach werenski,Zach,Werenski,zach,werenski
8479496,David Rittich,david rittich,david rittich,David,Rittich,david,rittich
8476903,Jon Gillies,jon gillies,jon gillies,Jon,Gillies,jon,gillies
8476873,Mark Jankowski,mark jankowski,mark jankowski,Mark,Jankowski,mark,jankowski
8479314,Matthew Tkachuk,matthew tkachuk,matthew tkachuk,Matthew,Tkachuk,matthew,tkachuk
8478397,Rasmus Andersson,rasmus andersson,rasmus andersson,Rasmus,Andersson,rasmus,andersson
8478055,Gustav Forsling,gustav forsling,gustav forsling,Gustav,Forsling,gustav,forsling
8477401,John Hayden,john hayden,john hayden,John,Hayden,john,hayden
8479482,Michal Kempny,michal kempny,michal kempny,Michal,Kempny,michal,kempny
8477951,Nick Schmaltz,nick schmaltz,nick schmaltz,Nick,Schmaltz,nick,schmaltz
8476805,Spencer Abbott,spencer abbott,spencer abbott,Spencer,Abbott,spencer,abbott
8477353,Tyler Motte,tyler motte,tyler motte,Tyler,Motte,tyler,motte
8478421,A.J. Greer,a.j. greer,a.j. greer,A.J.,Greer,a.j.,greer
8478073,Anton Lindholm,anton lindholm,anton lindholm,Anton,Lindholm,anton,lindholm
8476464,Duncan Siemens,duncan siemens,duncan siemens,Duncan,Siemens,duncan,siemens
8477456,J.T. Compher,j.t. compher,j.t. compher,J.T.,Compher,j.t.,compher
8474092,Jeremy Smith,jeremy smith,jeremy smith,Jeremy,Smith,jeremy,smith
8476511,Samuel Henley,samuel henley,samuel henley,Samuel,Henley,samuel,henley
8477484,Spencer Martin,spencer martin,spencer martin,Spencer,Martin,spencer,martin
8479370,Tyson Jost,tyson jost,tyson jost,Tyson,Jost,tyson,jost
8478495,Denis Gurianov,denis gurianov,denis gurianov,Denis,Gurianov,denis,gurianov
8476966,Gemel Smith,gemel smith,gemel smith,Gemel,Smith,gemel,smith
8477945,Julius Honka,julius honka,julius honka,Julius,Honka,julius,honka
8475413,Justin Dowling,justin dowling,justin dowling,Justin,Dowling,justin,dowling
8477461,Remi Elie,remi elie,remi elie,Remi,Elie,remi,elie
8474873,Brian Lashoff,brian lashoff,brian lashoff,Brian,Lashoff,brian,lashoff
8479252,Dan Renouf,dan renouf,dan renouf,Dan,Renouf,dan,renouf
8478431,Evgeny Svechnikov,evgeny svechnikov,evgeny svechnikov,Evgeny,Svechnikov,evgeny,svechnikov
8477225,Jared Coreau,jared coreau,jared coreau,Jared,Coreau,jared,coreau
8478371,Matt Lorito,matt lorito,matt lorito,Matt,Lorito,matt,lorito
8475296,Mitch Callahan,mitch callahan,mitch callahan,Mitch,Callahan,mitch,callahan
8475324,Nick Jensen,nick jensen,nick jensen,Nick,Jensen,nick,jensen
8476418,Robbie Russo,robbie russo,robbie russo,Robbie,Russo,robbie,russo
8476450,Ryan Sproul,ryan sproul,ryan sproul,Ryan,Sproul,ryan,sproul
8477479,Tyler Bertuzzi,tyler bertuzzi,tyler bertuzzi,Tyler,Bertuzzi,tyler,bertuzzi
8476416,Dillon Simpson,dillon simpson,dillon simpson,Dillon,Simpson,dillon,simpson
8479465,Drake Caggiula,drake caggiula,drake caggiula,Drake,Caggiula,drake,caggiula
8479344,Jesse Puljujarvi,jesse puljujarvi,jesse puljujarvi,Jesse,Puljujarvi,jesse,puljujarvi
8476988,Matt Benning,matt benning,matt benning,Matt,Benning,matt,benning
8475752,Tyler Pitlick,tyler pitlick,tyler pitlick,Tyler,Pitlick,tyler,pitlick
8478843,Denis Malgin,denis malgin,denis malgin,Denis,Malgin,denis,malgin
8477452,Ian McCoshen,ian mccoshen,ian mccoshen,Ian,McCoshen,ian,mccoshen
8477346,MacKenzie Weegar,mackenzie weegar,mackenzie weegar,MacKenzie,Weegar,mackenzie,weegar
8475597,Shane Harper,shane harper,shane harper,Shane,Harper,shane,harper
8477960,Adrian Kempe,adrian kempe,adrian kempe,Adrian,Kempe,adrian,kempe
8471682,Devin Setoguchi,devin setoguchi,devin setoguchi,Devin,Setoguchi,devin,setoguchi
8475789,Jack Campbell,jack campbell,jack campbell,Jack,Campbell,jack,campbell
8477380,Jonny Brodzinski,jonny brodzinski,jonny brodzinski,Jonny,Brodzinski,jonny,brodzinski
8476983,Paul LaDue,paul ladue,paul ladue,Paul,LaDue,paul,ladue
8477949,Alex Tuch,alex tuch,alex tuch,Alex,Tuch,alex,tuch
8478493,Joel Eriksson Ek,joel eriksson ek,joel eriksson ek,Joel,Eriksson Ek,joel,eriksson ek
8476219,Patrick Cannone,patrick cannone,patrick cannone,Patrick,Cannone,patrick,cannone
8476619,Zack Mitchell,zack mitchell,zack mitchell,Zack,Mitchell,zack,mitchell
8471228,Alexander Radulov,alexander radulov,alexander radulov,Alexander,Radulov,alexander,radulov
8477476,Artturi Lehkonen,artturi lehkonen,artturi lehkonen,Artturi,Lehkonen,artturi,lehkonen
8479410,Mikhail Sergachev,mikhail sergachev,mikhail sergachev,Mikhail,Sergachev,mikhail,sergachev
8477957,Nikita Scherbak,nikita scherbak,nikita scherbak,Nikita,Scherbak,nikita,scherbak
8476526,Ben Thomson,ben thomson,ben thomson,Ben,Thomson,ben,thomson
8476399,Blake Coleman,blake coleman,blake coleman,Blake,Coleman,blake,coleman
8478480,Blake Speers,blake speers,blake speers,Blake,Speers,blake,speers
8477961,John Quenneville,john quenneville,john quenneville,John,Quenneville,john,quenneville
8476798,Karl Stollery,karl stollery,karl stollery,Karl,Stollery,karl,stollery
8479291,Kevin Rooney,kevin rooney,kevin rooney,Kevin,Rooney,kevin,rooney
8480081,Michael Kapla,michael kapla,michael kapla,Michael,Kapla,michael,kapla
8479250,Nick Lappin,nick lappin,nick lappin,Nick,Lappin,nick,lappin
8479483,Yohann Auvitu,yohann auvitu,yohann auvitu,Yohann,Auvitu,yohann,auvitu
8478851,Alexandre Carrier,alexandre carrier,alexandre carrier,Alexandre,Carrier,alexandre,carrier
8477919,Frederick Gaudreau,frederick gaudreau,frederick gaudreau,Frederick,Gaudreau,frederick,gaudreau
8476992,Marek Mazanec,marek mazanec,marek mazanec,Marek,Mazanec,marek,mazanec
8475436,Mike Liambas,mike liambas,mike liambas,Mike,Liambas,mike,liambas
8473942,Trevor Smith,trevor smith,trevor smith,Trevor,Smith,trevor,smith
8477973,Vladislav Kamenev,vladislav kamenev,vladislav kamenev,Vladislav,Kamenev,vladislav,kamenev
8478463,Anthony Beauvillier,anthony beauvillier,anthony beauvillier,Anthony,Beauvillier,anthony,beauvillier
8477881,Connor Jones,connor jones,connor jones,Connor,Jones,connor,jones
8477959,Joshua Ho-Sang,joshua ho-sang,joshua ho-sang,Joshua,Ho-Sang,joshua,ho-sang
8478445,Mathew Barzal,mathew barzal,mathew barzal,Mathew,Barzal,mathew,barzal
8476922,Boo Nieves,boo nieves,boo nieves,Boo,Nieves,boo,nieves
8476918,Jimmy Vesey,jimmy vesey,jimmy vesey,Jimmy,Vesey,jimmy,vesey
8476482,Nicklas Jensen,nicklas jensen,nicklas jensen,Nicklas,Jensen,nicklas,jensen
8477402,Pavel Buchnevich,pavel buchnevich,pavel buchnevich,Pavel,Buchnevich,pavel,buchnevich
8477971,Andreas Englund,andreas englund,andreas englund,Andreas,Englund,andreas,englund
8478376,Casey Bailey,casey bailey,casey bailey,Casey,Bailey,casey,bailey
8474018,Christopher DiDomenico,christopher didomenico,christopher didomenico,Christopher,DiDomenico,christopher,didomenico
8478400,Colin White,colin white,colin white,Colin,White,colin,white
8478469,Thomas Chabot,thomas chabot,thomas chabot,Thomas,Chabot,thomas,chabot
8471768,Tom Pyatt,tom pyatt,tom pyatt,Tom,Pyatt,tom,pyatt
8476932,Anthony Stolarz,anthony stolarz,anthony stolarz,Anthony,Stolarz,anthony,stolarz
8478500,Ivan Provorov,ivan provorov,ivan provorov,Ivan,Provorov,ivan,provorov
8480087,Mike Vecchione,mike vecchione,mike vecchione,Mike,Vecchione,mike,vecchione
8477462,Robert Hagg,robert hagg,robert hagg,Robert,Hagg,robert,hagg
8479648,Roman Lyubimov,roman lyubimov,roman lyubimov,Roman,Lyubimov,roman,lyubimov
8477502,Samuel Morin,samuel morin,samuel morin,Samuel,Morin,samuel,morin
8478439,Travis Konecny,travis konecny,travis konecny,Travis,Konecny,travis,konecny
8474611,Cameron Gaunce,cameron gaunce,cameron gaunce,Cameron,Gaunce,cameron,gaunce
8477240,Carter Rowney,carter rowney,carter rowney,Carter,Rowney,carter,rowney
8477404,Jake Guentzel,jake guentzel,jake guentzel,Jake,Guentzel,jake,guentzel
8477520,Jean-Sebastien Dea,jean-sebastien dea,jean-sebastien dea,Jean-Sebastien,Dea,jean-sebastien,dea
8476162,Steve Oleksy,steve oleksy,steve oleksy,Steve,Oleksy,steve,oleksy
8477465,Tristan Jarry,tristan jarry,tristan jarry,Tristan,Jarry,tristan,jarry
8477180,Aaron Dell,aaron dell,aaron dell,Aaron,Dell,aaron,dell
8476982,Danny O'Regan,danny o'regan,danny o'regan,Danny,O'Regan,danny,o'regan
8478099,Kevin Labanc,kevin labanc,kevin labanc,Kevin,Labanc,kevin,labanc
8475834,Marcus Sorensen,marcus sorensen,marcus sorensen,Marcus,Sorensen,marcus,sorensen
8475841,Tim Heed,tim heed,tim heed,Tim,Heed,tim,heed
8478414,Timo Meier,timo meier,timo meier,Timo,Meier,timo,meier
8477964,Ivan Barbashev,ivan barbashev,ivan barbashev,Ivan,Barbashev,ivan,barbashev
8476877,Jordan Schmaltz,jordan schmaltz,jordan schmaltz,Jordan,Schmaltz,jordan,schmaltz
8471743,Vladimir Sobotka,vladimir sobotka,vladimir sobotka,Vladimir,Sobotka,vladimir,sobotka
8475263,Wade Megan,wade megan,wade megan,Wade,Megan,wade,megan
8477482,Zachary Sanford,zachary sanford,zachary sanford,Zachary,Sanford,zachary,sanford
8477454,Adam Erne,adam erne,adam erne,Adam,Erne,adam,erne
8478010,Brayden Point,brayden point,brayden point,Brayden,Point,brayden,point
8476195,Cory Conacher,cory conacher,cory conacher,Cory,Conacher,cory,conacher
8475254,Gabriel Dumont,gabriel dumont,gabriel dumont,Gabriel,Dumont,gabriel,dumont
8477009,Jake Dotchin,jake dotchin,jake dotchin,Jake,Dotchin,jake,dotchin
8476285,Matthew Peca,matthew peca,matthew peca,Matthew,Peca,matthew,peca
8475739,Michael Bournival,michael bournival,michael bournival,Michael,Bournival,michael,bournival
8476911,Tanner Richard,tanner richard,tanner richard,Tanner,Richard,tanner,richard
8477312,Antoine Bibeau,antoine bibeau,antoine bibeau,Antoine,Bibeau,antoine,bibeau
8479318,Auston Matthews,auston matthews,auston matthews,Auston,Matthews,auston,matthews
8478483,Mitch Marner,mitch marner,mitch marner,Mitch,Marner,mitch,marner
8479458,Nikita Zaitsev,nikita zaitsev,nikita zaitsev,Nikita,Zaitsev,nikita,zaitsev
8475210,Anton Rodin,anton rodin,anton rodin,Anton,Rodin,anton,rodin
8478444,Brock Boeser,brock boeser,brock boeser,Brock,Boeser,brock,boeser
8477091,Evan McEneny,evan mceneny,evan mceneny,Evan,McEneny,evan,mceneny
8479969,Griffen Molino,griffen molino,griffen molino,Griffen,Molino,griffen,molino
8476425,Joseph LaBate,joseph labate,joseph labate,Joseph,LaBate,joseph,labate
8474707,Philip Larsen,philip larsen,philip larsen,Philip,Larsen,philip,larsen
8479442,Troy Stecher,troy stecher,troy stecher,Troy,Stecher,troy,stecher
8477480,Eric Comrie,eric comrie,eric comrie,Eric,Comrie,eric,comrie
8478458,Jack Roslovic,jack roslovic,jack roslovic,Jack,Roslovic,jack,roslovic
8478398,Kyle Connor,kyle connor,kyle connor,Kyle,Connor,kyle,connor
8478031,Nelson Nogier,nelson nogier,nelson nogier,Nelson,Nogier,nelson,nogier
8479339,Patrik Laine,patrik laine,patrik laine,Patrik,Laine,patrik,laine
8475291,Garrett Mitchell,garrett mitchell,garrett mitchell,Garrett,Mitchell,garrett,mitchell
8477944,Jakub Vrana,jakub vrana,jakub vrana,Jakub,Vrana,jakub,vrana
8477070,Liam O'Brien,liam o'brien,liam o'brien,Liam,O'Brien,liam,o'brien
8477003,Riley Barber,riley barber,riley barber,Riley,Barber,riley,barber
8476407,Andy Welinski,andy welinski,andy welinski,Andy,Welinski,andy,welinski
8479613,Giovanni Fiore,giovanni fiore,giovanni fiore,Giovanni,Fiore,giovanni,fiore
8476971,Kevin Roy,kevin roy,kevin roy,Kevin,Roy,kevin,roy
8477969,Marcus Pettersson,marcus pettersson,marcus pettersson,Marcus,Pettersson,marcus,pettersson
8478873,Troy Terry,troy terry,troy terry,Troy,Terry,troy,terry
8478499,Adin Hill,adin hill,adin hill,Adin,Hill,adin,hill
8477541,Dakota Mermis,dakota mermis,dakota mermis,Dakota,Mermis,dakota,mermis
8478476,Kyle Capobianco,kyle capobianco,kyle capobianco,Kyle,Capobianco,kyle,capobianco
8474131,Mario Kempe,mario kempe,mario kempe,Mario,Kempe,mario,kempe
8478447,Nick Merkley,nick merkley,nick merkley,Nick,Merkley,nick,merkley
8477634,Trevor Murphy,trevor murphy,trevor murphy,Trevor,Murphy,trevor,murphy
8478075,Anders Bjork,anders bjork,anders bjork,Anders,Bjork,anders,bjork
8477529,Colby Cave,colby cave,colby cave,Colby,Cave,colby,cave
8478498,Jake DeBrusk,jake debrusk,jake debrusk,Jake,DeBrusk,jake,debrusk
8475224,Jordan Szwarz,jordan szwarz,jordan szwarz,Jordan,Szwarz,jordan,szwarz
8477987,Ryan Donato,ryan donato,ryan donato,Ryan,Donato,ryan,donato
8476330,Adam Wilcox,adam wilcox,adam wilcox,Adam,Wilcox,adam,wilcox
8479999,Casey Mittelstadt,casey mittelstadt,casey mittelstadt,Casey,Mittelstadt,casey,mittelstadt
8479304,Kyle Criscuolo,kyle criscuolo,kyle criscuolo,Kyle,Criscuolo,kyle,criscuolo
8479755,Victor Antipin,victor antipin,victor antipin,Victor,Antipin,victor,antipin
8477938,Haydn Fleury,haydn fleury,haydn fleury,Haydn,Fleury,haydn,fleury
8479511,Janne Kuokkanen,janne kuokkanen,janne kuokkanen,Janne,Kuokkanen,janne,kuokkanen
8480039,Martin Necas,martin necas,martin necas,Martin,Necas,martin,necas
8478462,Nicolas Roy,nicolas roy,nicolas roy,Nicolas,Roy,nicolas,roy
8477981,Roland McKeown,roland mckeown,roland mckeown,Roland,McKeown,roland,mckeown
8477998,Warren Foegele,warren foegele,warren foegele,Warren,Foegele,warren,foegele
8476283,Alex Broadhurst,alex broadhurst,alex broadhurst,Alex,Broadhurst,alex,broadhurst
8480762,Eric Robinson,eric robinson,eric robinson,Eric,Robinson,eric,robinson
8479400,Pierre-Luc Dubois,pierre-luc dubois,pierre-luc dubois,Pierre-Luc,Dubois,pierre-luc,dubois
8478233,Andrew Mangiapane,andrew mangiapane,andrew mangiapane,Andrew,Mangiapane,andrew,mangiapane
8477449,Morgan Klimchuk,morgan klimchuk,morgan klimchuk,Morgan,Klimchuk,morgan,klimchuk
8479066,Ryan Lomberg,ryan lomberg,ryan lomberg,Ryan,Lomberg,ryan,lomberg
8480330,Spencer Foo,spencer foo,spencer foo,Spencer,Foo,spencer,foo
8479337,Alex DeBrincat,alex debrincat,alex debrincat,Alex,DeBrincat,alex,debrincat
8479595,Blake Hillman,blake hillman,blake hillman,Blake,Hillman,blake,hillman
8477472,Carl Dahlstrom,carl dahlstrom,carl dahlstrom,Carl,Dahlstrom,carl,dahlstrom
8480420,Collin Delia,collin delia,collin delia,Collin,Delia,collin,delia
8480144,David Kampf,david kampf,david kampf,David,Kampf,david,kampf
8478106,Dylan Sikura,dylan sikura,dylan sikura,Dylan,Sikura,dylan,sikura
8480172,Jan Rutta,jan rutta,jan rutta,Jan,Rutta,jan,rutta
8471301,Jeff Glass,jeff glass,jeff glass,Jeff,Glass,jeff,glass
8478146,Matthew Highmore,matthew highmore,matthew highmore,Matthew,Highmore,matthew,highmore
8479138,Scott Foster,scott foster,scott foster,Scott,Foster,scott,foster
8480153,Victor Ejdsell,victor ejdsell,victor ejdsell,Victor,Ejdsell,victor,ejdsell
8477021,Alexander Kerfoot,alexander kerfoot,alexander kerfoot,Alexander,Kerfoot,alexander,kerfoot
8478842,Andrei Mironov,andrei mironov,andrei mironov,Andrei,Mironov,andrei,mironov
8476952,Dominic Toninato,dominic toninato,dominic toninato,Dominic,Toninato,dominic,toninato
8475729,Mark Alt,mark alt,mark alt,Mark,Alt,mark,alt
8479398,Samuel Girard,samuel girard,samuel girard,Samuel,Girard,samuel,girard
8477471,Dillon Heatherington,dillon heatherington,dillon heatherington,Dillon,Heatherington,dillon,heatherington
8470093,Mike McKenna,mike mckenna,mike mckenna,Mike,McKenna,mike,mckenna
8471266,David Booth,david booth,david booth,David,Booth,david,booth
8477994,Dominic Turgeon,dominic turgeon,dominic turgeon,Dominic,Turgeon,dominic,turgeon
8478176,Joe Hicketts,joe hicketts,joe hicketts,Joe,Hicketts,joe,hicketts
8478451,Ethan Bear,ethan bear,ethan bear,Ethan,Bear,ethan,bear
8479977,Kailer Yamamoto,kailer yamamoto,kailer yamamoto,Kailer,Yamamoto,kailer,yamamoto
8476397,Keegan Lowe,keegan lowe,keegan lowe,Keegan,Lowe,keegan,lowe
8477573,Nathan Walker,nathan walker,nathan walker,Nathan,Walker,nathan,walker
8476322,Chase Balisy,chase balisy,chase balisy,Chase,Balisy,chase,balisy
8477583,Curtis Valk,curtis valk,curtis valk,Curtis,Valk,curtis,valk
8478211,Dryden Hunt,dryden hunt,dryden hunt,Dryden,Hunt,dryden,hunt
8474149,Evgenii Dadonov,evgenii dadonov,evgenii dadonov,Evgenii,Dadonov,evgenii,dadonov
8474667,Harri Sateri,harri sateri,harri sateri,Harri,Sateri,harri,sateri
8479404,Henrik Borgstrom,henrik borgstrom,henrik borgstrom,Henrik,Borgstrom,henrik,borgstrom
8480164,Henrik Haapala,henrik haapala,henrik haapala,Henrik,Haapala,henrik,haapala
8479553,Maxim Mamin,maxim mamin,maxim mamin,Maxim,Mamin,maxim,mamin
8480015,Owen Tippett,owen tippett,owen tippett,Owen,Tippett,owen,tippett
8480113,Alex Iafallo,alex iafallo,alex iafallo,Alex,Iafallo,alex,iafallo
8476020,Andrew Crescenzi,andrew crescenzi,andrew crescenzi,Andrew,Crescenzi,andrew,crescenzi
8480771,Daniel Brickley,daniel brickley,daniel brickley,Daniel,Brickley,daniel,brickley
8477428,Justin Auger,justin auger,justin auger,Justin,Auger,justin,auger
8477073,Kurtis MacDermid,kurtis macdermid,kurtis macdermid,Kurtis,MacDermid,kurtis,macdermid
8478020,Michael Amadio,michael amadio,michael amadio,Michael,Amadio,michael,amadio
8480147,Oscar Fantenberg,oscar fantenberg,oscar fantenberg,Oscar,Fantenberg,oscar,fantenberg
8477369,Carson Soucy,carson soucy,carson soucy,Carson,Soucy,carson,soucy
8478413,Jordan Greenway,jordan greenway,jordan greenway,Jordan,Greenway,jordan,greenway
8480082,Justin Kloos,justin kloos,justin kloos,Justin,Kloos,justin,kloos
8478011,Louie Belpedio,louie belpedio,louie belpedio,Louie,Belpedio,louie,belpedio
8479316,Luke Kunin,luke kunin,luke kunin,Luke,Kunin,luke,kunin
8476372,Nick Seeler,nick seeler,nick seeler,Nick,Seeler,nick,seeler
8480143,Jakub Jerabek,jakub jerabek,jakub jerabek,Jakub,Jerabek,jakub,jerabek
8478454,Noah Juulsen,noah juulsen,noah juulsen,Noah,Juulsen,noah,juulsen
8479376,Victor Mete,victor mete,victor mete,Victor,Mete,victor,mete
8476207,Brian Gibbons,brian gibbons,brian gibbons,Brian,Gibbons,brian,gibbons
8479407,Jesper Bratt,jesper bratt,jesper bratt,Jesper,Bratt,jesper,bratt
8478965,Kenneth Appleby,kenneth appleby,kenneth appleby,Kenneth,Appleby,kenneth,appleby
8480002,Nico Hischier,nico hischier,nico hischier,Nico,Hischier,nico,hischier
8477355,Will Butcher,will butcher,will butcher,Will,Butcher,will,butcher
8480009,Eeli Tolvanen,eeli tolvanen,eeli tolvanen,Eeli,Tolvanen,eeli,tolvanen
8477936,Michael Dal Colle,michael dal colle,michael dal colle,Michael,Dal Colle,michael,dal colle
8480222,Sebastian Aho,sebastian aho,sebastian aho,Sebastian,Aho,sebastian,aho
8479206,Tanner Fritz,tanner fritz,tanner fritz,Tanner,Fritz,tanner,fritz
8480382,Alexandar Georgiev,alexandar georgiev,alexandar georgiev,Alexandar,Georgiev,alexandar,georgiev
8477990,Brandon Halverson,brandon halverson,brandon halverson,Brandon,Halverson,brandon,halverson
8480078,Filip Chytil,filip chytil,filip chytil,Filip,Chytil,filip,chytil
8477337,John Gilmour,john gilmour,john gilmour,John,Gilmour,john,gilmour
8480072,Lias Andersson,lias andersson,lias andersson,Lias,Andersson,lias,andersson
8480145,Neal Pionk,neal pionk,neal pionk,Neal,Pionk,neal,pionk
8476396,Steven Fogarty,steven fogarty,steven fogarty,Steven,Fogarty,steven,fogarty
8479968,Vinni Lettieri,vinni lettieri,vinni lettieri,Vinni,Lettieri,vinni,lettieri
8480029,Alex Formenton,alex formenton,alex formenton,Alex,Formenton,alex,formenton
8475328,Ben Sexton,ben sexton,ben sexton,Ben,Sexton,ben,sexton
8478868,Christian Jaros,christian jaros,christian jaros,Christian,Jaros,christian,jaros
8478846,Christian Wolanin,christian wolanin,christian wolanin,Christian,Wolanin,christian,wolanin
8471433,Daniel Taylor,daniel taylor,daniel taylor,Daniel,Taylor,daniel,taylor
8478488,Filip Chlapik,filip chlapik,filip chlapik,Filip,Chlapik,filip,chlapik
8478268,Jack Rodewald,jack rodewald,jack rodewald,Jack,Rodewald,jack,rodewald
8479366,Logan Brown,logan brown,logan brown,Logan,Brown,logan,brown
8479312,Alex Lyon,alex lyon,alex lyon,Alex,Lyon,alex,lyon
8478365,Danick Martel,danick martel,danick martel,Danick,Martel,danick,martel
8479974,Nolan Patrick,nolan patrick,nolan patrick,Nolan,Patrick,nolan,patrick
8478067,Oskar Lindblom,oskar lindblom,oskar lindblom,Oskar,Lindblom,oskar,lindblom
8477948,Travis Sanheim,travis sanheim,travis sanheim,Travis,Sanheim,travis,sanheim
8477399,Tyrell Goulbourne,tyrell goulbourne,tyrell goulbourne,Tyrell,Goulbourne,tyrell,goulbourne
8473440,Will O'Neill,will o'neill,will o'neill,Will,O'Neill,will,o'neill
8479193,Casey DeSmith,casey desmith,casey desmith,Casey,DeSmith,casey,desmith
8479944,Zachary Aston-Reese,zachary aston-reese,zachary aston-reese,Zachary,Aston-Reese,zachary,aston-reese
8479580,Dylan Gambrell,dylan gambrell,dylan gambrell,Dylan,Gambrell,dylan,gambrell
8477046,Joakim Ryan,joakim ryan,joakim ryan,Joakim,Ryan,joakim,ryan
8480761,Mitch Reinke,mitch reinke,mitch reinke,Mitch,Reinke,mitch,reinke
8478104,Sammy Blais,sammy blais,sammy blais,Sammy,Blais,sammy,blais
8479420,Tage Thompson,tage thompson,tage thompson,Tage,Thompson,tage,thompson
8478407,Vince Dunn,vince dunn,vince dunn,Vince,Dunn,vince,dunn
8478519,Anthony Cirelli,anthony cirelli,anthony cirelli,Anthony,Cirelli,anthony,cirelli
8480158,Andreas Borgman,andreas borgman,andreas borgman,Andreas,Borgman,andreas,borgman
8477341,Andreas Johnsson,andreas johnsson,andreas johnsson,Andreas,Johnsson,andreas,johnsson
8480157,Calle Rosen,calle rosen,calle rosen,Calle,Rosen,calle,rosen
8475718,Justin Holl,justin holl,justin holl,Justin,Holl,justin,holl
8478408,Travis Dermott,travis dermott,travis dermott,Travis,Dermott,travis,dermott
8478874,Adam Gaudette,adam gaudette,adam gaudette,Adam,Gaudette,adam,gaudette
8477085,Ashton Sautner,ashton sautner,ashton sautner,Ashton,Sautner,ashton,sautner
8475423,Darren Archibald,darren archibald,darren archibald,Darren,Archibald,darren,archibald
8480163,Philip Holm,philip holm,philip holm,Philip,Holm,philip,holm
8477967,Thatcher Demko,thatcher demko,thatcher demko,Thatcher,Demko,thatcher,demko
8480263,Dylan Ferguson,dylan ferguson,dylan ferguson,Dylan,Ferguson,dylan,ferguson
8476509,Maxime Lagace,maxime lagace,maxime lagace,Maxime,Lagace,maxime,lagace
8476861,Oscar Dansk,oscar dansk,oscar dansk,Oscar,Dansk,oscar,dansk
8476617,Tomas Hyka,tomas hyka,tomas hyka,Tomas,Hyka,tomas,hyka
8479650,Vadim Shipachyov,vadim shipachyov,vadim shipachyov,Vadim,Shipachyov,vadim,shipachyov
8480727,Zach Whitecloud,zach whitecloud,zach whitecloud,Zach,Whitecloud,zach,whitecloud
8477962,Brendan Lemieux,brendan lemieux,brendan lemieux,Brendan,Lemieux,brendan,lemieux
8478915,Sami Niku,sami niku,sami niku,Sami,Niku,sami,niku
8477359,Tucker Poolman,tucker poolman,tucker poolman,Tucker,Poolman,tucker,poolman
8477043,Christian Djoos,christian djoos,christian djoos,Christian,Djoos,christian,djoos
8477474,Madison Bowey,madison bowey,madison bowey,Madison,Bowey,madison,bowey
8478063,Shane Gersich,shane gersich,shane gersich,Shane,Gersich,shane,gersich
8476329,Travis Boyd,travis boyd,travis boyd,Travis,Boyd,travis,boyd
8480806,Isac Lundestrom,isac lundestrom,isac lundestrom,Isac,Lundestrom,isac,lundestrom
8479372,Joshua Mahura,joshua mahura,joshua mahura,Joshua,Mahura,joshua,mahura
8479294,Kevin Boyle,kevin boyle,kevin boyle,Kevin,Boyle,kevin,boyle
8480748,Kiefer Sherwood,kiefer sherwood,kiefer sherwood,Kiefer,Sherwood,kiefer,sherwood
8479368,Max Jones,max jones,max jones,Max,Jones,max,jones
8480031,Maxime Comtois,maxime comtois,maxime comtois,Maxime,Comtois,maxime,comtois
8479351,Sam Steel,sam steel,sam steel,Sam,Steel,sam,steel
8478856,Conor Garland,conor garland,conor garland,Conor,Garland,conor,garland
8480112,Hunter Miska,hunter miska,hunter miska,Hunter,Miska,hunter,miska
8480950,Ilya Lyubushkin,ilya lyubushkin,ilya lyubushkin,Ilya,Lyubushkin,ilya,lyubushkin
8478047,Michael Bunting,michael bunting,michael bunting,Michael,Bunting,michael,bunting
8477365,Connor Clifton,connor clifton,connor clifton,Connor,Clifton,connor,clifton
8478415,Jakub Zboril,jakub zboril,jakub zboril,Jakub,Zboril,jakub,zboril
8478468,Jeremy Lauzon,jeremy lauzon,jeremy lauzon,Jeremy,Lauzon,jeremy,lauzon
8480901,Karson Kuhlman,karson kuhlman,karson kuhlman,Karson,Kuhlman,karson,kuhlman
8479365,Trent Frederic,trent frederic,trent frederic,Trent,Frederic,trent,frederic
8480001,Urho Vaakanainen,urho vaakanainen,urho vaakanainen,Urho,Vaakanainen,urho,vaakanainen
8478485,Zach Senyshyn,zach senyshyn,zach senyshyn,Zach,Senyshyn,zach,senyshyn
8480935,Lawrence Pilut,lawrence pilut,lawrence pilut,Lawrence,Pilut,lawrence,pilut
8480839,Rasmus Dahlin,rasmus dahlin,rasmus dahlin,Rasmus,Dahlin,rasmus,dahlin
8478109,Victor Olofsson,victor olofsson,victor olofsson,Victor,Olofsson,victor,olofsson
8478840,Will Borgen,will borgen,will borgen,Will,Borgen,will,borgen
8478839,Aleksi Saarela,aleksi saarela,aleksi saarela,Aleksi,Saarela,aleksi,saarela
8480830,Andrei Svechnikov,andrei svechnikov,andrei svechnikov,Andrei,Svechnikov,andrei,svechnikov
8478056,Clark Bishop,clark bishop,clark bishop,Clark,Bishop,clark,bishop
8479402,Jake Bean,jake bean,jake bean,Jake,Bean,jake,bean
8477357,Saku Maenalanen,saku maenalanen,saku maenalanen,Saku,Maenalanen,saku,maenalanen
8480074,Alexandre Texier,alexandre texier,alexandre texier,Alexandre,Texier,alexandre,texier
8478831,Kevin Stenlund,kevin stenlund,kevin stenlund,Kevin,Stenlund,kevin,stenlund
8478949,Kole Sherwood,kole sherwood,kole sherwood,Kole,Sherwood,kole,sherwood
8478882,Vladislav Gavrikov,vladislav gavrikov,vladislav gavrikov,Vladislav,Gavrikov,vladislav,gavrikov
8479346,Dillon Dube,dillon dube,dillon dube,Dillon,Dube,dillon,dube
8479976,Juuso Valimaki,juuso valimaki,juuso valimaki,Juuso,Valimaki,juuso,valimaki
8479657,Alexandre Fortin,alexandre fortin,alexandre fortin,Alexandre,Fortin,alexandre,fortin
8478502,Dennis Gilbert,dennis gilbert,dennis gilbert,Dennis,Gilbert,dennis,gilbert
8480946,Dominik Kahun,dominik kahun,dominik kahun,Dominik,Kahun,dominik,kahun
8480035,Henri Jokiharju,henri jokiharju,henri jokiharju,Henri,Jokiharju,henri,jokiharju
8480954,Jacob Nilsson,jacob nilsson,jacob nilsson,Jacob,Nilsson,jacob,nilsson
8477366,Luke Johnson,luke johnson,luke johnson,Luke,Johnson,luke,johnson
8480069,Cale Makar,cale makar,cale makar,Cale,Makar,cale,makar
8481186,Logan O'Connor,logan o'connor,logan o'connor,Logan,O'Connor,logan,o'connor
8480925,Pavel Francouz,pavel francouz,pavel francouz,Pavel,Francouz,pavel,francouz
8477435,Ryan Graves,ryan graves,ryan graves,Ryan,Graves,ryan,graves
8480326,Sheldon Dries,sheldon dries,sheldon dries,Sheldon,Dries,sheldon,dries
8479416,Ben Gleason,ben gleason,ben gleason,Ben,Gleason,ben,gleason
8479945,Gavin Bayreuther,gavin bayreuther,gavin bayreuther,Gavin,Bayreuther,gavin,bayreuther
8480769,Joel L'Esperance,joel l'esperance,joel l'esperance,Joel,L'Esperance,joel,l'esperance
8479016,Landon Bow,landon bow,landon bow,Landon,Bow,landon,bow
8480036,Miro Heiskanen,miro heiskanen,miro heiskanen,Miro,Heiskanen,miro,heiskanen
8478449,Roope Hintz,roope hintz,roope hintz,Roope,Hintz,roope,hintz
8478036,Christoffer Ehn,christoffer ehn,christoffer ehn,Christoffer,Ehn,christoffer,ehn
8479395,Dennis Cholowski,dennis cholowski,dennis cholowski,Dennis,Cholowski,dennis,cholowski
8479425,Filip Hronek,filip hronek,filip hronek,Filip,Hronek,filip,hronek
8480821,Filip Zadina,filip zadina,filip zadina,Filip,Zadina,filip,zadina
8477865,Jake Chelios,jake chelios,jake chelios,Jake,Chelios,jake,chelios
8480363,Kaden Fulcher,kaden fulcher,kaden fulcher,Kaden,Fulcher,kaden,fulcher
8480161,Libor Sulak,libor sulak,libor sulak,Libor,Sulak,libor,sulak
8479992,Michael Rasmussen,michael rasmussen,michael rasmussen,Michael,Rasmussen,michael,rasmussen
8481426,Ryan Kuffner,ryan kuffner,ryan kuffner,Ryan,Kuffner,ryan,kuffner
8481433,Taro Hirose,taro hirose,taro hirose,Taro,Hirose,taro,hirose
8478452,Caleb Jones,caleb jones,caleb jones,Caleb,Jones,caleb,jones
8478442,Cooper Marody,cooper marody,cooper marody,Cooper,Marody,cooper,marody
8480803,Evan Bouchard,evan bouchard,evan bouchard,Evan,Bouchard,evan,bouchard
8479970,Joseph Gambardella,joseph gambardella,joseph gambardella,Joseph,Gambardella,joseph,gambardella
8477680,Josh Currie,josh currie,josh currie,Josh,Currie,josh,currie
8475156,Mikko Koskinen,mikko koskinen,mikko koskinen,Mikko,Koskinen,mikko,koskinen
8479466,Patrick Russell,patrick russell,patrick russell,Patrick,Russell,patrick,russell
8479447,Anthony Greco,anthony greco,anthony greco,Anthony,Greco,anthony,greco
8480955,Bogdan Kiselevich,bogdan kiselevich,bogdan kiselevich,Bogdan,Kiselevich,bogdan,kiselevich
8481442,Brady Keeper,brady keeper,brady keeper,Brady,Keeper,brady,keeper
8479439,Jacob MacDonald,jacob macdonald,jacob macdonald,Jacob,MacDonald,jacob,macdonald
8477963,Jayce Hawryluk,jayce hawryluk,jayce hawryluk,Jayce,Hawryluk,jayce,hawryluk
8477384,Joshua Brown,joshua brown,joshua brown,Joshua,Brown,joshua,brown
8477996,Juho Lammikko,juho lammikko,juho lammikko,Juho,Lammikko,juho,lammikko
8479388,Riley Stillman,riley stillman,riley stillman,Riley,Stillman,riley,stillman
8478470,Sam Montembeault,sam montembeault,sam montembeault,Sam,Montembeault,sam,montembeault
8478455,Austin Wagner,austin wagner,austin wagner,Austin,Wagner,austin,wagner
8481481,Blake Lizotte,blake lizotte,blake lizotte,Blake,Lizotte,blake,lizotte
8477361,Cal Petersen,cal petersen,cal petersen,Cal,Petersen,cal,petersen
8479336,Carl Grundstrom,carl grundstrom,carl grundstrom,Carl,Grundstrom,carl,grundstrom
8469454,Ilya Kovalchuk,ilya kovalchuk,ilya kovalchuk,Ilya,Kovalchuk,ilya,kovalchuk
8479994,Jaret Anderson-Dolan,jaret anderson-dolan,jaret anderson-dolan,Jaret,Anderson-Dolan,jaret,anderson-dolan
8479644,Matt Luff,matt luff,matt luff,Matt,Luff,matt,luff
8478911,Matt Roy,matt roy,matt roy,Matt,Roy,matt,roy
8480336,Sean Walker,sean walker,sean walker,Sean,Walker,sean,walker
8480776,Sheldon Rempal,sheldon rempal,sheldon rempal,Sheldon,Rempal,sheldon,rempal
8481477,Nico Sturm,nico sturm,nico sturm,Nico,Sturm,nico,sturm
8480829,Jesperi Kotkaniemi,jesperi kotkaniemi,jesperi kotkaniemi,Jesperi,Kotkaniemi,jesperi,kotkaniemi
8480068,Ryan Poehling,ryan poehling,ryan poehling,Ryan,Poehling,ryan,poehling
8479330,Brandon Gignac,brandon gignac,brandon gignac,Brandon,Gignac,brandon,gignac
8478881,Brett Seney,brett seney,brett seney,Brett,Seney,brett,seney
8478841,Colton White,colton white,colton white,Colton,White,colton,white
8480948,Egor Yakovlev,egor yakovlev,egor yakovlev,Egor,Yakovlev,egor,yakovlev
8479315,Joey Anderson,joey anderson,joey anderson,Joey,Anderson,joey,anderson
8477972,Josh Jacobs,josh jacobs,josh jacobs,Josh,Jacobs,josh,jacobs
8478406,Mackenzie Blackwood,mackenzie blackwood,mackenzie blackwood,Mackenzie,Blackwood,mackenzie,blackwood
8479415,Michael McLeod,michael mcleod,michael mcleod,Michael,McLeod,michael,mcleod
8479414,Nathan Bastian,nathan bastian,nathan bastian,Nathan,Bastian,nathan,bastian
8478409,Anthony Richard,anthony richard,anthony richard,Anthony,Richard,anthony,richard
8476278,Colin Blackwell,colin blackwell,colin blackwell,Colin,Blackwell,colin,blackwell
8479371,Dante Fabbro,dante fabbro,dante fabbro,Dante,Fabbro,dante,fabbro
8474659,Matt Donovan,matt donovan,matt donovan,Matt,Donovan,matt,donovan
8479514,Rem Pitlick,rem pitlick,rem pitlick,Rem,Pitlick,rem,pitlick
8478038,Devon Toews,devon toews,devon toews,Devon,Toews,devon,toews
8479353,Brett Howden,brett howden,brett howden,Brett,Howden,brett,howden
8479333,Libor Hajek,libor hajek,libor hajek,Libor,Hajek,libor,hajek
8479324,Ryan Lindgren,ryan lindgren,ryan lindgren,Ryan,Lindgren,ryan,lindgren
8479364,Tim Gettinger,tim gettinger,tim gettinger,Tim,Gettinger,tim,gettinger
8480801,Brady Tkachuk,brady tkachuk,brady tkachuk,Brady,Tkachuk,brady,tkachuk
8480208,Drake Batherson,drake batherson,drake batherson,Drake,Batherson,drake,batherson
8480073,Erik Brannstrom,erik brannstrom,erik brannstrom,Erik,Brannstrom,erik,brannstrom
8478916,Joey Daccord,joey daccord,joey daccord,Joey,Daccord,joey,daccord
8477405,Marcus Hogberg,marcus hogberg,marcus hogberg,Marcus,Hogberg,marcus,hogberg
8480314,Max Veronneau,max veronneau,max veronneau,Max,Veronneau,max,veronneau
8479320,Maxime Lajoie,maxime lajoie,maxime lajoie,Maxime,Lajoie,maxime,lajoie
8478870,Rudolfs Balcers,rudolfs balcers,rudolfs balcers,Rudolfs,Balcers,rudolfs,balcers
8479411,Vitaly Abramov,vitaly abramov,vitaly abramov,Vitaly,Abramov,vitaly,abramov
8479394,Carter Hart,carter hart,carter hart,Carter,Hart,carter,hart
8478017,Mark Friedman,mark friedman,mark friedman,Mark,Friedman,mark,friedman
8478844,Mikhail Vorobyev,mikhail vorobyev,mikhail vorobyev,Mikhail,Vorobyev,mikhail,vorobyev
8477979,Nicolas Aube-Kubel,nicolas aube-kubel,nicolas aube-kubel,Nicolas,Aube-Kubel,nicolas,aube-kubel
8479026,Philippe Myers,philippe myers,philippe myers,Philippe,Myers,philippe,myers
8480341,Adam Johnson,adam johnson,adam johnson,Adam,Johnson,adam,johnson
8480945,Juuso Riikola,juuso riikola,juuso riikola,Juuso,Riikola,juuso,riikola
8476927,Teddy Blueger,teddy blueger,teddy blueger,Teddy,Blueger,teddy,blueger
8480965,Antti Suomela,antti suomela,antti suomela,Antti,Suomela,antti,suomela
8478136,Jake Middleton,jake middleton,jake middleton,Jake,Middleton,jake,middleton
8480780,Lukas Radil,lukas radil,lukas radil,Lukas,Radil,lukas,radil
8480160,Radim Simek,radim simek,radim simek,Radim,Simek,radim,simek
8478078,Rourke Chartier,rourke chartier,rourke chartier,Rourke,Chartier,rourke,chartier
8479385,Jordan Kyrou,jordan kyrou,jordan kyrou,Jordan,Kyrou,jordan,kyrou
8476907,Mackenzie MacEachern,mackenzie maceachern,mackenzie maceachern,Mackenzie,MacEachern,mackenzie,maceachern
8480023,Robert Thomas,robert thomas,robert thomas,Robert,Thomas,robert,thomas
8475277,Edward Pasquale,edward pasquale,edward pasquale,Edward,Pasquale,edward,pasquale
8478416,Erik Cernak,erik cernak,erik cernak,Erik,Cernak,erik,cernak
8478472,Mathieu Joseph,mathieu joseph,mathieu joseph,Mathieu,Joseph,mathieu,joseph
8480943,Igor Ozhiganov,igor ozhiganov,igor ozhiganov,Igor,Ozhiganov,igor,ozhiganov
8480944,Par Lindholm,par lindholm,par lindholm,Par,Lindholm,par,lindholm
8479675,Trevor Moore,trevor moore,trevor moore,Trevor,Moore,trevor,moore
8481479,Brogan Rafferty,brogan rafferty,brogan rafferty,Brogan,Rafferty,brogan,rafferty
8480012,Elias Pettersson,elias pettersson,elias pettersson,Elias,Pettersson,elias,pettersson
8478465,Guillaume Brisebois,guillaume brisebois,guillaume brisebois,Guillaume,Brisebois,guillaume,brisebois
8481425,Josh Teves,josh teves,josh teves,Josh,Teves,josh,teves
8480022,Michael DiPietro,michael dipietro,michael dipietro,Michael,DiPietro,michael,dipietro
8480800,Quinn Hughes,quinn hughes,quinn hughes,Quinn,Hughes,quinn,hughes
8479772,Zack MacEwen,zack macewen,zack macewen,Zack,MacEwen,zack,macewen
8481486,Jimmy Schuldt,jimmy schuldt,jimmy schuldt,Jimmy,Schuldt,jimmy,schuldt
8476799,Cameron Schilling,cameron schilling,cameron schilling,Cameron,Schilling,cameron,schilling
8480005,Kristian Vesalainen,kristian vesalainen,kristian vesalainen,Kristian,Vesalainen,kristian,vesalainen
8478891,Mason Appleton,mason appleton,mason appleton,Mason,Appleton,mason,appleton
8478399,Jonas Siegenthaler,jonas siegenthaler,jonas siegenthaler,Jonas,Siegenthaler,jonas,siegenthaler
8477343,Tyler Lewington,tyler lewington,tyler lewington,Tyler,Lewington,tyler,lewington
8475825,Jani Hakanpää,jani hakanpää,jani hakanpaa,Jani,Hakanpää,jani,hakanpää
8480849,Barrett Hayton,barrett hayton,barrett hayton,Barrett,Hayton,barrett,hayton
8480913,Jordan Gross,jordan gross,jordan gross,Jordan,Gross,jordan,gross
8478888,Cameron Hughes,cameron hughes,cameron hughes,Cameron,Hughes,cameron,hughes
8478435,Dan Vladar,dan vladar,dan vladar,Dan,Vladar,dan,vladar
8480021,Jack Studnicka,jack studnicka,jack studnicka,Jack,Studnicka,jack,studnicka
8475748,Dalton Smith,dalton smith,dalton smith,Dalton,Smith,dalton,smith
8477992,Jonas Johansson,jonas johansson,jonas johansson,Jonas,Johansson,jonas,johansson
8479335,Rasmus Asplund,rasmus asplund,rasmus asplund,Rasmus,Asplund,rasmus,asplund
8479188,David Ayres,david ayres,david ayres,David,Ayres,david,ayres
8480185,Eetu Luostarinen,eetu luostarinen,eetu luostarinen,Eetu,Luostarinen,eetu,luostarinen
8479328,Julien Gauthier,julien gauthier,julien gauthier,Julien,Gauthier,julien,gauthier
8479987,Morgan Geekie,morgan geekie,morgan geekie,Morgan,Geekie,morgan,geekie
8479369,Andrew Peeke,andrew peeke,andrew peeke,Andrew,Peeke,andrew,peeke
8479557,Calvin Thurkauf,calvin thurkauf,calvin thurkauf,Calvin,Thurkauf,calvin,thurkauf
8478007,Elvis Merzlikins,elvis merzlikins,elvis merzlikins,Elvis,Merzlikins,elvis,merzlikins
8480205,Emil Bemstrom,emil bemstrom,emil bemstrom,Emil,Bemstrom,emil,bemstrom
8481650,Jakob Lilja,jakob lilja,jakob lilja,Jakob,Lilja,jakob,lilja
8480853,Liam Foudy,liam foudy,liam foudy,Liam,Foudy,liam,foudy
8480162,Matiss Kivlenieks,matiss kivlenieks,matiss kivlenieks,Matiss,Kivlenieks,matiss,kivlenieks
8477974,Ryan MacInnis,ryan macinnis,ryan macinnis,Ryan,MacInnis,ryan,macinnis
8481630,Alexander Yelesin,alexander yelesin,alexander yelesin,Alexander,Yelesin,alexander,yelesin
8480871,Adam Boqvist,adam boqvist,adam boqvist,Adam,Boqvist,adam,boqvist
8481637,Anton Wedin,anton wedin,anton wedin,Anton,Wedin,anton,wedin
8479542,Brandon Hagel,brandon hagel,brandon hagel,Brandon,Hagel,brandon,hagel
8477330,Dominik Kubalik,dominik kubalik,dominik kubalik,Dominik,Kubalik,dominik,kubalik
8481523,Kirby Dach,kirby dach,kirby dach,Kirby,Dach,kirby,dach
8479523,Lucas Carlsson,lucas carlsson,lucas carlsson,Lucas,Carlsson,lucas,carlsson
8480814,Nicolas Beaudin,nicolas beaudin,nicolas beaudin,Nicolas,Beaudin,nicolas,beaudin
8479530,Adam Werner,adam werner,adam werner,Adam,Werner,adam,werner
8479982,Conor Timmins,conor timmins,conor timmins,Conor,Timmins,conor,timmins
8480822,Martin Kaut,martin kaut,martin kaut,Martin,Kaut,martin,kaut
8479979,Jake Oettinger,jake oettinger,jake oettinger,Jake,Oettinger,jake,oettinger
8480027,Jason Robertson,jason robertson,jason robertson,Jason,Robertson,jason,robertson
8481641,Joel Kiviranta,joel kiviranta,joel kiviranta,Joel,Kiviranta,joel,kiviranta
8479381,Nick Caamano,nick caamano,nick caamano,Nick,Caamano,nick,caamano
8479587,Rhett Gardner,rhett gardner,rhett gardner,Rhett,Gardner,rhett,gardner
8481581,Thomas Harley,thomas harley,thomas harley,Thomas,Harley,thomas,harley
8478857,Dmytro Timashov,dmytro timashov,dmytro timashov,Dmytro,Timashov,dmytro,timashov
8479379,Givani Smith,givani smith,givani smith,Givani,Smith,givani,smith
8480184,Gustav Lindstrom,gustav lindstrom,gustav lindstrom,Gustav,Lindstrom,gustav,lindstrom
8481813,Gaetan Haas,gaetan haas,gaetan haas,Gaetan,Haas,gaetan,haas
8481638,Joakim Nygard,joakim nygard,joakim nygard,Joakim,Nygard,joakim,nygard
8480940,Joel Persson,joel persson,joel persson,Joel,Persson,joel,persson
8479347,Tyler Benson,tyler benson,tyler benson,Tyler,Benson,tyler,benson
8478021,William Lagesson,william lagesson,william lagesson,William,Lagesson,william,lagesson
8480014,Gabriel Vilardi,gabriel vilardi,gabriel vilardi,Gabriel,Vilardi,gabriel,vilardi
8479348,Kale Clague,kale clague,kale clague,Kale,Clague,kale,clague
8479998,Mikey Anderson,mikey anderson,mikey anderson,Mikey,Anderson,mikey,anderson
8476947,Nikolai Prokhorkin,nikolai prokhorkin,nikolai prokhorkin,Nikolai,Prokhorkin,nikolai,prokhorkin
8481600,Tobias Bjornfot,tobias bjornfot,tobias bjornfot,Tobias,Bjornfot,tobias,bjornfot
8479734,Brennan Menell,brennan menell,brennan menell,Brennan,Menell,brennan,menell
8479933,Gerry Mayhew,gerry mayhew,gerry mayhew,Gerry,Mayhew,gerry,mayhew
8478039,Kaapo Kahkonen,kaapo kahkonen,kaapo kahkonen,Kaapo,Kahkonen,kaapo,kahkonen
8475968,Alex Belzile,alex belzile,alex belzile,Alex,Belzile,alex,belzile
8479985,Cale Fleury,cale fleury,cale fleury,Cale,Fleury,cale,fleury
8480051,Cayden Primeau,cayden primeau,cayden primeau,Cayden,Primeau,cayden,primeau
8478133,Jake Evans,jake evans,jake evans,Jake,Evans,jake,evans
8478838,Lukas Vejdemo,lukas vejdemo,lukas vejdemo,Lukas,Vejdemo,lukas,vejdemo
8480018,Nick Suzuki,nick suzuki,nick suzuki,Nick,Suzuki,nick,suzuki
8481105,Otto Leskinen,otto leskinen,otto leskinen,Otto,Leskinen,otto,leskinen
8480213,Gilles Senn,gilles senn,gilles senn,Gilles,Senn,gilles,senn
8481559,Jack Hughes,jack hughes,jack hughes,Jack,Hughes,jack,hughes
8480003,Jesper Boqvist,jesper boqvist,jesper boqvist,Jesper,Boqvist,jesper,boqvist
8477038,Nikita Gusev,nikita gusev,nikita gusev,Nikita,Gusev,nikita,gusev
8479671,Mathieu Olivier,mathieu olivier,mathieu olivier,Mathieu,Olivier,mathieu,olivier
8478508,Yakov Trenin,yakov trenin,yakov trenin,Yakov,Trenin,yakov,trenin
8478367,Cole Bardreau,cole bardreau,cole bardreau,Cole,Bardreau,cole,bardreau
8479356,Kieffer Bellows,kieffer bellows,kieffer bellows,Kieffer,Bellows,kieffer,bellows
8480865,Noah Dobson,noah dobson,noah dobson,Noah,Dobson,noah,dobson
8480789,Oliver Wahlstrom,oliver wahlstrom,oliver wahlstrom,Oliver,Wahlstrom,oliver,wahlstrom
8479526,Otto Koivula,otto koivula,otto koivula,Otto,Koivula,otto,koivula
8479323,Adam Fox,adam fox,adam fox,Adam,Fox,adam,fox
8478048,Igor Shesterkin,igor shesterkin,igor shesterkin,Igor,Shesterkin,igor,shesterkin
8481554,Kaapo Kakko,kaapo kakko,kaapo kakko,Kaapo,Kakko,kaapo,kakko
8478833,J.C. Beaudin,j.c. beaudin,j.c. beaudin,J.C.,Beaudin,j.c.,beaudin
8480247,Jonathan Davidsson,jonathan davidsson,jonathan davidsson,Jonathan,Davidsson,jonathan,davidsson
8480064,Josh Norris,josh norris,josh norris,Josh,Norris,josh,norris
8477149,Scott Sabourin,scott sabourin,scott sabourin,Scott,Sabourin,scott,sabourin
8479358,Carsen Twarynski,carsen twarynski,carsen twarynski,Carsen,Twarynski,carsen,twarynski
8479382,Connor Bunnaman,connor bunnaman,connor bunnaman,Connor,Bunnaman,connor,bunnaman
8478436,David Kase,david kase,david kase,David,Kase,david,kase
8479424,German Rubtsov,german rubtsov,german rubtsov,German,Rubtsov,german,rubtsov
8480797,Joel Farabee,joel farabee,joel farabee,Joel,Farabee,joel,farabee
8480028,Morgan Frost,morgan frost,morgan frost,Morgan,Frost,morgan,frost
8478074,Anthony Angello,anthony angello,anthony angello,Anthony,Angello,anthony,angello
8478507,John Marino,john marino,john marino,John,Marino,john,marino
8478043,Sam Lafferty,sam lafferty,sam lafferty,Sam,Lafferty,sam,lafferty
8476974,Thomas Di Pauli,thomas di pauli,thomas di pauli,Thomas,Di Pauli,thomas,di pauli
8480384,Alexander True,alexander true,alexander true,Alexander,True,alexander,true
8481515,Danil Yurtaykin,danil yurtaykin,danil yurtaykin,Danil,Yurtaykin,danil,yurtaykin
8479571,Joachim Blichfeld,joachim blichfeld,joachim blichfeld,Joachim,Blichfeld,joachim,blichfeld
8481516,Joel Kellman,joel kellman,joel kellman,Joel,Kellman,joel,kellman
8481640,Lean Bergmann,lean bergmann,lean bergmann,Lean,Bergmann,lean,bergmann
8479983,Mario Ferraro,mario ferraro,mario ferraro,Mario,Ferraro,mario,ferraro
8477983,Maxim Letunov,maxim letunov,maxim letunov,Maxim,Letunov,maxim,letunov
8481812,Nikolai Knyzhov,nikolai knyzhov,nikolai knyzhov,Nikolai,Knyzhov,nikolai,knyzhov
8479393,Noah Gregor,noah gregor,noah gregor,Noah,Gregor,noah,gregor
8478040,Austin Poganski,austin poganski,austin poganski,Austin,Poganski,austin,poganski
8478013,Jake Walman,jake walman,jake walman,Jake,Walman,jake,walman
8480011,Klim Kostin,klim kostin,klim kostin,Klim,Kostin,klim,kostin
8478859,Niko Mikkola,niko mikkola,niko mikkola,Niko,Mikkola,niko,mikkola
8480186,Alexander Volkov,alexander volkov,alexander volkov,Alexander,Volkov,alexander,volkov
8477409,Carter Verhaeghe,carter verhaeghe,carter verhaeghe,Carter,Verhaeghe,carter,verhaeghe
8478477,Mitchell Stephens,mitchell stephens,mitchell stephens,Mitchell,Stephens,mitchell,stephens
8478996,Adam Brooks,adam brooks,adam brooks,Adam,Brooks,adam,brooks
8479510,Egor Korshkov,egor korshkov,egor korshkov,Egor,Korshkov,egor,korshkov
8481624,Ilya Mikheyev,ilya mikheyev,ilya mikheyev,Ilya,Mikheyev,ilya,mikheyev
8479288,Kasimir Kaskisuo,kasimir kaskisuo,kasimir kaskisuo,Kasimir,Kaskisuo,kasimir,kaskisuo
8478975,Mason Marchment,mason marchment,mason marchment,Mason,Marchment,mason,marchment
8481582,Nicholas Robertson,nicholas robertson,nicholas robertson,Nicholas,Robertson,nicholas,robertson
8478115,Pierre Engvall,pierre engvall,pierre engvall,Pierre,Engvall,pierre,engvall
8480873,Rasmus Sandin,rasmus sandin,rasmus sandin,Rasmus,Sandin,rasmus,sandin
8480043,Timothy Liljegren,timothy liljegren,timothy liljegren,Timothy,Liljegren,timothy,liljegren
8479355,Olli Juolevi,olli juolevi,olli juolevi,Olli,Juolevi,olli,juolevi
8479996,Cody Glass,cody glass,cody glass,Cody,Glass,cody,glass
8479748,Gage Quinney,gage quinney,gage quinney,Gage,Quinney,gage,quinney
8476987,Jake Bischoff,jake bischoff,jake bischoff,Jake,Bischoff,jake,bischoff
8478434,Keegan Kolesar,keegan kolesar,keegan kolesar,Keegan,Kolesar,keegan,kolesar
8479980,Nicolas Hague,nicolas hague,nicolas hague,Nicolas,Hague,nicolas,hague
8481642,Andrei Chibisov,andrei chibisov,andrei chibisov,Andrei,Chibisov,andrei,chibisov
8478058,CJ Suess,cj suess,cj suess,CJ,Suess,cj,suess
8481019,David Gustafsson,david gustafsson,david gustafsson,David,Gustafsson,david,gustafsson
8478424,Jansen Harkins,jansen harkins,jansen harkins,Jansen,Harkins,jansen,harkins
8481649,Joona Luoto,joona luoto,joona luoto,Joona,Luoto,joona,luoto
8481572,Ville Heinola,ville heinola,ville heinola,Ville,Heinola,ville,heinola
8479359,Beck Malenstyn,beck malenstyn,beck malenstyn,Beck,Malenstyn,beck,malenstyn
8477314,Brian Pinho,brian pinho,brian pinho,Brian,Pinho,brian,pinho
8478492,Ilya Samsonov,ilya samsonov,ilya samsonov,Ilya,Samsonov,ilya,samsonov
8480796,Martin Fehervary,martin fehervary,martin fehervary,Martin,Fehervary,martin,fehervary
8482142,Jamie Drysdale,jamie drysdale,jamie drysdale,Jamie,Drysdale,jamie,drysdale
8481122,Simon Benoit,simon benoit,simon benoit,Simon,Benoit,simon,benoit
8481533,Trevor Zegras,trevor zegras,trevor zegras,Trevor,Zegras,trevor,zegras
8481031,Ivan Prosvetov,ivan prosvetov,ivan prosvetov,Ivan,Prosvetov,ivan,prosvetov
8480890,Jan Jenik,jan jenik,jan jenik,Jan,Jenik,jan,jenik
8478967,Lane Pederson,lane pederson,lane pederson,Lane,Pederson,lane,pederson
8481599,Victor Soderstrom,victor soderstrom,victor soderstrom,Victor,Soderstrom,victor,soderstrom
8482072,Jack Ahcan,jack ahcan,jack ahcan,Jack,Ahcan,jack,ahcan
8480280,Jeremy Swayman,jeremy swayman,jeremy swayman,Jeremy,Swayman,jeremy,swayman
8479546,Oskar Steen,oskar steen,oskar steen,Oskar,Steen,oskar,steen
8481626,Arttu Ruotsalainen,arttu ruotsalainen,arttu ruotsalainen,Arttu,Ruotsalainen,arttu,ruotsalainen
8479419,Brett Murray,brett murray,brett murray,Brett,Murray,brett,murray
8481528,Dylan Cozens,dylan cozens,dylan cozens,Dylan,Cozens,dylan,cozens
8480196,Jacob Bryson,jacob bryson,jacob bryson,Jacob,Bryson,jacob,bryson
8480807,Mattias Samuelsson,mattias samuelsson,mattias samuelsson,Mattias,Samuelsson,mattias,samuelsson
8475920,Michael Houser,michael houser,michael houser,Michael,Houser,michael,houser
8480045,Ukko-Pekka Luukkonen,ukko-pekka luukkonen,ukko-pekka luukkonen,Ukko-Pekka,Luukkonen,ukko-pekka,luukkonen
8480466,Joey Keane,joey keane,joey keane,Joey,Keane,joey,keane
8478904,Steven Lorentz,steven lorentz,steven lorentz,Steven,Lorentz,steven,lorentz
8482623,Josh Dunne,josh dunne,josh dunne,Josh,Dunne,josh,dunne
8482247,Mikko Lehtonen,mikko lehtonen,mikko lehtonen,Mikko,Lehtonen,mikko,lehtonen
8481001,Veini Vehvilainen,veini vehvilainen,veini vehvilainen,Veini,Vehvilainen,veini,vehvilainen
8480008,Adam Ruzicka,adam ruzicka,adam ruzicka,Adam,Ruzicka,adam,ruzicka
8481501,Artyom Zagidulin,artyom zagidulin,artyom zagidulin,Artyom,Zagidulin,artyom,zagidulin
8482067,Connor Mackey,connor mackey,connor mackey,Connor,Mackey,connor,mackey
8478446,Glenn Gawdin,glenn gawdin,glenn gawdin,Glenn,Gawdin,glenn,gawdin
8479547,Matthew Phillips,matthew phillips,matthew phillips,Matthew,Phillips,matthew,phillips
8480831,Alec Regula,alec regula,alec regula,Alec,Regula,alec,regula
8480070,Ian Mitchell,ian mitchell,ian mitchell,Ian,Mitchell,ian,mitchell
8480947,Kevin Lankinen,kevin lankinen,kevin lankinen,Kevin,Lankinen,kevin,lankinen
8480025,MacKenzie Entwistle,mackenzie entwistle,mackenzie entwistle,MacKenzie,Entwistle,mackenzie,entwistle
8482635,Mike Hardman,mike hardman,mike hardman,Mike,Hardman,mike,hardman
8480798,Philipp Kurashev,philipp kurashev,philipp kurashev,Philipp,Kurashev,philipp,kurashev
8480459,Pius Suter,pius suter,pius suter,Pius,Suter,pius,suter
8481147,Reese Johnson,reese johnson,reese johnson,Reese,Johnson,reese,johnson
8480293,Wyatt Kalynuk,wyatt kalynuk,wyatt kalynuk,Wyatt,Kalynuk,wyatt,kalynuk
8481618,Alex Newhook,alex newhook,alex newhook,Alex,Newhook,alex,newhook
8481524,Bowen Byram,bowen byram,bowen byram,Bowen,Byram,bowen,byram
8479387,Keaton Middleton,keaton middleton,keaton middleton,Keaton,Middleton,keaton,middleton
8477335,Kyle Burroughs,kyle burroughs,kyle burroughs,Kyle,Burroughs,kyle,burroughs
8480846,Sampo Ranta,sampo ranta,sampo ranta,Sampo,Ranta,sampo,ranta
8480848,Ty Dellandrea,ty dellandrea,ty dellandrea,Ty,Dellandrea,ty,dellandrea
8480813,Joe Veleno,joe veleno,joe veleno,Joe,Veleno,joe,veleno
8482240,Mathias Brome,mathias brome,mathias brome,Mathias,Brome,mathias,brome
8480802,Ryan McLeod,ryan mcleod,ryan mcleod,Ryan,McLeod,ryan,mcleod
8479973,Stuart Skinner,stuart skinner,stuart skinner,Stuart,Skinner,stuart,skinner
8480037,Aleksi Heponiemi,aleksi heponiemi,aleksi heponiemi,Aleksi,Heponiemi,aleksi,heponiemi
8480844,Grigori Denisenko,grigori denisenko,grigori denisenko,Grigori,Denisenko,grigori,denisenko
8482641,Matt Kiersted,matt kiersted,matt kiersted,Matt,Kiersted,matt,kiersted
8481519,Spencer Knight,spencer knight,spencer knight,Spencer,Knight,spencer,knight
8481560,Arthur Kaliyev,arthur kaliyev,arthur kaliyev,Arthur,Kaliyev,arthur,kaliyev
8480467,Austin Strand,austin strand,austin strand,Austin,Strand,austin,strand
8480221,Drake Rymsha,drake rymsha,drake rymsha,Drake,Rymsha,drake,rymsha
8482124,Quinton Byfield,quinton byfield,quinton byfield,Quinton,Byfield,quinton,byfield
8480845,Rasmus Kupari,rasmus kupari,rasmus kupari,Rasmus,Kupari,rasmus,kupari
8477234,Troy Grosenick,troy grosenick,troy grosenick,Troy,Grosenick,troy,grosenick
8480884,Calen Addison,calen addison,calen addison,Calen,Addison,calen,addison
8478864,Kirill Kaprizov,kirill kaprizov,kirill kaprizov,Kirill,Kaprizov,kirill,kaprizov
8481014,Alexander Romanov,alexander romanov,alexander romanov,Alexander,Romanov,alexander,romanov
8481540,Cole Caufield,cole caufield,cole caufield,Cole,Caufield,cole,caufield
8481058,Jesse Ylonen,jesse ylonen,jesse ylonen,Jesse,Ylonen,jesse,ylonen
8480860,Kevin Bahl,kevin bahl,kevin bahl,Kevin,Bahl,kevin,bahl
8480226,Marián Studenic,marián studenic,marian studenic,Marián,Studenic,marián,studenic
8479573,Mikhail Maltsev,mikhail maltsev,mikhail maltsev,Mikhail,Maltsev,mikhail,maltsev
8481518,Nolan Foote,nolan foote,nolan foote,Nolan,Foote,nolan,foote
8480883,Ty Smith,ty smith,ty smith,Ty,Smith,ty,smith
8481740,Tyce Thompson,tyce thompson,tyce thompson,Tyce,Thompson,tyce,thompson
8481068,Yegor Sharangovich,yegor sharangovich,yegor sharangovich,Yegor,Sharangovich,yegor,sharangovich
8482062,Cole Smith,cole smith,cole smith,Cole,Smith,cole,smith
8480063,David Farrance,david farrance,david farrance,David,Farrance,david,farrance
8479329,Frederic Allard,frederic allard,frederic allard,Frederic,Allard,frederic,allard
8479602,Jeremy Davies,jeremy davies,jeremy davies,Jeremy,Davies,jeremy,davies
8479661,Tanner Jeannot,tanner jeannot,tanner jeannot,Tanner,Jeannot,tanner,jeannot
8478009,Ilya Sorokin,ilya sorokin,ilya sorokin,Ilya,Sorokin,ilya,sorokin
8482109,Alexis Lafrenière,alexis lafrenière,alexis lafreniere,Alexis,Lafrenière,alexis,lafrenière
8482179,Justin Richards,justin richards,justin richards,Justin,Richards,justin,richards
8480817,K'Andre Miller,k'andre miller,k'andre miller,K'Andre,Miller,k'andre,miller
8480289,Morgan Barron,morgan barron,morgan barron,Morgan,Barron,morgan,barron
8479462,Tarmo Reunanen,tarmo reunanen,tarmo reunanen,Tarmo,Reunanen,tarmo,reunanen
8480833,Vitali Kravtsov,vitali kravtsov,vitali kravtsov,Vitali,Kravtsov,vitali,kravtsov
8481708,Zac Jones,zac jones,zac jones,Zac,Jones,zac,jones
8482245,Artem Zub,artem zub,artem zub,Artem,Zub,artem,zub
8479406,Filip Gustavsson,filip gustavsson,filip gustavsson,Filip,Gustavsson,filip,gustavsson
8480879,Jacob Bernard-Docker,jacob bernard-docker,jacob bernard-docker,Jacob,Bernard-Docker,jacob,bernard-docker
8481629,Olle Alsing,olle alsing,olle alsing,Olle,Alsing,olle,alsing
8480448,Parker Kelly,parker kelly,parker kelly,Parker,Kelly,parker,kelly
8481596,Shane Pinto,shane pinto,shane pinto,Shane,Pinto,shane,pinto
8482116,Tim Stützle,tim stützle,tim stutzle,Tim,Stützle,tim,stützle
8481546,Cam York,cam york,cam york,Cam,York,cam,york
8481178,Egor Zamula,egor zamula,egor zamula,Egor,Zamula,egor,zamula
8482654,Jackson Cates,jackson cates,jackson cates,Jackson,Cates,jackson,cates
8480201,Maksim Sushko,maksim sushko,maksim sushko,Maksim,Sushko,maksim,sushko
8479550,Tanner Laczynski,tanner laczynski,tanner laczynski,Tanner,Laczynski,tanner,laczynski
8479322,Wade Allison,wade allison,wade allison,Wade,Allison,wade,allison
8482055,Drew O'Connor,drew o'connor,drew o'connor,Drew,O'Connor,drew,o'connor
8477814,Kevin Czuczman,kevin czuczman,kevin czuczman,Kevin,Czuczman,kevin,czuczman
8480058,P.O Joseph,p.o joseph,p.o joseph,P.O,Joseph,p.o,joseph
8482241,Radim Zohorna,radim zohorna,radim zohorna,Radim,Zohorna,radim,zohorna
8482222,Alexander Barabanov,alexander barabanov,alexander barabanov,Alexander,Barabanov,alexander,barabanov
8482246,Alexei Melnichuk,alexei melnichuk,alexei melnichuk,Alexei,Melnichuk,alexei,melnichuk
8482369,Brinson Pasichnuk,brinson pasichnuk,brinson pasichnuk,Brinson,Pasichnuk,brinson,pasichnuk
8482248,Fredrik Handemark,fredrik handemark,fredrik handemark,Fredrik,Handemark,fredrik,handemark
8480276,Ivan Chekhovich,ivan chekhovich,ivan chekhovich,Ivan,Chekhovich,ivan,chekhovich
8479705,Jeffrey Viel,jeffrey viel,jeffrey viel,Jeffrey,Viel,jeffrey,viel
8481077,John Leonard,john leonard,john leonard,John,Leonard,john,leonard
8480373,Josef Korenar,josef korenar,josef korenar,Josef,Korenar,josef,korenar
8478467,Nicolas Meloche,nicolas meloche,nicolas meloche,Nicolas,Meloche,nicolas,meloche
8480053,Sasha Chmelevski,sasha chmelevski,sasha chmelevski,Sasha,Chmelevski,sasha,chmelevski
8478057,Dakota Joshua,dakota joshua,dakota joshua,Dakota,Joshua,dakota,joshua
8478024,Ville Husso,ville husso,ville husso,Ville,Husso,ville,husso
8479718,Alex Barré-Boulet,alex barré-boulet,alex barre-boulet,Alex,Barré-Boulet,alex,barré-boulet
8478049,Ben Thomas,ben thomas,ben thomas,Ben,Thomas,ben,thomas
8479984,Cal Foote,cal foote,cal foote,Cal,Foote,cal,foote
8478069,Daniel Walcott,daniel walcott,daniel walcott,Daniel,Walcott,daniel,walcott
8479525,Ross Colton,ross colton,ross colton,Ross,Colton,ross,colton
8480056,Jack Rathbone,jack rathbone,jack rathbone,Jack,Rathbone,jack,rathbone
8478970,Jalen Chatfield,jalen chatfield,jalen chatfield,Jalen,Chatfield,jalen,chatfield
8479981,Jonah Gadjovich,jonah gadjovich,jonah gadjovich,Jonah,Gadjovich,jonah,gadjovich
8479986,Kole Lind,kole lind,kole lind,Kole,Lind,kole,lind
8482063,Marc Michaelis,marc michaelis,marc michaelis,Marc,Michaelis,marc,michaelis
8481535,Nils Hoglander,nils hoglander,nils hoglander,Nils,Hoglander,nils,hoglander
8479367,William Lockwood,william lockwood,william lockwood,William,Lockwood,william,lockwood
8479639,Dylan Coghlan,dylan coghlan,dylan coghlan,Dylan,Coghlan,dylan,coghlan
8480313,Logan Thompson,logan thompson,logan thompson,Logan,Thompson,logan,thompson
8481522,Peyton Krebs,peyton krebs,peyton krebs,Peyton,Krebs,peyton,krebs
8479378,Logan Stanley,logan stanley,logan stanley,Logan,Stanley,logan,stanley
8481580,Connor McMichael,connor mcmichael,connor mcmichael,Connor,McMichael,connor,mcmichael
8479516,Garrett Pilon,garrett pilon,garrett pilon,Garrett,Pilon,garrett,pilon
8477544,Philippe Maillet,philippe maillet,philippe maillet,Philippe,Maillet,philippe,maillet
8477970,Vitek Vanecek,vitek vanecek,vitek vanecek,Vitek,Vanecek,vitek,vanecek
8480870,Bo Groulx,bo groulx,bo groulx,Bo,Groulx,bo,groulx
8481530,Brayden Tracey,brayden tracey,brayden tracey,Brayden,Tracey,brayden,tracey
8481815,Bryce Kindopp,bryce kindopp,bryce kindopp,Bryce,Kindopp,bryce,kindopp
8481003,Hunter Drew,hunter drew,hunter drew,Hunter,Drew,hunter,drew
8482150,Jacob Perreault,jacob perreault,jacob perreault,Jacob,Perreault,jacob,perreault
8480843,Lukas Dostal,lukas dostal,lukas dostal,Lukas,Dostal,lukas,dostal
8482745,Mason McTavish,mason mctavish,mason mctavish,Mason,McTavish,mason,mctavish
8480591,Thomas Hodges,thomas hodges,thomas hodges,Thomas,Hodges,thomas,hodges
8481827,Ben McCartney,ben mccartney,ben mccartney,Ben,McCartney,ben,mccartney
8478147,Bokondji Imama,bokondji imama,bokondji imama,Bokondji,Imama,bokondji,imama
8479341,Cam Dineen,cam dineen,cam dineen,Cam,Dineen,cam,dineen
8478062,Dysin Mayo,dysin mayo,dysin mayo,Dysin,Mayo,dysin,mayo
8482655,J.J. Moser,j.j. moser,j.j. moser,J.J.,Moser,j.j.,moser
8480855,Jack McBain,jack mcbain,jack mcbain,Jack,McBain,jack,mcbain
8478872,Karel Vejmelka,karel vejmelka,karel vejmelka,Karel,Vejmelka,karel,vejmelka
8481711,Matias Maccelli,matias maccelli,matias maccelli,Matias,Maccelli,matias,maccelli
8479619,Michael Carcone,michael carcone,michael carcone,Michael,Carcone,michael,carcone
8480979,Nate Smith,nate smith,nate smith,Nate,Smith,nate,smith
8481609,Vladislav Kolyachonok,vladislav kolyachonok,vladislav kolyachonok,Vladislav,Kolyachonok,vladislav,kolyachonok
8482834,Jesper Froden,jesper froden,jesper froden,Jesper,Froden,jesper,froden
8483397,Marc McLaughlin,marc mclaughlin,marc mclaughlin,Marc,McLaughlin,marc,mclaughlin
8482061,Brandon Biro,brandon biro,brandon biro,Brandon,Biro,brandon,biro
8479578,Casey Fitzgerald,casey fitzgerald,casey fitzgerald,Casey,Fitzgerald,casey,fitzgerald
8479289,Ethan Prow,ethan prow,ethan prow,Ethan,Prow,ethan,prow
8482175,JJ Peterka,jj peterka,jj peterka,JJ,Peterka,jj,peterka
8482097,Jack Quinn,jack quinn,jack quinn,Jack,Quinn,jack,quinn
8482671,Owen Power,owen power,owen power,Owen,Power,owen,power
8480835,Jack Drury,jack drury,jack drury,Jack,Drury,jack,drury
8479581,Jack LaFontaine,jack lafontaine,jack lafontaine,Jack,LaFontaine,jack,lafontaine
8481611,Pyotr Kochetkov,pyotr kochetkov,pyotr kochetkov,Pyotr,Kochetkov,pyotr,kochetkov
8482093,Seth Jarvis,seth jarvis,seth jarvis,Seth,Jarvis,seth,jarvis
8480292,Carson Meyer,carson meyer,carson meyer,Carson,Meyer,carson,meyer
8482705,Cole Sillinger,cole sillinger,cole sillinger,Cole,Sillinger,cole,sillinger
8480193,Daniil Tarasov,daniil tarasov,daniil tarasov,Daniil,Tarasov,daniil,tarasov
8476345,Gregory Hofmann,gregory hofmann,gregory hofmann,Gregory,Hofmann,gregory,hofmann
8481161,Jake Christiansen,jake christiansen,jake christiansen,Jake,Christiansen,jake,christiansen
8479941,Justin Danforth,justin danforth,justin danforth,Justin,Danforth,justin,danforth
8482660,Kent Johnson,kent johnson,kent johnson,Kent,Johnson,kent,johnson
8483565,Nick Blankenburg,nick blankenburg,nick blankenburg,Nick,Blankenburg,nick,blankenburg
8480441,Trey Fix-Wolansky,trey fix-wolansky,trey fix-wolansky,Trey,Fix-Wolansky,trey,fix-wolansky
8482475,Yegor Chinakhov,yegor chinakhov,yegor chinakhov,Yegor,Chinakhov,yegor,chinakhov
8482652,Walker Duehr,walker duehr,walker duehr,Walker,Duehr,walker,duehr
8481568,Alex Vlasic,alex vlasic,alex vlasic,Alex,Vlasic,alex,vlasic
8482821,Arvid Soderblom,arvid soderblom,arvid soderblom,Arvid,Soderblom,arvid,soderblom
8479383,Boris Katchouk,boris katchouk,boris katchouk,Boris,Katchouk,boris,katchouk
8482192,Isaak Phillips,isaak phillips,isaak phillips,Isaak,Phillips,isaak,phillips
8480231,Jakub Galvas,jakub galvas,jakub galvas,Jakub,Galvas,jakub,galvas
8481004,Josiah Slavin,josiah slavin,josiah slavin,Josiah,Slavin,josiah,slavin
8482117,Lukas Reichel,lukas reichel,lukas reichel,Lukas,Reichel,lukas,reichel
8479390,Taylor Raddysh,taylor raddysh,taylor raddysh,Taylor,Raddysh,taylor,raddysh
8483570,Ben Meyers,ben meyers,ben meyers,Ben,Meyers,ben,meyers
8482111,Justin Barron,justin barron,justin barron,Justin,Barron,justin,barron
8481020,Justus Annunen,justus annunen,justus annunen,Justus,Annunen,justus,annunen
8479518,Fredrik Karlstrom,fredrik karlstrom,fredrik karlstrom,Fredrik,Karlstrom,fredrik,karlstrom
8480216,Jacob Peterson,jacob peterson,jacob peterson,Jacob,Peterson,jacob,peterson
8480988,Riley Damiani,riley damiani,riley damiani,Riley,Damiani,riley,damiani
8479362,Riley Tufte,riley tufte,riley tufte,Riley,Tufte,riley,tufte
8478486,Chase Pearson,chase pearson,chase pearson,Chase,Pearson,chase,pearson
8482078,Lucas Raymond,lucas raymond,lucas raymond,Lucas,Raymond,lucas,raymond
8481542,Moritz Seider,moritz seider,moritz seider,Moritz,Seider,moritz,seider
8480041,Dmitri Samorukov,dmitri samorukov,dmitri samorukov,Dmitri,Samorukov,dmitri,samorukov
8482077,Dylan Holloway,dylan holloway,dylan holloway,Dylan,Holloway,dylan,holloway
8479338,Markus Niemelainen,markus niemelainen,markus niemelainen,Markus,Niemelainen,markus,niemelainen
8481598,Philip Broberg,philip broberg,philip broberg,Philip,Broberg,philip,broberg
8482113,Anton Lundell,anton lundell,anton lundell,Anton,Lundell,anton,lundell
8479597,Chase Priskie,chase priskie,chase priskie,Chase,Priskie,chase,priskie
8481655,Cole Schwindt,cole schwindt,cole schwindt,Cole,Schwindt,cole,schwindt
8481532,Alex Turcotte,alex turcotte,alex turcotte,Alex,Turcotte,alex,turcotte
8479421,Jacob Moverare,jacob moverare,jacob moverare,Jacob,Moverare,jacob,moverare
8481606,Jordan Spence,jordan spence,jordan spence,Jordan,Spence,jordan,spence
8481239,Samuel Fagemo,samuel fagemo,samuel fagemo,Samuel,Fagemo,samuel,fagemo
8480434,Sean Durzi,sean durzi,sean durzi,Sean,Durzi,sean,durzi
8478250,Vladimir Tkachev,vladimir tkachev,vladimir tkachev,Vladimir,Tkachev,vladimir,tkachev
8481550,Adam Beckman,adam beckman,adam beckman,Adam,Beckman,adam,beckman
8479520,Brandon Duhaime,brandon duhaime,brandon duhaime,Brandon,Duhaime,brandon,duhaime
8480980,Connor Dewar,connor dewar,connor dewar,Connor,Dewar,connor,dewar
8481489,Jon Lizotte,jon lizotte,jon lizotte,Jon,Lizotte,jon,lizotte
8482079,Marco Rossi,marco rossi,marco rossi,Marco,Rossi,marco,rossi
8479972,Mason Shaw,mason shaw,mason shaw,Mason,Shaw,mason,shaw
8481557,Matt Boldy,matt boldy,matt boldy,Matt,Boldy,matt,boldy
8482070,Mitchell Chaffee,mitchell chaffee,mitchell chaffee,Mitchell,Chaffee,mitchell,chaffee
8477631,Brandon Baddock,brandon baddock,brandon baddock,Brandon,Baddock,brandon,baddock
8480858,Cam Hillis,cam hillis,cam hillis,Cam,Hillis,cam,hillis
8481461,Corey Schueneman,corey schueneman,corey schueneman,Corey,Schueneman,corey,schueneman
8480887,Jordan Harris,jordan harris,jordan harris,Jordan,Harris,jordan,harris
8481555,Mattias Norlinder,mattias norlinder,mattias norlinder,Mattias,Norlinder,mattias,norlinder
8478933,Michael McNiven,michael mcniven,michael mcniven,Michael,McNiven,michael,mcniven
8479543,Michael Pezzetta,michael pezzetta,michael pezzetta,Michael,Pezzetta,michael,pezzetta
8481093,Rafael Harvey-Pinard,rafael harvey-pinard,rafael harvey-pinard,Rafael,Harvey-Pinard,rafael,harvey-pinard
8481033,Akira Schmid,akira schmid,akira schmid,Akira,Schmid,akira,schmid
8482125,Alexander Holtz,alexander holtz,alexander holtz,Alexander,Holtz,alexander,holtz
8482110,Dawson Mercer,dawson mercer,dawson mercer,Dawson,Mercer,dawson,mercer
8480188,Fabian Zetterlund,fabian zetterlund,fabian zetterlund,Fabian,Zetterlund,fabian,zetterlund
8477419,Mason Geertsen,mason geertsen,mason geertsen,Mason,Geertsen,mason,geertsen
8482076,Nico Daws,nico daws,nico daws,Nico,Daws,nico,daws
8481537,Nikita Okhotiuk,nikita okhotiuk,nikita okhotiuk,Nikita,Okhotiuk,nikita,okhotiuk
8480054,Reilly Walsh,reilly walsh,reilly walsh,Reilly,Walsh,reilly,walsh
8478971,Connor Ingram,connor ingram,connor ingram,Connor,Ingram,connor,ingram
8481577,Philip Tomasino,philip tomasino,philip tomasino,Philip,Tomasino,philip,tomasino
8478438,Tommy Novak,tommy novak,tommy novak,Tommy,Novak,tommy,novak
8480306,Grant Hutton,grant hutton,grant hutton,Grant,Hutton,grant,hutton
8480071,Robin Salo,robin salo,robin salo,Robin,Salo,robin,salo
8478903,Adam Huska,adam huska,adam huska,Adam,Huska,adam,huska
8482073,Braden Schneider,braden schneider,braden schneider,Braden,Schneider,braden,schneider
8480878,Nils Lundkvist,nils lundkvist,nils lundkvist,Nils,Lundkvist,nils,lundkvist
8481133,Cole Reinhardt,cole reinhardt,cole reinhardt,Cole,Reinhardt,cole,reinhardt
8481102,Egor Sokolov,egor sokolov,egor sokolov,Egor,Sokolov,egor,sokolov
8481575,Lassi Thomson,lassi thomson,lassi thomson,Lassi,Thomson,lassi,thomson
8481544,Mads Sogaard,mads sogaard,mads sogaard,Mads,Sogaard,mads,sogaard
8480355,Mark Kastelic,mark kastelic,mark kastelic,Mark,Kastelic,mark,kastelic
8481657,Viktor Lodin,viktor lodin,viktor lodin,Viktor,Lodin,viktor,lodin
8481553,Bobby Brink,bobby brink,bobby brink,Bobby,Brink,bobby,brink
8478433,Felix Sandstrom,felix sandstrom,felix sandstrom,Felix,Sandstrom,felix,sandstrom
8478173,Hayden Hodgson,hayden hodgson,hayden hodgson,Hayden,Hodgson,hayden,hodgson
8480019,Isaac Ratcliffe,isaac ratcliffe,isaac ratcliffe,Isaac,Ratcliffe,isaac,ratcliffe
8479534,Linus Hogberg,linus hogberg,linus hogberg,Linus,Hogberg,linus,hogberg
8482243,Linus Sandin,linus sandin,linus sandin,Linus,Sandin,linus,sandin
8478051,Max Willman,max willman,max willman,Max,Willman,max,willman
8480220,Noah Cates,noah cates,noah cates,Noah,Cates,noah,cates
8481521,Ronnie Attard,ronnie attard,ronnie attard,Ronnie,Attard,ronnie,attard
8480842,Filip Hallander,filip hallander,filip hallander,Filip,Hallander,filip,hallander
8479512,Kasper Bjorkqvist,kasper bjorkqvist,kasper bjorkqvist,Kasper,Bjorkqvist,kasper,bjorkqvist
8481703,Valtteri Puustinen,valtteri puustinen,valtteri puustinen,Valtteri,Puustinen,valtteri,puustinen
8482665,Matty Beniers,matty beniers,matty beniers,Matty,Beniers,matty,beniers
8482197,Adam Raska,adam raska,adam raska,Adam,Raska,adam,raska
8481552,Artemi Kniazev,artemi kniazev,artemi kniazev,Artemi,Kniazev,artemi,kniazev
8481061,Jasper Weatherby,jasper weatherby,jasper weatherby,Jasper,Weatherby,jasper,weatherby
8480304,Jayden Halbgewachs,jayden halbgewachs,jayden halbgewachs,Jayden,Halbgewachs,jayden,halbgewachs
8479373,Jonathan Dahlen,jonathan dahlen,jonathan dahlen,Jonathan,Dahlen,jonathan,dahlen
8480847,Ryan Merkley,ryan merkley,ryan merkley,Ryan,Merkley,ryan,merkley
8481701,Santeri Hatakka,santeri hatakka,santeri hatakka,Santeri,Hatakka,santeri,hatakka
8480060,Scott Reedy,scott reedy,scott reedy,Scott,Reedy,scott,reedy
8482133,Thomas Bordeleau,thomas bordeleau,thomas bordeleau,Thomas,Bordeleau,thomas,bordeleau
8482667,William Eklund,william eklund,william eklund,William,Eklund,william,eklund
8479313,Zach Sawchenko,zach sawchenko,zach sawchenko,Zach,Sawchenko,zach,sawchenko
8480281,Alexey Toropchenko,alexey toropchenko,alexey toropchenko,Alexey,Toropchenko,alexey,toropchenko
8482089,Jake Neighbours,jake neighbours,jake neighbours,Jake,Neighbours,jake,neighbours
8480981,Joel Hofer,joel hofer,joel hofer,Joel,Hofer,joel,hofer
8481059,Scott Perunovich,scott perunovich,scott perunovich,Scott,Perunovich,scott,perunovich
8478178,Darren Raddysh,darren raddysh,darren raddysh,Darren,Raddysh,darren,raddysh
8480863,Gabriel Fortier,gabriel fortier,gabriel fortier,Gabriel,Fortier,gabriel,fortier
8481597,Hugo Alnefelt,hugo alnefelt,hugo alnefelt,Hugo,Alnefelt,hugo,alnefelt
8479413,Sean Day,sean day,sean day,Sean,Day,sean,day
8482634,Alex Steeves,alex steeves,alex steeves,Alex,Steeves,alex,steeves
8478902,Erik Kallgren,erik kallgren,erik kallgren,Erik,Kallgren,erik,kallgren
8479361,Joseph Woll,joseph woll,joseph woll,Joseph,Woll,joseph,woll
8482815,Kirill Semyonov,kirill semyonov,kirill semyonov,Kirill,Semyonov,kirill,semyonov
8479729,Kristians Rubins,kristians rubins,kristians rubins,Kristians,Rubins,kristians,rubins
8481720,Nick Abruzzese,nick abruzzese,nick abruzzese,Nick,Abruzzese,nick,abruzzese
8481617,Vasily Podkolzin,vasily podkolzin,vasily podkolzin,Vasily,Podkolzin,vasily,podkolzin
8480259,Ben Jones,ben jones,ben jones,Ben,Jones,ben,jones
8481167,Brayden Pachal,brayden pachal,brayden pachal,Brayden,Pachal,brayden,pachal
8482624,Daniil Miromanov,daniil miromanov,daniil miromanov,Daniil,Miromanov,daniil,miromanov
8479991,Jake Leschyshyn,jake leschyshyn,jake leschyshyn,Jake,Leschyshyn,jake,leschyshyn
8480007,Jonas Rondbjerg,jonas rondbjerg,jonas rondbjerg,Jonas,Rondbjerg,jonas,rondbjerg
8481527,Kaedan Korczak,kaedan korczak,kaedan korczak,Kaedan,Korczak,kaedan,korczak
8481032,Paul Cotter,paul cotter,paul cotter,Paul,Cotter,paul,cotter
8481604,Pavel Dorofeyev,pavel dorofeyev,pavel dorofeyev,Pavel,Dorofeyev,pavel,dorofeyev
8481849,Zack Hayes,zack hayes,zack hayes,Zack,Hayes,zack,hayes
8482149,Cole Perfetti,cole perfetti,cole perfetti,Cole,Perfetti,cole,perfetti
8480990,Declan Chisholm,declan chisholm,declan chisholm,Declan,Chisholm,declan,chisholm
8480049,Dylan Samberg,dylan samberg,dylan samberg,Dylan,Samberg,dylan,samberg
8482408,Jeff Malott,jeff malott,jeff malott,Jeff,Malott,jeff,malott
8480192,Johnathan Kovacevic,johnathan kovacevic,johnathan kovacevic,Johnathan,Kovacevic,johnathan,kovacevic
8480443,Kristian Reichel,kristian reichel,kristian reichel,Kristian,Reichel,kristian,reichel
8479591,Michael Eyssimont,michael eyssimont,michael eyssimont,Michael,Eyssimont,michael,eyssimont
8480823,Alexander Alexeyev,alexander alexeyev,alexander alexeyev,Alexander,Alexeyev,alexander,alexeyev
8481656,Aliaksei Protas,aliaksei protas,aliaksei protas,Aliaksei,Protas,aliaksei,protas
8479536,Axel Jonsson-Fjallby,axel jonsson-fjallby,axel jonsson-fjallby,Axel,Jonsson-Fjallby,axel,jonsson-fjallby
8481517,Brett Leason,brett leason,brett leason,Brett,Leason,brett,leason
8482148,Hendrix Lapierre,hendrix lapierre,hendrix lapierre,Hendrix,Lapierre,hendrix,lapierre
8481441,Joe Snively,joe snively,joe snively,Joe,Snively,joe,snively
8479321,Lucas Johansen,lucas johansen,lucas johansen,Lucas,Johansen,lucas,johansen
8477457,Zach Fucale,zach fucale,zach fucale,Zach,Fucale,zach,fucale
8481563,Drew Helleson,drew helleson,drew helleson,Drew,Helleson,drew,helleson
8481605,Jackson LaCombe,jackson lacombe,jackson lacombe,Jackson,LaCombe,jackson,lacombe
8477993,Justin Kirkland,justin kirkland,justin kirkland,Justin,Kirkland,justin,kirkland
8481754,Nikita Nesterenko,nikita nesterenko,nikita nesterenko,Nikita,Nesterenko,nikita,nesterenko
8480042,Olle Eriksson Ek,olle eriksson ek,olle eriksson ek,Olle,Eriksson Ek,olle,eriksson ek
8483630,Pavol Regenda,pavol regenda,pavol regenda,Pavol,Regenda,pavol,regenda
8482699,Dylan Guenther,dylan guenther,dylan guenther,Dylan,Guenther,dylan,guenther
8480891,Michael Kesselring,michael kesselring,michael kesselring,Michael,Kesselring,michael,kesselring
8483597,Milos Kelemen,milos kelemen,milos kelemen,Milos,Kelemen,milos,kelemen
8480880,Jakub Lauko,jakub lauko,jakub lauko,Jakub,Lauko,jakub,lauko
8479533,Joona Koppanen,joona koppanen,joona koppanen,Joona,Koppanen,joona,koppanen
8482221,Devon Levi,devon levi,devon levi,Devon,Levi,devon,levi
8481751,Lukas Rousek,lukas rousek,lukas rousek,Lukas,Rousek,lukas,rousek
8482399,Billy Sweezey,billy sweezey,billy sweezey,Billy,Sweezey,billy,sweezey
8483460,David Jiricek,david jiricek,david jiricek,David,Jiricek,david,jiricek
8484125,Hunter McKown,hunter mckown,hunter mckown,Hunter,McKown,hunter,mckown
8482982,Jet Greaves,jet greaves,jet greaves,Jet,Greaves,jet,greaves
8480893,Kirill Marchenko,kirill marchenko,kirill marchenko,Kirill,Marchenko,kirill,marchenko
8483620,Marcus Bjork,marcus bjork,marcus bjork,Marcus,Bjork,marcus,bjork
8482451,Mikael Pyyhtia,mikael pyyhtia,mikael pyyhtia,Mikael,Pyyhtia,mikael,pyyhtia
8482448,Samuel Knazko,samuel knazko,samuel knazko,Samuel,Knazko,samuel,knazko
8482711,Stanislav Svozil,stanislav svozil,stanislav svozil,Stanislav,Svozil,stanislav,svozil
8481072,Tim Berni,tim berni,tim berni,Tim,Berni,tim,berni
8481690,Tyler Angle,tyler angle,tyler angle,Tyler,Angle,tyler,angle
8481692,Dustin Wolf,dustin wolf,dustin wolf,Dustin,Wolf,dustin,wolf
8481592,Jakob Pelletier,jakob pelletier,jakob pelletier,Jakob,Pelletier,jakob,pelletier
8482679,Matt Coronato,matt coronato,matt coronato,Matt,Coronato,matt,coronato
8480084,Nick DeSimone,nick desimone,nick desimone,Nick,DeSimone,nick,desimone
8480252,Cole Guttman,cole guttman,cole guttman,Cole,Guttman,cole,guttman
8480328,David Gust,david gust,david gust,David,Gust,david,gust
8479380,Dylan Wells,dylan wells,dylan wells,Dylan,Wells,dylan,wells
8483619,Filip Roos,filip roos,filip roos,Filip,Roos,filip,roos
8483530,Jaxson Stauber,jaxson stauber,jaxson stauber,Jaxson,Stauber,jaxson,stauber
8478224,Luke Philp,luke philp,luke philp,Luke,Philp,luke,philp
8482176,Wyatt Kaiser,wyatt kaiser,wyatt kaiser,Wyatt,Kaiser,wyatt,kaiser
8482250,Callahan Burke,callahan burke,callahan burke,Callahan,Burke,callahan,burke
8482147,Jean-Luc Foudy,jean-luc foudy,jean-luc foudy,Jean-Luc,Foudy,jean-luc,foudy
8482712,Oskar Olausson,oskar olausson,oskar olausson,Oskar,Olausson,oskar,olausson
8480032,Shane Bowers,shane bowers,shane bowers,Shane,Bowers,shane,bowers
8478028,Fredrik Olofsson,fredrik olofsson,fredrik olofsson,Fredrik,Olofsson,fredrik,olofsson
8481712,Matej Blumel,matej blumel,matej blumel,Matej,Blumel,matej,blumel
8483575,Matt Murray,matt murray,matt murray,Matt,Murray,matt,murray
8482740,Wyatt Johnston,wyatt johnston,wyatt johnston,Wyatt,Johnston,wyatt,johnston
8481725,Elmer Soderblom,elmer soderblom,elmer soderblom,Elmer,Soderblom,elmer,soderblom
8481013,Jonatan Berggren,jonatan berggren,jonatan berggren,Jonatan,Berggren,jonatan,berggren
8483464,Marco Kasper,marco kasper,marco kasper,Marco,Kasper,marco,kasper
8482762,Simon Edvinsson,simon edvinsson,simon edvinsson,Simon,Edvinsson,simon,edvinsson
8480468,James Hamblin,james hamblin,james hamblin,James,Hamblin,james,hamblin
8483158,Matthew Berlin,matthew berlin,matthew berlin,Matthew,Berlin,matthew,berlin
8479576,Vincent Desharnais,vincent desharnais,vincent desharnais,Vincent,Desharnais,vincent,desharnais
8483641,Anton Levtchi,anton levtchi,anton levtchi,Anton,Levtchi,anton,levtchi
8482730,Brandt Clarke,brandt clarke,brandt clarke,Brandt,Clarke,brandt,clarke
8482122,Brock Faber,brock faber,brock faber,Brock,Faber,brock,faber
8480994,Damien Giroux,damien giroux,damien giroux,Damien,Giroux,damien,giroux
8480275,Nick Swaney,nick swaney,nick swaney,Nick,Swaney,nick,swaney
8480267,Sammy Walker,sammy walker,sammy walker,Sammy,Walker,sammy,walker
8482964,Arber Xhekaj,arber xhekaj,arber xhekaj,Arber,Xhekaj,arber,xhekaj
8480034,Joel Teasdale,joel teasdale,joel teasdale,Joel,Teasdale,joel,teasdale
8483515,Juraj Slafkovsky,juraj slafkovsky,juraj slafkovsky,Juraj,Slafkovsky,juraj,slafkovsky
8482087,Kaiden Guhle,kaiden guhle,kaiden guhle,Kaiden,Guhle,kaiden,guhle
8483549,Lucas Condotta,lucas condotta,lucas condotta,Lucas,Condotta,lucas,condotta
8483424,Owen Beck,owen beck,owen beck,Owen,Beck,owen,beck
8482081,Sean Farrell,sean farrell,sean farrell,Sean,Farrell,sean,farrell
8482684,Luke Hughes,luke hughes,luke hughes,Luke,Hughes,luke,hughes
8481585,Egor Afanasyev,egor afanasyev,egor afanasyev,Egor,Afanasyev,egor,afanasyev
8484256,Jake Livingstone,jake livingstone,jake livingstone,Jake,Livingstone,jake,livingstone
8481704,Juuso Parssinen,juuso parssinen,juuso parssinen,Juuso,Parssinen,juuso,parssinen
8482146,Luke Evangelista,luke evangelista,luke evangelista,Luke,Evangelista,luke,evangelista
8481056,Spencer Stastney,spencer stastney,spencer stastney,Spencer,Stastney,spencer,stastney
8482137,Yaroslav Askarov,yaroslav askarov,yaroslav askarov,Yaroslav,Askarov,yaroslav,askarov
8482691,Aatu Raty,aatu raty,aatu raty,Aatu,Raty,aatu,raty
8480242,Arnaud Durandeau,arnaud durandeau,arnaud durandeau,Arnaud,Durandeau,arnaud,durandeau
8478450,Parker Wotherspoon,parker wotherspoon,parker wotherspoon,Parker,Wotherspoon,parker,wotherspoon
8481541,Samuel Bolduc,samuel bolduc,samuel bolduc,Samuel,Bolduc,samuel,bolduc
8481601,Simon Holmstrom,simon holmstrom,simon holmstrom,Simon,Holmstrom,simon,holmstrom
8482207,William Dufour,william dufour,william dufour,William,Dufour,william,dufour
8482157,Will Cuylle,will cuylle,will cuylle,Will,Cuylle,will,cuylle
8481422,Jacob Lucchini,jacob lucchini,jacob lucchini,Jacob,Lucchini,jacob,lucchini
8482105,Jake Sanderson,jake sanderson,jake sanderson,Jake,Sanderson,jake,sanderson
8480867,Kevin Mandolese,kevin mandolese,kevin mandolese,Kevin,Mandolese,kevin,mandolese
8482447,Leevi Merilainen,leevi merilainen,leevi merilainen,Leevi,Merilainen,leevi,merilainen
8481679,Maxence Guenette,maxence guenette,maxence guenette,Maxence,Guenette,maxence,guenette
8482092,Ridly Greig,ridly greig,ridly greig,Ridly,Greig,ridly,greig
8482095,Tyler Kleven,tyler kleven,tyler kleven,Tyler,Kleven,tyler,kleven
8480874,Adam Ginning,adam ginning,adam ginning,Adam,Ginning,adam,ginning
8482452,Elliot Desnoyers,elliot desnoyers,elliot desnoyers,Elliot,Desnoyers,elliot,desnoyers
8480245,Olle Lycksell,olle lycksell,olle lycksell,Olle,Lycksell,olle,lycksell
8481035,Samuel Ersson,samuel ersson,samuel ersson,Samuel,Ersson,samuel,ersson
8482159,Tyson Foerster,tyson foerster,tyson foerster,Tyson,Foerster,tyson,foerster
8480836,Jonathan Gruden,jonathan gruden,jonathan gruden,Jonathan,Gruden,jonathan,gruden
8481591,Sam Poulin,sam poulin,sam poulin,Sam,Poulin,sam,poulin
8483524,Shane Wright,shane wright,shane wright,Shane,Wright,shane,wright
8481789,Tye Kartye,tye kartye,tye kartye,Tye,Kartye,tye,kartye
8482101,Danil Gushchin,danil gushchin,danil gushchin,Danil,Gushchin,danil,gushchin
8480199,Eetu Makiniemi,eetu makiniemi,eetu makiniemi,Eetu,Makiniemi,eetu,makiniemi
8481567,Henry Thrun,henry thrun,henry thrun,Henry,Thrun,henry,thrun
8482824,Nick Cicek,nick cicek,nick cicek,Nick,Cicek,nick,cicek
8482181,Tristen Robins,tristen robins,tristen robins,Tristen,Robins,tristen,robins
8481070,Hugh McGing,hugh mcging,hugh mcging,Hugh,McGing,hugh,mcging
8482516,Matthew Kessel,matthew kessel,matthew kessel,Matthew,Kessel,matthew,kessel
8481543,Nikita Alexandrov,nikita alexandrov,nikita alexandrov,Nikita,Alexandrov,nikita,alexandrov
8481006,Tyler Tucker,tyler tucker,tyler tucker,Tyler,Tucker,tyler,tucker
8479375,William Bitten,william bitten,william bitten,William,Bitten,william,bitten
8481043,Cole Koepke,cole koepke,cole koepke,Cole,Koepke,cole,koepke
8480246,Nick Perbix,nick perbix,nick perbix,Nick,Perbix,nick,perbix
8482259,Bobby McMann,bobby mcmann,bobby mcmann,Bobby,McMann,bobby,mcmann
8480820,Filip Kral,filip kral,filip kral,Filip,Kral,filip,kral
8483183,Jett Alexander,jett alexander,jett alexander,Jett,Alexander,jett,alexander
8480439,Mac Hollowell,mac hollowell,mac hollowell,Mac,Hollowell,mac,hollowell
8482720,Matthew Knies,matthew knies,matthew knies,Matthew,Knies,matthew,knies
8480995,Pontus Holmberg,pontus holmberg,pontus holmberg,Pontus,Holmberg,pontus,holmberg
8480977,Semyon Der-Arguchintsev,semyon der-arguchintsev,semyon der-arguchintsev,Semyon,Der-Arguchintsev,semyon,der-arguchintsev
8481683,Aidan McDonough,aidan mcdonough,aidan mcdonough,Aidan,McDonough,aidan,mcdonough
8484254,Akito Hirose,akito hirose,akito hirose,Akito,Hirose,akito,hirose
8483808,Andrei Kuzmenko,andrei kuzmenko,andrei kuzmenko,Andrei,Kuzmenko,andrei,kuzmenko
8481668,Arturs Silovs,arturs silovs,arturs silovs,Arturs,Silovs,arturs,silovs
8484287,Cole McWard,cole mcward,cole mcward,Cole,McWard,cole,mcward
8482496,Nils Aman,nils aman,nils aman,Nils,Aman,nils,aman
8480238,Jiri Patera,jiri patera,jiri patera,Jiri,Patera,jiri,patera
8482861,Vincent Iorio,vincent iorio,vincent iorio,Vincent,Iorio,vincent,iorio
8480184,Gustav Lindström,gustav lindström,gustav lindstrom,Gustav,Lindström,gustav,lindström
8484153,Leo Carlsson,leo carlsson,leo carlsson,Leo,Carlsson,leo,carlsson
8483490,Pavel Mintyukov,pavel mintyukov,pavel mintyukov,Pavel,Mintyukov,pavel,mintyukov
8477021,Alex Kerfoot,alex kerfoot,alex kerfoot,Alex,Kerfoot,alex,kerfoot
8477384,Josh Brown,josh brown,josh brown,Josh,Brown,josh,brown
8483431,Logan Cooley,logan cooley,logan cooley,Logan,Cooley,logan,cooley
8476856,Matt Dumba,matt dumba,matt dumba,Matt,Dumba,matt,dumba
8483505,Matthew Poitras,matthew poitras,matthew poitras,Matthew,Poitras,matthew,poitras
8481564,Ryan Johnson,ryan johnson,ryan johnson,Ryan,Johnson,ryan,johnson
8484145,Zach Benson,zach benson,zach benson,Zach,Benson,zach,benson
8484166,Adam Fantilli,adam fantilli,adam fantilli,Adam,Fantilli,adam,fantilli
8481716,Dmitri Voronkov,dmitri voronkov,dmitri voronkov,Dmitri,Voronkov,dmitri,voronkov
8482074,Connor Zary,connor zary,connor zary,Connor,Zary,connor,zary
8481028,Martin Pospisil,martin pospisil,martin pospisil,Martin,Pospisil,martin,pospisil
8484144,Connor Bedard,connor bedard,connor bedard,Connor,Bedard,connor,bedard
8483466,Kevin Korchinski,kevin korchinski,kevin korchinski,Kevin,Korchinski,kevin,korchinski
8481806,Louis Crevier,louis crevier,louis crevier,Louis,Crevier,louis,crevier
8477482,Zach Sanford,zach sanford,zach sanford,Zach,Sanford,zach,sanford
8479372,Josh Mahura,josh mahura,josh mahura,Josh,Mahura,josh,mahura
8482155,Alex Laferriere,alex laferriere,alex laferriere,Alex,Laferriere,alex,laferriere
8474034,Pat Maroon,pat maroon,pat maroon,Pat,Maroon,pat,maroon
8481593,Jayden Struble,jayden struble,jayden struble,Jayden,Struble,jayden,struble
8481058,Jesse Ylönen,jesse ylönen,jesse ylonen,Jesse,Ylönen,jesse,ylönen
8482749,Joshua Roy,joshua roy,joshua roy,Joshua,Roy,joshua,roy
8483495,Simon Nemec,simon nemec,simon nemec,Simon,Nemec,simon,nemec
8481726,Adam Edstrom,adam edstrom,adam edstrom,Adam,Edstrom,adam,edstrom
8481206,John Ludvig,john ludvig,john ludvig,John,Ludvig,john,ludvig
8480058,Pierre-Olivier Joseph,pierre-olivier joseph,pierre-olivier joseph,Pierre-Olivier,Joseph,pierre-olivier,joseph
8477505,Alex Wennberg,alex wennberg,alex wennberg,Alex,Wennberg,alex,wennberg
8482858,Ryker Evans,ryker evans,ryker evans,Ryker,Evans,ryker,evans
8480834,Ty Emberson,ty emberson,ty emberson,Ty,Emberson,ty,emberson
8482929,Emil Martinsen Lilleberg,emil martinsen lilleberg,emil martinsen lilleberg,Emil,Martinsen Lilleberg,emil,martinsen lilleberg
8477426,Nicholas Paul,nicholas paul,nicholas paul,Nicholas,Paul,nicholas,paul
8483710,Dennis Hildeby,dennis hildeby,dennis hildeby,Dennis,Hildeby,dennis,hildeby
8478483,Mitchell Marner,mitchell marner,mitchell marner,Mitchell,Marner,mitchell,marner
8480808,Jett Woo,jett woo,jett woo,Jett,Woo,jett,woo
8483445,Cutter Gauthier,cutter gauthier,cutter gauthier,Cutter,Gauthier,cutter,gauthier
8482178,Ian Moore,ian moore,ian moore,Ian,Moore,ian,moore
8482803,Olen Zellweger,olen zellweger,olen zellweger,Olen,Zellweger,olen,zellweger
8485512,Tim Washe,tim washe,tim washe,Tim,Washe,tim,washe
8481556,John Beecher,john beecher,john beecher,John,Beecher,john,beecher
8482177,Marat Khusnutdinov,marat khusnutdinov,marat khusnutdinov,Marat,Khusnutdinov,marat,khusnutdinov
8482511,Mason Lohrei,mason lohrei,mason lohrei,Mason,Lohrei,mason,lohrei
8482100,Alexander Nikishin,alexander nikishin,alexander nikishin,Alexander,Nikishin,alexander,nikishin
8482809,Jackson Blake,jackson blake,jackson blake,Jackson,Blake,jackson,blake
8484929,Juha Jaaska,juha jaaska,juha jaaska,Juha,Jaaska,juha,jaaska
8482702,Logan Stankoven,logan stankoven,logan stankoven,Logan,Stankoven,logan,stankoven
8482895,Nikita Quapp,nikita quapp,nikita quapp,Nikita,Quapp,nikita,quapp
8482666,Scott Morrow,scott morrow,scott morrow,Scott,Morrow,scott,morrow
8485469,Jack Williams,jack williams,jack williams,Jack,Williams,jack,williams
8484234,Aydar Suniev,aydar suniev,aydar suniev,Aydar,Suniev,aydar,suniev
8482470,Ilya Solovyov,ilya solovyov,ilya solovyov,Ilya,Solovyov,ilya,solovyov
8484768,Zayne Parekh,zayne parekh,zayne parekh,Zayne,Parekh,zayne,parekh
8484783,Artyom Levshunov,artyom levshunov,artyom levshunov,Artyom,Levshunov,artyom,levshunov
8483493,Frank Nazar,frank nazar,frank nazar,Frank,Nazar,frank,nazar
8482172,Landon Slaggert,landon slaggert,landon slaggert,Landon,Slaggert,landon,slaggert
8484197,Oliver Moore,oliver moore,oliver moore,Oliver,Moore,oliver,moore
8483450,Ryan Greene,ryan greene,ryan greene,Ryan,Greene,ryan,greene
8483506,Sam Rinzel,sam rinzel,sam rinzel,Sam,Rinzel,sam,rinzel
8484258,Sam Malinski,sam malinski,sam malinski,Sam,Malinski,sam,malinski
8483425,Lian Bichsel,lian bichsel,lian bichsel,Lian,Bichsel,lian,bichsel
8482145,Mavrik Bourque,mavrik bourque,mavrik bourque,Mavrik,Bourque,mavrik,bourque
8480840,Oskar Bäck,oskar bäck,oskar back,Oskar,Bäck,oskar,bäck
8481607,Albert Johansson,albert johansson,albert johansson,Albert,Johansson,albert,johansson
8482802,Carter Mazur,carter mazur,carter mazur,Carter,Mazur,carter,mazur
8483512,Matt Savoie,matt savoie,matt savoie,Matt,Savoie,matt,savoie
8481491,Noah Philp,noah philp,noah philp,Noah,Philp,noah,philp
8480885,Olivier Rodrigue,olivier rodrigue,olivier rodrigue,Olivier,Rodrigue,olivier,rodrigue
8482713,Mackie Samoskevich,mackie samoskevich,mackie samoskevich,Mackie,Samoskevich,mackie,samoskevich
8484304,Uvis Balinskis,uvis balinskis,uvis balinskis,Uvis,Balinskis,uvis,balinskis
8480851,Akil Thomas,akil thomas,akil thomas,Akil,Thomas,akil,thomas
8484857,Carter George,carter george,carter george,Carter,George,carter,george
8482748,Francesco Pinelli,francesco pinelli,francesco pinelli,Francesco,Pinelli,francesco,pinelli
8482726,Samuel Helenius,samuel helenius,samuel helenius,Samuel,Helenius,samuel,helenius
8483406,Taylor Ward,taylor ward,taylor ward,Taylor,Ward,taylor,ward
8480075,Cameron Crotty,cameron crotty,cameron crotty,Cameron,Crotty,cameron,crotty
8482781,Carson Lambos,carson lambos,carson lambos,Carson,Lambos,carson,lambos
8483452,Hunter Haight,hunter haight,hunter haight,Hunter,Haight,hunter,haight
8482661,Jesper Wallstedt,jesper wallstedt,jesper wallstedt,Jesper,Wallstedt,jesper,wallstedt
8479638,Justin Brazeau,justin brazeau,justin brazeau,Justin,Brazeau,justin,brazeau
8483499,Liam Ohgren,liam ohgren,liam ohgren,Liam,Ohgren,liam,ohgren
8484798,Zeev Buium,zeev buium,zeev buium,Zeev,Buium,zeev,buium
8482476,Emil Heineman,emil heineman,emil heineman,Emil,Heineman,emil,heineman
8484984,Ivan Demidov,ivan demidov,ivan demidov,Ivan,Demidov,ivan,demidov
8482487,Jakub Dobes,jakub dobes,jakub dobes,Jakub,Dobes,jakub,dobes
8483515,Juraj Slafkovský,juraj slafkovský,juraj slafkovsky,Juraj,Slafkovský,juraj,slafkovský
8483457,Lane Hutson,lane hutson,lane hutson,Lane,Hutson,lane,hutson
8483531,Brian Halonen,brian halonen,brian halonen,Brian,Halonen,brian,halonen
8483659,Isaac Poulter,isaac poulter,isaac poulter,Isaac,Poulter,isaac,poulter
8481594,Nathan Légaré,nathan légaré,nathan legare,Nathan,Légaré,nathan,légaré
8483429,Seamus Casey,seamus casey,seamus casey,Seamus,Casey,seamus,casey
8482873,Topias Vilen,topias vilen,topias vilen,Topias,Vilen,topias,vilen
8482482,Adam Wilsby,adam wilsby,adam wilsby,Adam,Wilsby,adam,wilsby
8484241,Matthew Wood,matthew wood,matthew wood,Matthew,Wood,matthew,wood
8482742,Zachary L'Heureux,zachary l'heureux,zachary l'heureux,Zachary,L'Heureux,zachary,l'heureux
8481237,Kyle MacLean,kyle maclean,kyle maclean,Kyle,MacLean,kyle,maclean
8483553,Marc Gatcomb,marc gatcomb,marc gatcomb,Marc,Gatcomb,marc,gatcomb
8484958,Maxim Tsyplakov,maxim tsyplakov,maxim tsyplakov,Maxim,Tsyplakov,maxim,tsyplakov
8482747,Brennan Othmann,brennan othmann,brennan othmann,Brennan,Othmann,brennan,othmann
8482132,Brett Berard,brett berard,brett berard,Brett,Berard,brett,berard
8484210,Gabe Perreault,gabe perreault,gabe perreault,Gabe,Perreault,gabe,perreault
8482460,Matt Rempe,matt rempe,matt rempe,Matt,Rempe,matt,rempe
8481065,Angus Crookshank,angus crookshank,angus crookshank,Angus,Crookshank,angus,crookshank
8484759,Carter Yakemchuk,carter yakemchuk,carter yakemchuk,Carter,Yakemchuk,carter,yakemchuk
8482131,Donovan Sebrango,donovan sebrango,donovan sebrango,Donovan,Sebrango,donovan,sebrango
8482447,Leevi Meriläinen,leevi meriläinen,leevi merilainen,Leevi,Meriläinen,leevi,meriläinen
8484321,Nikolas Matinpalo,nikolas matinpalo,nikolas matinpalo,Nikolas,Matinpalo,nikolas,matinpalo
8483676,Stephen Halliday,stephen halliday,stephen halliday,Stephen,Halliday,stephen,halliday
8483683,Tomas Hamara,tomas hamara,tomas hamara,Tomas,Hamara,tomas,hamara
8482674,Tyler Boucher,tyler boucher,tyler boucher,Tyler,Boucher,tyler,boucher
8483579,Wyatt Bongiovanni,wyatt bongiovanni,wyatt bongiovanni,Wyatt,Bongiovanni,wyatt,bongiovanni
8482783,Aleksei Kolosov,aleksei kolosov,aleksei kolosov,Aleksei,Kolosov,aleksei,kolosov
8483461,Devin Kaplan,devin kaplan,devin kaplan,Devin,Kaplan,devin,kaplan
8478905,Ivan Fedotov,ivan fedotov,ivan fedotov,Ivan,Fedotov,ivan,fedotov
8485483,Karsen Dorwart,karsen dorwart,karsen dorwart,Karsen,Dorwart,karsen,dorwart
8484387,Matvei Michkov,matvei michkov,matvei michkov,Matvei,Michkov,matvei,michkov
8483487,Rutger McGroarty,rutger mcgroarty,rutger mcgroarty,Rutger,McGroarty,rutger,mcgroarty
8478854,Ryan Shea,ryan shea,ryan shea,Ryan,Shea,ryan,shea
8483481,Cam Lund,cam lund,cam lund,Cam,Lund,cam,lund
8484312,Georgi Romanov,georgi romanov,georgi romanov,Georgi,Romanov,georgi,romanov
8484801,Macklin Celebrini,macklin celebrini,macklin celebrini,Macklin,Celebrini,macklin,celebrini
8481042,Nikolai Kovalenko,nikolai kovalenko,nikolai kovalenko,Nikolai,Kovalenko,nikolai,kovalenko
8482166,Shakir Mukhamadullin,shakir mukhamadullin,shakir mukhamadullin,Shakir,Mukhamadullin,shakir,mukhamadullin
8484227,Will Smith,will smith,will smith,Will,Smith,will,smith
8483516,Jimmy Snuggerud,jimmy snuggerud,jimmy snuggerud,Jimmy,Snuggerud,jimmy,snuggerud
8482737,Zack Bolduc,zack bolduc,zack bolduc,Zack,Bolduc,zack,bolduc
8482929,Emil Lilleberg,emil lilleberg,emil lilleberg,Emil,Lilleberg,emil,lilleberg
8482201,Gage Goncalves,gage goncalves,gage goncalves,Gage,Goncalves,gage,goncalves
8482515,Artur Akhtyamov,artur akhtyamov,artur akhtyamov,Artur,Akhtyamov,artur,akhtyamov
8481570,Cade Webber,cade webber,cade webber,Cade,Webber,cade,webber
8484901,Jacob Quillan,jacob quillan,jacob quillan,Jacob,Quillan,jacob,quillan
8483546,Marshall Rifai,marshall rifai,marshall rifai,Marshall,Rifai,marshall,rifai
8481614,Mikko Kokkonen,mikko kokkonen,mikko kokkonen,Mikko,Kokkonen,mikko,kokkonen
8482130,Roni Hirvonen,roni hirvonen,roni hirvonen,Roni,Hirvonen,roni,hirvonen
8482158,Topi Niemela,topi niemela,topi niemela,Topi,Niemela,topi,niemela
8482174,William Villeneuve,william villeneuve,william villeneuve,William,Villeneuve,william,villeneuve
8482659,Josh Doan,josh doan,josh doan,Josh,Doan,josh,doan
8476874,Olli Määttä,olli määttä,olli maatta,Olli,Määttä,olli,määttä
8483678,Elias Pettersson,elias pettersson,elias pettersson,Elias,Pettersson,elias,pettersson
8482761,Carl Lindbom,carl lindbom,carl lindbom,Carl,Lindbom,carl,lindbom
8482141,Lukas Cormier,lukas cormier,lukas cormier,Lukas,Cormier,lukas,cormier
8481534,Raphael Lavoie,raphael lavoie,raphael lavoie,Raphael,Lavoie,raphael,lavoie
8484242,Brayden Yager,brayden yager,brayden yager,Brayden,Yager,brayden,yager
8483510,Elias Salomonsson,elias salomonsson,elias salomonsson,Elias,Salomonsson,elias,salomonsson
8484135,Parker Ford,parker ford,parker ford,Parker,Ford,parker,ford
8483573,Ethen Frank,ethen frank,ethen frank,Ethen,Frank,ethen,frank
8480796,Martin Fehérváry,martin fehérváry,martin fehervary,Martin,Fehérváry,martin,fehérváry
8484186,Ryan Leonard,ryan leonard,ryan leonard,Ryan,Leonard,ryan,leonard
