player_id,player_name,match_status,position,signing_team,signing_team_abbr,previous_team,previous_team_abbr,contract_value,aav,contract_years,signing_year,season_start,season,signing_date,contract_type
8476457,Adam Larsson,exact,"RD, LD",New Jersey Devils,NJD,New Jersey Devils,NJD,25000000,4166666,6,2015,2015,20152016,2015-07-25,UFA
8477960,Adrian Kempe,exact,"LW, RW",Los Angeles Kings,LAK,NA,NA,2775000,925000,3,2015,2015,20152016,2015-04-15,RFA
8475755,Alexander Petrovic,exact,RD,Florida Panthers,FLA,Florida Panthers,FLA,2100000,1050000,2,2015,2015,20152016,2015-07-15,other
8478851,Alexandre Carrier,exact,RD,Nashville Predators,NSH,NA,NA,2070000,693333,3,2015,2015,20152016,2015-11-12,RFA
8475314,Anders Lee,exact,"LW, RW",New York Islanders,NYI,New York Islanders,NYI,15000000,3750000,4,2015,2015,20152016,2015-06-30,UFA
8475461,Andrew Agozzino,exact,LW,Colorado Avalanche,COL,Colorado Avalanche,COL,600000,600000,1,2015,2015,20152016,2015-07-16,other
8477429,Andrew Copp,exact,"C, RW",Winnipeg Jets,WPG,Winnipeg Jets,WPG,2775000,925000,3,2015,2015,20152016,2015-03-28,other
8478463,Anthony Beauvillier,exact,LW,New York Islanders,NYI,NA,NA,2775000,1137500,3,2015,2015,20152016,2015-10-23,RFA
8478409,Anthony Richard,exact,"RW, LW, C",Nashville Predators,NSH,NA,NA,2080000,693333,3,2015,2015,20152016,2015-11-13,RFA
8477320,Anton Blidh,exact,LW,Boston Bruins,BOS,NA,NA,2775000,925000,3,2015,2015,20152016,2015-05-28,RFA
8478550,Artemi Panarin,exact,"RW, LW",Chicago Blackhawks,CHI,NA,NA,7000000,3500000,2,2015,2015,20152016,2015-04-29,other
8475279,Ben Chiarot,exact,"LD, RD",Winnipeg Jets,WPG,Winnipeg Jets,WPG,1700000,850000,2,2015,2015,20152016,2015-06-18,other
8477018,Ben Hutton,exact,"LD, RD",Vancouver Canucks,VAN,NA,NA,1850000,925000,2,2015,2015,20152016,2015-03-16,other
8476399,Blake Coleman,exact,"RW, LW",New Jersey Devils,NJD,NA,NA,1850000,925000,2,2015,2015,20152016,2015-07-01,other
8476869,Brady Skjei,exact,LD,New York Rangers,NYR,NA,NA,2775000,925000,3,2015,2015,20152016,2015-04-01,other
8478443,Brandon Carlo,exact,RD,Boston Bruins,BOS,NA,NA,2775000,925000,3,2015,2015,20152016,2015-09-25,RFA
8477986,Brandon Montour,exact,RD,Anaheim Ducks,ANA,NA,NA,2775000,925000,3,2015,2015,20152016,2015-03-16,other
8476438,Brandon Saad,exact,LW,Columbus Blue Jackets,CBJ,Chicago Blackhawks,CHI,36000000,6000000,6,2015,2015,20152016,2015-07-03,UFA
8478010,Brayden Point,exact,"C, RW",Tampa Bay Lightning,TBL,NA,NA,2775000,925000,3,2015,2015,20152016,2015-03-28,RFA
8474090,Brendan Smith,exact,"LD, RD",Detroit Red Wings,DET,Detroit Red Wings,DET,5500000,2750000,2,2015,2015,20152016,2015-06-30,UFA
8475455,Brenden Dillon,exact,"LD, RD",San Jose Sharks,SJS,Dallas Stars,DAL,16350000,3270000,5,2015,2015,20152016,2015-06-29,UFA
8477488,Brett Pesce,exact,RD,Carolina Hurricanes,CAR,NA,NA,2775000,925000,3,2015,2015,20152016,2015-03-28,RFA
8475208,Brian Dumoulin,exact,LD,Pittsburgh Penguins,PIT,Pittsburgh Penguins,PIT,1600000,800000,2,2015,2015,20152016,2015-07-09,other
8475754,Brock Nelson,exact,"C, LW",New York Islanders,NYI,New York Islanders,NYI,7500000,2500000,3,2015,2015,20152016,2015-09-16,other
8475714,Calle Jarnkrok,exact,"RW, LW, C",Nashville Predators,NSH,Nashville Predators,NSH,735000,735000,1,2015,2015,20152016,2015-07-17,other
8474715,Cam Atkinson,exact,"RW, LW",Columbus Blue Jackets,CBJ,Columbus Blue Jackets,CBJ,10500000,3500000,3,2015,2015,20152016,2015-03-02,UFA
8475690,Chris Tanev,exact,RD,Vancouver Canucks,VAN,Vancouver Canucks,VAN,22250000,4450000,5,2015,2015,20152016,2015-03-24,UFA
8475780,Chris Wagner,exact,"C, RW",Anaheim Ducks,ANA,Anaheim Ducks,ANA,600000,600000,1,2015,2015,20152016,2015-07-16,other
8477989,Christian Dvorak,exact,C,Arizona Coyotes,ARI,NA,NA,3412500,1082500,3,2015,2015,20152016,2015-04-19,RFA
8478432,Christian Fischer,exact,"RW, C",Arizona Coyotes,ARI,NA,NA,2775000,1137500,3,2015,2015,20152016,2015-08-20,RFA
8476892,Colton Parayko,exact,RD,St. Louis Blues,STL,NA,NA,1850000,925000,2,2015,2015,20152016,2015-03-10,other
8478402,Connor McDavid,exact,"C, RW",Edmonton Oilers,EDM,NA,NA,11325000,3775000,3,2015,2015,20152016,2015-07-03,RFA
8478856,Conor Garland,exact,"RW, LW",Arizona Coyotes,ARI,NA,NA,2550000,833333,3,2015,2015,20152016,2015-12-23,RFA
8477839,Conor Sheary,exact,"LW, C, RW",Pittsburgh Penguins,PIT,NA,NA,1850000,925000,2,2015,2015,20152016,2015-07-01,other
8475225,Craig Smith,exact,"RW, LW, C",Nashville Predators,NSH,Nashville Predators,NSH,21250000,4250000,5,2015,2015,20152016,2015-07-20,UFA
8477541,Dakota Mermis,exact,"LD, RD",Arizona Coyotes,ARI,NA,NA,1880000,626667,3,2015,2015,20152016,2015-07-01,other
8478466,Daniel Sprong,exact,RW,Pittsburgh Penguins,PIT,NA,NA,2775000,925000,3,2015,2015,20152016,2015-08-28,other
8475233,David Savard,exact,"RD, LD",Columbus Blue Jackets,CBJ,Columbus Blue Jackets,CBJ,21250000,4250000,5,2015,2015,20152016,2015-09-08,UFA
8478585,Derek Ryan,exact,"C, RW",Carolina Hurricanes,CAR,NA,NA,600000,600000,1,2015,2015,20152016,2015-06-15,UFA
8476913,Devin Shore,exact,"LW, C",Dallas Stars,DAL,NA,NA,2775000,925000,3,2015,2015,20152016,2015-03-10,other
8476462,Dougie Hamilton,exact,RD,Calgary Flames,CGY,Boston Bruins,BOS,34500000,5750000,6,2015,2015,20152016,2015-06-30,UFA
8477946,Dylan Larkin,exact,C,Detroit Red Wings,DET,NA,NA,4275000,1425000,3,2015,2015,20152016,2015-05-21,RFA
8475795,Dylan McIlrath,exact,RD,New York Rangers,NYR,New York Rangers,NYR,600000,600000,1,2015,2015,20152016,2015-07-15,other
8478440,Dylan Strome,exact,C,Arizona Coyotes,ARI,NA,NA,10200000,3400000,3,2015,2015,20152016,2015-07-06,RFA
8478062,Dysin Mayo,exact,RD,Arizona Coyotes,ARI,NA,NA,2400000,800000,3,2015,2015,20152016,2015-12-26,RFA
8477496,Elias Lindholm,exact,"C, RW, LW",Carolina Hurricanes,CAR,Carolina Hurricanes,CAR,5400000,2700000,2,2015,2015,20152016,2015-08-27,other
8478416,Erik Cernak,exact,"RD, LD",Los Angeles Kings,LAK,NA,NA,2775000,925000,3,2015,2015,20152016,2015-07-14,RFA
8476979,Erik Gustafsson,exact,LD,Chicago Blackhawks,CHI,NA,NA,1850000,925000,2,2015,2015,20152016,2015-05-16,other
8475287,Erik Haula,exact,"C, LW",Minnesota Wild,MIN,Minnesota Wild,MIN,2000000,1000000,2,2015,2015,20152016,2015-08-02,other
8473446,Erik Johnson,exact,RD,Colorado Avalanche,COL,Colorado Avalanche,COL,42000000,6000000,7,2015,2015,20152016,2015-09-22,UFA
8478542,Evan Rodrigues,exact,"RW, LW, C",Buffalo Sabres,BUF,NA,NA,1850000,925000,2,2015,2015,20152016,2015-04-22,other
8478366,Frank Vatrano,exact,"RW, LW",Boston Bruins,BOS,NA,NA,2775000,925000,3,2015,2015,20152016,2015-03-15,other
8477903,Garnet Hathaway,exact,RW,Calgary Flames,CGY,NA,NA,1550000,775000,2,2015,2015,20152016,2015-04-13,other
8478465,Guillaume Brisebois,exact,LD,Vancouver Canucks,VAN,NA,NA,2850000,925000,3,2015,2015,20152016,2015-12-10,RFA
8474679,Gustav Nyquist,exact,"RW, C",Detroit Red Wings,DET,Detroit Red Wings,DET,19000000,4750000,4,2015,2015,20152016,2015-07-10,UFA
8474013,Ian Cole,exact,"LD, RD",Pittsburgh Penguins,PIT,St. Louis Blues,STL,6300000,2100000,3,2015,2015,20152016,2015-06-29,UFA
8478500,Ivan Provorov,exact,"LD, RD",Philadelphia Flyers,PHI,NA,NA,5325000,1775000,3,2015,2015,20152016,2015-07-03,RFA
8476468,J.T. Miller,exact,"C, LW",New York Rangers,NYR,New York Rangers,NYR,874000,874000,1,2015,2015,20152016,2015-07-15,other
8476958,Jaccob Slavin,exact,LD,Carolina Hurricanes,CAR,NA,NA,2497500,925000,3,2015,2015,20152016,2015-07-01,other
8478403,Jack Eichel,exact,"C, LW",Buffalo Sabres,BUF,NA,NA,11325000,3775000,3,2015,2015,20152016,2015-07-01,RFA
8478498,Jake DeBrusk,exact,"RW, LW",Boston Bruins,BOS,NA,NA,4050000,1350000,3,2015,2015,20152016,2015-11-12,RFA
8476467,Jamie Oleksiak,exact,"LD, RD",Dallas Stars,DAL,Dallas Stars,DAL,875000,875000,1,2015,2015,20152016,2015-07-09,other
8474716,Jared Spurgeon,exact,RD,Minnesota Wild,MIN,Minnesota Wild,MIN,20750000,5187500,4,2015,2015,20152016,2015-12-21,UFA
8475797,Jarred Tinordi,exact,LD,Montreal Canadiens,MTL,Montréal Canadiens,MTL,850500,850500,1,2015,2015,20152016,2015-07-16,other
8476419,Jean-Gabriel Pageau,exact,C,Ottawa Senators,OTT,Ottawa Senators,OTT,1800000,900000,2,2015,2015,20152016,2015-06-18,other
8473507,Jeff Petry,exact,RD,Montreal Canadiens,MTL,Edmonton Oilers,EDM,33000000,5500000,6,2015,2015,20152016,2015-06-02,UFA
8478468,Jeremy Lauzon,exact,"LD, RD",Boston Bruins,BOS,NA,NA,2775000,925000,3,2015,2015,20152016,2015-11-12,RFA
8475855,Jesper Fast,exact,"RW, LW",New York Rangers,NYR,New York Rangers,NYR,1900000,950000,2,2015,2015,20152016,2015-07-16,other
8478493,Joel Eriksson Ek,exact,C,Minnesota Wild,MIN,NA,NA,3412500,1137500,3,2015,2015,20152016,2015-07-13,RFA
8477810,Joel Hanley,exact,"LD, RD",Montreal Canadiens,MTL,NA,NA,925000,925000,1,2015,2015,20152016,2015-07-01,other
8475906,John Klingberg,exact,"RD, LD",Dallas Stars,DAL,Dallas Stars,DAL,29750000,4250000,7,2015,2015,20152016,2015-04-17,UFA
8478399,Jonas Siegenthaler,exact,"LD, RD",Washington Capitals,WSH,NA,NA,2775000,925000,3,2015,2015,20152016,2015-07-30,RFA
8476456,Jonathan Huberdeau,exact,"RW, LW",Florida Panthers,FLA,Florida Panthers,FLA,6500000,3250000,2,2015,2015,20152016,2015-09-17,other
8476539,Jonathan Marchessault,exact,"RW, C",Tampa Bay Lightning,TBL,Tampa Bay Lightning,TBL,600000,600000,1,2015,2015,20152016,2015-06-28,other
8477380,Jonny Brodzinski,exact,"RW, C, LW",Los Angeles Kings,LAK,NA,NA,1850000,925000,2,2015,2015,20152016,2015-04-01,other
8476921,Jordan Martinook,exact,LW,Arizona Coyotes,ARI,Arizona Coyotes,ARI,1225000,612500,2,2015,2015,20152016,2015-07-20,other
8476425,Joseph LaBate,exact,C,Vancouver Canucks,VAN,NA,NA,1600000,800000,2,2015,2015,20152016,2015-05-16,other
8477384,Josh Brown,exact,"RD, LD",Florida Panthers,FLA,NA,NA,1975000,658333,3,2015,2015,20152016,2015-04-09,other
8476312,Josh Manson,exact,RD,Anaheim Ducks,ANA,Anaheim Ducks,ANA,1650000,825000,2,2015,2015,20152016,2015-07-22,other
8478434,Keegan Kolesar,exact,RW,Columbus Blue Jackets,CBJ,NA,NA,2775000,925000,3,2015,2015,20152016,2015-12-20,RFA
8475857,Kevin Gravel,exact,LD,Los Angeles Kings,LAK,NA,NA,1335000,667500,2,2015,2015,20152016,2015-06-17,other
8477335,Kyle Burroughs,exact,"RD, LD",New York Islanders,NYI,NA,NA,1890000,630000,3,2015,2015,20152016,2015-04-08,RFA
8478474,Lawson Crouse,exact,"LW, RW",Florida Panthers,FLA,NA,NA,4900000,1633333,3,2015,2015,20152016,2015-07-15,RFA
8475149,Marcus Johansson,exact,"LW, RW",Washington Capitals,WSH,Washington Capitals,WSH,3750000,3750000,1,2015,2015,20152016,2015-07-31,other
8477969,Marcus Pettersson,exact,LD,Anaheim Ducks,ANA,NA,NA,2775000,925000,3,2015,2015,20152016,2015-06-12,RFA
8475913,Mark Stone,exact,RW,Ottawa Senators,OTT,Ottawa Senators,OTT,10500000,3500000,3,2015,2015,20152016,2015-06-25,other
8477419,Mason Geertsen,exact,LW,Colorado Avalanche,COL,NA,NA,2025000,750000,3,2015,2015,20152016,2015-03-24,RFA
8478445,Mathew Barzal,exact,"RW, C, LW",New York Islanders,NYI,NA,NA,2775000,1325000,3,2015,2015,20152016,2015-09-10,RFA
8475692,Mats Zuccarello,exact,"RW, LW",New York Rangers,NYR,New York Rangers,NYR,18000000,4500000,4,2015,2015,20152016,2015-03-02,UFA
8475218,Mattias Ekholm,exact,"LD, RD",Nashville Predators,NSH,Nashville Predators,NSH,22500000,3750000,6,2015,2015,20152016,2015-10-26,UFA
8477406,Mattias Janmark,exact,"LW, RW, C",Dallas Stars,DAL,NA,NA,1600000,800000,2,2015,2015,20152016,2015-04-27,RFA
8478047,Michael Bunting,exact,LW,Arizona Coyotes,ARI,NA,NA,2775000,925000,3,2015,2015,20152016,2015-07-23,RFA
8475958,Michael Sgarbossa,exact,"C, RW",Anaheim Ducks,ANA,Colorado Avalanche,COL,605000,605000,1,2015,2015,20152016,2015-07-16,other
8476459,Mika Zibanejad,exact,C,Ottawa Senators,OTT,Ottawa Senators,OTT,5250000,2625000,2,2015,2015,20152016,2015-06-25,other
8474150,Mikael Backlund,exact,C,Calgary Flames,CGY,Calgary Flames,CGY,10725000,3575000,3,2015,2015,20152016,2015-06-20,UFA
8475798,Mikael Granlund,exact,C,Minnesota Wild,MIN,Minnesota Wild,MIN,6000000,3000000,2,2015,2015,20152016,2015-07-01,other
8476875,Mike Matheson,exact,LD,Florida Panthers,FLA,NA,NA,2775000,925000,3,2015,2015,20152016,2015-04-01,other
8476422,Mike Reilly,exact,"LD, RD",Minnesota Wild,MIN,NA,NA,4050000,2025000,2,2015,2015,20152016,2015-07-01,other
8478420,Mikko Rantanen,exact,RW,Colorado Avalanche,COL,NA,NA,4975000,1658333,3,2015,2015,20152016,2015-07-14,RFA
8478483,Mitch Marner,exact,"RW, LW",Toronto Maple Leafs,TOR,NA,NA,2775000,1775000,3,2015,2015,20152016,2015-07-28,RFA
8477220,Nate Schmidt,exact,"RD, LD",Washington Capitals,WSH,Washington Capitals,WSH,1625000,812500,2,2015,2015,20152016,2015-06-17,other
8475172,Nazem Kadri,exact,C,Toronto Maple Leafs,TOR,Toronto Maple Leafs,TOR,4100000,4100000,1,2015,2015,20152016,2015-07-05,other
8475343,Nic Dowd,exact,C,Los Angeles Kings,LAK,NA,NA,600000,600000,1,2015,2015,20152016,2015-07-16,other
8475324,Nick Jensen,exact,"RD, LD",Detroit Red Wings,DET,NA,NA,1175000,587500,2,2015,2015,20152016,2015-07-13,other
8475181,Nick Leddy,exact,LD,New York Islanders,NYI,New York Islanders,NYI,38500000,5500000,7,2015,2015,20152016,2015-02-24,UFA
8478396,Noah Hanifin,exact,LD,Carolina Hurricanes,CAR,NA,NA,2775000,1775000,3,2015,2015,20152016,2015-07-11,RFA
8478454,Noah Juulsen,exact,RD,Montreal Canadiens,MTL,NA,NA,3375000,1125000,3,2015,2015,20152016,2015-07-09,RFA
8478569,Noel Acciari,exact,C,Boston Bruins,BOS,NA,NA,1850000,925000,2,2015,2015,20152016,2015-06-03,other
8478430,Oliver Kylington,exact,LD,Calgary Flames,CGY,NA,NA,2775000,925000,3,2015,2015,20152016,2015-07-15,RFA
8478401,Pavel Zacha,exact,C,New Jersey Devils,NJD,NA,NA,5325000,1775000,3,2015,2015,20152016,2015-08-11,RFA
8479026,Philippe Myers,exact,RD,Philadelphia Flyers,PHI,NA,NA,2110000,636667,3,2015,2015,20152016,2015-09-21,RFA
8478397,Rasmus Andersson,exact,RD,Calgary Flames,CGY,NA,NA,2775000,925000,3,2015,2015,20152016,2015-09-14,RFA
8475191,Reilly Smith,exact,"RW, LW",Boston Bruins,BOS,Boston Bruins,BOS,6850000,3425000,2,2015,2015,20152016,2015-03-06,other
8474062,Riley Nash,exact,C,Carolina Hurricanes,CAR,Carolina Hurricanes,CAR,1150000,1150000,1,2015,2015,20152016,2015-07-01,UFA
8474145,Robert Bortuzzo,exact,RD,St. Louis Blues,STL,Pittsburgh Penguins,PIT,2100000,1050000,2,2015,2015,20152016,2015-07-02,UFA
8477527,Ross Johnston,exact,"LW, RW",New York Islanders,NYI,NA,NA,2000000,666667,3,2015,2015,20152016,2015-03-31,other
8475158,Ryan O'Reilly,exact,C,Buffalo Sabres,BUF,Colorado Avalanche,COL,52500000,7500000,7,2015,2015,20152016,2015-07-03,UFA
8475842,Sam Carrick,exact,C,Toronto Maple Leafs,TOR,Toronto Maple Leafs,TOR,600000,600000,1,2015,2015,20152016,2015-05-28,other
8476461,Sean Couturier,exact,C,Philadelphia Flyers,PHI,Philadelphia Flyers,PHI,26000000,4333333,6,2015,2015,20152016,2015-07-28,UFA
8476871,Tanner Pearson,exact,"LW, RW",Los Angeles Kings,LAK,Los Angeles Kings,LAK,2800000,1400000,2,2015,2015,20152016,2015-04-02,other
8478469,Thomas Chabot,exact,"RD, LD",Ottawa Senators,OTT,NA,NA,3855000,1285000,3,2015,2015,20152016,2015-09-30,RFA
8478414,Timo Meier,exact,"RW, C, LW",San Jose Sharks,SJS,NA,NA,5025000,1675000,3,2015,2015,20152016,2015-07-07,RFA
8476792,Torey Krug,exact,LD,Boston Bruins,BOS,Boston Bruins,BOS,3400000,3400000,1,2015,2015,20152016,2015-03-06,other
8476329,Travis Boyd,exact,"RW, C",Washington Capitals,WSH,NA,NA,1850000,925000,2,2015,2015,20152016,2015-04-01,other
8478408,Travis Dermott,exact,"LD, RD",Toronto Maple Leafs,TOR,NA,NA,2775000,925000,3,2015,2015,20152016,2015-07-22,RFA
8478439,Travis Konecny,exact,"RW, LW",Philadelphia Flyers,PHI,NA,NA,3412500,1137500,3,2015,2015,20152016,2015-07-16,RFA
8477845,Trevor van Riemsdyk,exact,"RD, LD",Chicago Blackhawks,CHI,Chicago Blackhawks,CHI,1650000,825000,2,2015,2015,20152016,2015-07-07,other
8475752,Tyler Pitlick,exact,"RW, C",Edmonton Oilers,EDM,Edmonton Oilers,EDM,761250,761250,1,2015,2015,20152016,2015-07-16,other
8475726,Tyler Toffoli,exact,"RW, C",Los Angeles Kings,LAK,Los Angeles Kings,LAK,6500000,3250000,2,2015,2015,20152016,2015-06-26,other
8478407,Vince Dunn,exact,"LD, RD",St. Louis Blues,STL,NA,NA,2775000,925000,3,2015,2015,20152016,2015-09-24,RFA
8476994,Vinnie Hinostroza,exact,"RW, C",Chicago Blackhawks,CHI,NA,NA,2775000,925000,3,2015,2015,20152016,2015-03-22,other
8475765,Vladimir Tarasenko,exact,"RW, LW",St. Louis Blues,STL,St. Louis Blues,STL,60000000,7500000,8,2015,2015,20152016,2015-07-07,UFA
8476480,Vladislav Namestnikov,exact,"RW, C",Tampa Bay Lightning,TBL,Tampa Bay Lightning,TBL,874125,874125,1,2015,2015,20152016,2015-07-17,other
8478508,Yakov Trenin,exact,"C, LW, RW",Nashville Predators,NSH,NA,NA,2775000,925000,3,2015,2015,20152016,2015-07-10,RFA
8474610,Zac Dalpe,exact,C,Minnesota Wild,MIN,Buffalo Sabres,BUF,600000,600000,1,2015,2015,20152016,2015-07-01,other
8475786,Zach Hyman,exact,"LW, RW",Toronto Maple Leafs,TOR,NA,NA,1800000,900000,2,2015,2015,20152016,2015-06-24,other
8478421,A.J. Greer,exact,LW,Colorado Avalanche,COL,NA,NA,2475000,825000,3,2016,2016,20162017,2016-07-01,RFA
8477932,Aaron Ekblad,exact,RD,Florida Panthers,FLA,Florida Panthers,FLA,60000000,7500000,8,2016,2016,20162017,2016-07-01,UFA
8476392,Adam Lowry,exact,C,Winnipeg Jets,WPG,Winnipeg Jets,WPG,2250000,1125000,2,2016,2016,20162017,2016-07-14,other
8477493,Aleksander Barkov,exact,C,Florida Panthers,FLA,Florida Panthers,FLA,35400000,5900000,6,2016,2016,20162017,2016-01-25,UFA
8479337,Alex DeBrincat,exact,"RW, LW",Chicago Blackhawks,CHI,NA,NA,2775000,925000,3,2016,2016,20162017,2016-11-07,RFA
8473986,Alex Killorn,exact,"LW, RW",Tampa Bay Lightning,TBL,Tampa Bay Lightning,TBL,31150000,4450000,7,2016,2016,20162017,2016-07-17,UFA
8477949,Alex Tuch,exact,"RW, C",Minnesota Wild,MIN,NA,NA,4050000,1350000,3,2016,2016,20162017,2016-04-13,RFA
8479423,Alexander Nylander,first_name_variant,"LW, RW",Buffalo Sabres,BUF,NA,NA,5325000,1775000,3,2016,2016,20162017,2016-07-15,other
8477971,Andreas Englund,exact,LD,Ottawa Senators,OTT,NA,NA,2775000,925000,3,2016,2016,20162017,2016-04-06,RFA
8475461,Andrew Agozzino,exact,LW,St. Louis Blues,STL,Colorado Avalanche,COL,600000,600000,1,2016,2016,20162017,2016-07-01,other
8478233,Andrew Mangiapane,exact,LW,Calgary Flames,CGY,NA,NA,2400000,800000,3,2016,2016,20162017,2016-03-23,RFA
8479249,Andrew Poturalski,exact,C,Carolina Hurricanes,CAR,NA,NA,1850000,925000,2,2016,2016,20162017,2016-03-08,other
8478519,Anthony Cirelli,exact,"C, RW",Tampa Bay Lightning,TBL,NA,NA,2775000,925000,3,2016,2016,20162017,2016-05-19,RFA
8471685,Anze Kopitar,exact,C,Los Angeles Kings,LAK,Los Angeles Kings,LAK,80000000,10000000,8,2016,2016,20162017,2016-01-16,UFA
8478550,Artemi Panarin,exact,"RW, LW",Chicago Blackhawks,CHI,Chicago Blackhawks,CHI,12000000,6000000,2,2016,2016,20162017,2016-12-28,UFA
8477476,Artturi Lehkonen,exact,"LW, RW",Montreal Canadiens,MTL,NA,NA,2775000,925000,3,2016,2016,20162017,2016-05-08,other
8479318,Auston Matthews,exact,C,Toronto Maple Leafs,TOR,NA,NA,11325000,3775000,3,2016,2016,20162017,2016-07-21,RFA
8477018,Ben Hutton,exact,"LD, RD",Vancouver Canucks,VAN,Vancouver Canucks,VAN,5600000,2800000,2,2016,2016,20162017,2016-11-24,other
8476432,Boone Jenner,exact,C,Columbus Blue Jackets,CBJ,Columbus Blue Jackets,CBJ,5800000,2900000,2,2016,2016,20162017,2016-02-29,other
8473419,Brad Marchand,exact,"LW, RW, C",Boston Bruins,BOS,Boston Bruins,BOS,49000000,6125000,8,2016,2016,20162017,2016-09-26,UFA
8479330,Brandon Gignac,exact,C,New Jersey Devils,NJD,NA,NA,2950000,925000,3,2016,2016,20162017,2016-11-11,other
8479293,Brandon Tanev,exact,"LW, RW",Winnipeg Jets,WPG,Winnipeg Jets,WPG,925000,2266250,1,2016,2016,20162017,2016-03-30,other
8479293,Brandon Tanev,exact,"LW, RW",Winnipeg Jets,WPG,Winnipeg Jets,WPG,874125,874125,1,2016,2016,20162017,2016-07-21,other
8475188,Brayden McNabb,exact,"RD, LD",Los Angeles Kings,LAK,Los Angeles Kings,LAK,3400000,1700000,2,2016,2016,20162017,2016-06-04,UFA
8475170,Brayden Schenn,exact,"C, LW, RW",Philadelphia Flyers,PHI,Philadelphia Flyers,PHI,20500000,5125000,4,2016,2016,20162017,2016-07-25,UFA
8470613,Brent Burns,exact,RD,San Jose Sharks,SJS,San Jose Sharks,SJS,64000000,8000000,8,2016,2016,20162017,2016-11-22,UFA
8479353,Brett Howden,exact,"LW, C",Tampa Bay Lightning,TBL,NA,NA,2775000,925000,3,2016,2016,20162017,2016-12-27,RFA
8475810,Bryan Rust,exact,"RW, LW",Pittsburgh Penguins,PIT,Pittsburgh Penguins,PIT,1280000,640000,2,2016,2016,20162017,2016-03-14,other
8478452,Caleb Jones,exact,"RD, LD",Edmonton Oilers,EDM,NA,NA,2400000,800000,3,2016,2016,20162017,2016-04-06,RFA
8475714,Calle Jarnkrok,exact,"RW, LW, C",Nashville Predators,NSH,Nashville Predators,NSH,12000000,2000000,6,2016,2016,20162017,2016-07-27,UFA
8475231,Casey Cizikas,exact,"LW, C",New York Islanders,NYI,New York Islanders,NYI,16750000,3350000,5,2016,2016,20162017,2016-06-02,UFA
8477244,Chad Ruhwedel,exact,RD,Pittsburgh Penguins,PIT,Buffalo Sabres,BUF,575000,575000,1,2016,2016,20162017,2016-07-01,UFA
8475184,Chris Kreider,exact,"LW, RW",New York Rangers,NYR,New York Rangers,NYR,18500000,4625000,4,2016,2016,20162017,2016-07-22,UFA
8475780,Chris Wagner,exact,"C, RW",Anaheim Ducks,ANA,Anaheim Ducks,ANA,1275000,637500,2,2016,2016,20162017,2016-04-01,UFA
8478056,Clark Bishop,exact,C,Carolina Hurricanes,CAR,NA,NA,2140000,713333,3,2016,2016,20162017,2016-04-04,RFA
8476879,Cody Ceci,exact,"RD, LD",Ottawa Senators,OTT,Ottawa Senators,OTT,5600000,2800000,2,2016,2016,20162017,2016-08-23,other
8476525,Colin Miller,exact,RD,Boston Bruins,BOS,Boston Bruins,BOS,2000000,1000000,2,2016,2016,20162017,2016-07-13,other
8476925,Colton Sissons,exact,C,Nashville Predators,NSH,Nashville Predators,NSH,1875000,625000,3,2016,2016,20162017,2016-02-22,other
8478841,Colton White,exact,LD,New Jersey Devils,NJD,NA,NA,2775000,925000,3,2016,2016,20162017,2016-09-21,RFA
8476941,Connor Carrick,exact,RD,Toronto Maple Leafs,TOR,Washington Capitals,WSH,1500000,750000,2,2016,2016,20162017,2016-07-22,other
8476473,Connor Murphy,exact,"RD, LD",Arizona Coyotes,ARI,Arizona Coyotes,ARI,23100000,3850000,6,2016,2016,20162017,2016-07-28,UFA
8478046,Danton Heinen,exact,"LW, RW",Boston Bruins,BOS,NA,NA,2987500,995833,3,2016,2016,20162017,2016-04-11,other
8474102,David Perron,exact,"LW, RW",St. Louis Blues,STL,Pittsburgh Penguins,PIT,7500000,3750000,2,2016,2016,20162017,2016-07-01,UFA
8475762,Derek Forbort,exact,"LD, RD",Los Angeles Kings,LAK,Los Angeles Kings,LAK,1300000,650000,2,2016,2016,20162017,2016-07-09,other
8478585,Derek Ryan,exact,"C, RW",Carolina Hurricanes,CAR,Carolina Hurricanes,CAR,600000,600000,1,2016,2016,20162017,2016-06-16,UFA
8478038,Devon Toews,exact,LD,New York Islanders,NYI,NA,NA,2062500,1031250,2,2016,2016,20162017,2016-04-15,other
8475200,Dmitry Orlov,exact,"LD, RD",Washington Capitals,WSH,Washington Capitals,WSH,2570000,2570000,1,2016,2016,20162017,2016-09-21,other
8479465,Drake Caggiula,exact,LW,Edmonton Oilers,EDM,NA,NA,2700000,1350000,2,2016,2016,20162017,2016-05-07,other
8478211,Dryden Hunt,exact,"LW, RW",Florida Panthers,FLA,NA,NA,2775000,925000,3,2016,2016,20162017,2016-03-02,RFA
8476331,Dylan DeMelo,exact,RD,San Jose Sharks,SJS,San Jose Sharks,SJS,1300000,650000,2,2016,2016,20162017,2016-07-11,other
8475795,Dylan McIlrath,exact,RD,New York Rangers,NYR,New York Rangers,NYR,800000,800000,1,2016,2016,20162017,2016-07-15,other
8475790,Erik Gudbranson,exact,RD,Florida Panthers,FLA,Florida Panthers,FLA,3500000,3500000,1,2016,2016,20162017,2016-05-09,other
8478451,Ethan Bear,exact,RD,Edmonton Oilers,EDM,NA,NA,2165000,800000,3,2016,2016,20162017,2016-07-02,RFA
8476887,Filip Forsberg,exact,LW,Nashville Predators,NSH,Nashville Predators,NSH,36000000,6000000,6,2016,2016,20162017,2016-06-27,UFA
8479425,Filip Hronek,exact,"RD, LD",Detroit Red Wings,DET,NA,NA,2925000,925000,3,2016,2016,20162017,2016-07-14,RFA
8477919,Frederick Gaudreau,exact,"C, RW, LW",Nashville Predators,NSH,NA,NA,1190000,595000,2,2016,2016,20162017,2016-01-05,other
8479379,Givani Smith,exact,RW,Detroit Red Wings,DET,NA,NA,2925000,925000,3,2016,2016,20162017,2016-10-17,RFA
8478055,Gustav Forsling,exact,LD,Chicago Blackhawks,CHI,NA,NA,2775000,925000,3,2016,2016,20162017,2016-05-11,RFA
8476854,Hampus Lindholm,exact,LD,Anaheim Ducks,ANA,Anaheim Ducks,ANA,31500000,5713415,6,2016,2016,20162017,2016-10-27,UFA
8477392,Hudson Fasching,exact,"RW, LW",Buffalo Sabres,BUF,Buffalo Sabres,BUF,4050000,1350000,3,2016,2016,20162017,2016-03-21,other
8477456,J.T. Compher,exact,"C, LW",Colorado Avalanche,COL,NA,NA,3000000,1000000,3,2016,2016,20162017,2016-04-25,other
8476468,J.T. Miller,exact,"C, LW",New York Rangers,NYR,New York Rangers,NYR,5500000,2750000,2,2016,2016,20162017,2016-07-13,other
8478458,Jack Roslovic,exact,"RW, C",Winnipeg Jets,WPG,NA,NA,3412500,1137500,3,2016,2016,20162017,2016-07-18,RFA
8479421,Jacob Moverare,exact,"LD, RD",Los Angeles Kings,LAK,NA,NA,2250000,691667,3,2016,2016,20162017,2016-07-14,RFA
8476885,Jacob Trouba,exact,RD,Winnipeg Jets,WPG,Winnipeg Jets,WPG,6000000,3308824,2,2016,2016,20162017,2016-11-07,other
8475768,Jaden Schwartz,exact,"RW, LW, C",St. Louis Blues,STL,St. Louis Blues,STL,26750000,5350000,5,2016,2016,20162017,2016-07-15,UFA
8479402,Jake Bean,exact,"LD, RD",Carolina Hurricanes,CAR,NA,NA,4275000,1425000,3,2016,2016,20162017,2016-07-09,RFA
8477404,Jake Guentzel,exact,"LW, C",Pittsburgh Penguins,PIT,NA,NA,2775000,925000,3,2016,2016,20162017,2016-05-23,other
8476931,Jake McCabe,exact,"LD, RD",Buffalo Sabres,BUF,Buffalo Sabres,BUF,4800000,1600000,3,2016,2016,20162017,2016-06-30,other
8479345,Jakob Chychrun,exact,"LD, RD",Arizona Coyotes,ARI,NA,NA,4050000,1350000,3,2016,2016,20162017,2016-07-30,RFA
8473994,Jamie Benn,exact,"LW, C",Dallas Stars,DAL,Dallas Stars,DAL,76000000,9500000,8,2016,2016,20162017,2016-07-15,UFA
8476467,Jamie Oleksiak,exact,"LD, RD",Dallas Stars,DAL,Dallas Stars,DAL,918750,918750,1,2016,2016,20162017,2016-07-12,other
8475797,Jarred Tinordi,exact,LD,Arizona Coyotes,ARI,Montréal Canadiens,MTL,700000,700000,1,2016,2016,20162017,2016-07-01,other
8475722,Jason Zucker,exact,"LW, RW",Minnesota Wild,MIN,Minnesota Wild,MIN,4000000,2000000,2,2016,2016,20162017,2016-06-29,other
8479344,Jesse Puljujarvi,exact,RW,Edmonton Oilers,EDM,NA,NA,10275000,3425000,3,2016,2016,20162017,2016-07-13,RFA
8476918,Jimmy Vesey,exact,LW,New York Rangers,NYR,NA,NA,7550000,3775000,2,2016,2016,20162017,2016-08-19,other
8476469,Joel Armia,exact,"LW, RW",Winnipeg Jets,WPG,Winnipeg Jets,WPG,1850000,925000,2,2016,2016,20162017,2016-07-14,other
8476441,Joel Edmundson,exact,"LD, RD",St. Louis Blues,STL,St. Louis Blues,STL,2100000,1050000,2,2016,2016,20162017,2016-04-08,other
8477810,Joel Hanley,exact,"LD, RD",Montreal Canadiens,MTL,Montréal Canadiens,MTL,600000,600000,1,2016,2016,20162017,2016-06-22,other
8476346,Johnny Gaudreau,exact,"LW, RW",Calgary Flames,CGY,Calgary Flames,CGY,40500000,6750000,6,2016,2016,20162017,2016-10-10,UFA
8475750,Jon Merrill,exact,"RD, LD",New Jersey Devils,NJD,New Jersey Devils,NJD,2275000,1137500,2,2016,2016,20162017,2016-07-01,other
8476456,Jonathan Huberdeau,exact,"RW, LW",Florida Panthers,FLA,Florida Panthers,FLA,35400000,5900000,6,2016,2016,20162017,2016-09-06,UFA
8476539,Jonathan Marchessault,exact,"RW, C",Florida Panthers,FLA,Tampa Bay Lightning,TBL,1500000,750000,2,2016,2016,20162017,2016-07-01,UFA
8479385,Jordan Kyrou,exact,"RW, C",St. Louis Blues,STL,NA,NA,2825000,925000,3,2016,2016,20162017,2016-07-27,RFA
8477851,Jordan Oesterle,exact,"LD, RD",Edmonton Oilers,EDM,Edmonton Oilers,EDM,585000,585000,1,2016,2016,20162017,2016-06-20,other
8479328,Julien Gauthier,exact,RW,Carolina Hurricanes,CAR,NA,NA,3675000,1225000,3,2016,2016,20162017,2016-07-09,RFA
8475413,Justin Dowling,exact,C,Dallas Stars,DAL,NA,NA,625000,625000,1,2016,2016,20162017,2016-05-31,other
8475718,Justin Holl,exact,RD,Toronto Maple Leafs,TOR,NA,NA,925000,925000,1,2016,2016,20162017,2016-07-02,other
8477993,Justin Kirkland,exact,C,Nashville Predators,NSH,NA,NA,2775000,925000,3,2016,2016,20162017,2016-05-16,other
8475246,Kevin Connauton,exact,"LD, RD",Arizona Coyotes,ARI,Columbus Blue Jackets,CBJ,2000000,1000000,2,2016,2016,20162017,2016-07-01,UFA
8475763,Kevin Hayes,exact,"C, RW",New York Rangers,NYR,New York Rangers,NYR,5200000,2600000,2,2016,2016,20162017,2016-07-22,other
8478099,Kevin Labanc,exact,"RW, LW",San Jose Sharks,SJS,NA,NA,2775000,925000,3,2016,2016,20162017,2016-03-09,RFA
8478476,Kyle Capobianco,exact,LD,Arizona Coyotes,ARI,NA,NA,2775000,925000,3,2016,2016,20162017,2016-10-31,RFA
8478398,Kyle Connor,exact,"RW, LW",Winnipeg Jets,WPG,NA,NA,5325000,1775000,3,2016,2016,20162017,2016-04-11,RFA
8475151,Kyle Palmieri,exact,"RW, LW, C",New Jersey Devils,NJD,New Jersey Devils,NJD,23250000,4650000,5,2016,2016,20162017,2016-07-07,UFA
8478967,Lane Pederson,exact,C,Arizona Coyotes,ARI,NA,NA,1980000,660000,3,2016,2016,20162017,2016-10-13,RFA
8479378,Logan Stanley,exact,"RD, LD",Winnipeg Jets,WPG,NA,NA,3412500,1137500,3,2016,2016,20162017,2016-12-06,RFA
8476822,Luke Glendening,exact,C,Detroit Red Wings,DET,Detroit Red Wings,DET,7200000,1800000,4,2016,2016,20162017,2016-07-14,UFA
8474568,Luke Schenn,exact,RD,Arizona Coyotes,ARI,Philadelphia Flyers,PHI,2500000,1250000,2,2016,2016,20162017,2016-07-23,UFA
8476907,Mackenzie MacEachern,exact,"LW, RW",St. Louis Blues,STL,NA,NA,1850000,925000,2,2016,2016,20162017,2016-03-30,other
8475220,Marcus Foligno,exact,"LW, RW",Buffalo Sabres,BUF,Buffalo Sabres,BUF,2250000,2250000,1,2016,2016,20162017,2016-07-14,other
8475149,Marcus Johansson,exact,"LW, RW",Washington Capitals,WSH,Washington Capitals,WSH,13750000,4583333,3,2016,2016,20162017,2016-07-20,UFA
8476873,Mark Jankowski,exact,"C, RW",Calgary Flames,CGY,NA,NA,2987500,1493750,2,2016,2016,20162017,2016-03-30,other
8476460,Mark Scheifele,exact,C,Winnipeg Jets,WPG,Winnipeg Jets,WPG,49000000,6125000,8,2016,2016,20162017,2016-07-08,UFA
8476856,Mathew Dumba,exact,RD,Minnesota Wild,MIN,Minnesota Wild,MIN,5100000,2550000,2,2016,2016,20162017,2016-07-28,other
8478472,Mathieu Joseph,exact,RW,Tampa Bay Lightning,TBL,NA,NA,2775000,925000,3,2016,2016,20162017,2016-12-24,RFA
8476988,Matt Benning,exact,RD,Edmonton Oilers,EDM,NA,NA,2150000,1075000,2,2016,2016,20162017,2016-08-27,other
8476891,Matt Grzelcyk,exact,"LD, RD",Boston Bruins,BOS,NA,NA,1850000,925000,2,2016,2016,20162017,2016-04-01,other
8474709,Matt Martin,exact,"LW, RW",Toronto Maple Leafs,TOR,New York Islanders,NYI,10000000,2500000,4,2016,2016,20162017,2016-07-01,UFA
8476442,Matt Nieto,exact,LW,San Jose Sharks,SJS,San Jose Sharks,SJS,735000,735000,1,2016,2016,20162017,2016-07-15,other
8479314,Matthew Tkachuk,exact,LW,Calgary Flames,CGY,NA,NA,5325000,1775000,3,2016,2016,20162017,2016-07-07,RFA
8479368,Max Jones,exact,"LW, RW",Anaheim Ducks,ANA,NA,NA,2775000,925000,3,2016,2016,20162017,2016-08-26,RFA
8479320,Max Lajoie,first_name_variant,"LD, RD",Ottawa Senators,OTT,NA,NA,2500000,800000,3,2016,2016,20162017,2016-10-03,RFA
8476323,Max McCormick,exact,LW,Ottawa Senators,OTT,Ottawa Senators,OTT,650000,650000,1,2016,2016,20162017,2016-07-01,other
8478020,Michael Amadio,exact,"RW, C",Los Angeles Kings,LAK,NA,NA,2775000,925000,3,2016,2016,20162017,2016-03-13,RFA
8479619,Michael Carcone,exact,"LW, RW",Vancouver Canucks,VAN,NA,NA,2025000,675000,3,2016,2016,20162017,2016-07-15,RFA
8475958,Michael Sgarbossa,exact,"C, RW",Anaheim Ducks,ANA,Anaheim Ducks,ANA,600000,600000,1,2016,2016,20162017,2016-06-21,other
8479410,Mikhail Sergachev,exact,LD,Montreal Canadiens,MTL,NA,NA,5325000,1775000,3,2016,2016,20162017,2016-07-01,RFA
8477425,Miles Wood,exact,"LW, RW",New Jersey Devils,NJD,New Jersey Devils,NJD,2775000,925000,3,2016,2016,20162017,2016-04-08,other
8478477,Mitchell Stephens,exact,C,Tampa Bay Lightning,TBL,NA,NA,2775000,925000,3,2016,2016,20162017,2016-04-04,RFA
8476853,Morgan Rielly,exact,LD,Toronto Maple Leafs,TOR,Toronto Maple Leafs,TOR,30000000,5000000,6,2016,2016,20162017,2016-04-13,UFA
8479414,Nathan Bastian,exact,"RW, LW",New Jersey Devils,NJD,NA,NA,2900000,925000,3,2016,2016,20162017,2016-10-19,RFA
8477492,Nathan MacKinnon,exact,C,Colorado Avalanche,COL,Colorado Avalanche,COL,44100000,6300000,7,2016,2016,20162017,2016-07-08,UFA
8475172,Nazem Kadri,exact,C,Toronto Maple Leafs,TOR,Toronto Maple Leafs,TOR,27000000,4500000,6,2016,2016,20162017,2016-04-13,UFA
8475343,Nic Dowd,exact,C,Los Angeles Kings,LAK,Los Angeles Kings,LAK,1280000,640000,2,2016,2016,20162017,2016-07-11,UFA
8476393,Nick Cousins,exact,"RW, LW, C",Philadelphia Flyers,PHI,Philadelphia Flyers,PHI,840000,840000,1,2016,2016,20162017,2016-07-14,other
8477951,Nick Schmaltz,exact,"LW, RW, C",Chicago Blackhawks,CHI,NA,NA,4625000,1541667,3,2016,2016,20162017,2016-06-19,RFA
8476372,Nick Seeler,exact,"LD, RD",Minnesota Wild,MIN,NA,NA,1850000,925000,2,2016,2016,20162017,2016-03-26,other
8475235,Nicolas Deslauriers,exact,LW,Buffalo Sabres,BUF,Buffalo Sabres,BUF,1550000,775000,2,2016,2016,20162017,2016-06-20,UFA
8478462,Nicolas Roy,exact,"C, RW",Carolina Hurricanes,CAR,NA,NA,2400000,800000,3,2016,2016,20162017,2016-04-09,RFA
8476453,Nikita Kucherov,exact,RW,Tampa Bay Lightning,TBL,Tampa Bay Lightning,TBL,14300000,4766667,3,2016,2016,20162017,2016-10-11,other
8476874,Olli Maatta,exact,"RD, LD",Pittsburgh Penguins,PIT,Pittsburgh Penguins,PIT,24500000,4083333,6,2016,2016,20162017,2016-02-26,UFA
8478450,Parker Wotherspoon,exact,"LD, RD",New York Islanders,NYI,NA,NA,2650000,858333,3,2016,2016,20162017,2016-05-02,RFA
8477887,Patrick Brown,exact,"RW, LW, C",Carolina Hurricanes,CAR,Carolina Hurricanes,CAR,650000,650000,1,2016,2016,20162017,2016-06-28,other
8479339,Patrik Laine,exact,"LW, RW",Winnipeg Jets,WPG,NA,NA,10725000,3575000,3,2016,2016,20162017,2016-07-03,RFA
8477402,Pavel Buchnevich,exact,"LW, C",New York Rangers,NYR,NA,NA,2775000,925000,3,2016,2016,20162017,2016-05-13,other
8476479,Phillip Danault,exact,C,Montreal Canadiens,MTL,Chicago Blackhawks,CHI,1825000,912500,2,2016,2016,20162017,2016-07-05,other
8479400,Pierre-Luc Dubois,exact,"C, RW, LW",Columbus Blue Jackets,CBJ,NA,NA,10275000,3425000,3,2016,2016,20162017,2016-06-29,RFA
8475462,Radko Gudas,exact,RD,Philadelphia Flyers,PHI,Philadelphia Flyers,PHI,13400000,3350000,4,2016,2016,20162017,2016-06-23,UFA
8477499,Rasmus Ristolainen,exact,RD,Buffalo Sabres,BUF,Buffalo Sabres,BUF,32400000,5400000,6,2016,2016,20162017,2016-10-11,UFA
8475191,Reilly Smith,exact,"RW, LW",Florida Panthers,FLA,Florida Panthers,FLA,25000000,5000000,5,2016,2016,20162017,2016-07-03,UFA
8476483,Rickard Rakell,exact,"RW, LW",Anaheim Ducks,ANA,Anaheim Ducks,ANA,22800000,3853672,6,2016,2016,20162017,2016-10-14,UFA
8474062,Riley Nash,exact,C,Boston Bruins,BOS,Carolina Hurricanes,CAR,1800000,900000,2,2016,2016,20162017,2016-07-01,UFA
8474145,Robert Bortuzzo,exact,RD,St. Louis Blues,STL,St. Louis Blues,STL,2300000,1150000,2,2016,2016,20162017,2016-12-29,UFA
8476458,Ryan Strome,exact,"LW, C, RW",New York Islanders,NYI,New York Islanders,NYI,5000000,2500000,2,2016,2016,20162017,2016-09-20,other
8475842,Sam Carrick,exact,C,Chicago Blackhawks,CHI,Toronto Maple Leafs,TOR,575000,575000,1,2016,2016,20162017,2016-07-01,other
8479351,Sam Steel,exact,"LW, RW, C",Anaheim Ducks,ANA,NA,NA,2775000,925000,3,2016,2016,20162017,2016-12-20,RFA
8479398,Samuel Girard,exact,"LD, RD",Nashville Predators,NSH,NA,NA,2775000,925000,3,2016,2016,20162017,2016-09-29,RFA
8476429,Scott Mayfield,exact,RD,New York Islanders,NYI,New York Islanders,NYI,1250000,625000,2,2016,2016,20162017,2016-07-12,other
8476374,Sean Kuraly,exact,C,Boston Bruins,BOS,NA,NA,1850000,925000,2,2016,2016,20162017,2016-03-29,other
8477497,Sean Monahan,exact,C,Calgary Flames,CGY,Calgary Flames,CGY,44625000,6375000,7,2016,2016,20162017,2016-08-19,UFA
8478427,Sebastian Aho,manual_override,"C, LW",Carolina Hurricanes,CAR,NA,NA,5325000,1775000,3,2016,2016,20162017,2016-06-13,RFA
8477495,Seth Jones,exact,RD,Columbus Blue Jackets,CBJ,Nashville Predators,NSH,32400000,5400000,6,2016,2016,20162017,2016-06-29,UFA
8476474,Stefan Noesen,exact,RW,Anaheim Ducks,ANA,Anaheim Ducks,ANA,600000,600000,1,2016,2016,20162017,2016-07-23,RFA
8477463,Steven Santini,exact,RD,New Jersey Devils,NJD,New Jersey Devils,NJD,2775000,925000,3,2016,2016,20162017,2016-04-08,other
8474564,Steven Stamkos,exact,"RW, LW, C",Tampa Bay Lightning,TBL,Tampa Bay Lightning,TBL,68000000,8500000,8,2016,2016,20162017,2016-06-29,UFA
8476391,T.J. Tynan,exact,C,Columbus Blue Jackets,CBJ,NA,NA,600000,600000,1,2016,2016,20162017,2016-07-25,other
8476927,Teddy Blueger,exact,C,Pittsburgh Penguins,PIT,NA,NA,1410000,925000,2,2016,2016,20162017,2016-03-22,other
8476880,Tom Wilson,exact,RW,Washington Capitals,WSH,Washington Capitals,WSH,4000000,2000000,2,2016,2016,20162017,2016-06-30,other
8476881,Tomas Hertl,exact,C,San Jose Sharks,SJS,San Jose Sharks,SJS,6000000,3000000,2,2016,2016,20162017,2016-06-29,other
8477931,Tomas Nosek,exact,"C, LW",Detroit Red Wings,DET,Detroit Red Wings,DET,1225000,612500,2,2016,2016,20162017,2016-05-27,other
8476792,Torey Krug,exact,LD,Boston Bruins,BOS,Boston Bruins,BOS,21000000,5250000,4,2016,2016,20162017,2016-06-30,UFA
8473453,Trevor Lewis,exact,"C, RW, LW",Los Angeles Kings,LAK,Los Angeles Kings,LAK,8000000,2000000,4,2016,2016,20162017,2016-06-25,UFA
8479675,Trevor Moore,exact,LW,Toronto Maple Leafs,TOR,NA,NA,5325000,1775000,3,2016,2016,20162017,2016-07-26,other
8479442,Troy Stecher,exact,"RD, LD",Vancouver Canucks,VAN,NA,NA,1850000,925000,2,2016,2016,20162017,2016-04-13,other
8477353,Tyler Motte,exact,"RW, C, LW",Chicago Blackhawks,CHI,NA,NA,2775000,925000,3,2016,2016,20162017,2016-04-06,other
8475752,Tyler Pitlick,exact,"RW, C",Edmonton Oilers,EDM,Edmonton Oilers,EDM,725000,725000,1,2016,2016,20162017,2016-06-17,other
8475197,Tyson Barrie,exact,"RD, LD",Colorado Avalanche,COL,Colorado Avalanche,COL,22000000,5500000,4,2016,2016,20162017,2016-07-31,UFA
8475167,Victor Hedman,exact,LD,Tampa Bay Lightning,TBL,Tampa Bay Lightning,TBL,63000000,7875000,8,2016,2016,20162017,2016-07-01,UFA
8476389,Vincent Trocheck,exact,C,Florida Panthers,FLA,Florida Panthers,FLA,28500000,4750000,6,2016,2016,20162017,2016-07-02,UFA
8476480,Vladislav Namestnikov,exact,"RW, C",Tampa Bay Lightning,TBL,Tampa Bay Lightning,TBL,3875000,1937500,2,2016,2016,20162017,2016-07-26,other
8476448,William Karlsson,exact,C,Columbus Blue Jackets,CBJ,Columbus Blue Jackets,CBJ,2000000,1000000,2,2016,2016,20162017,2016-06-23,other
8476826,Yanni Gourde,exact,"C, LW",Tampa Bay Lightning,TBL,Tampa Bay Lightning,TBL,575000,575000,1,2016,2016,20162017,2016-07-25,other
8474610,Zac Dalpe,exact,C,Minnesota Wild,MIN,Minnesota Wild,MIN,600000,600000,1,2016,2016,20162017,2016-06-30,UFA
8478460,Zach Werenski,exact,LD,Columbus Blue Jackets,CBJ,NA,NA,5325000,1775000,3,2016,2016,20162017,2016-03-29,RFA
8477482,Zachary Sanford,exact,"C, LW",Washington Capitals,WSH,NA,NA,2775000,925000,3,2016,2016,20162017,2016-07-11,other
8476878,Zemgus Girgensons,exact,"LW, C",Buffalo Sabres,BUF,Buffalo Sabres,BUF,1150000,1150000,1,2016,2016,20162017,2016-09-01,other
8476917,Adam Pelech,exact,LD,New York Islanders,NYI,New York Islanders,NYI,6400000,1600000,4,2017,2017,20172018,2017-07-24,other
8480113,Alex Iafallo,exact,LW,Los Angeles Kings,LAK,NA,NA,1850000,925000,2,2017,2017,20172018,2017-04-18,other
8477021,Alex Kerfoot,exact,"C, RW",Colorado Avalanche,COL,NA,NA,2275000,1137500,2,2017,2017,20172018,2017-08-23,other
8475755,Alexander Petrovic,exact,RD,Florida Panthers,FLA,Florida Panthers,FLA,1850000,1850000,1,2017,2017,20172018,2017-06-30,other
8477505,Alexander Wennberg,exact,C,Columbus Blue Jackets,CBJ,Columbus Blue Jackets,CBJ,29400000,4900000,6,2017,2017,20172018,2017-09-01,UFA
8477444,Andre Burakovsky,exact,"LW, RW",Washington Capitals,WSH,Washington Capitals,WSH,6000000,3000000,2,2017,2017,20172018,2017-07-04,other
8476960,Andreas Athanasiou,exact,"C, RW",Detroit Red Wings,DET,Detroit Red Wings,DET,1387500,1387500,1,2017,2017,20172018,2017-10-23,other
8475461,Andrew Agozzino,exact,LW,Colorado Avalanche,COL,Colorado Avalanche,COL,1300000,650000,2,2017,2017,20172018,2017-07-01,UFA
8477429,Andrew Copp,exact,"C, RW",Winnipeg Jets,WPG,Winnipeg Jets,WPG,2000000,1000000,2,2017,2017,20172018,2017-07-12,other
8477407,Anthony Duclair,exact,LW,Arizona Coyotes,ARI,Arizona Coyotes,ARI,1200000,1200000,1,2017,2017,20172018,2017-09-03,other
8476624,Barclay Goodrow,exact,"C, RW",San Jose Sharks,SJS,San Jose Sharks,SJS,1300000,650000,2,2017,2017,20172018,2017-08-07,other
8479359,Beck Malenstyn,exact,LW,Washington Capitals,WSH,NA,NA,2400000,800000,3,2017,2017,20172018,2017-04-10,other
8475279,Ben Chiarot,exact,"LD, RD",Winnipeg Jets,WPG,Winnipeg Jets,WPG,2800000,1400000,2,2017,2017,20172018,2017-06-24,UFA
8476399,Blake Coleman,exact,"RW, LW",New Jersey Devils,NJD,New Jersey Devils,NJD,660000,660000,1,2017,2017,20172018,2017-07-26,other
8477500,Bo Horvat,exact,"C, RW, LW",Vancouver Canucks,VAN,Vancouver Canucks,VAN,33000000,5500000,6,2017,2017,20172018,2017-09-08,UFA
8478147,Bokondji Imama,exact,LW,Los Angeles Kings,LAK,NA,NA,2120000,706667,3,2017,2017,20172018,2017-06-01,other
8479293,Brandon Tanev,exact,"LW, RW",Winnipeg Jets,WPG,Winnipeg Jets,WPG,700000,700000,1,2017,2017,20172018,2017-07-10,other
8475188,Brayden McNabb,exact,"RD, LD",Vegas Golden Knights,VGK,Los Angeles Kings,LAK,10000000,2500000,4,2017,2017,20172018,2017-11-29,UFA
8476867,Brendan Gaunce,exact,"C, RW",Vancouver Canucks,VAN,Vancouver Canucks,VAN,1500000,750000,2,2017,2017,20172018,2017-08-09,other
8474090,Brendan Smith,exact,"LD, RD",New York Rangers,NYR,Detroit Red Wings,DET,17400000,4350000,4,2017,2017,20172018,2017-06-28,UFA
8476967,Brett Kulak,exact,"LD, RD",Calgary Flames,CGY,Calgary Flames,CGY,650000,650000,1,2017,2017,20172018,2017-08-28,other
8477488,Brett Pesce,exact,RD,Carolina Hurricanes,CAR,Carolina Hurricanes,CAR,24150000,4025000,6,2017,2017,20172018,2017-08-01,UFA
8475208,Brian Dumoulin,exact,LD,Pittsburgh Penguins,PIT,Pittsburgh Penguins,PIT,24600000,4100000,6,2017,2017,20172018,2017-07-24,UFA
8478444,Brock Boeser,exact,RW,Vancouver Canucks,VAN,Vancouver Canucks,VAN,4475000,1491667,3,2017,2017,20172018,2017-03-25,other
8476934,Brock McGinn,exact,LW,Carolina Hurricanes,CAR,Carolina Hurricanes,CAR,1775000,887500,2,2017,2017,20172018,2017-06-28,other
8480157,Calle Rosen,exact,"RD, LD",Toronto Maple Leafs,TOR,NA,NA,3550000,1775000,2,2017,2017,20172018,2017-05-16,other
8475177,Calvin de Haan,exact,"LD, RD",New York Islanders,NYI,New York Islanders,NYI,3300000,3300000,1,2017,2017,20172018,2017-08-02,UFA
8474715,Cam Atkinson,exact,"RW, LW",Columbus Blue Jackets,CBJ,Columbus Blue Jackets,CBJ,41125000,5875000,7,2017,2017,20172018,2017-11-16,UFA
8479341,Cam Dineen,exact,LD,Arizona Coyotes,ARI,NA,NA,2825000,925000,3,2017,2017,20172018,2017-05-01,RFA
8475764,Cam Fowler,exact,"LD, RD",Anaheim Ducks,ANA,Anaheim Ducks,ANA,52000000,6500000,8,2017,2017,20172018,2017-07-01,UFA
NA,Cameron Hebig,unmatched,C,Edmonton Oilers,EDM,NA,NA,2775000,925000,3,2017,2017,20172018,2017-12-28,other
8479336,Carl Grundstrom,exact,RW,Toronto Maple Leafs,TOR,NA,NA,2775000,925000,3,2017,2017,20172018,2017-04-28,RFA
8477369,Carson Soucy,exact,"LD, RD",Minnesota Wild,MIN,NA,NA,1850000,925000,2,2017,2017,20172018,2017-04-10,other
8477244,Chad Ruhwedel,exact,RD,Pittsburgh Penguins,PIT,Pittsburgh Penguins,PIT,1300000,650000,2,2017,2017,20172018,2017-06-22,UFA
8476905,Chandler Stephenson,exact,C,Washington Capitals,WSH,Washington Capitals,WSH,1300000,650000,2,2017,2017,20172018,2017-06-29,other
8479325,Charlie McAvoy,exact,RD,Boston Bruins,BOS,Boston Bruins,BOS,3775000,1258333,3,2017,2017,20172018,2017-04-10,other
8479343,Clayton Keller,exact,"RW, LW, C",Arizona Coyotes,ARI,Arizona Coyotes,ARI,5012500,1704167,3,2017,2017,20172018,2017-03-26,RFA
8479996,Cody Glass,exact,"RW, LW, C",Vegas Golden Knights,VGK,NA,NA,5325000,1775000,3,2017,2017,20172018,2017-07-15,RFA
8478400,Colin White,exact,"RW, LW, C",Ottawa Senators,OTT,Ottawa Senators,OTT,4475000,1491667,3,2017,2017,20172018,2017-04-02,other
8476892,Colton Parayko,exact,RD,St. Louis Blues,STL,St. Louis Blues,STL,27500000,5500000,5,2017,2017,20172018,2017-07-20,UFA
8477015,Connor Brown,exact,RW,Toronto Maple Leafs,TOR,Toronto Maple Leafs,TOR,6300000,2100000,3,2017,2017,20172018,2017-08-26,other
8478402,Connor McDavid,exact,"C, RW",Edmonton Oilers,EDM,Edmonton Oilers,EDM,100000000,12500000,8,2017,2017,20172018,2017-07-05,UFA
8477839,Conor Sheary,exact,"LW, C, RW",Pittsburgh Penguins,PIT,Pittsburgh Penguins,PIT,9000000,3000000,3,2017,2017,20172018,2017-07-30,UFA
8477508,Curtis Lazar,exact,"LW, C, RW",Calgary Flames,CGY,Ottawa Senators,OTT,1900000,950000,2,2017,2017,20172018,2017-07-14,other
8476923,Damon Severson,exact,"RD, LD",New Jersey Devils,NJD,New Jersey Devils,NJD,25000000,4166666,6,2017,2017,20172018,2017-09-11,UFA
8480144,David Kampf,exact,C,Chicago Blackhawks,CHI,NA,NA,1850000,925000,2,2017,2017,20172018,2017-05-01,other
8477956,David Pastrnak,exact,RW,Boston Bruins,BOS,Boston Bruins,BOS,40000000,6666667,6,2017,2017,20172018,2017-09-14,UFA
8479395,Dennis Cholowski,exact,LD,Detroit Red Wings,DET,NA,NA,2775000,925000,3,2017,2017,20172018,2017-04-05,RFA
8475762,Derek Forbort,exact,"LD, RD",Los Angeles Kings,LAK,Los Angeles Kings,LAK,5050000,2525000,2,2017,2017,20172018,2017-10-19,UFA
8478585,Derek Ryan,exact,"C, RW",Carolina Hurricanes,CAR,Carolina Hurricanes,CAR,1425000,1425000,1,2017,2017,20172018,2017-06-26,UFA
8476884,Derrick Pouliot,exact,"LD, RD",Pittsburgh Penguins,PIT,Pittsburgh Penguins,PIT,800000,800000,1,2017,2017,20172018,2017-07-12,other
8475179,Dmitry Kulikov,exact,"LD, RD",Winnipeg Jets,WPG,Buffalo Sabres,BUF,13000000,4333333,3,2017,2017,20172018,2017-07-01,UFA
8475200,Dmitry Orlov,exact,"LD, RD",Washington Capitals,WSH,Washington Capitals,WSH,30600000,5100000,6,2017,2017,20172018,2017-06-30,UFA
8476952,Dominic Toninato,exact,"RW, C",Colorado Avalanche,COL,NA,NA,1850000,925000,2,2017,2017,20172018,2017-08-16,other
8480208,Drake Batherson,exact,"RW, LW",Ottawa Senators,OTT,NA,NA,2400000,800000,3,2017,2017,20172018,2017-10-03,RFA
8479639,Dylan Coghlan,exact,RD,Vegas Golden Knights,VGK,NA,NA,2195000,731666,3,2017,2017,20172018,2017-09-20,RFA
8475795,Dylan McIlrath,exact,RD,Detroit Red Wings,DET,New York Rangers,NYR,1300000,650000,2,2017,2017,20172018,2017-06-28,UFA
8480073,Erik Brannstrom,exact,"LD, RD, LW",Vegas Golden Knights,VGK,NA,NA,4125000,1375000,3,2017,2017,20172018,2017-07-15,RFA
8475790,Erik Gudbranson,exact,RD,Vancouver Canucks,VAN,Vancouver Canucks,VAN,3500000,3500000,1,2017,2017,20172018,2017-06-15,UFA
8476979,Erik Gustafsson,exact,LD,Chicago Blackhawks,CHI,Chicago Blackhawks,CHI,650000,650000,1,2017,2017,20172018,2017-07-14,other
8475287,Erik Haula,exact,"C, LW",Vegas Golden Knights,VGK,Minnesota Wild,MIN,8250000,2750000,3,2017,2017,20172018,2017-06-21,UFA
8476902,Esa Lindell,exact,"LD, RD",Dallas Stars,DAL,Dallas Stars,DAL,4400000,2200000,2,2017,2017,20172018,2017-06-26,other
8478542,Evan Rodrigues,exact,"RW, LW, C",Buffalo Sabres,BUF,Buffalo Sabres,BUF,1300000,650000,2,2017,2017,20172018,2017-07-27,other
8474149,Evgenii Dadonov,exact,RW,Florida Panthers,FLA,Florida Panthers,FLA,12000000,4000000,3,2017,2017,20172018,2017-07-01,UFA
8480078,Filip Chytil,exact,C,New York Rangers,NYR,NA,NA,3825000,1275000,3,2017,2017,20172018,2017-07-14,RFA
8477919,Frederick Gaudreau,exact,"C, RW, LW",Nashville Predators,NSH,Nashville Predators,NSH,2000000,666666,3,2017,2017,20172018,2017-07-17,UFA
8477903,Garnet Hathaway,exact,RW,Calgary Flames,CGY,Calgary Flames,CGY,650000,650000,1,2017,2017,20172018,2017-07-20,other
8479516,Garrett Pilon,exact,C,Washington Capitals,WSH,NA,NA,2775000,925000,3,2017,2017,20172018,2017-03-30,RFA
8478446,Glenn Gawdin,exact,C,Calgary Flames,CGY,NA,NA,2775000,925000,3,2017,2017,20172018,2017-11-16,other
8477467,Gustav Olofsson,exact,LD,Minnesota Wild,MIN,Minnesota Wild,MIN,1450000,725000,2,2017,2017,20172018,2017-06-26,RFA
8476958,Jaccob Slavin,exact,LD,Carolina Hurricanes,CAR,Carolina Hurricanes,CAR,37100000,5300000,7,2017,2017,20172018,2017-07-12,UFA
8478403,Jack Eichel,exact,"C, LW",Buffalo Sabres,BUF,Buffalo Sabres,BUF,80000000,10000000,8,2017,2017,20172018,2017-10-03,UFA
8480021,Jack Studnicka,exact,"RW, C",Boston Bruins,BOS,NA,NA,2775000,925000,3,2017,2017,20172018,2017-09-26,RFA
8478136,Jake Middleton,exact,LD,San Jose Sharks,SJS,NA,NA,2205000,735000,3,2017,2017,20172018,2017-09-07,other
8478013,Jake Walman,exact,"LD, RD",St. Louis Blues,STL,NA,NA,2775000,925000,3,2017,2017,20172018,2017-03-28,other
8478970,Jalen Chatfield,exact,RD,Vancouver Canucks,VAN,NA,NA,2295000,765000,3,2017,2017,20172018,2017-03-13,other
8476467,Jamie Oleksiak,exact,"LD, RD",Dallas Stars,DAL,Dallas Stars,DAL,964688,964688,1,2017,2017,20172018,2017-08-04,other
8480172,Jan Rutta,exact,"RD, LD",Chicago Blackhawks,CHI,NA,NA,1350000,1350000,1,2017,2017,20172018,2017-06-07,UFA
8478424,Jansen Harkins,exact,"LW, RW, C",Winnipeg Jets,WPG,NA,NA,2775000,925000,3,2017,2017,20172018,2017-04-07,RFA
8479994,Jaret Anderson-Dolan,exact,"RW, C",Los Angeles Kings,LAK,NA,NA,2925000,925000,3,2017,2017,20172018,2017-09-25,RFA
8475797,Jarred Tinordi,exact,LD,Pittsburgh Penguins,PIT,Montréal Canadiens,MTL,650000,650000,1,2017,2017,20172018,2017-07-01,other
8477034,Jaycob Megna,exact,"RD, LD",Anaheim Ducks,ANA,Anaheim Ducks,ANA,1300000,650000,2,2017,2017,20172018,2017-06-28,other
8476419,Jean-Gabriel Pageau,exact,C,Ottawa Senators,OTT,Ottawa Senators,OTT,9300000,3100000,3,2017,2017,20172018,2017-07-17,UFA
8479407,Jesper Bratt,exact,"LW, RW",New Jersey Devils,NJD,NA,NA,2475000,825000,3,2017,2017,20172018,2017-05-12,RFA
8475855,Jesper Fast,exact,"RW, LW",New York Rangers,NYR,New York Rangers,NYR,5550000,1850000,3,2017,2017,20172018,2017-07-05,UFA
8477810,Joel Hanley,exact,"LD, RD",Arizona Coyotes,ARI,Montréal Canadiens,MTL,725000,725000,1,2017,2017,20172018,2017-07-01,UFA
8477401,John Hayden,exact,C,Chicago Blackhawks,CHI,Chicago Blackhawks,CHI,1850000,925000,2,2017,2017,20172018,2017-03-12,other
8479981,Jonah Gadjovich,exact,LW,Vancouver Canucks,VAN,NA,NA,2775000,925000,3,2017,2017,20172018,2017-10-16,RFA
8477494,Jonathan Drouin,exact,"LW, RW",Montreal Canadiens,MTL,Tampa Bay Lightning,TBL,33000000,5500000,6,2017,2017,20172018,2017-06-15,UFA
8477380,Jonny Brodzinski,exact,"RW, C, LW",Los Angeles Kings,LAK,Los Angeles Kings,LAK,1300000,650000,2,2017,2017,20172018,2017-07-14,other
8479533,Joona Koppanen,exact,LW,Boston Bruins,BOS,NA,NA,2825000,925000,3,2017,2017,20172018,2017-04-13,RFA
8476921,Jordan Martinook,exact,LW,Arizona Coyotes,ARI,Arizona Coyotes,ARI,3600000,1800000,2,2017,2017,20172018,2017-07-22,other
8477851,Jordan Oesterle,exact,"LD, RD",Chicago Blackhawks,CHI,Edmonton Oilers,EDM,1300000,650000,2,2017,2017,20172018,2017-07-01,UFA
8476425,Joseph LaBate,exact,C,Vancouver Canucks,VAN,Vancouver Canucks,VAN,650000,650000,1,2017,2017,20172018,2017-07-07,other
8476981,Josh Anderson,exact,"RW, LW",Columbus Blue Jackets,CBJ,Columbus Blue Jackets,CBJ,5550000,1850000,3,2017,2017,20172018,2017-10-02,other
8479372,Josh Mahura,exact,"LD, RD",Anaheim Ducks,ANA,NA,NA,2825000,925000,3,2017,2017,20172018,2017-05-17,RFA
8476312,Josh Manson,exact,RD,Anaheim Ducks,ANA,Anaheim Ducks,ANA,16400000,4100000,4,2017,2017,20172018,2017-10-04,UFA
8475413,Justin Dowling,exact,C,Dallas Stars,DAL,Dallas Stars,DAL,1300000,650000,2,2017,2017,20172018,2017-05-08,UFA
8475718,Justin Holl,exact,RD,Toronto Maple Leafs,TOR,NA,NA,650000,650000,1,2017,2017,20172018,2017-07-04,other
8479976,Juuso Valimaki,exact,LD,Calgary Flames,CGY,NA,NA,4050000,1350000,3,2017,2017,20172018,2017-07-21,other
8479977,Kailer Yamamoto,exact,"RW, C",Edmonton Oilers,EDM,NA,NA,3465000,1155000,3,2017,2017,20172018,2017-08-10,RFA
8479348,Kale Clague,exact,"LD, RD",Los Angeles Kings,LAK,NA,NA,2775000,925000,3,2017,2017,20172018,2017-03-06,RFA
8475857,Kevin Gravel,exact,LD,Los Angeles Kings,LAK,Los Angeles Kings,LAK,650000,650000,1,2017,2017,20172018,2017-07-14,other
8479291,Kevin Rooney,exact,C,New Jersey Devils,NJD,New Jersey Devils,NJD,625000,796429,1,2017,2017,20172018,2017-02-27,other
8479291,Kevin Rooney,exact,C,New Jersey Devils,NJD,New Jersey Devils,NJD,650000,650000,1,2017,2017,20172018,2017-07-26,other
8478831,Kevin Stenlund,exact,"C, RW",Columbus Blue Jackets,CBJ,NA,NA,2775000,925000,3,2017,2017,20172018,2017-05-23,RFA
8479356,Kieffer Bellows,exact,LW,New York Islanders,NYI,NA,NA,3412500,1137500,3,2017,2017,20172018,2017-09-22,RFA
8480011,Klim Kostin,exact,"LW, RW, C",St. Louis Blues,STL,NA,NA,3412500,1137500,3,2017,2017,20172018,2017-07-05,RFA
8477073,Kurtis MacDermid,exact,LW,Los Angeles Kings,LAK,NA,NA,650000,650000,1,2017,2017,20172018,2017-07-14,RFA
8477934,Leon Draisaitl,exact,"C, RW",Edmonton Oilers,EDM,Edmonton Oilers,EDM,68000000,8500000,8,2017,2017,20172018,2017-08-16,UFA
8477070,Liam O'Brien,exact,"RW, LW, C",Washington Capitals,WSH,Washington Capitals,WSH,650000,650000,1,2017,2017,20172018,2017-07-14,other
8479316,Luke Kunin,exact,"C, LW, RW",Minnesota Wild,MIN,NA,NA,4275000,1425000,3,2017,2017,20172018,2017-03-23,RFA
8477346,MacKenzie Weegar,exact,"LD, RD",Florida Panthers,FLA,Florida Panthers,FLA,675000,675000,1,2017,2017,20172018,2017-08-03,other
8471709,Marc-Edouard Vlasic,exact,"LD, RD",San Jose Sharks,SJS,San Jose Sharks,SJS,56000000,7000000,8,2017,2017,20172018,2017-07-01,UFA
8475220,Marcus Foligno,exact,"LW, RW",Minnesota Wild,MIN,Buffalo Sabres,BUF,11500000,2875000,4,2017,2017,20172018,2017-09-14,UFA
8478017,Mark Friedman,exact,"RD, LD",Philadelphia Flyers,PHI,NA,NA,2475000,825000,3,2017,2017,20172018,2017-03-21,other
8476924,Martin Frk,exact,RW,Detroit Red Wings,DET,Carolina Hurricanes,CAR,650000,650000,1,2017,2017,20172018,2017-07-18,other
8480039,Martin Necas,exact,"RW, LW, C",Carolina Hurricanes,CAR,NA,NA,4387500,1462500,3,2017,2017,20172018,2017-07-14,RFA
8478891,Mason Appleton,exact,"LW, RW, C",Winnipeg Jets,WPG,NA,NA,2275000,758333,3,2017,2017,20172018,2017-07-13,other
8476442,Matt Nieto,exact,LW,Colorado Avalanche,COL,San Jose Sharks,SJS,1000000,1000000,1,2017,2017,20172018,2017-07-25,other
8478911,Matt Roy,exact,RD,Los Angeles Kings,LAK,NA,NA,1850000,925000,2,2017,2017,20172018,2017-03-27,other
8478146,Matthew Highmore,exact,"RW, C",Chicago Blackhawks,CHI,NA,NA,2775000,925000,3,2017,2017,20172018,2017-03-02,other
8477406,Mattias Janmark,exact,"LW, RW, C",Dallas Stars,DAL,Dallas Stars,DAL,700000,700000,1,2017,2017,20172018,2017-04-27,other
8476323,Max McCormick,exact,LW,Ottawa Senators,OTT,Ottawa Senators,OTT,1300000,650000,2,2017,2017,20172018,2017-06-27,UFA
8479992,Michael Rasmussen,exact,"LW, RW, C",Detroit Red Wings,DET,NA,NA,5225000,1741666,3,2017,2017,20172018,2017-08-05,RFA
8475958,Michael Sgarbossa,exact,"C, RW",Winnipeg Jets,WPG,Anaheim Ducks,ANA,650000,650000,1,2017,2017,20172018,2017-07-01,other
8476459,Mika Zibanejad,exact,C,New York Rangers,NYR,New York Rangers,NYR,26750000,5350000,5,2017,2017,20172018,2017-07-25,UFA
8475798,Mikael Granlund,exact,C,Minnesota Wild,MIN,Minnesota Wild,MIN,17250000,5750000,3,2017,2017,20172018,2017-08-01,UFA
8476875,Mike Matheson,exact,LD,Florida Panthers,FLA,Florida Panthers,FLA,39000000,4875000,8,2017,2017,20172018,2017-10-07,UFA
8476422,Mike Reilly,exact,"LD, RD",Minnesota Wild,MIN,Minnesota Wild,MIN,1450000,725000,2,2017,2017,20172018,2017-07-02,other
8480036,Miro Heiskanen,exact,"LD, RD",Dallas Stars,DAL,NA,NA,10275000,3425000,3,2017,2017,20172018,2017-07-08,RFA
8480028,Morgan Frost,exact,C,Philadelphia Flyers,PHI,NA,NA,2775000,925000,3,2017,2017,20172018,2017-08-03,other
8477220,Nate Schmidt,exact,"RD, LD",Vegas Golden Knights,VGK,Washington Capitals,WSH,4450000,2225000,2,2017,2017,20172018,2017-08-05,UFA
8477573,Nathan Walker,exact,LW,Washington Capitals,WSH,NA,NA,1300000,650000,2,2017,2017,20172018,2017-06-01,other
8480145,Neal Pionk,exact,RD,New York Rangers,NYR,NA,NA,3550000,1775000,2,2017,2017,20172018,2017-05-01,other
8476393,Nick Cousins,exact,"RW, LW, C",Arizona Coyotes,ARI,Philadelphia Flyers,PHI,2000000,1000000,2,2017,2017,20172018,2017-07-01,other
8480084,Nick DeSimone,exact,RD,San Jose Sharks,SJS,NA,NA,1850000,925000,2,2017,2017,20172018,2017-03-30,other
8475324,Nick Jensen,exact,"RD, LD",Detroit Red Wings,DET,Detroit Red Wings,DET,1625000,812500,2,2017,2017,20172018,2017-02-27,UFA
8480018,Nick Suzuki,exact,"C, RW",Vegas Golden Knights,VGK,NA,NA,4162500,1387500,3,2017,2017,20172018,2017-07-15,RFA
8480002,Nico Hischier,exact,C,New Jersey Devils,NJD,NA,NA,11325000,3775000,3,2017,2017,20172018,2017-07-15,RFA
8479980,Nicolas Hague,exact,"LD, RD",Vegas Golden Knights,VGK,NA,NA,2775000,925000,3,2017,2017,20172018,2017-09-29,RFA
8477507,Nikita Zadorov,exact,"LD, RD",Colorado Avalanche,COL,Colorado Avalanche,COL,4300000,2150000,2,2017,2017,20172018,2017-09-15,other
8477940,Nikolaj Ehlers,exact,"LW, RW",Winnipeg Jets,WPG,Winnipeg Jets,WPG,42000000,6000000,7,2017,2017,20172018,2017-10-04,UFA
8475799,Nino Niederreiter,exact,RW,Minnesota Wild,MIN,Minnesota Wild,MIN,26250000,5250000,5,2017,2017,20172018,2017-07-30,UFA
8478569,Noel Acciari,exact,C,Boston Bruins,BOS,Boston Bruins,BOS,1450000,725000,2,2017,2017,20172018,2017-06-28,UFA
8476292,Ondrej Palat,exact,LW,Tampa Bay Lightning,TBL,Tampa Bay Lightning,TBL,26500000,5300000,5,2017,2017,20172018,2017-07-14,UFA
8476897,Oskar Sundqvist,exact,C,St. Louis Blues,STL,Pittsburgh Penguins,PIT,675000,675000,1,2017,2017,20172018,2017-07-01,other
8480015,Owen Tippett,exact,"LW, RW",Florida Panthers,FLA,NA,NA,4975000,1658333,3,2017,2017,20172018,2017-07-19,RFA
8480448,Parker Kelly,exact,"LW, C, RW",Ottawa Senators,OTT,NA,NA,2240000,746666,3,2017,2017,20172018,2017-09-19,RFA
8477887,Patrick Brown,exact,"RW, LW, C",Carolina Hurricanes,CAR,Carolina Hurricanes,CAR,650000,650000,1,2017,2017,20172018,2017-06-27,other
8476858,Phillip Di Giuseppe,exact,LW,Carolina Hurricanes,CAR,Carolina Hurricanes,CAR,725000,725000,1,2017,2017,20172018,2017-07-27,other
8480058,Pierre-Olivier Joseph,exact,"LD, RD",Arizona Coyotes,ARI,NA,NA,3412500,1137500,3,2017,2017,20172018,2017-12-04,RFA
8476889,Radek Faksa,exact,"C, LW, RW",Dallas Stars,DAL,Dallas Stars,DAL,6600000,2200000,3,2017,2017,20172018,2017-07-10,other
8480023,Robert Thomas,exact,C,St. Louis Blues,STL,NA,NA,3625000,1208333,3,2017,2017,20172018,2017-09-28,RFA
8478449,Roope Hintz,exact,"RW, C",Dallas Stars,DAL,NA,NA,2775000,925000,3,2017,2017,20172018,2017-05-04,RFA
8475793,Ryan Johansen,exact,C,Nashville Predators,NSH,Nashville Predators,NSH,64000000,8000000,8,2017,2017,20172018,2017-07-28,UFA
8479066,Ryan Lomberg,exact,"LW, RW",Calgary Flames,CGY,NA,NA,1850000,710000,2,2017,2017,20172018,2017-03-17,other
8477935,Sam Bennett,exact,C,Calgary Flames,CGY,Calgary Flames,CGY,3900000,1950000,2,2017,2017,20172018,2017-09-06,other
8475842,Sam Carrick,exact,C,Anaheim Ducks,ANA,Toronto Maple Leafs,TOR,1300000,650000,2,2017,2017,20172018,2017-06-05,UFA
8476872,Scott Laughton,exact,"C, LW",Philadelphia Flyers,PHI,Philadelphia Flyers,PHI,1925000,962500,2,2017,2017,20172018,2017-07-11,other
8477149,Scott Sabourin,exact,RW,Anaheim Ducks,ANA,NA,NA,650000,650000,1,2017,2017,20172018,2017-07-02,other
8480222,Sebastian Aho,manual_override,"LD, RD",New York Islanders,NYI,NA,NA,2775000,925000,3,2017,2017,20172018,2017-07-05,other
8476906,Shayne Gostisbehere,exact,"LD, RD",Philadelphia Flyers,PHI,Philadelphia Flyers,PHI,27000000,4500000,6,2017,2017,20172018,2017-06-09,UFA
NA,Spencer Smallman,unmatched,RW,Carolina Hurricanes,CAR,NA,NA,2275000,758333,3,2017,2017,20172018,2017-03-31,other
8476474,Stefan Noesen,exact,RW,New Jersey Devils,NJD,Anaheim Ducks,ANA,660000,660000,1,2017,2017,20172018,2017-07-26,other
8478904,Steven Lorentz,exact,"C, LW",Carolina Hurricanes,CAR,NA,NA,2185000,728333,3,2017,2017,20172018,2017-04-21,other
8471698,T.J. Oshie,exact,RW,Washington Capitals,WSH,Washington Capitals,WSH,46000000,5750000,8,2017,2017,20172018,2017-06-23,UFA
8476391,T.J. Tynan,exact,C,Vegas Golden Knights,VGK,Columbus Blue Jackets,CBJ,1300000,650000,2,2017,2017,20172018,2017-07-01,UFA
8479420,Tage Thompson,exact,"C, LW",St. Louis Blues,STL,NA,NA,3412500,1137500,3,2017,2017,20172018,2017-03-07,RFA
8476871,Tanner Pearson,exact,"LW, RW",Los Angeles Kings,LAK,Los Angeles Kings,LAK,15000000,3750000,4,2017,2017,20172018,2017-05-09,UFA
8479390,Taylor Raddysh,exact,RW,Tampa Bay Lightning,TBL,NA,NA,2775000,925000,3,2017,2017,20172018,2017-05-15,RFA
8476882,Teuvo Teravainen,exact,"LW, RW, C",Carolina Hurricanes,CAR,Carolina Hurricanes,CAR,5720000,2860000,2,2017,2017,20172018,2017-06-15,other
8479364,Tim Gettinger,exact,LW,New York Rangers,NYR,NA,NA,2260000,736666,3,2017,2017,20172018,2017-03-15,RFA
8480043,Timothy Liljegren,exact,RD,Toronto Maple Leafs,TOR,NA,NA,3975000,1325000,3,2017,2017,20172018,2017-07-12,RFA
8475193,Tomas Tatar,exact,"RW, LW",Detroit Red Wings,DET,Detroit Red Wings,DET,21200000,5300000,4,2017,2017,20172018,2017-07-21,UFA
8476329,Travis Boyd,exact,"RW, C",Washington Capitals,WSH,NA,NA,650000,650000,1,2017,2017,20172018,2017-07-05,other
8477359,Tucker Poolman,exact,RD,Winnipeg Jets,WPG,NA,NA,1775000,1775000,1,2017,2017,20172018,2017-03-30,other
8475752,Tyler Pitlick,exact,"RW, C",Dallas Stars,DAL,Edmonton Oilers,EDM,3000000,1000000,3,2017,2017,20172018,2017-07-01,UFA
8475726,Tyler Toffoli,exact,"RW, C",Los Angeles Kings,LAK,Los Angeles Kings,LAK,13800000,4600000,3,2017,2017,20172018,2017-06-07,UFA
8479370,Tyson Jost,exact,"C, RW, LW",Colorado Avalanche,COL,Colorado Avalanche,COL,5112500,1704167,3,2017,2017,20172018,2017-03-29,RFA
8478042,Viktor Arvidsson,exact,"RW, LW",Nashville Predators,NSH,Nashville Predators,NSH,29750000,4250000,7,2017,2017,20172018,2017-07-22,UFA
8479968,Vinni Lettieri,exact,"RW, LW, C",New York Rangers,NYR,NA,NA,1850000,925000,2,2017,2017,20172018,2017-03-27,other
8477998,Warren Foegele,exact,"LW, RW",Carolina Hurricanes,CAR,NA,NA,2400000,800000,3,2017,2017,20172018,2017-03-31,other
8478021,William Lagesson,exact,"LD, RD",Edmonton Oilers,EDM,NA,NA,2275000,758333,3,2017,2017,20172018,2017-04-07,other
8476826,Yanni Gourde,exact,"C, LW",Tampa Bay Lightning,TBL,Tampa Bay Lightning,TBL,2000000,1000000,2,2017,2017,20172018,2017-06-26,UFA
8474610,Zac Dalpe,exact,C,Columbus Blue Jackets,CBJ,Minnesota Wild,MIN,1450000,725000,2,2017,2017,20172018,2017-06-09,UFA
8479944,Zach Aston-Reese,first_name_variant,C,Pittsburgh Penguins,PIT,NA,NA,1850000,925000,2,2017,2017,20172018,2017-03-14,other
8475786,Zach Hyman,exact,"LW, RW",Toronto Maple Leafs,TOR,Toronto Maple Leafs,TOR,9000000,2250000,4,2017,2017,20172018,2017-07-05,UFA
8479772,Zack MacEwen,exact,RW,Vancouver Canucks,VAN,NA,NA,2987500,995833,3,2017,2017,20172018,2017-03-03,other
8476878,Zemgus Girgensons,exact,"LW, C",Buffalo Sabres,BUF,Buffalo Sabres,BUF,3200000,1600000,2,2017,2017,20172018,2017-08-17,other
8480871,Adam Boqvist,exact,"RD, LD",Chicago Blackhawks,CHI,NA,NA,5325000,1775000,3,2018,2018,20182019,2018-07-01,RFA
8478874,Adam Gaudette,exact,RW,Vancouver Canucks,VAN,Vancouver Canucks,VAN,4475000,1491667,3,2018,2018,20182019,2018-03-26,other
8474641,Adam Henrique,exact,"C, RW, LW",Anaheim Ducks,ANA,New Jersey Devils,NJD,29125000,5825000,5,2018,2018,20182019,2018-07-16,UFA
8476392,Adam Lowry,exact,C,Winnipeg Jets,WPG,Winnipeg Jets,WPG,8750000,2916667,3,2018,2018,20182019,2018-07-19,UFA
8477949,Alex Tuch,exact,"RW, C",Vegas Golden Knights,VGK,Vegas Golden Knights,VGK,33250000,4750000,7,2018,2018,20182019,2018-10-19,UFA
8480823,Alexander Alexeyev,exact,"LD, RD",Washington Capitals,WSH,NA,NA,2775000,925000,3,2018,2018,20182019,2018-09-24,RFA
8475755,Alexander Petrovic,exact,RD,Florida Panthers,FLA,Florida Panthers,FLA,1950000,1950000,1,2018,2018,20182019,2018-07-06,UFA
8480074,Alexandre Texier,exact,"LW, RW, C",Columbus Blue Jackets,CBJ,NA,NA,2775000,925000,3,2018,2018,20182019,2018-05-22,RFA
8480281,Alexey Toropchenko,exact,"RW, LW",St. Louis Blues,STL,NA,NA,2725000,875000,3,2018,2018,20182019,2018-12-13,RFA
8476960,Andreas Athanasiou,exact,"C, RW",Detroit Red Wings,DET,Detroit Red Wings,DET,6000000,3000000,2,2018,2018,20182019,2018-07-05,other
8480830,Andrei Svechnikov,exact,"RW, LW",Carolina Hurricanes,CAR,NA,NA,10725000,3575000,3,2018,2018,20182019,2018-07-01,RFA
8479249,Andrew Poturalski,exact,C,Carolina Hurricanes,CAR,Carolina Hurricanes,CAR,700000,700000,1,2018,2018,20182019,2018-06-08,other
8478074,Anthony Angello,exact,C,Pittsburgh Penguins,PIT,NA,NA,1850000,925000,2,2018,2018,20182019,2018-04-05,other
8477407,Anthony Duclair,exact,LW,Columbus Blue Jackets,CBJ,Arizona Coyotes,ARI,650000,650000,1,2018,2018,20182019,2018-07-05,other
8477511,Anthony Mantha,exact,RW,Detroit Red Wings,DET,Detroit Red Wings,DET,6600000,3300000,2,2018,2018,20182019,2018-07-11,other
8477320,Anton Blidh,exact,LW,Boston Bruins,BOS,Boston Bruins,BOS,650000,650000,1,2018,2018,20182019,2018-07-02,other
8479536,Axel Jonsson-Fjallby,exact,"C, LW",Washington Capitals,WSH,NA,NA,2580000,860000,3,2018,2018,20182019,2018-05-01,RFA
8476624,Barclay Goodrow,exact,"C, RW",San Jose Sharks,SJS,San Jose Sharks,SJS,1850000,925000,2,2018,2018,20182019,2018-10-04,UFA
8480849,Barrett Hayton,exact,"C, LW",Arizona Coyotes,ARI,NA,NA,8025000,2675000,3,2018,2018,20182019,2018-07-06,RFA
8479416,Ben Gleason,exact,LD,Dallas Stars,DAL,NA,NA,2285000,761666,3,2018,2018,20182019,2018-09-13,RFA
8477433,Ben Harpur,exact,LD,Ottawa Senators,OTT,Ottawa Senators,OTT,1450000,725000,2,2018,2018,20182019,2018-02-09,other
8480259,Ben Jones,exact,C,Vegas Golden Knights,VGK,NA,NA,2345000,748333,3,2018,2018,20182019,2018-06-01,other
8476399,Blake Coleman,exact,"RW, LW",New Jersey Devils,NJD,New Jersey Devils,NJD,5400000,1800000,3,2018,2018,20182019,2018-07-17,UFA
8476432,Boone Jenner,exact,C,Columbus Blue Jackets,CBJ,Columbus Blue Jackets,CBJ,15000000,3750000,4,2018,2018,20182019,2018-07-05,UFA
8476869,Brady Skjei,exact,LD,New York Rangers,NYR,New York Rangers,NYR,31500000,5250000,6,2018,2018,20182019,2018-07-28,UFA
8480801,Brady Tkachuk,exact,LW,Ottawa Senators,OTT,NA,NA,10275000,3425000,3,2018,2018,20182019,2018-08-13,RFA
8479542,Brandon Hagel,exact,"LW, RW",Chicago Blackhawks,CHI,NA,NA,2775000,925000,3,2018,2018,20182019,2018-10-30,other
8477986,Brandon Montour,exact,RD,Anaheim Ducks,ANA,Anaheim Ducks,ANA,6775000,3387500,2,2018,2018,20182019,2018-07-24,other
8479293,Brandon Tanev,exact,"LW, RW",Winnipeg Jets,WPG,Winnipeg Jets,WPG,1150000,1150000,1,2018,2018,20182019,2018-07-22,UFA
8476967,Brett Kulak,exact,"LD, RD",Calgary Flames,CGY,Calgary Flames,CGY,900000,900000,1,2018,2018,20182019,2018-07-25,other
8478881,Brett Seney,exact,LW,New Jersey Devils,NJD,NA,NA,1650000,825000,2,2018,2018,20182019,2018-03-16,other
8475754,Brock Nelson,exact,"C, LW",New York Islanders,NYI,New York Islanders,NYI,4250000,4250000,1,2018,2018,20182019,2018-07-23,UFA
8475810,Bryan Rust,exact,"RW, LW",Pittsburgh Penguins,PIT,Pittsburgh Penguins,PIT,14000000,3500000,4,2018,2018,20182019,2018-06-26,UFA
8479985,Cale Fleury,exact,RD,Montreal Canadiens,MTL,NA,NA,2650000,883333,3,2018,2018,20182019,2018-10-04,RFA
8480157,Calle Rosen,exact,"RD, LD",Toronto Maple Leafs,TOR,Toronto Maple Leafs,TOR,1500000,750000,2,2018,2018,20182019,2018-12-10,UFA
8475177,Calvin de Haan,exact,"LD, RD",Carolina Hurricanes,CAR,New York Islanders,NYI,18200000,4550000,4,2018,2018,20182019,2018-07-03,UFA
8478888,Cameron Hughes,exact,C,Boston Bruins,BOS,NA,NA,2775000,925000,3,2018,2018,20182019,2018-03-10,other
8477409,Carter Verhaeghe,exact,"RW, LW, C",Tampa Bay Lightning,TBL,NA,NA,650000,650000,1,2018,2018,20182019,2018-06-12,other
8479999,Casey Mittelstadt,exact,C,Buffalo Sabres,BUF,Buffalo Sabres,BUF,4475000,1491667,3,2018,2018,20182019,2018-03-26,other
8475780,Chris Wagner,exact,"C, RW",Boston Bruins,BOS,Anaheim Ducks,ANA,2500000,1250000,2,2018,2018,20182019,2018-07-01,UFA
8477989,Christian Dvorak,exact,C,Arizona Coyotes,ARI,Arizona Coyotes,ARI,26700000,4450000,6,2018,2018,20182019,2018-08-09,UFA
8478846,Christian Wolanin,exact,LD,Ottawa Senators,OTT,Ottawa Senators,OTT,1850000,925000,2,2018,2018,20182019,2018-03-21,other
8476879,Cody Ceci,exact,"RD, LD",Ottawa Senators,OTT,Ottawa Senators,OTT,4300000,4300000,1,2018,2018,20182019,2018-08-03,other
8476278,Colin Blackwell,exact,"LW, RW, C",Nashville Predators,NSH,NA,NA,1350000,675000,2,2018,2018,20182019,2018-07-03,UFA
8476525,Colin Miller,exact,RD,Vegas Golden Knights,VGK,Vegas Golden Knights,VGK,15500000,3875000,4,2018,2018,20182019,2018-07-07,UFA
8476941,Connor Carrick,exact,RD,Toronto Maple Leafs,TOR,Toronto Maple Leafs,TOR,1300000,1300000,1,2018,2018,20182019,2018-06-20,other
8477365,Connor Clifton,exact,"RD, LD",Boston Bruins,BOS,NA,NA,1470000,735000,2,2018,2018,20182019,2018-05-03,other
8479982,Conor Timmins,exact,RD,Colorado Avalanche,COL,NA,NA,2775000,925000,3,2018,2018,20182019,2018-03-02,other
8477541,Dakota Mermis,exact,"LD, RD",Arizona Coyotes,ARI,Arizona Coyotes,ARI,700000,700000,1,2018,2018,20182019,2018-07-03,other
8478466,Daniel Sprong,exact,RW,Pittsburgh Penguins,PIT,Pittsburgh Penguins,PIT,1500000,750000,2,2018,2018,20182019,2018-06-25,other
8477498,Darnell Nurse,exact,"LD, RD",Edmonton Oilers,EDM,Edmonton Oilers,EDM,6400000,3200000,2,2018,2018,20182019,2018-09-17,other
8478178,Darren Raddysh,exact,"RD, LD",Chicago Blackhawks,CHI,NA,NA,1460000,730000,2,2018,2018,20182019,2018-05-21,other
8474102,David Perron,exact,"LW, RW",St. Louis Blues,STL,Vegas Golden Knights,VGK,16000000,4000000,4,2018,2018,20182019,2018-07-01,UFA
8478502,Dennis Gilbert,exact,"LD, RD",Chicago Blackhawks,CHI,NA,NA,2775000,925000,3,2018,2018,20182019,2018-04-13,other
8478585,Derek Ryan,exact,"C, RW",Calgary Flames,CGY,Carolina Hurricanes,CAR,9375000,3125000,3,2018,2018,20182019,2018-07-01,UFA
8476884,Derrick Pouliot,exact,"LD, RD",Vancouver Canucks,VAN,Vancouver Canucks,VAN,1100000,1100000,1,2018,2018,20182019,2018-06-26,other
8476913,Devin Shore,exact,"LW, C",Dallas Stars,DAL,Dallas Stars,DAL,4600000,2300000,2,2018,2018,20182019,2018-07-13,other
8478038,Devon Toews,exact,LD,New York Islanders,NYI,NA,NA,1400000,700000,2,2018,2018,20182019,2018-07-16,other
8479465,Drake Caggiula,exact,LW,Edmonton Oilers,EDM,Edmonton Oilers,EDM,3000000,1500000,2,2018,2018,20182019,2018-06-14,other
8474563,Drew Doughty,exact,"RD, LD",Los Angeles Kings,LAK,Los Angeles Kings,LAK,88000000,11000000,8,2018,2018,20182019,2018-07-01,UFA
8476331,Dylan DeMelo,exact,RD,San Jose Sharks,SJS,San Jose Sharks,SJS,1800000,900000,2,2018,2018,20182019,2018-07-07,UFA
8479580,Dylan Gambrell,exact,C,San Jose Sharks,SJS,San Jose Sharks,SJS,2275000,1137500,2,2018,2018,20182019,2018-03-27,other
8477946,Dylan Larkin,exact,C,Detroit Red Wings,DET,Detroit Red Wings,DET,30500000,6100000,5,2018,2018,20182019,2018-08-10,UFA
8480009,Eeli Tolvanen,exact,"LW, RW",Nashville Predators,NSH,Nashville Predators,NSH,9437500,3145833,3,2018,2018,20182019,2018-03-29,RFA
8481178,Egor Zamula,exact,"LD, RD",Philadelphia Flyers,PHI,NA,NA,2500000,783333,3,2018,2018,20182019,2018-09-20,RFA
8477496,Elias Lindholm,exact,"C, RW, LW",Calgary Flames,CGY,Carolina Hurricanes,CAR,29100000,4850000,6,2018,2018,20182019,2018-07-16,UFA
8480012,Elias Pettersson,manual_override,"C, LW",Vancouver Canucks,VAN,NA,NA,11325000,3775000,3,2018,2018,20182019,2018-05-25,RFA
8480762,Eric Robinson,exact,"LW, RW",Columbus Blue Jackets,CBJ,Columbus Blue Jackets,CBJ,1850000,925000,2,2018,2018,20182019,2018-03-26,other
8475790,Erik Gudbranson,exact,RD,Vancouver Canucks,VAN,Vancouver Canucks,VAN,12000000,4000000,3,2018,2018,20182019,2018-02-20,UFA
8476979,Erik Gustafsson,exact,LD,Chicago Blackhawks,CHI,Chicago Blackhawks,CHI,2400000,1200000,2,2018,2018,20182019,2018-03-06,UFA
8480803,Evan Bouchard,exact,RD,Edmonton Oilers,EDM,NA,NA,4975000,1658333,3,2018,2018,20182019,2018-07-17,RFA
8475169,Evander Kane,exact,"LW, RW",San Jose Sharks,SJS,Buffalo Sabres,BUF,49000000,7000000,7,2018,2018,20182019,2018-05-24,UFA
8478366,Frank Vatrano,exact,"RW, LW",Florida Panthers,FLA,Boston Bruins,BOS,925000,925000,1,2018,2018,20182019,2018-06-29,other
8480863,Gabriel Fortier,exact,LW,Tampa Bay Lightning,TBL,NA,NA,2825000,925000,3,2018,2018,20182019,2018-12-19,RFA
8480014,Gabriel Vilardi,exact,"RW, C",Los Angeles Kings,LAK,NA,NA,4975000,1658333,3,2018,2018,20182019,2018-03-01,RFA
8479748,Gage Quinney,exact,C,Vegas Golden Knights,VGK,NA,NA,1430000,715000,2,2018,2018,20182019,2018-06-01,other
8477903,Garnet Hathaway,exact,RW,Calgary Flames,CGY,Calgary Flames,CGY,850000,850000,1,2018,2018,20182019,2018-07-30,UFA
8480184,Gustav Lindstrom,exact,"RD, LD",Detroit Red Wings,DET,NA,NA,2775000,925000,3,2018,2018,20182019,2018-05-25,RFA
8480035,Henri Jokiharju,exact,RD,Chicago Blackhawks,CHI,NA,NA,3837500,1279166,3,2018,2018,20182019,2018-06-12,RFA
8477392,Hudson Fasching,exact,"RW, LW",Arizona Coyotes,ARI,Buffalo Sabres,BUF,874125,874125,1,2018,2018,20182019,2018-07-14,other
8474013,Ian Cole,exact,"LD, RD",Colorado Avalanche,COL,Pittsburgh Penguins,PIT,12750000,4250000,3,2018,2018,20182019,2018-07-01,UFA
8480950,Ilya Lyubushkin,exact,RD,Arizona Coyotes,ARI,NA,NA,1350000,1350000,1,2018,2018,20182019,2018-05-23,other
8480806,Isac Lundestrom,exact,"C, LW",Anaheim Ducks,ANA,NA,NA,2775000,925000,3,2018,2018,20182019,2018-08-04,RFA
8476468,J.T. Miller,exact,"C, LW",Tampa Bay Lightning,TBL,New York Rangers,NYR,26250000,5250000,5,2018,2018,20182019,2018-06-26,UFA
8471677,Jack Johnson,exact,"LD, RD",Pittsburgh Penguins,PIT,Columbus Blue Jackets,CBJ,16250000,3250000,5,2018,2018,20182019,2018-07-01,UFA
8479439,Jacob MacDonald,exact,"RD, LD",Florida Panthers,FLA,NA,NA,1500000,750000,2,2018,2018,20182019,2018-07-02,UFA
8476885,Jacob Trouba,exact,RD,Winnipeg Jets,WPG,Winnipeg Jets,WPG,5500000,5500000,1,2018,2018,20182019,2018-07-22,other
8478133,Jake Evans,exact,"C, RW",Montreal Canadiens,MTL,NA,NA,2700000,1350000,2,2018,2018,20182019,2018-04-09,other
8477404,Jake Guentzel,exact,"LW, C",Pittsburgh Penguins,PIT,Pittsburgh Penguins,PIT,30000000,6000000,5,2018,2018,20182019,2018-12-27,UFA
8479991,Jake Leschyshyn,exact,C,Vegas Golden Knights,VGK,NA,NA,2875000,925000,3,2018,2018,20182019,2018-06-01,RFA
8479345,Jakob Chychrun,exact,"LD, RD",Arizona Coyotes,ARI,Arizona Coyotes,ARI,27600000,4600000,6,2018,2018,20182019,2018-11-13,UFA
8480880,Jakub Lauko,exact,"LW, RW, C",Boston Bruins,BOS,NA,NA,2800000,925000,3,2018,2018,20182019,2018-09-28,RFA
8474037,James van Riemsdyk,exact,LW,Philadelphia Flyers,PHI,Toronto Maple Leafs,TOR,35000000,7000000,5,2018,2018,20182019,2018-07-01,UFA
8476467,Jamie Oleksiak,exact,"LD, RD",Pittsburgh Penguins,PIT,Dallas Stars,DAL,6412500,2137500,3,2018,2018,20182019,2018-07-12,UFA
8480172,Jan Rutta,exact,"RD, LD",Chicago Blackhawks,CHI,Chicago Blackhawks,CHI,2250000,2250000,1,2018,2018,20182019,2018-03-08,UFA
8477955,Jared McCann,exact,"LW, C",Florida Panthers,FLA,Florida Panthers,FLA,2500000,1250000,2,2018,2018,20182019,2018-07-01,other
8475797,Jarred Tinordi,exact,LD,Nashville Predators,NSH,Montréal Canadiens,MTL,650000,650000,1,2018,2018,20182019,2018-07-01,UFA
8477450,Jason Dickinson,exact,"C, RW",Dallas Stars,DAL,Dallas Stars,DAL,875000,875000,1,2018,2018,20182019,2018-07-06,other
8480027,Jason Robertson,exact,LW,Dallas Stars,DAL,NA,NA,2775000,925000,3,2018,2018,20182019,2018-05-03,RFA
8475722,Jason Zucker,exact,"LW, RW",Minnesota Wild,MIN,Minnesota Wild,MIN,27500000,5500000,5,2018,2018,20182019,2018-07-25,UFA
8480829,Jesperi Kotkaniemi,exact,"C, LW",Montreal Canadiens,MTL,NA,NA,10275000,3425000,3,2018,2018,20182019,2018-07-01,RFA
8476918,Jimmy Vesey,exact,LW,New York Rangers,NYR,New York Rangers,NYR,4550000,2275000,2,2018,2018,20182019,2018-07-17,UFA
8476469,Joel Armia,exact,"LW, RW",Montreal Canadiens,MTL,Winnipeg Jets,WPG,1850000,1850000,1,2018,2018,20182019,2018-07-13,other
8476441,Joel Edmundson,exact,"LD, RD",St. Louis Blues,STL,St. Louis Blues,STL,3000000,3000000,1,2018,2018,20182019,2018-07-24,other
8477810,Joel Hanley,exact,"LD, RD",Dallas Stars,DAL,Arizona Coyotes,ARI,650000,650000,1,2018,2018,20182019,2018-07-01,UFA
8479315,Joey Anderson,exact,"RW, LW",New Jersey Devils,NJD,NA,NA,2775000,925000,3,2018,2018,20182019,2018-04-15,other
8474590,John Carlson,exact,"RD, LD",Washington Capitals,WSH,Washington Capitals,WSH,64000000,8000000,8,2018,2018,20182019,2018-06-25,UFA
8477401,John Hayden,exact,C,Chicago Blackhawks,CHI,Chicago Blackhawks,CHI,1500000,750000,2,2018,2018,20182019,2018-06-15,other
8475166,John Tavares,exact,C,Toronto Maple Leafs,TOR,New York Islanders,NYI,77000000,11000000,7,2018,2018,20182019,2018-07-01,UFA
8475750,Jon Merrill,exact,"RD, LD",Vegas Golden Knights,VGK,Vegas Golden Knights,VGK,2750000,1375000,2,2018,2018,20182019,2018-01-16,UFA
8476539,Jonathan Marchessault,exact,"RW, C",Vegas Golden Knights,VGK,Vegas Golden Knights,VGK,30000000,5000000,6,2018,2018,20182019,2018-01-03,UFA
8478413,Jordan Greenway,exact,"LW, RW",Minnesota Wild,MIN,Minnesota Wild,MIN,3675000,1225000,3,2018,2018,20182019,2018-03-26,other
8477384,Josh Brown,exact,"RD, LD",Florida Panthers,FLA,NA,NA,1350000,675000,2,2018,2018,20182019,2018-05-31,other
8477504,Josh Morrissey,exact,LD,Winnipeg Jets,WPG,Winnipeg Jets,WPG,6300000,3150000,2,2018,2018,20182019,2018-09-16,other
8477473,Justin Bailey,exact,RW,Buffalo Sabres,BUF,Buffalo Sabres,BUF,715000,715000,1,2018,2018,20182019,2018-07-15,other
8475718,Justin Holl,exact,RD,Toronto Maple Leafs,TOR,Toronto Maple Leafs,TOR,1350000,675000,2,2018,2018,20182019,2018-07-03,UFA
8475246,Kevin Connauton,exact,"LD, RD",Arizona Coyotes,ARI,Arizona Coyotes,ARI,2750000,1375000,2,2018,2018,20182019,2018-06-27,UFA
8475857,Kevin Gravel,exact,LD,Edmonton Oilers,EDM,Los Angeles Kings,LAK,700000,700000,1,2018,2018,20182019,2018-07-01,UFA
8475763,Kevin Hayes,exact,"C, RW",New York Rangers,NYR,New York Rangers,NYR,5175000,5175000,1,2018,2018,20182019,2018-07-30,UFA
8479291,Kevin Rooney,exact,C,New Jersey Devils,NJD,New Jersey Devils,NJD,1400000,700000,2,2018,2018,20182019,2018-08-13,UFA
8480748,Kiefer Sherwood,exact,LW,Anaheim Ducks,ANA,NA,NA,1850000,925000,2,2018,2018,20182019,2018-03-20,other
8479986,Kole Lind,exact,RW,Vancouver Canucks,VAN,NA,NA,3375000,1125000,3,2018,2018,20182019,2018-03-01,RFA
8477073,Kurtis MacDermid,exact,LW,Los Angeles Kings,LAK,Los Angeles Kings,LAK,1350000,675000,2,2018,2018,20182019,2018-07-15,other
8477335,Kyle Burroughs,exact,"RD, LD",New York Islanders,NYI,NA,NA,1350000,675000,2,2018,2018,20182019,2018-07-16,other
8474189,Lars Eller,exact,"C, LW, RW",Washington Capitals,WSH,Washington Capitals,WSH,17500000,3500000,5,2018,2018,20182019,2018-02-10,UFA
8480853,Liam Foudy,exact,"LW, RW, C",Columbus Blue Jackets,CBJ,NA,NA,3900000,1300000,3,2018,2018,20182019,2018-07-30,RFA
8477070,Liam O'Brien,exact,"RW, LW, C",Washington Capitals,WSH,Washington Capitals,WSH,650000,650000,1,2018,2018,20182019,2018-07-13,other
8474053,Logan Couture,exact,C,San Jose Sharks,SJS,San Jose Sharks,SJS,64000000,8000000,8,2018,2018,20182019,2018-07-01,UFA
8481186,Logan O'Connor,exact,RW,Colorado Avalanche,COL,NA,NA,2275000,1137500,2,2018,2018,20182019,2018-07-23,other
8478011,Louie Belpedio,exact,RD,Minnesota Wild,MIN,Minnesota Wild,MIN,1850000,925000,2,2018,2018,20182019,2018-04-05,other
8479523,Lucas Carlsson,exact,LD,Chicago Blackhawks,CHI,NA,NA,2775000,925000,3,2018,2018,20182019,2018-05-21,other
8474568,Luke Schenn,exact,RD,Anaheim Ducks,ANA,Arizona Coyotes,ARI,800000,800000,1,2018,2018,20182019,2018-07-01,UFA
8480025,MacKenzie Entwistle,exact,"C, RW",Chicago Blackhawks,CHI,NA,NA,2775000,925000,3,2018,2018,20182019,2018-10-16,RFA
8477346,MacKenzie Weegar,exact,"LD, RD",Florida Panthers,FLA,Florida Panthers,FLA,900000,900000,1,2018,2018,20182019,2018-07-25,other
8476907,Mackenzie MacEachern,exact,"LW, RW",St. Louis Blues,STL,NA,NA,650000,650000,1,2018,2018,20182019,2018-07-03,other
8476873,Mark Jankowski,exact,"C, RW",Calgary Flames,CGY,Calgary Flames,CGY,3350000,1675000,2,2018,2018,20182019,2018-07-25,other
8475913,Mark Stone,exact,RW,Ottawa Senators,OTT,Ottawa Senators,OTT,7350000,7350000,1,2018,2018,20182019,2018-08-03,UFA
8480796,Martin Fehervary,exact,LD,Washington Capitals,WSH,NA,NA,2825000,925000,3,2018,2018,20182019,2018-07-01,RFA
8476924,Martin Frk,exact,RW,Detroit Red Wings,DET,Detroit Red Wings,DET,1050000,1050000,1,2018,2018,20182019,2018-06-25,other
8477419,Mason Geertsen,exact,LW,Colorado Avalanche,COL,NA,NA,650000,650000,1,2018,2018,20182019,2018-07-13,other
8478975,Mason Marchment,exact,LW,Toronto Maple Leafs,TOR,NA,NA,1850000,925000,2,2018,2018,20182019,2018-03-18,other
8479972,Mason Shaw,exact,"LW, RW, C",Minnesota Wild,MIN,NA,NA,2775000,925000,3,2018,2018,20182019,2018-04-27,RFA
8476856,Mathew Dumba,exact,RD,Minnesota Wild,MIN,Minnesota Wild,MIN,30000000,6000000,5,2018,2018,20182019,2018-07-21,UFA
8476988,Matt Benning,exact,RD,Edmonton Oilers,EDM,Edmonton Oilers,EDM,3800000,1900000,2,2018,2018,20182019,2018-06-19,other
8476891,Matt Grzelcyk,exact,"LD, RD",Boston Bruins,BOS,Boston Bruins,BOS,2800000,1400000,2,2018,2018,20182019,2018-06-15,other
8476442,Matt Nieto,exact,LW,Colorado Avalanche,COL,Colorado Avalanche,COL,3950000,1975000,2,2018,2018,20182019,2018-07-06,UFA
8477406,Mattias Janmark,exact,"LW, RW, C",Dallas Stars,DAL,Dallas Stars,DAL,2300000,2300000,1,2018,2018,20182019,2018-07-25,other
8477503,Max Domi,exact,"C, RW, LW",Montreal Canadiens,MTL,Arizona Coyotes,ARI,6300000,3150000,2,2018,2018,20182019,2018-06-16,other
8474157,Max Pacioretty,exact,"LW, RW",Vegas Golden Knights,VGK,Montréal Canadiens,MTL,28000000,7000000,4,2018,2018,20182019,2018-09-10,UFA
8478047,Michael Bunting,exact,LW,Arizona Coyotes,ARI,NA,NA,715000,715000,1,2018,2018,20182019,2018-07-14,other
8479591,Michael Eyssimont,exact,"RW, LW, C",Los Angeles Kings,LAK,NA,NA,1850000,925000,2,2018,2018,20182019,2018-03-29,other
8477446,Michael McCarron,exact,"C, RW",Montreal Canadiens,MTL,Montréal Canadiens,MTL,874125,874125,1,2018,2018,20182019,2018-09-10,other
8479543,Michael Pezzetta,exact,LW,Montreal Canadiens,MTL,NA,NA,2230000,743333,3,2018,2018,20182019,2018-03-07,RFA
8475958,Michael Sgarbossa,exact,"C, RW",Washington Capitals,WSH,Anaheim Ducks,ANA,650000,650000,1,2018,2018,20182019,2018-07-01,other
8474150,Mikael Backlund,exact,C,Calgary Flames,CGY,Calgary Flames,CGY,32100000,5350000,6,2018,2018,20182019,2018-02-16,UFA
8477425,Miles Wood,exact,"LW, RW",New Jersey Devils,NJD,New Jersey Devils,NJD,11000000,2750000,4,2018,2018,20182019,2018-09-22,other
8479987,Morgan Geekie,exact,"C, RW, LW",Carolina Hurricanes,CAR,NA,NA,2400000,800000,3,2018,2018,20182019,2018-05-09,RFA
8477220,Nate Schmidt,exact,"RD, LD",Vegas Golden Knights,VGK,Vegas Golden Knights,VGK,35700000,5950000,6,2018,2018,20182019,2018-10-25,UFA
8475343,Nic Dowd,exact,C,Washington Capitals,WSH,Los Angeles Kings,LAK,650000,650000,1,2018,2018,20182019,2018-07-01,UFA
8477426,Nicholas Paul,exact,"C, LW",Ottawa Senators,OTT,Ottawa Senators,OTT,650000,650000,1,2018,2018,20182019,2018-07-16,other
8476372,Nick Seeler,exact,"LD, RD",Minnesota Wild,MIN,Minnesota Wild,MIN,2175000,725000,3,2018,2018,20182019,2018-07-01,UFA
8475235,Nicolas Deslauriers,exact,LW,Montreal Canadiens,MTL,Montréal Canadiens,MTL,1900000,950000,2,2018,2018,20182019,2018-02-19,UFA
8476453,Nikita Kucherov,exact,RW,Tampa Bay Lightning,TBL,Tampa Bay Lightning,TBL,76000000,9500000,8,2018,2018,20182019,2018-07-10,UFA
8478859,Niko Mikkola,exact,"LD, RD",St. Louis Blues,STL,NA,NA,1850000,925000,2,2018,2018,20182019,2018-05-31,other
8480865,Noah Dobson,exact,"RD, LD",New York Islanders,NYI,NA,NA,4387500,1462500,3,2018,2018,20182019,2018-08-13,RFA
8479393,Noah Gregor,exact,"RW, LW, C",San Jose Sharks,SJS,NA,NA,2550000,850000,3,2018,2018,20182019,2018-04-06,other
8478396,Noah Hanifin,exact,LD,Calgary Flames,CGY,Carolina Hurricanes,CAR,29700000,4950000,6,2018,2018,20182019,2018-08-30,UFA
8477416,Oliver Bjorkstrand,exact,RW,Columbus Blue Jackets,CBJ,Columbus Blue Jackets,CBJ,7500000,2500000,3,2018,2018,20182019,2018-07-15,other
8475171,Oliver Ekman-Larsson,exact,"RD, LD",Arizona Coyotes,ARI,Arizona Coyotes,ARI,66000000,8250000,8,2018,2018,20182019,2018-07-01,UFA
8476897,Oskar Sundqvist,exact,C,St. Louis Blues,STL,St. Louis Blues,STL,700000,700000,1,2018,2018,20182019,2018-07-06,other
8474034,Pat Maroon,exact,"RW, LW",St. Louis Blues,STL,Edmonton Oilers,EDM,1750000,1750000,1,2018,2018,20182019,2018-07-10,UFA
8477887,Patrick Brown,exact,"RW, LW, C",Carolina Hurricanes,CAR,Carolina Hurricanes,CAR,650000,650000,1,2018,2018,20182019,2018-06-06,UFA
8481032,Paul Cotter,exact,"LW, RW, C",Vegas Golden Knights,VGK,NA,NA,2550000,800000,3,2018,2018,20182019,2018-12-28,RFA
8476479,Phillip Danault,exact,C,Montreal Canadiens,MTL,Montréal Canadiens,MTL,9250000,3083333,3,2018,2018,20182019,2018-07-15,UFA
8476858,Phillip Di Giuseppe,exact,LW,Carolina Hurricanes,CAR,Carolina Hurricanes,CAR,750000,750000,1,2018,2018,20182019,2018-06-26,other
8478115,Pierre Engvall,exact,LW,Toronto Maple Leafs,TOR,NA,NA,1850000,925000,2,2018,2018,20182019,2018-05-17,other
8479335,Rasmus Asplund,exact,C,Buffalo Sabres,BUF,NA,NA,2775000,925000,3,2018,2018,20182019,2018-05-23,RFA
8480839,Rasmus Dahlin,exact,"LD, RD",Buffalo Sabres,BUF,NA,NA,11325000,3775000,3,2018,2018,20182019,2018-07-09,RFA
8480845,Rasmus Kupari,exact,"C, RW",Los Angeles Kings,LAK,NA,NA,3337500,1112500,3,2018,2018,20182019,2018-07-13,RFA
8480873,Rasmus Sandin,exact,LD,Toronto Maple Leafs,TOR,NA,NA,2775000,925000,3,2018,2018,20182019,2018-07-15,RFA
8474062,Riley Nash,exact,C,Columbus Blue Jackets,CBJ,Boston Bruins,BOS,8250000,2750000,3,2018,2018,20182019,2018-07-01,UFA
8479388,Riley Stillman,exact,LD,Florida Panthers,FLA,NA,NA,2700000,900000,3,2018,2018,20182019,2018-03-03,RFA
NA,Riley Sutter,unmatched,RW,Washington Capitals,WSH,NA,NA,2800000,925000,3,2018,2018,20182019,2018-09-29,RFA
8477952,Robby Fabbri,exact,"LW, RW, C",St. Louis Blues,STL,St. Louis Blues,STL,925000,925000,1,2018,2018,20182019,2018-07-03,RFA
8474145,Robert Bortuzzo,exact,RD,St. Louis Blues,STL,St. Louis Blues,STL,4125000,1375000,3,2018,2018,20182019,2018-12-15,UFA
8477462,Robert Hagg,exact,"LD, RD",Philadelphia Flyers,PHI,Philadelphia Flyers,PHI,2300000,1150000,2,2018,2018,20182019,2018-08-01,other
8479525,Ross Colton,exact,C,Tampa Bay Lightning,TBL,NA,NA,1850000,925000,2,2018,2018,20182019,2018-06-26,other
8477527,Ross Johnston,exact,"LW, RW",New York Islanders,NYI,New York Islanders,NYI,4000000,1000000,4,2018,2018,20182019,2018-07-09,UFA
8477987,Ryan Donato,exact,"RW, LW, C",Boston Bruins,BOS,Boston Bruins,BOS,2700000,1350000,2,2018,2018,20182019,2018-03-18,other
8475176,Ryan Ellis,exact,RD,Nashville Predators,NSH,Nashville Predators,NSH,50000000,6250000,8,2018,2018,20182019,2018-08-14,UFA
8477435,Ryan Graves,exact,"LD, RD",Colorado Avalanche,COL,NA,NA,650000,650000,1,2018,2018,20182019,2018-07-16,other
8477451,Ryan Hartman,exact,"C, RW",Nashville Predators,NSH,Chicago Blackhawks,CHI,875000,875000,1,2018,2018,20182019,2018-07-15,other
8479324,Ryan Lindgren,exact,"LD, RD",New York Rangers,NYR,NA,NA,3300000,1100000,3,2018,2018,20182019,2018-03-22,RFA
8474151,Ryan McDonagh,exact,"LD, RD",Tampa Bay Lightning,TBL,New York Rangers,NYR,47250000,6750000,7,2018,2018,20182019,2018-07-01,UFA
8477506,Ryan Pulock,exact,RD,New York Islanders,NYI,New York Islanders,NYI,4000000,2000000,2,2018,2018,20182019,2018-07-17,other
8471817,Ryan Reaves,exact,"RW, LW",Vegas Golden Knights,VGK,Pittsburgh Penguins,PIT,5550000,2775000,2,2018,2018,20182019,2018-06-30,UFA
8476458,Ryan Strome,exact,"LW, C, RW",Edmonton Oilers,EDM,Edmonton Oilers,EDM,6200000,3100000,2,2018,2018,20182019,2018-07-06,other
8478043,Sam Lafferty,exact,"RW, LW, C",Pittsburgh Penguins,PIT,NA,NA,1850000,925000,2,2018,2018,20182019,2018-03-06,other
8477933,Sam Reinhart,exact,"LW, RW, C",Buffalo Sabres,BUF,Buffalo Sabres,BUF,7300000,3650000,2,2018,2018,20182019,2018-09-19,other
8476429,Scott Mayfield,exact,RD,New York Islanders,NYI,New York Islanders,NYI,7250000,1450000,5,2018,2018,20182019,2018-01-04,UFA
8476374,Sean Kuraly,exact,C,Boston Bruins,BOS,Boston Bruins,BOS,3825000,1275000,3,2018,2018,20182019,2018-07-03,UFA
8480336,Sean Walker,exact,RD,Los Angeles Kings,LAK,NA,NA,1490000,745000,2,2018,2018,20182019,2018-07-02,other
8477447,Shea Theodore,exact,LD,Vegas Golden Knights,VGK,Vegas Golden Knights,VGK,36400000,5200000,7,2018,2018,20182019,2018-09-25,UFA
8480326,Sheldon Dries,exact,C,Colorado Avalanche,COL,NA,NA,925000,925000,1,2018,2018,20182019,2018-07-02,other
8476474,Stefan Noesen,exact,RW,New Jersey Devils,NJD,New Jersey Devils,NJD,1725000,1725000,1,2018,2018,20182019,2018-07-17,other
8477463,Steven Santini,exact,RD,New Jersey Devils,NJD,New Jersey Devils,NJD,4250000,1416667,3,2018,2018,20182019,2018-08-14,other
8479661,Tanner Jeannot,exact,"LW, C, RW",Nashville Predators,NSH,NA,NA,2140000,713333,3,2018,2018,20182019,2018-04-02,other
8476927,Teddy Blueger,exact,C,Pittsburgh Penguins,PIT,NA,NA,650000,650000,1,2018,2018,20182019,2018-07-13,other
8476880,Tom Wilson,exact,RW,Washington Capitals,WSH,Washington Capitals,WSH,31000000,5166667,6,2018,2018,20182019,2018-07-27,UFA
8476881,Tomas Hertl,exact,C,San Jose Sharks,SJS,San Jose Sharks,SJS,22500000,5625000,4,2018,2018,20182019,2018-07-02,UFA
8477931,Tomas Nosek,exact,"C, LW",Vegas Golden Knights,VGK,Vegas Golden Knights,VGK,962500,962500,1,2018,2018,20182019,2018-07-17,other
NA,Travis Barron,unmatched,LW,Colorado Avalanche,COL,NA,NA,2225000,741667,3,2018,2018,20182019,2018-03-29,other
8476329,Travis Boyd,exact,"RW, C",Washington Capitals,WSH,Washington Capitals,WSH,1600000,800000,2,2018,2018,20182019,2018-07-01,other
8479365,Trent Frederic,exact,"RW, C",Boston Bruins,BOS,NA,NA,3412500,1137500,3,2018,2018,20182019,2018-03-13,RFA
8477845,Trevor van Riemsdyk,exact,"RD, LD",Carolina Hurricanes,CAR,Carolina Hurricanes,CAR,4600000,2300000,2,2018,2018,20182019,2018-07-05,UFA
8479442,Troy Stecher,exact,"RD, LD",Vancouver Canucks,VAN,Vancouver Canucks,VAN,4650000,2325000,2,2018,2018,20182019,2018-07-20,other
8478873,Troy Terry,exact,"RW, LW",Anaheim Ducks,ANA,Anaheim Ducks,ANA,4475000,1491667,3,2018,2018,20182019,2018-03-27,other
8477359,Tucker Poolman,exact,RD,Winnipeg Jets,WPG,Winnipeg Jets,WPG,2325000,775000,3,2018,2018,20182019,2018-07-24,UFA
8480848,Ty Dellandrea,exact,"C, RW, LW",Dallas Stars,DAL,NA,NA,4387500,1462500,3,2018,2018,20182019,2018-09-19,RFA
8480883,Ty Smith,exact,"LD, RD",New Jersey Devils,NJD,NA,NA,3975000,1325000,3,2018,2018,20182019,2018-08-20,RFA
8477479,Tyler Bertuzzi,exact,LW,Detroit Red Wings,DET,Detroit Red Wings,DET,2800000,1400000,2,2018,2018,20182019,2018-06-25,other
8475794,Tyler Seguin,exact,C,Dallas Stars,DAL,Dallas Stars,DAL,78800000,9850000,8,2018,2018,20182019,2018-09-13,UFA
8480001,Urho Vaakanainen,exact,"LD, RD",Boston Bruins,BOS,NA,NA,4000000,1333333,3,2018,2018,20182019,2018-06-13,RFA
8477501,Valeri Nichushkin,exact,"LW, RW",Dallas Stars,DAL,Dallas Stars,DAL,5900000,2950000,2,2018,2018,20182019,2018-07-01,other
8478109,Victor Olofsson,exact,"LW, RW",Buffalo Sabres,BUF,NA,NA,1850000,925000,2,2018,2018,20182019,2018-04-24,other
8476994,Vinnie Hinostroza,exact,"RW, C",Chicago Blackhawks,CHI,Chicago Blackhawks,CHI,3000000,1500000,2,2018,2018,20182019,2018-06-15,other
8476480,Vladislav Namestnikov,exact,"RW, C",New York Rangers,NYR,Tampa Bay Lightning,TBL,8000000,4000000,2,2018,2018,20182019,2018-07-01,UFA
8478840,Will Borgen,exact,RD,Buffalo Sabres,BUF,NA,NA,2775000,925000,3,2018,2018,20182019,2018-03-25,other
8477478,William Carrier,exact,LW,Vegas Golden Knights,VGK,Vegas Golden Knights,VGK,1450000,725000,2,2018,2018,20182019,2018-07-23,other
8476448,William Karlsson,exact,C,Vegas Golden Knights,VGK,Vegas Golden Knights,VGK,5250000,5250000,1,2018,2018,20182019,2018-08-04,other
8477939,William Nylander,exact,RW,Toronto Maple Leafs,TOR,Toronto Maple Leafs,TOR,45000000,10277778,6,2018,2018,20182019,2018-12-01,UFA
8476826,Yanni Gourde,exact,"C, LW",Tampa Bay Lightning,TBL,Tampa Bay Lightning,TBL,31000000,5166666,6,2018,2018,20182019,2018-11-02,UFA
8481068,Yegor Sharangovich,exact,"RW, C, LW",New Jersey Devils,NJD,NA,NA,2775000,925000,3,2018,2018,20182019,2018-07-17,RFA
8480727,Zach Whitecloud,exact,RD,Vegas Golden Knights,VGK,Vegas Golden Knights,VGK,4475000,1491667,3,2018,2018,20182019,2018-03-08,other
8478421,A.J. Greer,exact,LW,Colorado Avalanche,COL,Colorado Avalanche,COL,735000,735000,1,2019,2019,20192020,2019-08-01,other
8479323,Adam Fox,exact,RD,New York Rangers,NYR,NA,NA,5325000,1775000,3,2019,2019,20192020,2019-05-02,other
8477960,Adrian Kempe,exact,"LW, RW",Los Angeles Kings,LAK,Los Angeles Kings,LAK,6000000,2000000,3,2019,2019,20192020,2019-09-04,other
8480851,Akil Thomas,exact,"RW, C",Los Angeles Kings,LAK,NA,NA,2825000,925000,3,2019,2019,20192020,2019-03-16,RFA
8480831,Alec Regula,exact,RD,Chicago Blackhawks,CHI,NA,NA,2775000,925000,3,2019,2019,20192020,2019-11-11,RFA
8475968,Alex Belzile,exact,RW,Montreal Canadiens,MTL,NA,NA,700000,700000,1,2019,2019,20192020,2019-05-24,UFA
8479337,Alex DeBrincat,exact,"RW, LW",Chicago Blackhawks,CHI,Chicago Blackhawks,CHI,19200000,6400000,3,2019,2019,20192020,2019-10-03,other
8480113,Alex Iafallo,exact,LW,Los Angeles Kings,LAK,Los Angeles Kings,LAK,4850000,2425000,2,2019,2019,20192020,2019-07-10,UFA
8477021,Alex Kerfoot,exact,"C, RW",Toronto Maple Leafs,TOR,Colorado Avalanche,COL,14000000,3500000,4,2019,2019,20192020,2019-07-04,UFA
8475755,Alexander Petrovic,exact,RD,Boston Bruins,BOS,Florida Panthers,FLA,700000,700000,1,2019,2019,20192020,2019-09-26,UFA
8481656,Aliaksei Protas,exact,"LW, RW, C",Washington Capitals,WSH,NA,NA,2850000,925000,3,2019,2019,20192020,2019-07-10,RFA
8475314,Anders Lee,exact,"LW, RW",New York Islanders,NYI,New York Islanders,NYI,49000000,7000000,7,2019,2019,20192020,2019-07-01,UFA
8477444,Andre Burakovsky,exact,"LW, RW",Colorado Avalanche,COL,Washington Capitals,WSH,3250000,3250000,1,2019,2019,20192020,2019-07-15,other
8477971,Andreas Englund,exact,LD,Ottawa Senators,OTT,Ottawa Senators,OTT,700000,700000,1,2019,2019,20192020,2019-06-17,other
8475461,Andrew Agozzino,exact,LW,Pittsburgh Penguins,PIT,Colorado Avalanche,COL,1400000,700000,2,2019,2019,20192020,2019-07-01,UFA
8477429,Andrew Copp,exact,"C, RW",Winnipeg Jets,WPG,Winnipeg Jets,WPG,4560000,2280000,2,2019,2019,20192020,2019-07-23,other
8478233,Andrew Mangiapane,exact,LW,Calgary Flames,CGY,Calgary Flames,CGY,715000,715000,1,2019,2019,20192020,2019-09-15,other
8479369,Andrew Peeke,exact,"RD, LD",Columbus Blue Jackets,CBJ,NA,NA,4475000,1491667,3,2019,2019,20192020,2019-04-01,other
8479249,Andrew Poturalski,exact,C,Anaheim Ducks,ANA,Carolina Hurricanes,CAR,700000,700000,1,2019,2019,20192020,2019-07-02,other
8478463,Anthony Beauvillier,exact,LW,New York Islanders,NYI,New York Islanders,NYI,4200000,2100000,2,2019,2019,20192020,2019-08-28,other
8477407,Anthony Duclair,exact,LW,Ottawa Senators,OTT,Columbus Blue Jackets,CBJ,1650000,1650000,1,2019,2019,20192020,2019-06-17,other
8477320,Anton Blidh,exact,LW,Boston Bruins,BOS,Boston Bruins,BOS,1400000,700000,2,2019,2019,20192020,2019-05-01,other
8478550,Artemi Panarin,exact,"RW, LW",New York Rangers,NYR,Columbus Blue Jackets,CBJ,81500000,11642857,7,2019,2019,20192020,2019-07-01,UFA
8477476,Artturi Lehkonen,exact,"LW, RW",Montreal Canadiens,MTL,Montréal Canadiens,MTL,4800000,2400000,2,2019,2019,20192020,2019-07-11,other
8479318,Auston Matthews,exact,C,Toronto Maple Leafs,TOR,Toronto Maple Leafs,TOR,58195000,11634000,5,2019,2019,20192020,2019-02-05,UFA
8475279,Ben Chiarot,exact,"LD, RD",Montreal Canadiens,MTL,Winnipeg Jets,WPG,10500000,3500000,3,2019,2019,20192020,2019-07-04,UFA
8477018,Ben Hutton,exact,"LD, RD",Los Angeles Kings,LAK,Vancouver Canucks,VAN,1500000,1500000,1,2019,2019,20192020,2019-09-18,UFA
8481481,Blake Lizotte,exact,"LW, RW, C",Los Angeles Kings,LAK,Los Angeles Kings,LAK,4475000,1491667,3,2019,2019,20192020,2019-04-02,other
8480870,Bo Groulx,exact,"C, LW, RW",Anaheim Ducks,ANA,NA,NA,2825000,925000,3,2019,2019,20192020,2019-10-09,RFA
8481524,Bowen Byram,exact,"LD, RD",Colorado Avalanche,COL,NA,NA,10275000,3425000,3,2019,2019,20192020,2019-07-19,RFA
8478443,Brandon Carlo,exact,RD,Boston Bruins,BOS,Boston Bruins,BOS,5700000,2850000,2,2019,2019,20192020,2019-09-17,other
8479520,Brandon Duhaime,exact,RW,Minnesota Wild,MIN,NA,NA,1850000,925000,2,2019,2019,20192020,2019-04-17,other
8479293,Brandon Tanev,exact,"LW, RW",Pittsburgh Penguins,PIT,Winnipeg Jets,WPG,21000000,3500000,6,2019,2019,20192020,2019-07-01,UFA
8481167,Brayden Pachal,exact,RD,Vegas Golden Knights,VGK,NA,NA,2295000,765000,3,2019,2019,20192020,2019-09-20,RFA
8478010,Brayden Point,exact,"C, RW",Tampa Bay Lightning,TBL,Tampa Bay Lightning,TBL,20250000,6750000,3,2019,2019,20192020,2019-09-23,other
8475170,Brayden Schenn,exact,"C, LW, RW",St. Louis Blues,STL,St. Louis Blues,STL,52000000,6500000,8,2019,2019,20192020,2019-10-04,UFA
8476867,Brendan Gaunce,exact,"C, RW",Boston Bruins,BOS,Vancouver Canucks,VAN,700000,700000,1,2019,2019,20192020,2019-07-01,other
8476967,Brett Kulak,exact,"LD, RD",Montreal Canadiens,MTL,Montréal Canadiens,MTL,5550000,1850000,3,2019,2019,20192020,2019-05-25,UFA
8481517,Brett Leason,exact,"RW, LW",Washington Capitals,WSH,NA,NA,2775000,925000,3,2019,2019,20192020,2019-07-11,RFA
8478444,Brock Boeser,exact,RW,Vancouver Canucks,VAN,Vancouver Canucks,VAN,17625000,5875000,3,2019,2019,20192020,2019-09-16,other
8476934,Brock McGinn,exact,LW,Carolina Hurricanes,CAR,Carolina Hurricanes,CAR,4200000,2100000,2,2019,2019,20192020,2019-07-20,UFA
8475754,Brock Nelson,exact,"C, LW",New York Islanders,NYI,New York Islanders,NYI,36000000,6000000,6,2019,2019,20192020,2019-05-23,UFA
8481479,Brogan Rafferty,exact,RD,Vancouver Canucks,VAN,Vancouver Canucks,VAN,925000,5133750,1,2019,2019,20192020,2019-04-01,other
8481479,Brogan Rafferty,exact,RD,Vancouver Canucks,VAN,Vancouver Canucks,VAN,1400000,700000,2,2019,2019,20192020,2019-07-09,other
8480069,Cale Makar,exact,RD,Colorado Avalanche,COL,Colorado Avalanche,COL,8562500,2854166,3,2019,2019,20192020,2019-04-14,RFA
8477369,Carson Soucy,exact,"LD, RD",Minnesota Wild,MIN,Minnesota Wild,MIN,750000,750000,1,2019,2019,20192020,2019-07-16,other
8477409,Carter Verhaeghe,exact,"RW, LW, C",Tampa Bay Lightning,TBL,NA,NA,700000,700000,1,2019,2019,20192020,2019-07-05,other
8479578,Casey Fitzgerald,exact,RD,Buffalo Sabres,BUF,NA,NA,1850000,925000,2,2019,2019,20192020,2019-03-26,other
8477244,Chad Ruhwedel,exact,RD,Pittsburgh Penguins,PIT,Pittsburgh Penguins,PIT,1400000,700000,2,2019,2019,20192020,2019-05-23,UFA
8476905,Chandler Stephenson,exact,C,Washington Capitals,WSH,Washington Capitals,WSH,1050000,1050000,1,2019,2019,20192020,2019-07-26,other
8475745,Charlie Coyle,exact,C,Boston Bruins,BOS,Minnesota Wild,MIN,31500000,5250000,6,2019,2019,20192020,2019-11-27,UFA
8479325,Charlie McAvoy,exact,RD,Boston Bruins,BOS,Boston Bruins,BOS,14700000,4900000,3,2019,2019,20192020,2019-09-15,other
8479597,Chase Priskie,exact,RD,Carolina Hurricanes,CAR,NA,NA,3550000,1775000,2,2019,2019,20192020,2019-08-17,other
8475780,Chris Wagner,exact,"C, RW",Boston Bruins,BOS,Boston Bruins,BOS,4050000,1350000,3,2019,2019,20192020,2019-11-27,UFA
8478846,Christian Wolanin,exact,LD,Ottawa Senators,OTT,Ottawa Senators,OTT,1800000,900000,2,2019,2019,20192020,2019-07-04,other
8478056,Clark Bishop,exact,C,Carolina Hurricanes,CAR,Carolina Hurricanes,CAR,700000,700000,1,2019,2019,20192020,2019-07-15,other
8479343,Clayton Keller,exact,"RW, LW, C",Arizona Coyotes,ARI,Arizona Coyotes,ARI,57200000,7150000,8,2019,2019,20192020,2019-09-04,UFA
8476879,Cody Ceci,exact,"RD, LD",Toronto Maple Leafs,TOR,Ottawa Senators,OTT,4500000,4500000,1,2019,2019,20192020,2019-07-04,UFA
8478400,Colin White,exact,"RW, LW, C",Ottawa Senators,OTT,Ottawa Senators,OTT,28500000,4750000,6,2019,2019,20192020,2019-08-21,UFA
8476925,Colton Sissons,exact,C,Nashville Predators,NSH,Nashville Predators,NSH,20000000,2857143,7,2019,2019,20192020,2019-07-23,UFA
8476941,Connor Carrick,exact,RD,New Jersey Devils,NJD,Dallas Stars,DAL,3000000,1500000,2,2019,2019,20192020,2019-07-16,UFA
8477365,Connor Clifton,exact,"RD, LD",Boston Bruins,BOS,Boston Bruins,BOS,3000000,1000000,3,2019,2019,20192020,2019-07-01,UFA
8480980,Connor Dewar,exact,C,Minnesota Wild,MIN,NA,NA,2775000,925000,3,2019,2019,20192020,2019-03-05,RFA
8481580,Connor McMichael,exact,"C, LW",Washington Capitals,WSH,NA,NA,2775000,925000,3,2019,2019,20192020,2019-07-12,RFA
8478856,Conor Garland,exact,"RW, LW",Arizona Coyotes,ARI,Arizona Coyotes,ARI,1550000,775000,2,2019,2019,20192020,2019-02-27,other
8470621,Corey Perry,exact,RW,Dallas Stars,DAL,Anaheim Ducks,ANA,3250000,3250000,1,2019,2019,20192020,2019-07-01,UFA
8477508,Curtis Lazar,exact,"LW, C, RW",Buffalo Sabres,BUF,Calgary Flames,CGY,700000,700000,1,2019,2019,20192020,2019-07-01,other
8478057,Dakota Joshua,exact,"LW, RW, C",St. Louis Blues,STL,NA,NA,1850000,925000,2,2019,2019,20192020,2019-07-12,other
8477541,Dakota Mermis,exact,"LD, RD",New Jersey Devils,NJD,Arizona Coyotes,ARI,700000,700000,1,2019,2019,20192020,2019-07-01,other
8479371,Dante Fabbro,exact,RD,Nashville Predators,NSH,Nashville Predators,NSH,4475000,1491667,3,2019,2019,20192020,2019-03-27,other
8478046,Danton Heinen,exact,"LW, RW",Boston Bruins,BOS,Boston Bruins,BOS,5600000,2800000,2,2019,2019,20192020,2019-07-09,other
8481019,David Gustafsson,exact,"RW, C, LW",Winnipeg Jets,WPG,NA,NA,2775000,925000,3,2019,2019,20192020,2019-06-13,RFA
8480144,David Kampf,exact,C,Chicago Blackhawks,CHI,Chicago Blackhawks,CHI,2000000,1000000,2,2019,2019,20192020,2019-07-01,other
8476884,Derrick Pouliot,exact,"LD, RD",St. Louis Blues,STL,Vancouver Canucks,VAN,700000,700000,1,2019,2019,20192020,2019-07-01,other
8476952,Dominic Toninato,exact,"RW, C",Florida Panthers,FLA,Colorado Avalanche,COL,775000,775000,1,2019,2019,20192020,2019-07-15,other
8478211,Dryden Hunt,exact,"LW, RW",Florida Panthers,FLA,Florida Panthers,FLA,715000,715000,1,2019,2019,20192020,2019-07-17,other
8481528,Dylan Cozens,exact,"C, RW",Buffalo Sabres,BUF,NA,NA,5325000,1775000,3,2019,2019,20192020,2019-07-15,RFA
8479580,Dylan Gambrell,exact,C,San Jose Sharks,SJS,San Jose Sharks,SJS,1400000,700000,2,2019,2019,20192020,2019-07-11,other
8475795,Dylan McIlrath,exact,RD,Detroit Red Wings,DET,Detroit Red Wings,DET,1400000,700000,2,2019,2019,20192020,2019-05-08,UFA
8478062,Dysin Mayo,exact,RD,Arizona Coyotes,ARI,NA,NA,715000,715000,1,2019,2019,20192020,2019-07-15,other
8480185,Eetu Luostarinen,exact,"LW, RW, C",Carolina Hurricanes,CAR,NA,NA,2775000,925000,3,2019,2019,20192020,2019-05-30,other
8480205,Emil Bemstrom,exact,"LW, RW, C",Columbus Blue Jackets,CBJ,NA,NA,4900000,1633333,3,2019,2019,20192020,2019-05-14,RFA
8480762,Eric Robinson,exact,"LW, RW",Columbus Blue Jackets,CBJ,Columbus Blue Jackets,CBJ,874125,874125,1,2019,2019,20192020,2019-06-25,other
8474578,Erik Karlsson,exact,RD,San Jose Sharks,SJS,San Jose Sharks,SJS,92000000,11500000,8,2019,2019,20192020,2019-06-17,UFA
8476902,Esa Lindell,exact,"LD, RD",Dallas Stars,DAL,Dallas Stars,DAL,34800000,5800000,6,2019,2019,20192020,2019-05-16,UFA
8478542,Evan Rodrigues,exact,"RW, LW, C",Buffalo Sabres,BUF,Buffalo Sabres,BUF,2000000,2000000,1,2019,2019,20192020,2019-07-25,other
8480188,Fabian Zetterlund,exact,"LW, RW",New Jersey Devils,NJD,NA,NA,2775000,925000,3,2019,2019,20192020,2019-05-13,RFA
8478366,Frank Vatrano,exact,"RW, LW",Florida Panthers,FLA,Florida Panthers,FLA,7600000,2533333,3,2019,2019,20192020,2019-02-23,UFA
8477903,Garnet Hathaway,exact,RW,Washington Capitals,WSH,Calgary Flames,CGY,6000000,1500000,4,2019,2019,20192020,2019-07-01,UFA
8480306,Grant Hutton,exact,RD,New York Islanders,NYI,NA,NA,925000,925000,1,2019,2019,20192020,2019-03-21,other
8478055,Gustav Forsling,exact,LD,Carolina Hurricanes,CAR,Chicago Blackhawks,CHI,874125,874125,1,2019,2019,20192020,2019-07-15,other
8474679,Gustav Nyquist,exact,"RW, C",Columbus Blue Jackets,CBJ,Detroit Red Wings,DET,22000000,5500000,4,2019,2019,20192020,2019-07-01,UFA
8477467,Gustav Olofsson,exact,LD,Montreal Canadiens,MTL,Minnesota Wild,MIN,700000,700000,1,2019,2019,20192020,2019-06-14,other
8477938,Haydn Fleury,exact,"LD, RD",Carolina Hurricanes,CAR,Carolina Hurricanes,CAR,850000,850000,1,2019,2019,20192020,2019-07-16,other
8477392,Hudson Fasching,exact,"RW, LW",Arizona Coyotes,ARI,Buffalo Sabres,BUF,1475000,737500,2,2019,2019,20192020,2019-07-04,other
8480950,Ilya Lyubushkin,exact,RD,Arizona Coyotes,ARI,Arizona Coyotes,ARI,874125,874125,1,2019,2019,20192020,2019-06-14,other
8481624,Ilya Mikheyev,exact,"RW, LW",Toronto Maple Leafs,TOR,NA,NA,925000,925000,1,2019,2019,20192020,2019-05-06,other
8477964,Ivan Barbashev,exact,"LW, C",St. Louis Blues,STL,St. Louis Blues,STL,2950000,1475000,2,2019,2019,20192020,2019-09-01,other
8478500,Ivan Provorov,exact,"LD, RD",Philadelphia Flyers,PHI,Philadelphia Flyers,PHI,40500000,6750000,6,2019,2019,20192020,2019-09-12,UFA
8477456,J.T. Compher,exact,"C, LW",Colorado Avalanche,COL,Colorado Avalanche,COL,14000000,3500000,4,2019,2019,20192020,2019-07-17,UFA
8481559,Jack Hughes,exact,"LW, RW, C",New Jersey Devils,NJD,NA,NA,11325000,3775000,3,2019,2019,20192020,2019-07-12,RFA
8480196,Jacob Bryson,exact,"LD, RD",Buffalo Sabres,BUF,NA,NA,2775000,925000,3,2019,2019,20192020,2019-04-15,other
8481422,Jacob Lucchini,exact,C,Pittsburgh Penguins,PIT,NA,NA,925000,925000,1,2019,2019,20192020,2019-03-11,other
8476885,Jacob Trouba,exact,RD,New York Rangers,NYR,Winnipeg Jets,WPG,56000000,8000000,7,2019,2019,20192020,2019-07-19,UFA
8476931,Jake McCabe,exact,"LD, RD",Buffalo Sabres,BUF,Buffalo Sabres,BUF,5700000,2850000,2,2019,2019,20192020,2019-08-03,UFA
8481592,Jakob Pelletier,exact,LW,Calgary Flames,CGY,NA,NA,2775000,925000,3,2019,2019,20192020,2019-09-23,RFA
8477944,Jakub Vrana,exact,LW,Washington Capitals,WSH,Washington Capitals,WSH,6700000,3350000,2,2019,2019,20192020,2019-07-16,other
8480890,Jan Jenik,exact,C,Arizona Coyotes,ARI,NA,NA,2800000,925000,3,2019,2019,20192020,2019-03-29,RFA
8480172,Jan Rutta,exact,"RD, LD",Tampa Bay Lightning,TBL,Chicago Blackhawks,CHI,1300000,1300000,1,2019,2019,20192020,2019-05-03,UFA
8474716,Jared Spurgeon,exact,RD,Minnesota Wild,MIN,Minnesota Wild,MIN,53025000,7575000,7,2019,2019,20192020,2019-09-14,UFA
8475797,Jarred Tinordi,exact,LD,Nashville Predators,NSH,Montréal Canadiens,MTL,1400000,700000,2,2019,2019,20192020,2019-05-29,UFA
8477450,Jason Dickinson,exact,"C, RW",Dallas Stars,DAL,Dallas Stars,DAL,3000000,1500000,2,2019,2019,20192020,2019-07-11,other
8477034,Jaycob Megna,exact,"RD, LD",Vegas Golden Knights,VGK,Anaheim Ducks,ANA,700000,700000,1,2019,2019,20192020,2019-07-01,UFA
8475784,Jeff Skinner,exact,"LW, RW, C",Buffalo Sabres,BUF,Buffalo Sabres,BUF,72000000,9000000,8,2019,2019,20192020,2019-06-07,UFA
8479705,Jeffrey Viel,exact,LW,San Jose Sharks,SJS,NA,NA,1600000,800000,2,2019,2019,20192020,2019-05-29,other
8479602,Jeremy Davies,exact,LD,New Jersey Devils,NJD,NA,NA,2650000,1325000,2,2019,2019,20192020,2019-04-03,other
8480003,Jesper Boqvist,exact,"C, RW, LW",New Jersey Devils,NJD,NA,NA,2775000,925000,3,2019,2019,20192020,2019-06-10,RFA
8480808,Jett Woo,exact,RD,Vancouver Canucks,VAN,NA,NA,3225000,1075000,3,2019,2019,20192020,2019-03-16,RFA
NA,Jimmy Huntington,unmatched,C,Tampa Bay Lightning,TBL,NA,NA,2775000,925000,3,2019,2019,20192020,2019-03-01,RFA
8481486,Jimmy Schuldt,exact,LD,Vegas Golden Knights,VGK,Vegas Golden Knights,VGK,925000,6567500,1,2019,2019,20192020,2019-04-03,other
8481486,Jimmy Schuldt,exact,LD,Vegas Golden Knights,VGK,Vegas Golden Knights,VGK,850000,850000,1,2019,2019,20192020,2019-09-05,other
8478176,Joe Hicketts,exact,LD,Detroit Red Wings,DET,Detroit Red Wings,DET,1400000,700000,2,2019,2019,20192020,2019-07-17,other
8481441,Joe Snively,exact,C,Washington Capitals,WSH,NA,NA,1850000,925000,2,2019,2019,20192020,2019-03-18,other
8480813,Joe Veleno,exact,"C, RW, LW",Detroit Red Wings,DET,NA,NA,3731250,1243750,3,2019,2019,20192020,2019-05-01,RFA
8476469,Joel Armia,exact,"LW, RW",Montreal Canadiens,MTL,Montréal Canadiens,MTL,5200000,2600000,2,2019,2019,20192020,2019-07-11,UFA
8476441,Joel Edmundson,exact,"LD, RD",St. Louis Blues,STL,St. Louis Blues,STL,3100000,3100000,1,2019,2019,20192020,2019-08-06,UFA
8478493,Joel Eriksson Ek,exact,C,Minnesota Wild,MIN,Minnesota Wild,MIN,2975000,1487500,2,2019,2019,20192020,2019-08-21,other
8480797,Joel Farabee,exact,LW,Philadelphia Flyers,PHI,NA,NA,4275000,1425000,3,2019,2019,20192020,2019-03-25,RFA
8477810,Joel Hanley,exact,"LD, RD",Dallas Stars,DAL,Dallas Stars,DAL,1400000,700000,2,2019,2019,20192020,2019-02-20,UFA
8481641,Joel Kiviranta,exact,LW,Dallas Stars,DAL,NA,NA,1850000,925000,2,2019,2019,20192020,2019-05-31,other
8478507,John Marino,exact,"RD, LD",Pittsburgh Penguins,PIT,NA,NA,3550000,1775000,2,2019,2019,20192020,2019-08-08,other
8480192,Johnathan Kovacevic,exact,"RD, LD",Winnipeg Jets,WPG,NA,NA,1850000,925000,2,2019,2019,20192020,2019-03-15,other
8480007,Jonas Rondbjerg,exact,"LW, RW",Vegas Golden Knights,VGK,NA,NA,2700000,900000,3,2019,2019,20192020,2019-05-30,other
8480836,Jonathan Gruden,exact,"LW, C",Ottawa Senators,OTT,NA,NA,2490000,830000,3,2019,2019,20192020,2019-04-03,RFA
8477380,Jonny Brodzinski,exact,"RW, C, LW",San Jose Sharks,SJS,Los Angeles Kings,LAK,700000,700000,1,2019,2019,20192020,2019-07-02,UFA
8474586,Jordan Eberle,exact,RW,New York Islanders,NYI,New York Islanders,NYI,27500000,5500000,5,2019,2019,20192020,2019-06-14,UFA
8476921,Jordan Martinook,exact,LW,Carolina Hurricanes,CAR,Carolina Hurricanes,CAR,4000000,2000000,2,2019,2019,20192020,2019-01-29,UFA
8477851,Jordan Oesterle,exact,"LD, RD",Arizona Coyotes,ARI,Arizona Coyotes,ARI,2800000,1400000,2,2019,2019,20192020,2019-02-20,UFA
NA,Joseph Cecconi,unmatched,RD,Dallas Stars,DAL,NA,NA,2587500,1293750,2,2019,2019,20192020,2019-03-19,other
8477504,Josh Morrissey,exact,LD,Winnipeg Jets,WPG,Winnipeg Jets,WPG,50000000,6250000,8,2019,2019,20192020,2019-09-12,UFA
8480064,Josh Norris,exact,"C, LW",Ottawa Senators,OTT,NA,NA,4900000,1633333,3,2019,2019,20192020,2019-05-27,RFA
8477473,Justin Bailey,exact,RW,Vancouver Canucks,VAN,Philadelphia Flyers,PHI,750000,750000,1,2019,2019,20192020,2019-07-04,other
8475413,Justin Dowling,exact,C,Dallas Stars,DAL,Dallas Stars,DAL,1500000,750000,2,2019,2019,20192020,2019-03-09,UFA
8475753,Justin Faulk,exact,RD,St. Louis Blues,STL,Carolina Hurricanes,CAR,45500000,6500000,7,2019,2019,20192020,2019-09-24,UFA
8475718,Justin Holl,exact,RD,Toronto Maple Leafs,TOR,Toronto Maple Leafs,TOR,6000000,2000000,3,2019,2019,20192020,2019-12-31,UFA
8477993,Justin Kirkland,exact,C,Calgary Flames,CGY,NA,NA,700000,700000,1,2019,2019,20192020,2019-07-01,other
8481554,Kaapo Kakko,exact,RW,New York Rangers,NYR,NA,NA,10725000,3575000,3,2019,2019,20192020,2019-07-11,RFA
8481527,Kaedan Korczak,exact,RD,Vegas Golden Knights,VGK,NA,NA,2900000,925000,3,2019,2019,20192020,2019-12-21,RFA
8477953,Kasperi Kapanen,exact,"RW, LW",Toronto Maple Leafs,TOR,Toronto Maple Leafs,TOR,9600000,3200000,3,2019,2019,20192020,2019-06-28,other
8480860,Kevin Bahl,exact,"LD, RD",Arizona Coyotes,ARI,NA,NA,2800000,925000,3,2019,2019,20192020,2019-03-15,RFA
8477942,Kevin Fiala,exact,"RW, LW",Minnesota Wild,MIN,Nashville Predators,NSH,6000000,3000000,2,2019,2019,20192020,2019-09-11,other
8475857,Kevin Gravel,exact,LD,Toronto Maple Leafs,TOR,Edmonton Oilers,EDM,700000,700000,1,2019,2019,20192020,2019-07-01,UFA
8475763,Kevin Hayes,exact,"C, RW",Philadelphia Flyers,PHI,New York Rangers,NYR,50000000,7142857,7,2019,2019,20192020,2019-06-18,UFA
8478099,Kevin Labanc,exact,"RW, LW",San Jose Sharks,SJS,San Jose Sharks,SJS,1000000,1000000,1,2019,2019,20192020,2019-07-08,other
8481523,Kirby Dach,exact,"RW, C",Chicago Blackhawks,CHI,NA,NA,10275000,3425000,3,2019,2019,20192020,2019-07-08,RFA
8478398,Kyle Connor,exact,"RW, LW",Winnipeg Jets,WPG,Winnipeg Jets,WPG,50000000,7142857,7,2019,2019,20192020,2019-09-28,UFA
8478474,Lawson Crouse,exact,"LW, RW",Arizona Coyotes,ARI,Arizona Coyotes,ARI,4600000,1533333,3,2019,2019,20192020,2019-07-02,other
8477070,Liam O'Brien,exact,"RW, LW, C",Washington Capitals,WSH,Washington Capitals,WSH,700000,700000,1,2019,2019,20192020,2019-06-10,other
8478011,Louie Belpedio,exact,RD,Minnesota Wild,MIN,Minnesota Wild,MIN,700000,700000,1,2019,2019,20192020,2019-09-03,other
8478224,Luke Philp,exact,C,Calgary Flames,CGY,NA,NA,1850000,925000,2,2019,2019,20192020,2019-03-19,other
8474568,Luke Schenn,exact,RD,Tampa Bay Lightning,TBL,Anaheim Ducks,ANA,700000,700000,1,2019,2019,20192020,2019-07-01,UFA
8480439,Mac Hollowell,exact,RD,Toronto Maple Leafs,TOR,NA,NA,2399300,799766,3,2019,2019,20192020,2019-03-07,RFA
8477346,MacKenzie Weegar,exact,"LD, RD",Florida Panthers,FLA,Florida Panthers,FLA,1600000,1600000,1,2019,2019,20192020,2019-07-22,other
8476907,Mackenzie MacEachern,exact,"LW, RW",St. Louis Blues,STL,St. Louis Blues,STL,750000,750000,1,2019,2019,20192020,2019-02-09,other
8475149,Marcus Johansson,exact,"LW, RW",Buffalo Sabres,BUF,New Jersey Devils,NJD,9000000,4500000,2,2019,2019,20192020,2019-07-06,UFA
8477969,Marcus Pettersson,exact,LD,Pittsburgh Penguins,PIT,Anaheim Ducks,ANA,874125,874125,1,2019,2019,20192020,2019-09-12,other
8479983,Mario Ferraro,exact,LD,San Jose Sharks,SJS,NA,NA,3412500,1137500,3,2019,2019,20192020,2019-04-29,RFA
8475913,Mark Stone,exact,RW,Vegas Golden Knights,VGK,Ottawa Senators,OTT,76000000,9500000,8,2019,2019,20192020,2019-03-08,UFA
8476924,Martin Frk,exact,RW,Los Angeles Kings,LAK,Detroit Red Wings,DET,700000,700000,1,2019,2019,20192020,2019-07-01,other
8481028,Martin Pospisil,exact,"RW, C",Calgary Flames,CGY,NA,NA,2430000,810000,3,2019,2019,20192020,2019-04-20,RFA
NA,Mason Jobst,unmatched,C,New York Islanders,NYI,NA,NA,1585000,792500,2,2019,2019,20192020,2019-04-02,UFA
NA,Mathias Laferriere,unmatched,RW,St. Louis Blues,STL,NA,NA,2480000,810000,3,2019,2019,20192020,2019-10-17,other
8479671,Mathieu Olivier,exact,"RW, LW",Nashville Predators,NSH,NA,NA,1460000,730000,2,2019,2019,20192020,2019-05-01,other
8475692,Mats Zuccarello,exact,"RW, LW",Minnesota Wild,MIN,New York Rangers,NYR,30000000,6000000,5,2019,2019,20192020,2019-07-01,UFA
8475168,Matt Duchene,exact,"RW, C",Nashville Predators,NSH,Ottawa Senators,OTT,56000000,8000000,7,2019,2019,20192020,2019-07-01,UFA
8478911,Matt Roy,exact,RD,Los Angeles Kings,LAK,Los Angeles Kings,LAK,1400000,700000,2,2019,2019,20192020,2019-07-15,other
NA,Matthew Robertson,unmatched,LD,New York Rangers,NYR,NA,NA,2875000,925000,3,2019,2019,20192020,2019-10-08,RFA
8479314,Matthew Tkachuk,exact,LW,Calgary Flames,CGY,Calgary Flames,CGY,21000000,7000000,3,2019,2019,20192020,2019-09-25,other
8477406,Mattias Janmark,exact,"LW, RW, C",Dallas Stars,DAL,Dallas Stars,DAL,2300000,2300000,1,2019,2019,20192020,2019-06-06,UFA
8476323,Max McCormick,exact,LW,Carolina Hurricanes,CAR,Ottawa Senators,OTT,700000,700000,1,2019,2019,20192020,2019-07-25,UFA
8478020,Michael Amadio,exact,"RW, C",Los Angeles Kings,LAK,Los Angeles Kings,LAK,1400000,700000,2,2019,2019,20192020,2019-07-15,other
8478047,Michael Bunting,exact,LW,Arizona Coyotes,ARI,Arizona Coyotes,ARI,1475000,737500,2,2019,2019,20192020,2019-07-05,other
8479619,Michael Carcone,exact,"LW, RW",Ottawa Senators,OTT,NA,NA,1400000,700000,2,2019,2019,20192020,2019-07-15,other
8477446,Michael McCarron,exact,"C, RW",Montreal Canadiens,MTL,Montréal Canadiens,MTL,700000,700000,1,2019,2019,20192020,2019-07-27,other
8475958,Michael Sgarbossa,exact,"C, RW",Washington Capitals,WSH,Anaheim Ducks,ANA,1400000,700000,2,2019,2019,20192020,2019-06-29,UFA
8476422,Mike Reilly,exact,"LD, RD",Montreal Canadiens,MTL,Montréal Canadiens,MTL,3000000,1500000,2,2019,2019,20192020,2019-06-26,UFA
8479998,Mikey Anderson,exact,LD,Los Angeles Kings,LAK,NA,NA,5325000,1775000,3,2019,2019,20192020,2019-04-23,RFA
8478420,Mikko Rantanen,exact,RW,Colorado Avalanche,COL,Colorado Avalanche,COL,55500000,9250000,6,2019,2019,20192020,2019-09-28,UFA
8478483,Mitch Marner,exact,"RW, LW",Toronto Maple Leafs,TOR,Toronto Maple Leafs,TOR,65408000,10893000,6,2019,2019,20192020,2019-09-13,UFA
8481542,Moritz Seider,exact,RD,Detroit Red Wings,DET,NA,NA,5325000,1775000,3,2019,2019,20192020,2019-07-14,RFA
8481594,Nathan Legare,accent_fallback,RW,Pittsburgh Penguins,PIT,NA,NA,2900000,925000,3,2019,2019,20192020,2019-09-20,RFA
8477573,Nathan Walker,exact,LW,St. Louis Blues,STL,Washington Capitals,WSH,1400000,700000,2,2019,2019,20192020,2019-07-01,UFA
8480145,Neal Pionk,exact,RD,Winnipeg Jets,WPG,New York Rangers,NYR,6000000,3000000,2,2019,2019,20192020,2019-07-21,other
8475343,Nic Dowd,exact,C,Washington Capitals,WSH,Washington Capitals,WSH,2250000,750000,3,2019,2019,20192020,2019-04-11,UFA
8477426,Nicholas Paul,exact,"C, LW",Ottawa Senators,OTT,Ottawa Senators,OTT,750000,750000,1,2019,2019,20192020,2019-07-02,other
8481582,Nicholas Robertson,exact,"LW, RW",Toronto Maple Leafs,TOR,NA,NA,2560000,850000,3,2019,2019,20192020,2019-09-19,RFA
8476393,Nick Cousins,exact,"RW, LW, C",Montreal Canadiens,MTL,Arizona Coyotes,ARI,1000000,1000000,1,2019,2019,20192020,2019-07-05,other
8480084,Nick DeSimone,exact,RD,San Jose Sharks,SJS,NA,NA,1400000,700000,2,2019,2019,20192020,2019-07-11,other
8475324,Nick Jensen,exact,"RD, LD",Washington Capitals,WSH,Detroit Red Wings,DET,10000000,2500000,4,2019,2019,20192020,2019-02-22,UFA
8477951,Nick Schmaltz,exact,"LW, RW, C",Arizona Coyotes,ARI,Chicago Blackhawks,CHI,40950000,5850000,7,2019,2019,20192020,2019-03-30,UFA
8480002,Nico Hischier,exact,C,New Jersey Devils,NJD,New Jersey Devils,NJD,50750000,7250000,7,2019,2019,20192020,2019-10-18,UFA
8481477,Nico Sturm,exact,C,Minnesota Wild,MIN,Minnesota Wild,MIN,925000,4273500,1,2019,2019,20192020,2019-04-01,other
8481477,Nico Sturm,exact,C,Minnesota Wild,MIN,Minnesota Wild,MIN,874125,874125,1,2019,2019,20192020,2019-07-16,other
8477979,Nicolas Aube-Kubel,exact,RW,Philadelphia Flyers,PHI,Philadelphia Flyers,PHI,700000,700000,1,2019,2019,20192020,2019-07-16,other
8481543,Nikita Alexandrov,exact,"C, RW, LW",St. Louis Blues,STL,NA,NA,2825000,925000,3,2019,2019,20192020,2019-08-01,RFA
8477507,Nikita Zadorov,exact,"LD, RD",Colorado Avalanche,COL,Colorado Avalanche,COL,3200000,3200000,1,2019,2019,20192020,2019-07-05,other
8478569,Noel Acciari,exact,C,Florida Panthers,FLA,Boston Bruins,BOS,5000000,1666667,3,2019,2019,20192020,2019-07-01,UFA
8481518,Nolan Foote,exact,"RW, LW",Tampa Bay Lightning,TBL,NA,NA,2775000,925000,3,2019,2019,20192020,2019-06-25,RFA
8480789,Oliver Wahlstrom,exact,RW,New York Islanders,NYI,NA,NA,4387500,1462500,3,2019,2019,20192020,2019-03-28,RFA
8476897,Oskar Sundqvist,exact,C,St. Louis Blues,STL,St. Louis Blues,STL,11000000,2750000,4,2019,2019,20192020,2019-07-21,UFA
8474034,Pat Maroon,exact,"RW, LW",Tampa Bay Lightning,TBL,St. Louis Blues,STL,900000,900000,1,2019,2019,20192020,2019-08-24,UFA
8477887,Patrick Brown,exact,"RW, LW, C",Vegas Golden Knights,VGK,Carolina Hurricanes,CAR,1400000,700000,2,2019,2019,20192020,2019-07-01,UFA
8479339,Patrik Laine,exact,"LW, RW",Winnipeg Jets,WPG,Winnipeg Jets,WPG,13500000,6750000,2,2019,2019,20192020,2019-09-27,other
8477402,Pavel Buchnevich,exact,"LW, C",New York Rangers,NYR,New York Rangers,NYR,6500000,3250000,2,2019,2019,20192020,2019-07-26,other
8478401,Pavel Zacha,exact,C,New Jersey Devils,NJD,New Jersey Devils,NJD,6750000,2250000,3,2019,2019,20192020,2019-09-10,other
8481522,Peyton Krebs,exact,"C, LW",Vegas Golden Knights,VGK,NA,NA,4012500,1337500,3,2019,2019,20192020,2019-11-16,RFA
8481598,Philip Broberg,exact,"RD, LD",Edmonton Oilers,EDM,NA,NA,5325000,1775000,3,2019,2019,20192020,2019-07-04,RFA
8481577,Philip Tomasino,exact,"RW, LW, C",Nashville Predators,NSH,NA,NA,3200000,1066667,3,2019,2019,20192020,2019-10-21,RFA
8480798,Philipp Kurashev,exact,"RW, LW, C",Chicago Blackhawks,CHI,NA,NA,2775000,925000,3,2019,2019,20192020,2019-03-12,RFA
8476858,Phillip Di Giuseppe,exact,LW,New York Rangers,NYR,Carolina Hurricanes,CAR,700000,700000,1,2019,2019,20192020,2019-07-17,other
8480800,Quinn Hughes,exact,LD,Vancouver Canucks,VAN,Vancouver Canucks,VAN,4812500,1604167,3,2019,2019,20192020,2019-03-10,other
8481147,Reese Johnson,exact,C,Chicago Blackhawks,CHI,NA,NA,2775000,925000,3,2019,2019,20192020,2019-03-06,other
8479587,Rhett Gardner,exact,C,Dallas Stars,DAL,NA,NA,1850000,925000,2,2019,2019,20192020,2019-03-19,other
8479362,Riley Tufte,exact,LW,Dallas Stars,DAL,NA,NA,2987500,995833,3,2019,2019,20192020,2019-04-17,other
8477952,Robby Fabbri,exact,"LW, RW, C",St. Louis Blues,STL,St. Louis Blues,STL,900000,900000,1,2019,2019,20192020,2019-07-12,other
NA,Rodrigo Abols,unmatched,C,Florida Panthers,FLA,NA,NA,1850000,925000,2,2019,2019,20192020,2019-05-28,other
8474600,Roman Josi,exact,LD,Nashville Predators,NSH,Nashville Predators,NSH,72472000,9059000,8,2019,2019,20192020,2019-10-29,UFA
8477987,Ryan Donato,exact,"RW, LW, C",Minnesota Wild,MIN,Boston Bruins,BOS,3800000,1900000,2,2019,2019,20192020,2019-07-16,other
8477435,Ryan Graves,exact,"LD, RD",Colorado Avalanche,COL,Colorado Avalanche,COL,735000,735000,1,2019,2019,20192020,2019-07-08,other
8477451,Ryan Hartman,exact,"C, RW",Minnesota Wild,MIN,Nashville Predators,NSH,3800000,1900000,2,2019,2019,20192020,2019-07-01,other
8479066,Ryan Lomberg,exact,"LW, RW",Calgary Flames,CGY,Calgary Flames,CGY,700000,700000,1,2019,2019,20192020,2019-07-16,other
8480802,Ryan McLeod,exact,C,Edmonton Oilers,EDM,NA,NA,2775000,925000,3,2019,2019,20192020,2019-05-01,RFA
8480068,Ryan Poehling,exact,C,Montreal Canadiens,MTL,Montréal Canadiens,MTL,4475000,1491667,3,2019,2019,20192020,2019-03-31,other
NA,Ryan Suzuki,unmatched,C,Carolina Hurricanes,CAR,NA,NA,2775000,925000,3,2019,2019,20192020,2019-09-18,RFA
8477935,Sam Bennett,exact,C,Calgary Flames,CGY,Calgary Flames,CGY,5100000,2550000,2,2019,2019,20192020,2019-07-24,other
8475842,Sam Carrick,exact,C,Anaheim Ducks,ANA,Anaheim Ducks,ANA,700000,700000,1,2019,2019,20192020,2019-06-27,UFA
8481591,Sam Poulin,exact,RW,Pittsburgh Penguins,PIT,NA,NA,2775000,925000,3,2019,2019,20192020,2019-09-22,RFA
8481239,Samuel Fagemo,exact,"RW, LW",Los Angeles Kings,LAK,NA,NA,2825000,925000,3,2019,2019,20192020,2019-07-11,RFA
8479398,Samuel Girard,exact,"LD, RD",Colorado Avalanche,COL,Colorado Avalanche,COL,35000000,5000000,7,2019,2019,20192020,2019-07-31,UFA
8476872,Scott Laughton,exact,"C, LW",Philadelphia Flyers,PHI,Philadelphia Flyers,PHI,4600000,2300000,2,2019,2019,20192020,2019-07-12,UFA
8477149,Scott Sabourin,exact,RW,Ottawa Senators,OTT,NA,NA,700000,700000,1,2019,2019,20192020,2019-09-27,UFA
8480434,Sean Durzi,exact,"RD, LD",Los Angeles Kings,LAK,NA,NA,2775000,925000,3,2019,2019,20192020,2019-04-01,RFA
8478427,Sebastian Aho,manual_override,"C, LW",Carolina Hurricanes,CAR,Carolina Hurricanes,CAR,42295000,8454000,5,2019,2019,20192020,2019-07-01,UFA
8480032,Shane Bowers,exact,"C, RW",Colorado Avalanche,COL,NA,NA,3225000,1075000,3,2019,2019,20192020,2019-03-29,RFA
8480326,Sheldon Dries,exact,C,Colorado Avalanche,COL,Colorado Avalanche,COL,735000,735000,1,2019,2019,20192020,2019-07-25,other
8481122,Simon Benoit,exact,"RD, LD",Anaheim Ducks,ANA,NA,NA,2775000,925000,3,2019,2019,20192020,2019-03-04,RFA
8481601,Simon Holmstrom,exact,"RW, LW",New York Islanders,NYI,NA,NA,2775000,925000,3,2019,2019,20192020,2019-07-15,RFA
8477947,Sonny Milano,exact,"LW, RW",Columbus Blue Jackets,CBJ,Columbus Blue Jackets,CBJ,874125,874125,1,2019,2019,20192020,2019-07-15,other
8476474,Stefan Noesen,exact,RW,Pittsburgh Penguins,PIT,New Jersey Devils,NJD,700000,700000,1,2019,2019,20192020,2019-12-03,UFA
8476391,T.J. Tynan,exact,C,Colorado Avalanche,COL,Columbus Blue Jackets,CBJ,700000,700000,1,2019,2019,20192020,2019-07-01,UFA
8476927,Teddy Blueger,exact,C,Pittsburgh Penguins,PIT,Pittsburgh Penguins,PIT,1500000,750000,2,2019,2019,20192020,2019-07-16,other
8476882,Teuvo Teravainen,exact,"LW, RW, C",Carolina Hurricanes,CAR,Carolina Hurricanes,CAR,27000000,5400000,5,2019,2019,20192020,2019-01-21,UFA
8478469,Thomas Chabot,exact,"RD, LD",Ottawa Senators,OTT,Ottawa Senators,OTT,64000000,8000000,8,2019,2019,20192020,2019-09-19,UFA
8481581,Thomas Harley,exact,"LD, RD",Dallas Stars,DAL,NA,NA,4050000,1350000,3,2019,2019,20192020,2019-09-23,RFA
8478414,Timo Meier,exact,"RW, C, LW",San Jose Sharks,SJS,San Jose Sharks,SJS,24000000,6000000,4,2019,2019,20192020,2019-07-01,other
8481600,Tobias Bjornfot,exact,"RD, LD",Los Angeles Kings,LAK,NA,NA,3250000,1083333,3,2019,2019,20192020,2019-07-14,RFA
8477931,Tomas Nosek,exact,"C, LW",Vegas Golden Knights,VGK,Vegas Golden Knights,VGK,1000000,1000000,1,2019,2019,20192020,2019-07-01,UFA
8477950,Tony DeAngelo,exact,"RD, LD",New York Rangers,NYR,New York Rangers,NYR,925000,925000,1,2019,2019,20192020,2019-09-20,other
8478439,Travis Konecny,exact,"RW, LW",Philadelphia Flyers,PHI,Philadelphia Flyers,PHI,33000000,5500000,6,2019,2019,20192020,2019-09-16,UFA
8477948,Travis Sanheim,exact,"RD, LD",Philadelphia Flyers,PHI,Philadelphia Flyers,PHI,6500000,3250000,2,2019,2019,20192020,2019-06-24,other
8479675,Trevor Moore,exact,LW,Toronto Maple Leafs,TOR,Toronto Maple Leafs,TOR,1550000,775000,2,2019,2019,20192020,2019-01-13,other
8480441,Trey Fix-Wolansky,exact,RW,Columbus Blue Jackets,CBJ,NA,NA,2775000,925000,3,2019,2019,20192020,2019-03-15,RFA
NA,Tye Felhaber,unmatched,LW,Dallas Stars,DAL,NA,NA,2775000,925000,3,2019,2019,20192020,2019-03-01,other
8477353,Tyler Motte,exact,"RW, C, LW",Vancouver Canucks,VAN,Vancouver Canucks,VAN,975000,975000,1,2019,2019,20192020,2019-07-02,other
8474574,Tyler Myers,exact,"RD, LD",Vancouver Canucks,VAN,Winnipeg Jets,WPG,30000000,6000000,5,2019,2019,20192020,2019-07-01,UFA
8477501,Valeri Nichushkin,exact,"LW, RW",Colorado Avalanche,COL,Dallas Stars,DAL,850000,850000,1,2019,2019,20192020,2019-08-19,other
8481572,Ville Heinola,exact,LD,Winnipeg Jets,WPG,NA,NA,3412500,1137500,3,2019,2019,20192020,2019-07-15,RFA
8479968,Vinni Lettieri,exact,"RW, LW, C",New York Rangers,NYR,New York Rangers,NYR,700000,700000,1,2019,2019,20192020,2019-07-24,other
8478882,Vladislav Gavrikov,exact,LD,Columbus Blue Jackets,CBJ,Columbus Blue Jackets,CBJ,2700000,1350000,2,2019,2019,20192020,2019-04-13,other
8481609,Vladislav Kolyachonok,exact,"LD, RD",Florida Panthers,FLA,NA,NA,2900000,925000,3,2019,2019,20192020,2019-09-13,RFA
8476448,William Karlsson,exact,C,Vegas Golden Knights,VGK,Vegas Golden Knights,VGK,47200000,5900000,8,2019,2019,20192020,2019-06-24,UFA
8474610,Zac Dalpe,exact,C,Columbus Blue Jackets,CBJ,Columbus Blue Jackets,CBJ,1500000,750000,2,2019,2019,20192020,2019-02-27,UFA
8479944,Zach Aston-Reese,first_name_variant,C,Pittsburgh Penguins,PIT,Pittsburgh Penguins,PIT,2000000,1000000,2,2019,2019,20192020,2019-07-22,other
8478460,Zach Werenski,exact,LD,Columbus Blue Jackets,CBJ,Columbus Blue Jackets,CBJ,15000000,5000000,3,2019,2019,20192020,2019-09-09,other
8477482,Zachary Sanford,exact,"C, LW",St. Louis Blues,STL,St. Louis Blues,STL,3000000,1500000,2,2019,2019,20192020,2019-07-08,other
8476878,Zemgus Girgensons,exact,"LW, C",Buffalo Sabres,BUF,Buffalo Sabres,BUF,1600000,1600000,1,2019,2019,20192020,2019-07-05,UFA
8478421,A.J. Greer,exact,LW,New York Islanders,NYI,Colorado Avalanche,COL,700000,700000,1,2020,2020,20202021,2020-10-21,other
8481550,Adam Beckman,exact,"LW, RW",Minnesota Wild,MIN,NA,NA,2775000,925000,3,2020,2020,20202021,2020-03-23,RFA
8478874,Adam Gaudette,exact,RW,Vancouver Canucks,VAN,Vancouver Canucks,VAN,950000,950000,1,2020,2020,20202021,2020-10-19,other
8481607,Albert Johansson,exact,LD,Detroit Red Wings,DET,NA,NA,2850000,925000,3,2020,2020,20202021,2020-06-05,RFA
8475968,Alex Belzile,exact,RW,Montreal Canadiens,MTL,Montréal Canadiens,MTL,700000,700000,1,2020,2020,20202021,2020-03-20,UFA
8474565,Alex Pietrangelo,exact,RD,Vegas Golden Knights,VGK,St. Louis Blues,STL,61600000,8800000,7,2020,2020,20202021,2020-10-12,UFA
8481532,Alex Turcotte,exact,"LW, RW, C",Los Angeles Kings,LAK,NA,NA,7425000,2475000,3,2020,2020,20202021,2020-03-11,RFA
8475755,Alexander Petrovic,exact,RD,Calgary Flames,CGY,Florida Panthers,FLA,700000,700000,1,2020,2020,20202021,2020-10-09,UFA
8481014,Alexander Romanov,exact,LD,Montreal Canadiens,MTL,NA,NA,3532500,1177500,3,2020,2020,20202021,2020-07-13,other
8477505,Alexander Wennberg,exact,C,Florida Panthers,FLA,Columbus Blue Jackets,CBJ,2250000,2250000,1,2020,2020,20202021,2020-10-09,UFA
8478851,Alexandre Carrier,exact,RD,Nashville Predators,NSH,Nashville Predators,NSH,2200000,733333,3,2020,2020,20202021,2020-04-15,other
8477444,Andre Burakovsky,exact,"LW, RW",Colorado Avalanche,COL,Colorado Avalanche,COL,9800000,4900000,2,2020,2020,20202021,2020-10-10,UFA
8476960,Andreas Athanasiou,exact,"C, RW",Los Angeles Kings,LAK,Detroit Red Wings,DET,1200000,1200000,1,2020,2020,20202021,2020-12-28,other
8478233,Andrew Mangiapane,exact,LW,Calgary Flames,CGY,Calgary Flames,CGY,4850000,2425000,2,2020,2020,20202021,2020-10-16,other
8479249,Andrew Poturalski,exact,C,Anaheim Ducks,ANA,Carolina Hurricanes,CAR,700000,700000,1,2020,2020,20202021,2020-10-09,UFA
8478074,Anthony Angello,exact,C,Pittsburgh Penguins,PIT,Pittsburgh Penguins,PIT,1450000,725000,2,2020,2020,20202021,2020-10-10,other
8478519,Anthony Cirelli,exact,"C, RW",Tampa Bay Lightning,TBL,Tampa Bay Lightning,TBL,14400000,4800000,3,2020,2020,20202021,2020-12-24,other
8477407,Anthony Duclair,exact,LW,Florida Panthers,FLA,Ottawa Senators,OTT,1700000,1700000,1,2020,2020,20202021,2020-12-17,other
8477511,Anthony Mantha,exact,RW,Detroit Red Wings,DET,Detroit Red Wings,DET,22800000,5700000,4,2020,2020,20202021,2020-11-03,UFA
8478409,Anthony Richard,exact,"RW, LW, C",Nashville Predators,NSH,Nashville Predators,NSH,735000,735000,1,2020,2020,20202021,2020-07-28,other
8482245,Artem Zub,exact,RD,Ottawa Senators,OTT,NA,NA,1775000,1775000,1,2020,2020,20202021,2020-05-01,other
8481560,Arthur Kaliyev,exact,RW,Los Angeles Kings,LAK,NA,NA,3200000,1066667,3,2020,2020,20202021,2020-06-03,RFA
8477433,Ben Harpur,exact,LD,Nashville Predators,NSH,Ottawa Senators,OTT,700000,700000,1,2020,2020,20202021,2020-05-01,other
8478147,Bokondji Imama,exact,LW,Los Angeles Kings,LAK,NA,NA,735000,735000,1,2020,2020,20202021,2020-10-15,other
8482061,Brandon Biro,exact,LW,Buffalo Sabres,BUF,NA,NA,2700000,1350000,2,2020,2020,20202021,2020-03-18,other
8477986,Brandon Montour,exact,RD,Buffalo Sabres,BUF,Buffalo Sabres,BUF,3850000,3850000,1,2020,2020,20202021,2020-10-10,UFA
8475848,Brendan Gallagher,exact,RW,Montreal Canadiens,MTL,Montréal Canadiens,MTL,39000000,6500000,6,2020,2020,20202021,2020-10-14,UFA
8475455,Brenden Dillon,exact,"LD, RD",Washington Capitals,WSH,San Jose Sharks,SJS,15600000,3900000,4,2020,2020,20202021,2020-10-06,UFA
8479419,Brett Murray,exact,LW,Buffalo Sabres,BUF,NA,NA,1550000,775000,2,2020,2020,20202021,2020-07-31,other
8478881,Brett Seney,exact,LW,New Jersey Devils,NJD,New Jersey Devils,NJD,700000,700000,1,2020,2020,20202021,2020-09-30,other
8478452,Caleb Jones,exact,"RD, LD",Edmonton Oilers,EDM,Edmonton Oilers,EDM,1700000,850000,2,2020,2020,20202021,2020-01-15,other
8480075,Cameron Crotty,exact,RD,Arizona Coyotes,ARI,NA,NA,2775000,925000,3,2020,2020,20202021,2020-04-09,other
8479336,Carl Grundstrom,exact,RW,Los Angeles Kings,LAK,Los Angeles Kings,LAK,1450000,725000,2,2020,2020,20202021,2020-09-01,other
8477369,Carson Soucy,exact,"LD, RD",Minnesota Wild,MIN,Minnesota Wild,MIN,8250000,2750000,3,2020,2020,20202021,2020-10-05,UFA
8477409,Carter Verhaeghe,exact,"RW, LW, C",Florida Panthers,FLA,Tampa Bay Lightning,TBL,2000000,1000000,2,2020,2020,20202021,2020-10-09,other
8479999,Casey Mittelstadt,exact,C,Buffalo Sabres,BUF,Buffalo Sabres,BUF,874125,874125,1,2020,2020,20202021,2020-12-23,RFA
8477244,Chad Ruhwedel,exact,RD,Pittsburgh Penguins,PIT,Pittsburgh Penguins,PIT,750000,750000,1,2020,2020,20202021,2020-08-28,UFA
8476905,Chandler Stephenson,exact,C,Vegas Golden Knights,VGK,Washington Capitals,WSH,11000000,2750000,4,2020,2020,20202021,2020-10-07,UFA
8475184,Chris Kreider,exact,"LW, RW",New York Rangers,NYR,New York Rangers,NYR,45500000,6500000,7,2020,2020,20202021,2020-02-24,UFA
8475690,Chris Tanev,exact,RD,Calgary Flames,CGY,Vancouver Canucks,VAN,18000000,4500000,4,2020,2020,20202021,2020-10-09,UFA
8478432,Christian Fischer,exact,"RW, C",Arizona Coyotes,ARI,Arizona Coyotes,ARI,2000000,1000000,2,2020,2020,20202021,2020-10-19,other
8478056,Clark Bishop,exact,C,Carolina Hurricanes,CAR,Carolina Hurricanes,CAR,700000,700000,1,2020,2020,20202021,2020-10-13,other
8476879,Cody Ceci,exact,"RD, LD",Pittsburgh Penguins,PIT,Toronto Maple Leafs,TOR,1250000,1250000,1,2020,2020,20202021,2020-10-17,UFA
8482149,Cole Perfetti,exact,"RW, C, LW",Winnipeg Jets,WPG,NA,NA,4975000,1658333,3,2020,2020,20202021,2020-11-09,RFA
8481655,Cole Schwindt,exact,RW,Florida Panthers,FLA,NA,NA,2825000,925000,3,2020,2020,20202021,2020-04-08,RFA
8482062,Cole Smith,exact,"LW, RW",Nashville Predators,NSH,NA,NA,925000,925000,1,2020,2020,20202021,2020-03-19,other
8476278,Colin Blackwell,exact,"LW, RW, C",New York Rangers,NYR,Nashville Predators,NSH,1450000,725000,2,2020,2020,20202021,2020-10-09,UFA
8478841,Colton White,exact,LD,New Jersey Devils,NJD,New Jersey Devils,NJD,700000,700000,1,2020,2020,20202021,2020-10-29,other
8477015,Connor Brown,exact,RW,Ottawa Senators,OTT,Ottawa Senators,OTT,10800000,3600000,3,2020,2020,20202021,2020-10-22,UFA
8482067,Connor Mackey,exact,LD,Calgary Flames,CGY,NA,NA,1350000,1350000,1,2020,2020,20202021,2020-03-20,other
8482074,Connor Zary,exact,"LW, C",Calgary Flames,CGY,NA,NA,3200000,1066667,3,2020,2020,20202021,2020-12-31,RFA
8477839,Conor Sheary,exact,"LW, C, RW",Washington Capitals,WSH,Buffalo Sabres,BUF,735000,735000,1,2020,2020,20202021,2020-12-22,UFA
8470621,Corey Perry,exact,RW,Montreal Canadiens,MTL,Dallas Stars,DAL,750000,750000,1,2020,2020,20202021,2020-12-28,UFA
8475225,Craig Smith,exact,"RW, LW, C",Boston Bruins,BOS,Nashville Predators,NSH,9300000,3100000,3,2020,2020,20202021,2020-10-10,UFA
8477508,Curtis Lazar,exact,"LW, C, RW",Buffalo Sabres,BUF,Buffalo Sabres,BUF,1600000,800000,2,2020,2020,20202021,2020-09-24,UFA
8477541,Dakota Mermis,exact,"LD, RD",Minnesota Wild,MIN,New Jersey Devils,NJD,700000,700000,1,2020,2020,20202021,2020-10-09,UFA
8478466,Daniel Sprong,exact,RW,Washington Capitals,WSH,Anaheim Ducks,ANA,1450000,725000,2,2020,2020,20202021,2020-09-18,other
8477498,Darnell Nurse,exact,"LD, RD",Edmonton Oilers,EDM,Edmonton Oilers,EDM,11200000,5600000,2,2020,2020,20202021,2020-02-10,UFA
8478178,Darren Raddysh,exact,"RD, LD",New York Rangers,NYR,NA,NA,700000,700000,1,2020,2020,20202021,2020-10-16,other
8482110,Dawson Mercer,exact,"LW, RW, C",New Jersey Devils,NJD,NA,NA,3975000,1325000,3,2020,2020,20202021,2020-12-24,RFA
8480990,Declan Chisholm,exact,"RD, LD",Winnipeg Jets,WPG,NA,NA,2475000,825000,3,2020,2020,20202021,2020-05-31,RFA
8475762,Derek Forbort,exact,"LD, RD",Winnipeg Jets,WPG,Los Angeles Kings,LAK,1000000,1000000,1,2020,2020,20202021,2020-10-11,UFA
8476884,Derrick Pouliot,exact,"LD, RD",Philadelphia Flyers,PHI,St. Louis Blues,STL,700000,700000,1,2020,2020,20202021,2020-10-09,UFA
8478038,Devon Toews,exact,LD,Colorado Avalanche,COL,New York Islanders,NYI,16400000,4100000,4,2020,2020,20202021,2020-10-27,UFA
8475179,Dmitry Kulikov,exact,"LD, RD",New Jersey Devils,NJD,Winnipeg Jets,WPG,1150000,1150000,1,2020,2020,20202021,2020-10-22,UFA
8476952,Dominic Toninato,exact,"RW, C",Winnipeg Jets,WPG,Florida Panthers,FLA,700000,700000,1,2020,2020,20202021,2020-10-10,UFA
8479465,Drake Caggiula,exact,LW,Arizona Coyotes,ARI,Chicago Blackhawks,CHI,700000,700000,1,2020,2020,20202021,2020-12-21,UFA
8482055,Drew O'Connor,exact,"LW, RW",Pittsburgh Penguins,PIT,NA,NA,3550000,1775000,2,2020,2020,20202021,2020-03-10,other
8478211,Dryden Hunt,exact,"LW, RW",Arizona Coyotes,ARI,Florida Panthers,FLA,750000,750000,1,2020,2020,20202021,2020-10-10,other
8476331,Dylan DeMelo,exact,RD,Winnipeg Jets,WPG,Ottawa Senators,OTT,12000000,3000000,4,2020,2020,20202021,2020-10-07,UFA
8480049,Dylan Samberg,exact,"LD, RD",Winnipeg Jets,WPG,NA,NA,3525000,1175000,3,2020,2020,20202021,2020-04-07,other
8478062,Dysin Mayo,exact,RD,Arizona Coyotes,ARI,NA,NA,700000,700000,1,2020,2020,20202021,2020-06-30,other
8481102,Egor Sokolov,exact,LW,Ottawa Senators,OTT,NA,NA,2550000,850000,3,2020,2020,20202021,2020-11-20,RFA
8480762,Eric Robinson,exact,"LW, RW",Columbus Blue Jackets,CBJ,Columbus Blue Jackets,CBJ,1950000,975000,2,2020,2020,20202021,2020-01-27,UFA
8478416,Erik Cernak,exact,"RD, LD",Tampa Bay Lightning,TBL,Tampa Bay Lightning,TBL,8850000,2950000,3,2020,2020,20202021,2020-12-22,other
8476979,Erik Gustafsson,exact,LD,Philadelphia Flyers,PHI,Chicago Blackhawks,CHI,3000000,3000000,1,2020,2020,20202021,2020-10-12,UFA
8475287,Erik Haula,exact,"C, LW",Nashville Predators,NSH,Carolina Hurricanes,CAR,1750000,1750000,1,2020,2020,20202021,2020-12-23,UFA
8478451,Ethan Bear,exact,RD,Edmonton Oilers,EDM,Edmonton Oilers,EDM,4000000,2000000,2,2020,2020,20202021,2020-12-29,other
8478542,Evan Rodrigues,exact,"RW, LW, C",Pittsburgh Penguins,PIT,Buffalo Sabres,BUF,700000,700000,1,2020,2020,20202021,2020-10-09,UFA
8474149,Evgenii Dadonov,exact,RW,Ottawa Senators,OTT,Florida Panthers,FLA,15000000,5000000,3,2020,2020,20202021,2020-10-15,UFA
8480820,Filip Kral,exact,LD,Toronto Maple Leafs,TOR,NA,NA,2430000,810000,3,2020,2020,20202021,2020-04-01,other
8477919,Frederick Gaudreau,exact,"C, RW, LW",Pittsburgh Penguins,PIT,Nashville Predators,NSH,700000,700000,1,2020,2020,20202021,2020-10-10,UFA
8479518,Fredrik Karlstrom,exact,C,Dallas Stars,DAL,NA,NA,1590000,795000,2,2020,2020,20202021,2020-06-01,other
8482201,Gage Goncalves,exact,"RW, C",Tampa Bay Lightning,TBL,NA,NA,2850000,925000,3,2020,2020,20202021,2020-12-13,RFA
8479748,Gage Quinney,exact,C,Vegas Golden Knights,VGK,Vegas Golden Knights,VGK,700000,700000,1,2020,2020,20202021,2020-10-07,other
8478446,Glenn Gawdin,exact,C,Calgary Flames,CGY,NA,NA,700000,700000,1,2020,2020,20202021,2020-10-14,RFA
8480306,Grant Hutton,exact,RD,New York Islanders,NYI,NA,NA,1450000,725000,2,2020,2020,20202021,2020-10-12,other
8480844,Grigori Denisenko,exact,LW,Florida Panthers,FLA,NA,NA,5325000,1775000,3,2020,2020,20202021,2020-07-15,RFA
8478465,Guillaume Brisebois,exact,LD,Vancouver Canucks,VAN,Vancouver Canucks,VAN,700000,700000,1,2020,2020,20202021,2020-10-30,other
8478055,Gustav Forsling,exact,LD,Carolina Hurricanes,CAR,Chicago Blackhawks,CHI,700000,700000,1,2020,2020,20202021,2020-10-23,other
8477467,Gustav Olofsson,exact,LD,Montreal Canadiens,MTL,Montréal Canadiens,MTL,750000,750000,1,2020,2020,20202021,2020-03-25,other
8477938,Haydn Fleury,exact,"LD, RD",Carolina Hurricanes,CAR,Carolina Hurricanes,CAR,2600000,1300000,2,2020,2020,20202021,2020-10-27,other
8482148,Hendrix Lapierre,exact,"C, RW",Washington Capitals,WSH,NA,NA,3502500,1167500,3,2020,2020,20202021,2020-10-27,RFA
8481070,Hugh McGing,exact,LW,St. Louis Blues,STL,NA,NA,1850000,925000,2,2020,2020,20202021,2020-03-20,other
8480070,Ian Mitchell,exact,RD,Chicago Blackhawks,CHI,NA,NA,5325000,1775000,3,2020,2020,20202021,2020-07-16,other
8480950,Ilya Lyubushkin,exact,RD,Arizona Coyotes,ARI,Arizona Coyotes,ARI,1000000,1000000,1,2020,2020,20202021,2020-10-05,UFA
8481624,Ilya Mikheyev,exact,"RW, LW",Toronto Maple Leafs,TOR,Toronto Maple Leafs,TOR,3290000,1645000,2,2020,2020,20202021,2020-10-20,UFA
8482072,Jack Ahcan,exact,LD,Boston Bruins,BOS,NA,NA,2275000,1137500,2,2020,2020,20202021,2020-03-26,other
NA,Jack Finley,unmatched,C,Tampa Bay Lightning,TBL,NA,NA,2875000,925000,3,2020,2020,20202021,2020-12-12,RFA
8471677,Jack Johnson,exact,"LD, RD",New York Rangers,NYR,Pittsburgh Penguins,PIT,1150000,1150000,1,2020,2020,20202021,2020-10-09,UFA
8482097,Jack Quinn,exact,RW,Buffalo Sabres,BUF,NA,NA,5325000,1775000,3,2020,2020,20202021,2020-11-16,other
8480056,Jack Rathbone,exact,LD,Vancouver Canucks,VAN,NA,NA,4475000,1491667,3,2020,2020,20202021,2020-07-14,other
8481422,Jacob Lucchini,exact,C,Montreal Canadiens,MTL,NA,NA,700000,700000,1,2020,2020,20202021,2020-09-28,other
8479439,Jacob MacDonald,exact,"RD, LD",Colorado Avalanche,COL,Florida Panthers,FLA,1450000,725000,2,2020,2020,20202021,2020-03-27,UFA
8482150,Jacob Perreault,exact,RW,Anaheim Ducks,ANA,NA,NA,2775000,925000,3,2020,2020,20202021,2020-11-05,RFA
8481161,Jake Christiansen,exact,"LD, RD",Columbus Blue Jackets,CBJ,NA,NA,2775000,925000,3,2020,2020,20202021,2020-03-04,other
8478498,Jake DeBrusk,exact,"RW, LW",Boston Bruins,BOS,Boston Bruins,BOS,7350000,3675000,2,2020,2020,20202021,2020-11-23,other
8478133,Jake Evans,exact,"C, RW",Montreal Canadiens,MTL,Montréal Canadiens,MTL,1500000,750000,2,2020,2020,20202021,2020-09-23,other
8478136,Jake Middleton,exact,LD,San Jose Sharks,SJS,San Jose Sharks,SJS,1450000,725000,2,2020,2020,20202021,2020-10-05,other
8482089,Jake Neighbours,exact,"RW, LW",St. Louis Blues,STL,NA,NA,2775000,925000,3,2020,2020,20202021,2020-10-17,RFA
8478013,Jake Walman,exact,"LD, RD",St. Louis Blues,STL,St. Louis Blues,STL,1450000,725000,2,2020,2020,20202021,2020-11-19,other
8478970,Jalen Chatfield,exact,RD,Vancouver Canucks,VAN,NA,NA,700000,700000,1,2020,2020,20202021,2020-12-09,other
8482142,Jamie Drysdale,exact,RD,Anaheim Ducks,ANA,NA,NA,5325000,1775000,3,2020,2020,20202021,2020-11-07,other
NA,Jamieson Rees,unmatched,C,Carolina Hurricanes,CAR,NA,NA,2825000,925000,3,2020,2020,20202021,2020-12-30,RFA
8480172,Jan Rutta,exact,"RD, LD",Tampa Bay Lightning,TBL,Tampa Bay Lightning,TBL,2600000,1300000,2,2020,2020,20202021,2020-12-22,UFA
8478424,Jansen Harkins,exact,"LW, RW, C",Winnipeg Jets,WPG,Winnipeg Jets,WPG,1450000,725000,2,2020,2020,20202021,2020-10-27,other
8477955,Jared McCann,exact,"LW, C",Pittsburgh Penguins,PIT,Pittsburgh Penguins,PIT,5880000,2940000,2,2020,2020,20202021,2020-09-18,other
8476419,Jean-Gabriel Pageau,exact,C,New York Islanders,NYI,Ottawa Senators,OTT,30000000,5000000,6,2020,2020,20202021,2020-02-24,UFA
8473507,Jeff Petry,exact,RD,Montreal Canadiens,MTL,Montréal Canadiens,MTL,25000000,6250000,4,2020,2020,20202021,2020-09-25,UFA
8478468,Jeremy Lauzon,exact,"LD, RD",Boston Bruins,BOS,Boston Bruins,BOS,1700000,850000,2,2020,2020,20202021,2020-02-14,other
8475855,Jesper Fast,exact,"RW, LW",Carolina Hurricanes,CAR,New York Rangers,NYR,6000000,2000000,3,2020,2020,20202021,2020-10-10,UFA
8479344,Jesse Puljujarvi,exact,RW,Edmonton Oilers,EDM,Edmonton Oilers,EDM,2350000,1175000,2,2020,2020,20202021,2020-10-07,other
8481486,Jimmy Schuldt,exact,LD,Vegas Golden Knights,VGK,Vegas Golden Knights,VGK,700000,700000,1,2020,2020,20202021,2020-10-08,other
8476918,Jimmy Vesey,exact,LW,Toronto Maple Leafs,TOR,Buffalo Sabres,BUF,900000,900000,1,2020,2020,20202021,2020-10-11,UFA
8476441,Joel Edmundson,exact,"LD, RD",Montreal Canadiens,MTL,Carolina Hurricanes,CAR,14000000,3500000,4,2020,2020,20202021,2020-09-16,UFA
8479315,Joey Anderson,exact,"RW, LW",Toronto Maple Leafs,TOR,New Jersey Devils,NJD,2250000,750000,3,2020,2020,20202021,2020-10-30,other
8477401,John Hayden,exact,C,Arizona Coyotes,ARI,New Jersey Devils,NJD,750000,750000,1,2020,2020,20202021,2020-10-09,other
8481206,John Ludvig,exact,"LD, RD",Florida Panthers,FLA,NA,NA,2775000,925000,3,2020,2020,20202021,2020-03-30,other
8475750,Jon Merrill,exact,"RD, LD",Detroit Red Wings,DET,Vegas Golden Knights,VGK,925000,925000,1,2020,2020,20202021,2020-10-09,UFA
8476463,Jonas Brodin,exact,LD,Minnesota Wild,MIN,Minnesota Wild,MIN,42000000,6000000,7,2020,2020,20202021,2020-09-15,UFA
8478399,Jonas Siegenthaler,exact,"LD, RD",Washington Capitals,WSH,Washington Capitals,WSH,800000,800000,1,2020,2020,20202021,2020-10-21,other
NA,Jonathan Aspirot,unmatched,LD,Ottawa Senators,OTT,NA,NA,2305000,768333,3,2020,2020,20202021,2020-04-13,other
8477380,Jonny Brodzinski,exact,"RW, C, LW",New York Rangers,NYR,San Jose Sharks,SJS,700000,700000,1,2020,2020,20202021,2020-10-09,UFA
8478413,Jordan Greenway,exact,"LW, RW",Minnesota Wild,MIN,Minnesota Wild,MIN,4200000,2100000,2,2020,2020,20202021,2020-10-10,other
8481606,Jordan Spence,exact,RD,Los Angeles Kings,LAK,NA,NA,2850000,925000,3,2020,2020,20202021,2020-06-03,RFA
8476981,Josh Anderson,exact,"RW, LW",Montreal Canadiens,MTL,Columbus Blue Jackets,CBJ,38500000,5500000,7,2020,2020,20202021,2020-10-08,UFA
8477384,Josh Brown,exact,"RD, LD",Ottawa Senators,OTT,Florida Panthers,FLA,2400000,1200000,2,2020,2020,20202021,2020-10-05,UFA
8477473,Justin Bailey,exact,RW,Vancouver Canucks,VAN,Vancouver Canucks,VAN,750000,750000,1,2020,2020,20202021,2020-12-17,other
8477993,Justin Kirkland,exact,C,Calgary Flames,CGY,NA,NA,700000,700000,1,2020,2020,20202021,2020-09-28,other
8480817,K'Andre Miller,exact,LD,New York Rangers,NYR,NA,NA,3825000,1275000,3,2020,2020,20202021,2020-03-13,RFA
8482087,Kaiden Guhle,exact,"LD, RD",Montreal Canadiens,MTL,NA,NA,4035000,1345000,3,2020,2020,20202021,2020-10-20,RFA
8478434,Keegan Kolesar,exact,RW,Vegas Golden Knights,VGK,Vegas Golden Knights,VGK,1450000,725000,2,2020,2020,20202021,2020-10-19,other
8478099,Kevin Labanc,exact,"RW, LW",San Jose Sharks,SJS,San Jose Sharks,SJS,18900000,4725000,4,2020,2020,20202021,2020-10-10,UFA
8479291,Kevin Rooney,exact,C,New York Rangers,NYR,New Jersey Devils,NJD,1500000,750000,2,2020,2020,20202021,2020-10-09,UFA
8478831,Kevin Stenlund,exact,"C, RW",Columbus Blue Jackets,CBJ,Columbus Blue Jackets,CBJ,874125,874125,1,2020,2020,20202021,2020-10-28,other
8480748,Kiefer Sherwood,exact,LW,Colorado Avalanche,COL,Anaheim Ducks,ANA,750000,750000,1,2020,2020,20202021,2020-10-09,other
8478864,Kirill Kaprizov,exact,"RW, LW",Minnesota Wild,MIN,NA,NA,2775000,1387500,2,2020,2020,20202021,2020-07-13,other
8477073,Kurtis MacDermid,exact,LW,Los Angeles Kings,LAK,Los Angeles Kings,LAK,1750000,875000,2,2020,2020,20202021,2020-04-10,UFA
8477335,Kyle Burroughs,exact,"RD, LD",Colorado Avalanche,COL,NA,NA,700000,700000,1,2020,2020,20202021,2020-10-30,other
8478476,Kyle Capobianco,exact,LD,Arizona Coyotes,ARI,Arizona Coyotes,ARI,1550000,775000,2,2020,2020,20202021,2020-10-05,other
8478967,Lane Pederson,exact,C,Arizona Coyotes,ARI,NA,NA,735000,735000,1,2020,2020,20202021,2020-08-15,other
8481186,Logan O'Connor,exact,RW,Colorado Avalanche,COL,Colorado Avalanche,COL,1450000,725000,2,2020,2020,20202021,2020-09-18,other
8478011,Louie Belpedio,exact,RD,Minnesota Wild,MIN,Minnesota Wild,MIN,700000,700000,1,2020,2020,20202021,2020-10-23,other
8482141,Lukas Cormier,exact,"RD, LD",Vegas Golden Knights,VGK,NA,NA,2540000,813333,3,2020,2020,20202021,2020-12-31,RFA
8482146,Luke Evangelista,exact,RW,Nashville Predators,NSH,NA,NA,2875000,925000,3,2020,2020,20202021,2020-11-09,RFA
NA,Luke Prokop,unmatched,RD,Nashville Predators,NSH,NA,NA,2560000,820000,3,2020,2020,20202021,2020-12-09,RFA
8474568,Luke Schenn,exact,RD,Tampa Bay Lightning,TBL,Tampa Bay Lightning,TBL,800000,800000,1,2020,2020,20202021,2020-10-29,UFA
8477346,MacKenzie Weegar,exact,"LD, RD",Florida Panthers,FLA,Florida Panthers,FLA,9750000,3250000,3,2020,2020,20202021,2020-11-06,UFA
8476907,Mackenzie MacEachern,exact,"LW, RW",St. Louis Blues,STL,St. Louis Blues,STL,1800000,900000,2,2020,2020,20202021,2020-04-17,UFA
8482079,Marco Rossi,exact,C,Minnesota Wild,MIN,NA,NA,5325000,1775000,3,2020,2020,20202021,2020-10-23,RFA
8477969,Marcus Pettersson,exact,LD,Pittsburgh Penguins,PIT,Pittsburgh Penguins,PIT,20125875,4025175,5,2020,2020,20202021,2020-01-28,UFA
8478017,Mark Friedman,exact,"RD, LD",Philadelphia Flyers,PHI,Philadelphia Flyers,PHI,1450000,725000,2,2020,2020,20202021,2020-07-13,other
8476873,Mark Jankowski,exact,"C, RW",Pittsburgh Penguins,PIT,Calgary Flames,CGY,700000,700000,1,2020,2020,20202021,2020-10-09,other
8480355,Mark Kastelic,exact,"C, RW, LW",Ottawa Senators,OTT,NA,NA,2465000,821667,3,2020,2020,20202021,2020-04-09,other
8476924,Martin Frk,exact,RW,Los Angeles Kings,LAK,Los Angeles Kings,LAK,1450000,725000,2,2020,2020,20202021,2020-02-22,UFA
8478891,Mason Appleton,exact,"LW, RW, C",Winnipeg Jets,WPG,Winnipeg Jets,WPG,1800000,900000,2,2020,2020,20202021,2020-10-09,other
8478975,Mason Marchment,exact,LW,Florida Panthers,FLA,Toronto Maple Leafs,TOR,700000,700000,1,2020,2020,20202021,2020-11-03,other
NA,Mathias Emilio Pettersen,unmatched,C,Calgary Flames,CGY,NA,NA,2775000,925000,3,2020,2020,20202021,2020-04-27,RFA
8478472,Mathieu Joseph,exact,RW,Tampa Bay Lightning,TBL,Tampa Bay Lightning,TBL,1475000,737500,2,2020,2020,20202021,2020-12-23,other
8481711,Matias Maccelli,exact,"RW, LW",Arizona Coyotes,ARI,NA,NA,2775000,925000,3,2020,2020,20202021,2020-04-28,RFA
8476988,Matt Benning,exact,RD,Nashville Predators,NSH,Edmonton Oilers,EDM,2000000,1000000,2,2020,2020,20202021,2020-10-09,UFA
8476891,Matt Grzelcyk,exact,"LD, RD",Boston Bruins,BOS,Boston Bruins,BOS,14750000,3687500,4,2020,2020,20202021,2020-10-17,UFA
8476442,Matt Nieto,exact,LW,San Jose Sharks,SJS,Colorado Avalanche,COL,700000,700000,1,2020,2020,20202021,2020-10-13,UFA
8478146,Matthew Highmore,exact,"RW, C",Chicago Blackhawks,CHI,Chicago Blackhawks,CHI,1450000,725000,2,2020,2020,20202021,2020-04-02,other
8477406,Mattias Janmark,exact,"LW, RW, C",Chicago Blackhawks,CHI,Dallas Stars,DAL,2250000,2250000,1,2020,2020,20202021,2020-10-12,UFA
8480807,Mattias Samuelsson,exact,"RD, LD",Buffalo Sabres,BUF,NA,NA,2775000,925000,3,2020,2020,20202021,2020-03-25,RFA
8477503,Max Domi,exact,"C, RW, LW",Columbus Blue Jackets,CBJ,Montréal Canadiens,MTL,10600000,5300000,2,2020,2020,20202021,2020-10-07,UFA
8476323,Max McCormick,exact,LW,Carolina Hurricanes,CAR,Ottawa Senators,OTT,700000,700000,1,2020,2020,20202021,2020-10-28,UFA
8479591,Michael Eyssimont,exact,"RW, LW, C",Los Angeles Kings,LAK,NA,NA,700000,700000,1,2020,2020,20202021,2020-10-05,other
8477446,Michael McCarron,exact,"C, RW",Nashville Predators,NSH,Montréal Canadiens,MTL,700000,700000,1,2020,2020,20202021,2020-09-23,other
8475798,Mikael Granlund,exact,C,Nashville Predators,NSH,Nashville Predators,NSH,3750000,3750000,1,2020,2020,20202021,2020-12-23,UFA
8479410,Mikhail Sergachev,exact,LD,Tampa Bay Lightning,TBL,Tampa Bay Lightning,TBL,14400000,4800000,3,2020,2020,20202021,2020-11-25,other
8482070,Mitchell Chaffee,exact,RW,Minnesota Wild,MIN,NA,NA,3550000,1775000,2,2020,2020,20202021,2020-03-24,other
8478477,Mitchell Stephens,exact,C,Tampa Bay Lightning,TBL,Tampa Bay Lightning,TBL,1475000,737500,2,2020,2020,20202021,2020-10-07,other
8480289,Morgan Barron,exact,"RW, LW, C",New York Rangers,NYR,NA,NA,5325000,1775000,3,2020,2020,20202021,2020-07-31,other
8477426,Nicholas Paul,exact,"C, LW",Ottawa Senators,OTT,Ottawa Senators,OTT,2700000,1350000,2,2020,2020,20202021,2020-10-14,UFA
8476393,Nick Cousins,exact,"RW, LW, C",Nashville Predators,NSH,Montréal Canadiens,MTL,3000000,1500000,2,2020,2020,20202021,2020-10-09,UFA
8473563,Nicklas Backstrom,exact,C,Washington Capitals,WSH,Washington Capitals,WSH,46000000,9200000,5,2020,2020,20202021,2020-01-14,UFA
8481477,Nico Sturm,exact,C,Minnesota Wild,MIN,Minnesota Wild,MIN,1450000,725000,2,2020,2020,20202021,2020-10-05,UFA
8477979,Nicolas Aube-Kubel,exact,RW,Philadelphia Flyers,PHI,Philadelphia Flyers,PHI,2150000,1075000,2,2020,2020,20202021,2020-09-17,other
8475235,Nicolas Deslauriers,exact,LW,Anaheim Ducks,ANA,Anaheim Ducks,ANA,2000000,1000000,2,2020,2020,20202021,2020-02-15,UFA
8478462,Nicolas Roy,exact,"C, RW",Vegas Golden Knights,VGK,Vegas Golden Knights,VGK,1500000,750000,2,2020,2020,20202021,2020-04-22,other
8477507,Nikita Zadorov,exact,"LD, RD",Chicago Blackhawks,CHI,Colorado Avalanche,COL,3200000,3200000,1,2020,2020,20202021,2020-10-10,other
8478859,Niko Mikkola,exact,"LD, RD",St. Louis Blues,STL,St. Louis Blues,STL,1575000,787500,2,2020,2020,20202021,2020-01-30,other
8481535,Nils Hoglander,exact,LW,Vancouver Canucks,VAN,NA,NA,3375000,1125000,3,2020,2020,20202021,2020-04-29,RFA
8478454,Noah Juulsen,exact,RD,Montreal Canadiens,MTL,Montréal Canadiens,MTL,700000,700000,1,2020,2020,20202021,2020-10-08,other
8478430,Oliver Kylington,exact,LD,Calgary Flames,CGY,Calgary Flames,CGY,787500,787500,1,2020,2020,20202021,2020-12-18,other
NA,Ozzy Wiesblatt,unmatched,RW,San Jose Sharks,SJS,NA,NA,2775000,925000,3,2020,2020,20202021,2020-10-16,RFA
8478450,Parker Wotherspoon,exact,"LD, RD",New York Islanders,NYI,NA,NA,1450000,725000,2,2020,2020,20202021,2020-10-16,other
8474034,Pat Maroon,exact,"RW, LW",Tampa Bay Lightning,TBL,Tampa Bay Lightning,TBL,1800000,900000,2,2020,2020,20202021,2020-10-29,UFA
NA,Philip Kemp,unmatched,RD,Edmonton Oilers,EDM,NA,NA,2360000,786667,3,2020,2020,20202021,2020-11-25,other
8479026,Philippe Myers,exact,RD,Philadelphia Flyers,PHI,Philadelphia Flyers,PHI,7650000,2550000,3,2020,2020,20202021,2020-12-08,other
8476858,Phillip Di Giuseppe,exact,LW,New York Rangers,NYR,New York Rangers,NYR,700000,700000,1,2020,2020,20202021,2020-10-11,UFA
8478115,Pierre Engvall,exact,LW,Toronto Maple Leafs,TOR,Toronto Maple Leafs,TOR,2500000,1250000,2,2020,2020,20202021,2020-02-12,other
8479400,Pierre-Luc Dubois,exact,"C, RW, LW",Columbus Blue Jackets,CBJ,Columbus Blue Jackets,CBJ,10000000,5000000,2,2020,2020,20202021,2020-12-31,other
8480459,Pius Suter,exact,"LW, C, RW",Chicago Blackhawks,CHI,NA,NA,1775000,1775000,1,2020,2020,20202021,2020-07-16,other
8482124,Quinton Byfield,exact,"RW, LW",Los Angeles Kings,LAK,NA,NA,10725000,3575000,3,2020,2020,20202021,2020-10-16,RFA
8476889,Radek Faksa,exact,"C, LW, RW",Dallas Stars,DAL,Dallas Stars,DAL,16250000,3250000,5,2020,2020,20202021,2020-10-11,UFA
8475462,Radko Gudas,exact,RD,Florida Panthers,FLA,Washington Capitals,WSH,7500000,2500000,3,2020,2020,20202021,2020-10-09,UFA
8481534,Raphael Lavoie,exact,"RW, C",Edmonton Oilers,EDM,NA,NA,2775000,925000,3,2020,2020,20202021,2020-03-21,RFA
8478397,Rasmus Andersson,exact,RD,Calgary Flames,CGY,Calgary Flames,CGY,27300000,4550000,6,2020,2020,20202021,2020-01-08,UFA
8480054,Reilly Walsh,exact,RD,New Jersey Devils,NJD,NA,NA,2775000,925000,3,2020,2020,20202021,2020-08-10,other
8482092,Ridly Greig,exact,"C, LW, RW",Ottawa Senators,OTT,NA,NA,2775000,925000,3,2020,2020,20202021,2020-12-29,RFA
8477952,Robby Fabbri,exact,"LW, RW, C",Detroit Red Wings,DET,St. Louis Blues,STL,5900000,2950000,2,2020,2020,20202021,2020-08-24,UFA
8477462,Robert Hagg,exact,"LD, RD",Philadelphia Flyers,PHI,Philadelphia Flyers,PHI,3200000,1600000,2,2020,2020,20202021,2020-09-28,UFA
8478449,Roope Hintz,exact,"RW, C",Dallas Stars,DAL,Dallas Stars,DAL,9450000,3150000,3,2020,2020,20202021,2020-11-09,other
8479525,Ross Colton,exact,C,Tampa Bay Lightning,TBL,NA,NA,700000,700000,1,2020,2020,20202021,2020-10-10,other
8477435,Ryan Graves,exact,"LD, RD",Colorado Avalanche,COL,Colorado Avalanche,COL,9500000,3166667,3,2020,2020,20202021,2020-10-12,UFA
8479066,Ryan Lomberg,exact,"LW, RW",Florida Panthers,FLA,Calgary Flames,CGY,1450000,725000,2,2020,2020,20202021,2020-10-09,UFA
8477506,Ryan Pulock,exact,RD,New York Islanders,NYI,New York Islanders,NYI,10000000,5000000,2,2020,2020,20202021,2020-11-04,UFA
8471817,Ryan Reaves,exact,"RW, LW",Vegas Golden Knights,VGK,Vegas Golden Knights,VGK,3500000,1750000,2,2020,2020,20202021,2020-06-15,UFA
8478854,Ryan Shea,exact,"LD, RD",Dallas Stars,DAL,NA,NA,3125000,1562500,2,2020,2020,20202021,2020-08-18,other
8476458,Ryan Strome,exact,"LW, C, RW",New York Rangers,NYR,New York Rangers,NYR,9000000,4500000,2,2020,2020,20202021,2020-11-05,UFA
8475842,Sam Carrick,exact,C,Anaheim Ducks,ANA,Anaheim Ducks,ANA,700000,700000,1,2020,2020,20202021,2020-05-09,UFA
8478043,Sam Lafferty,exact,"RW, LW, C",Pittsburgh Penguins,PIT,Pittsburgh Penguins,PIT,1500000,750000,2,2020,2020,20202021,2020-10-08,UFA
8477933,Sam Reinhart,exact,"LW, RW, C",Buffalo Sabres,BUF,Buffalo Sabres,BUF,5200000,5200000,1,2020,2020,20202021,2020-10-25,other
8481541,Samuel Bolduc,exact,"LD, RD",New York Islanders,NYI,NA,NA,2775000,925000,3,2020,2020,20202021,2020-04-30,RFA
8481059,Scott Perunovich,exact,LD,St. Louis Blues,STL,NA,NA,4350000,2175000,2,2020,2020,20202021,2020-07-13,RFA
8480336,Sean Walker,exact,RD,Los Angeles Kings,LAK,Los Angeles Kings,LAK,10600000,2650000,4,2020,2020,20202021,2020-09-11,UFA
8480222,Sebastian Aho,manual_override,"LD, RD",New York Islanders,NYI,New York Islanders,NYI,1450000,725000,2,2020,2020,20202021,2020-10-05,other
8482093,Seth Jarvis,exact,"RW, LW, C",Carolina Hurricanes,CAR,NA,NA,4275000,1425000,3,2020,2020,20202021,2020-12-28,RFA
8480326,Sheldon Dries,exact,C,Colorado Avalanche,COL,Colorado Avalanche,COL,771750,771750,1,2020,2020,20202021,2020-10-09,UFA
8477947,Sonny Milano,exact,"LW, RW",Anaheim Ducks,ANA,Columbus Blue Jackets,CBJ,3400000,1700000,2,2020,2020,20202021,2020-07-28,other
NA,Spencer Smallman,unmatched,RW,Carolina Hurricanes,CAR,NA,NA,735000,735000,1,2020,2020,20202021,2020-10-13,other
8476474,Stefan Noesen,exact,RW,San Jose Sharks,SJS,Pittsburgh Penguins,PIT,925000,925000,1,2020,2020,20202021,2020-10-09,UFA
8478904,Steven Lorentz,exact,"C, LW",Carolina Hurricanes,CAR,NA,NA,1450000,725000,2,2020,2020,20202021,2020-10-15,other
8477463,Steven Santini,exact,RD,St. Louis Blues,STL,Nashville Predators,NSH,700000,700000,1,2020,2020,20202021,2020-10-10,other
8476391,T.J. Tynan,exact,C,Colorado Avalanche,COL,Colorado Avalanche,COL,800000,800000,1,2020,2020,20202021,2020-03-26,UFA
8474673,TJ Brodie,exact,"RD, LD",Toronto Maple Leafs,TOR,Calgary Flames,CGY,20000000,5000000,4,2020,2020,20202021,2020-10-09,UFA
8479420,Tage Thompson,exact,"C, LW",Buffalo Sabres,BUF,Buffalo Sabres,BUF,4200000,1400000,3,2020,2020,20202021,2020-10-05,other
8479550,Tanner Laczynski,exact,C,Philadelphia Flyers,PHI,NA,NA,1850000,925000,2,2020,2020,20202021,2020-03-23,other
8475791,Taylor Hall,exact,LW,Buffalo Sabres,BUF,New Jersey Devils,NJD,8000000,8000000,1,2020,2020,20202021,2020-10-11,UFA
8477931,Tomas Nosek,exact,"C, LW",Vegas Golden Knights,VGK,Vegas Golden Knights,VGK,1250000,1250000,1,2020,2020,20202021,2020-10-09,UFA
8478438,Tommy Novak,exact,"C, LW",Nashville Predators,NSH,NA,NA,1850000,925000,2,2020,2020,20202021,2020-03-25,other
8477950,Tony DeAngelo,exact,"RD, LD",New York Rangers,NYR,New York Rangers,NYR,9600000,4800000,2,2020,2020,20202021,2020-10-15,other
8476792,Torey Krug,exact,LD,St. Louis Blues,STL,Boston Bruins,BOS,45500000,6500000,7,2020,2020,20202021,2020-10-09,UFA
8476329,Travis Boyd,exact,"RW, C",Toronto Maple Leafs,TOR,Washington Capitals,WSH,700000,700000,1,2020,2020,20202021,2020-10-10,UFA
8478408,Travis Dermott,exact,"LD, RD",Toronto Maple Leafs,TOR,Toronto Maple Leafs,TOR,874125,874125,1,2020,2020,20202021,2020-10-23,other
8481533,Trevor Zegras,exact,"LW, C, RW",Anaheim Ducks,ANA,NA,NA,5325000,1775000,3,2020,2020,20202021,2020-03-27,RFA
8477845,Trevor van Riemsdyk,exact,"RD, LD",Washington Capitals,WSH,Carolina Hurricanes,CAR,800000,800000,1,2020,2020,20202021,2020-10-10,UFA
8482181,Tristen Robins,exact,RW,San Jose Sharks,SJS,NA,NA,2775000,925000,3,2020,2020,20202021,2020-12-30,RFA
8479442,Troy Stecher,exact,"RD, LD",Detroit Red Wings,DET,Vancouver Canucks,VAN,3400000,1700000,2,2020,2020,20202021,2020-10-10,UFA
8478873,Troy Terry,exact,"RW, LW",Anaheim Ducks,ANA,Anaheim Ducks,ANA,4350000,1450000,3,2020,2020,20202021,2020-07-14,other
8477479,Tyler Bertuzzi,exact,LW,Detroit Red Wings,DET,Detroit Red Wings,DET,3500000,3500000,1,2020,2020,20202021,2020-10-27,other
NA,Tyler Madden,unmatched,C,Los Angeles Kings,LAK,NA,NA,2775000,925000,3,2020,2020,20202021,2020-03-30,RFA
8477353,Tyler Motte,exact,"RW, C, LW",Vancouver Canucks,VAN,Vancouver Canucks,VAN,2450000,1225000,2,2020,2020,20202021,2020-10-09,UFA
8475752,Tyler Pitlick,exact,"RW, C",Arizona Coyotes,ARI,Philadelphia Flyers,PHI,3500000,1750000,2,2020,2020,20202021,2020-10-09,UFA
8475726,Tyler Toffoli,exact,"RW, C",Montreal Canadiens,MTL,Los Angeles Kings,LAK,17000000,4250000,4,2020,2020,20202021,2020-10-12,UFA
8481006,Tyler Tucker,exact,"RD, LD",St. Louis Blues,STL,NA,NA,2425000,808333,3,2020,2020,20202021,2020-03-02,RFA
8475197,Tyson Barrie,exact,"RD, LD",Edmonton Oilers,EDM,Toronto Maple Leafs,TOR,3750000,3750000,1,2020,2020,20202021,2020-10-10,UFA
8482159,Tyson Foerster,exact,"LW, RW",Philadelphia Flyers,PHI,NA,NA,2775000,925000,3,2020,2020,20202021,2020-10-14,RFA
8479370,Tyson Jost,exact,"C, RW, LW",Colorado Avalanche,COL,Colorado Avalanche,COL,874125,874125,1,2020,2020,20202021,2020-10-18,other
8477501,Valeri Nichushkin,exact,"LW, RW",Colorado Avalanche,COL,Colorado Avalanche,COL,5000000,2500000,2,2020,2020,20202021,2020-10-10,UFA
NA,Vasily Ponomarev,unmatched,C,Carolina Hurricanes,CAR,NA,NA,2660000,853333,3,2020,2020,20202021,2020-10-13,RFA
8478109,Victor Olofsson,exact,"LW, RW",Buffalo Sabres,BUF,Buffalo Sabres,BUF,6100000,3050000,2,2020,2020,20202021,2020-10-29,other
8478407,Vince Dunn,exact,"LD, RD",St. Louis Blues,STL,St. Louis Blues,STL,1875000,1875000,1,2020,2020,20202021,2020-12-31,other
8479968,Vinni Lettieri,exact,"RW, LW, C",Anaheim Ducks,ANA,New York Rangers,NYR,750000,750000,1,2020,2020,20202021,2020-10-09,other
8476994,Vinnie Hinostroza,exact,"RW, C",Florida Panthers,FLA,Arizona Coyotes,ARI,1000000,1000000,1,2020,2020,20202021,2020-10-09,UFA
8478882,Vladislav Gavrikov,exact,LD,Columbus Blue Jackets,CBJ,Columbus Blue Jackets,CBJ,8400000,2800000,3,2020,2020,20202021,2020-11-05,UFA
8476480,Vladislav Namestnikov,exact,"RW, C",Detroit Red Wings,DET,New York Rangers,NYR,4000000,2000000,2,2020,2020,20202021,2020-10-11,UFA
8477998,Warren Foegele,exact,"LW, RW",Carolina Hurricanes,CAR,Carolina Hurricanes,CAR,2150000,2150000,1,2020,2020,20202021,2020-11-01,other
8477478,William Carrier,exact,LW,Vegas Golden Knights,VGK,Vegas Golden Knights,VGK,5600000,1400000,4,2020,2020,20202021,2020-02-27,UFA
8478021,William Lagesson,exact,"LD, RD",Edmonton Oilers,EDM,Edmonton Oilers,EDM,1450000,725000,2,2020,2020,20202021,2020-11-04,other
8479367,William Lockwood,exact,RW,Vancouver Canucks,VAN,NA,NA,1850000,925000,2,2020,2020,20202021,2020-03-19,other
8478508,Yakov Trenin,exact,"C, LW, RW",Nashville Predators,NSH,Nashville Predators,NSH,1450000,725000,2,2020,2020,20202021,2020-09-24,other
8474567,Zach Bogosian,exact,RD,Tampa Bay Lightning,TBL,Buffalo Sabres,BUF,1300000,1300000,1,2020,2020,20202021,2020-02-24,UFA
8474567,Zach Bogosian,exact,RD,Toronto Maple Leafs,TOR,Buffalo Sabres,BUF,1000000,1000000,1,2020,2020,20202021,2020-10-10,UFA
8480727,Zach Whitecloud,exact,RD,Vegas Golden Knights,VGK,Vegas Golden Knights,VGK,1450000,725000,2,2020,2020,20202021,2020-03-22,other
8479772,Zack MacEwen,exact,RW,Vancouver Canucks,VAN,Vancouver Canucks,VAN,1650000,825000,2,2020,2020,20202021,2020-10-06,other
NA,Zayde Wisdom,unmatched,RW,Philadelphia Flyers,PHI,NA,NA,2875000,925000,3,2020,2020,20202021,2020-10-12,RFA
8476878,Zemgus Girgensons,exact,"LW, C",Buffalo Sabres,BUF,Buffalo Sabres,BUF,6600000,2200000,3,2020,2020,20202021,2020-10-08,UFA
8478421,A.J. Greer,exact,LW,New Jersey Devils,NJD,New Jersey Devils,NJD,750000,750000,1,2021,2021,20212022,2021-08-04,other
8482691,Aatu Raty,exact,C,New York Islanders,NYI,NA,NA,2800000,925000,3,2021,2021,20212022,2021-08-14,RFA
8479323,Adam Fox,exact,RD,New York Rangers,NYR,New York Rangers,NYR,66500000,9500000,7,2021,2021,20212022,2021-11-01,UFA
8478874,Adam Gaudette,exact,RW,Chicago Blackhawks,CHI,Vancouver Canucks,VAN,997500,997500,1,2021,2021,20212022,2021-07-26,other
8476457,Adam Larsson,exact,"RD, LD",Seattle Kraken,SEA,Edmonton Oilers,EDM,16000000,4000000,4,2021,2021,20212022,2021-07-21,UFA
8476392,Adam Lowry,exact,C,Winnipeg Jets,WPG,Winnipeg Jets,WPG,16250000,3250000,5,2021,2021,20212022,2021-04-16,UFA
8476917,Adam Pelech,exact,LD,New York Islanders,NYI,New York Islanders,NYI,46000000,5750000,8,2021,2021,20212022,2021-08-06,UFA
8482197,Adam Raska,exact,"LW, RW",San Jose Sharks,SJS,NA,NA,2700000,900000,3,2021,2021,20212022,2021-05-12,RFA
8474166,Alec Martinez,exact,"LD, RD",Vegas Golden Knights,VGK,Vegas Golden Knights,VGK,15750000,5250000,3,2021,2021,20212022,2021-07-28,UFA
8477493,Aleksander Barkov,exact,C,Florida Panthers,FLA,Florida Panthers,FLA,80000000,10000000,8,2021,2021,20212022,2021-10-08,UFA
NA,Aleksi Heimosalmi,unmatched,RD,Carolina Hurricanes,CAR,NA,NA,2825000,925000,3,2021,2021,20212022,2021-08-15,RFA
8475968,Alex Belzile,exact,RW,Montreal Canadiens,MTL,Montréal Canadiens,MTL,750000,750000,1,2021,2021,20212022,2021-07-15,UFA
8480113,Alex Iafallo,exact,LW,Los Angeles Kings,LAK,Los Angeles Kings,LAK,16000000,4000000,4,2021,2021,20212022,2021-04-12,UFA
8481618,Alex Newhook,exact,"C, LW, RW",Colorado Avalanche,COL,Colorado Avalanche,COL,4475000,1491667,3,2021,2021,20212022,2021-03-31,RFA
8471214,Alex Ovechkin,exact,"LW, RW",Washington Capitals,WSH,Washington Capitals,WSH,47500000,9500000,5,2021,2021,20212022,2021-07-27,UFA
8482634,Alex Steeves,exact,C,Toronto Maple Leafs,TOR,NA,NA,2502500,834167,3,2021,2021,20212022,2021-03-29,other
8482125,Alexander Holtz,exact,"RW, LW",New Jersey Devils,NJD,NA,NA,5325000,1775000,3,2021,2021,20212022,2021-04-19,RFA
8479423,Alexander Nylander,first_name_variant,"LW, RW",Chicago Blackhawks,CHI,Chicago Blackhawks,CHI,874125,874125,1,2021,2021,20212022,2021-08-16,RFA
8475755,Alexander Petrovic,exact,RD,Dallas Stars,DAL,Florida Panthers,FLA,750000,750000,1,2021,2021,20212022,2021-07-28,UFA
8477505,Alexander Wennberg,exact,C,Seattle Kraken,SEA,Florida Panthers,FLA,13500000,4500000,3,2021,2021,20212022,2021-07-28,UFA
8480074,Alexandre Texier,exact,"LW, RW, C",Columbus Blue Jackets,CBJ,Columbus Blue Jackets,CBJ,3050000,1525000,3,2021,2021,20212022,2021-07-28,other
8476960,Andreas Athanasiou,exact,"C, RW",Los Angeles Kings,LAK,Los Angeles Kings,LAK,2700000,2700000,1,2021,2021,20212022,2021-07-28,UFA
8480830,Andrei Svechnikov,exact,"RW, LW",Carolina Hurricanes,CAR,Carolina Hurricanes,CAR,62000000,7750000,8,2021,2021,20212022,2021-08-26,UFA
8475461,Andrew Agozzino,exact,LW,Ottawa Senators,OTT,Anaheim Ducks,ANA,800000,800000,1,2021,2021,20212022,2021-07-28,UFA
8477429,Andrew Copp,exact,"C, RW",Winnipeg Jets,WPG,Winnipeg Jets,WPG,3640000,3640000,1,2021,2021,20212022,2021-08-12,UFA
8479369,Andrew Peeke,exact,"RD, LD",Columbus Blue Jackets,CBJ,Columbus Blue Jackets,CBJ,1575000,787500,2,2021,2021,20212022,2021-08-09,other
8479249,Andrew Poturalski,exact,C,Carolina Hurricanes,CAR,Carolina Hurricanes,CAR,750000,750000,1,2021,2021,20212022,2021-08-11,UFA
8481065,Angus Crookshank,exact,LW,Ottawa Senators,OTT,NA,NA,2515000,838333,3,2021,2021,20212022,2021-03-17,other
8478463,Anthony Beauvillier,exact,LW,New York Islanders,NYI,New York Islanders,NYI,12450000,4150000,3,2021,2021,20212022,2021-09-01,UFA
8477407,Anthony Duclair,exact,LW,Florida Panthers,FLA,Florida Panthers,FLA,9000000,3000000,3,2021,2021,20212022,2021-07-15,UFA
8478409,Anthony Richard,exact,"RW, LW, C",Nashville Predators,NSH,Nashville Predators,NSH,750000,750000,1,2021,2021,20212022,2021-07-28,other
8477320,Anton Blidh,exact,LW,Boston Bruins,BOS,Boston Bruins,BOS,750000,750000,1,2021,2021,20212022,2021-06-17,UFA
8482113,Anton Lundell,exact,C,Florida Panthers,FLA,NA,NA,5325000,1775000,3,2021,2021,20212022,2021-06-07,RFA
8482964,Arber Xhekaj,exact,"LD, RD",Montreal Canadiens,MTL,NA,NA,2485000,828333,3,2021,2021,20212022,2021-10-04,RFA
NA,Artem Grushnikov,unmatched,LD,Dallas Stars,DAL,NA,NA,2825000,925000,3,2021,2021,20212022,2021-10-05,RFA
8482245,Artem Zub,exact,RD,Ottawa Senators,OTT,Ottawa Senators,OTT,5000000,2500000,2,2021,2021,20212022,2021-05-14,UFA
8477476,Artturi Lehkonen,exact,"LW, RW",Montreal Canadiens,MTL,Montréal Canadiens,MTL,2300000,2300000,1,2021,2021,20212022,2021-07-31,other
8479536,Axel Jonsson-Fjallby,exact,"C, LW",Washington Capitals,WSH,NA,NA,1500000,750000,2,2021,2021,20212022,2021-06-07,other
8476624,Barclay Goodrow,exact,"C, RW",New York Rangers,NYR,Tampa Bay Lightning,TBL,21850000,3641667,6,2021,2021,20212022,2021-07-22,UFA
8479359,Beck Malenstyn,exact,LW,Washington Capitals,WSH,Washington Capitals,WSH,750000,750000,1,2021,2021,20212022,2021-07-08,RFA
8479416,Ben Gleason,exact,LD,Dallas Stars,DAL,Dallas Stars,DAL,750000,750000,1,2021,2021,20212022,2021-07-31,other
8477433,Ben Harpur,exact,LD,Nashville Predators,NSH,Nashville Predators,NSH,800000,800000,1,2021,2021,20212022,2021-07-26,UFA
8477018,Ben Hutton,exact,"LD, RD",Anaheim Ducks,ANA,Anaheim Ducks,ANA,950000,950000,1,2021,2021,20212022,2021-01-15,UFA
8477018,Ben Hutton,exact,"LD, RD",Vegas Golden Knights,VGK,Anaheim Ducks,ANA,750000,750000,1,2021,2021,20212022,2021-10-28,UFA
8481827,Ben McCartney,exact,LW,Arizona Coyotes,ARI,NA,NA,2440000,813333,3,2021,2021,20212022,2021-05-27,RFA
8476399,Blake Coleman,exact,"RW, LW",Calgary Flames,CGY,Tampa Bay Lightning,TBL,29400000,4900000,6,2021,2021,20212022,2021-07-28,UFA
8481481,Blake Lizotte,exact,"LW, RW, C",Los Angeles Kings,LAK,Los Angeles Kings,LAK,800000,800000,1,2021,2021,20212022,2021-06-25,other
8478147,Bokondji Imama,exact,LW,Arizona Coyotes,ARI,NA,NA,750000,750000,1,2021,2021,20212022,2021-08-06,other
8476432,Boone Jenner,exact,C,Columbus Blue Jackets,CBJ,Columbus Blue Jackets,CBJ,15000000,3750000,4,2021,2021,20212022,2021-07-28,UFA
8482073,Braden Schneider,exact,RD,New York Rangers,NYR,NA,NA,3975000,1325000,3,2021,2021,20212022,2021-03-03,RFA
8480801,Brady Tkachuk,exact,LW,Ottawa Senators,OTT,Ottawa Senators,OTT,57500000,8330674,7,2021,2021,20212022,2021-10-14,UFA
NA,Braeden Kressler,unmatched,C,Toronto Maple Leafs,TOR,NA,NA,2555000,835000,3,2021,2021,20212022,2021-10-02,RFA
8478443,Brandon Carlo,exact,RD,Boston Bruins,BOS,Boston Bruins,BOS,24600000,4100000,6,2021,2021,20212022,2021-07-14,UFA
NA,Brandon Coe,unmatched,RW,San Jose Sharks,SJS,NA,NA,2775000,925000,3,2021,2021,20212022,2021-12-06,RFA
8479520,Brandon Duhaime,exact,RW,Minnesota Wild,MIN,NA,NA,1500000,750000,2,2021,2021,20212022,2021-07-29,other
8479542,Brandon Hagel,exact,"LW, RW",Chicago Blackhawks,CHI,Chicago Blackhawks,CHI,4500000,1500000,3,2021,2021,20212022,2021-08-06,other
8477986,Brandon Montour,exact,RD,Florida Panthers,FLA,Buffalo Sabres,BUF,10500000,3500000,3,2021,2021,20212022,2021-07-27,UFA
8476438,Brandon Saad,exact,LW,St. Louis Blues,STL,Colorado Avalanche,COL,22500000,4500000,5,2021,2021,20212022,2021-07-29,UFA
8482730,Brandt Clarke,exact,RD,Los Angeles Kings,LAK,NA,NA,5325000,1775000,3,2021,2021,20212022,2021-08-10,RFA
8478010,Brayden Point,exact,"C, RW",Tampa Bay Lightning,TBL,Tampa Bay Lightning,TBL,76000000,9500000,8,2021,2021,20212022,2021-07-28,UFA
8476867,Brendan Gaunce,exact,"C, RW",Columbus Blue Jackets,CBJ,Boston Bruins,BOS,750000,750000,1,2021,2021,20212022,2021-07-31,UFA
8474090,Brendan Smith,exact,"LD, RD",Carolina Hurricanes,CAR,New York Rangers,NYR,800000,800000,1,2021,2021,20212022,2021-07-29,UFA
8482747,Brennan Othmann,exact,LW,New York Rangers,NYR,NA,NA,4125000,1375000,3,2021,2021,20212022,2021-08-12,RFA
8479353,Brett Howden,exact,"LW, C",New York Rangers,NYR,New York Rangers,NYR,885000,885000,1,2021,2021,20212022,2021-07-09,other
8478881,Brett Seney,exact,LW,Toronto Maple Leafs,TOR,New Jersey Devils,NJD,750000,750000,1,2021,2021,20212022,2021-07-29,other
8476934,Brock McGinn,exact,LW,Pittsburgh Penguins,PIT,Carolina Hurricanes,CAR,11000000,2750000,4,2021,2021,20212022,2021-07-28,UFA
8481479,Brogan Rafferty,exact,RD,Anaheim Ducks,ANA,Vancouver Canucks,VAN,750000,750000,1,2021,2021,20212022,2021-07-28,UFA
8479985,Cale Fleury,exact,RD,Seattle Kraken,SEA,Montréal Canadiens,MTL,750000,750000,1,2021,2021,20212022,2021-08-13,other
8480069,Cale Makar,exact,RD,Colorado Avalanche,COL,Colorado Avalanche,COL,54000000,9000000,6,2021,2021,20212022,2021-07-24,UFA
8482250,Callahan Burke,exact,C,Colorado Avalanche,COL,NA,NA,825000,861940,1,2021,2021,20212022,2021-12-17,other
8480157,Calle Rosen,exact,"RD, LD",St. Louis Blues,STL,Colorado Avalanche,COL,750000,750000,1,2021,2021,20212022,2021-07-30,UFA
8479341,Cam Dineen,exact,LD,Arizona Coyotes,ARI,NA,NA,750000,750000,1,2021,2021,20212022,2021-08-02,other
8481546,Cam York,exact,"LD, RD",Philadelphia Flyers,PHI,Philadelphia Flyers,PHI,3925000,1308333,3,2021,2021,20212022,2021-04-01,RFA
8478888,Cameron Hughes,exact,C,Boston Bruins,BOS,Boston Bruins,BOS,750000,750000,1,2021,2021,20212022,2021-07-07,other
8482781,Carson Lambos,exact,LD,Minnesota Wild,MIN,NA,NA,2987500,995833,3,2021,2021,20212022,2021-08-25,RFA
8480292,Carson Meyer,exact,"LW, RW",Columbus Blue Jackets,CBJ,NA,NA,820000,820000,1,2021,2021,20212022,2021-04-17,other
8477409,Carter Verhaeghe,exact,"RW, LW, C",Florida Panthers,FLA,Florida Panthers,FLA,12500000,4166667,3,2021,2021,20212022,2021-07-28,UFA
8475231,Casey Cizikas,exact,"LW, C",New York Islanders,NYI,New York Islanders,NYI,15000000,2500000,6,2021,2021,20212022,2021-09-01,UFA
8479578,Casey Fitzgerald,exact,RD,Buffalo Sabres,BUF,NA,NA,1500000,750000,2,2021,2021,20212022,2021-08-13,other
8479999,Casey Mittelstadt,exact,C,Buffalo Sabres,BUF,Buffalo Sabres,BUF,7500000,2500000,3,2021,2021,20212022,2021-09-02,other
8479325,Charlie McAvoy,exact,RD,Boston Bruins,BOS,Boston Bruins,BOS,76000000,9500000,8,2021,2021,20212022,2021-10-15,UFA
8479597,Chase Priskie,exact,RD,Florida Panthers,FLA,NA,NA,750000,750000,1,2021,2021,20212022,2021-08-05,other
NA,Chase Stillman,unmatched,RW,New Jersey Devils,NJD,NA,NA,2775000,925000,3,2021,2021,20212022,2021-08-19,RFA
8478846,Christian Wolanin,exact,LD,Los Angeles Kings,LAK,Ottawa Senators,OTT,750000,750000,1,2021,2021,20212022,2021-07-06,UFA
8478056,Clark Bishop,exact,C,Ottawa Senators,OTT,Ottawa Senators,OTT,800000,800000,1,2021,2021,20212022,2021-05-20,other
8476879,Cody Ceci,exact,"RD, LD",Edmonton Oilers,EDM,Pittsburgh Penguins,PIT,13000000,3250000,4,2021,2021,20212022,2021-07-28,UFA
8481540,Cole Caufield,exact,"RW, LW",Montreal Canadiens,MTL,Montréal Canadiens,MTL,3925000,1308333,3,2021,2021,20212022,2021-03-27,RFA
8481043,Cole Koepke,exact,"LW, RW",Tampa Bay Lightning,TBL,NA,NA,1850000,925000,2,2021,2021,20212022,2021-04-14,other
8481133,Cole Reinhardt,exact,LW,Ottawa Senators,OTT,NA,NA,2440000,813333,3,2021,2021,20212022,2021-04-16,other
8482705,Cole Sillinger,exact,C,Columbus Blue Jackets,CBJ,NA,NA,4900000,1633333,3,2021,2021,20212022,2021-08-18,RFA
8482062,Cole Smith,exact,"LW, RW",Nashville Predators,NSH,Nashville Predators,NSH,750000,750000,1,2021,2021,20212022,2021-07-15,other
NA,Colton Dach,unmatched,C,Chicago Blackhawks,CHI,NA,NA,2825000,925000,3,2021,2021,20212022,2021-10-01,RFA
8476892,Colton Parayko,exact,RD,St. Louis Blues,STL,St. Louis Blues,STL,52000000,6500000,8,2021,2021,20212022,2021-09-01,UFA
8478841,Colton White,exact,LD,New Jersey Devils,NJD,New Jersey Devils,NJD,750000,750000,1,2021,2021,20212022,2021-07-14,other
8476941,Connor Carrick,exact,RD,Seattle Kraken,SEA,New Jersey Devils,NJD,800000,800000,1,2021,2021,20212022,2021-08-04,UFA
8482067,Connor Mackey,exact,LD,Calgary Flames,CGY,Calgary Flames,CGY,1825000,912500,2,2021,2021,20212022,2021-09-08,other
8476473,Connor Murphy,exact,"RD, LD",Chicago Blackhawks,CHI,Chicago Blackhawks,CHI,17600000,4400000,4,2021,2021,20212022,2021-08-31,UFA
8478856,Conor Garland,exact,"RW, LW",Vancouver Canucks,VAN,Arizona Coyotes,ARI,24750000,4950000,5,2021,2021,20212022,2021-07-27,UFA
8477839,Conor Sheary,exact,"LW, C, RW",Washington Capitals,WSH,Washington Capitals,WSH,3000000,1500000,2,2021,2021,20212022,2021-04-14,UFA
8479982,Conor Timmins,exact,RD,Arizona Coyotes,ARI,Colorado Avalanche,COL,1700000,850000,2,2021,2021,20212022,2021-08-06,RFA
8470621,Corey Perry,exact,RW,Tampa Bay Lightning,TBL,Montréal Canadiens,MTL,2000000,1000000,2,2021,2021,20212022,2021-07-29,UFA
8481461,Corey Schueneman,exact,"LD, RD",Montreal Canadiens,MTL,NA,NA,750000,750000,1,2021,2021,20212022,2021-04-02,other
NA,Daemon Hunt,unmatched,"LD, RD",Minnesota Wild,MIN,NA,NA,2800000,925000,3,2021,2021,20212022,2021-05-06,RFA
8478057,Dakota Joshua,exact,"LW, RW, C",St. Louis Blues,STL,St. Louis Blues,STL,750000,750000,1,2021,2021,20212022,2021-07-31,other
8477541,Dakota Mermis,exact,"LD, RD",Minnesota Wild,MIN,Minnesota Wild,MIN,1500000,750000,2,2021,2021,20212022,2021-07-27,UFA
8482624,Daniil Miromanov,exact,RD,Vegas Golden Knights,VGK,NA,NA,925000,925000,1,2021,2021,20212022,2021-03-17,other
8482101,Danil Gushchin,exact,LW,San Jose Sharks,SJS,NA,NA,2800000,925000,3,2021,2021,20212022,2021-05-17,RFA
NA,Danila Klimovich,unmatched,RW,Vancouver Canucks,VAN,NA,NA,2800000,925000,3,2021,2021,20212022,2021-07-28,RFA
8479371,Dante Fabbro,exact,RD,Nashville Predators,NSH,Nashville Predators,NSH,4800000,2400000,2,2021,2021,20212022,2021-08-05,other
8478046,Danton Heinen,exact,"LW, RW",Pittsburgh Penguins,PIT,Anaheim Ducks,ANA,1100000,1100000,1,2021,2021,20212022,2021-07-29,other
8477498,Darnell Nurse,exact,"LD, RD",Edmonton Oilers,EDM,Edmonton Oilers,EDM,74000000,9250000,8,2021,2021,20212022,2021-08-06,UFA
8478178,Darren Raddysh,exact,"RD, LD",Tampa Bay Lightning,TBL,NA,NA,750000,750000,1,2021,2021,20212022,2021-07-28,other
8480144,David Kampf,exact,C,Toronto Maple Leafs,TOR,Chicago Blackhawks,CHI,3000000,1500000,2,2021,2021,20212022,2021-07-28,UFA
8475233,David Savard,exact,"RD, LD",Montreal Canadiens,MTL,Columbus Blue Jackets,CBJ,14000000,3500000,4,2021,2021,20212022,2021-07-28,UFA
8479395,Dennis Cholowski,exact,LD,Seattle Kraken,SEA,Detroit Red Wings,DET,900000,900000,1,2021,2021,20212022,2021-09-07,other
8478502,Dennis Gilbert,exact,"LD, RD",Colorado Avalanche,COL,Colorado Avalanche,COL,750000,750000,1,2021,2021,20212022,2021-08-16,other
8475762,Derek Forbort,exact,"LD, RD",Boston Bruins,BOS,Winnipeg Jets,WPG,9000000,3000000,3,2021,2021,20212022,2021-07-28,UFA
8478585,Derek Ryan,exact,"C, RW",Edmonton Oilers,EDM,Calgary Flames,CGY,2500000,1250000,2,2021,2021,20212022,2021-07-28,UFA
8476913,Devin Shore,exact,"LW, C",Edmonton Oilers,EDM,Edmonton Oilers,EDM,700000,700000,1,2021,2021,20212022,2021-01-13,other
8476913,Devin Shore,exact,"LW, C",Edmonton Oilers,EDM,Edmonton Oilers,EDM,1700000,850000,2,2021,2021,20212022,2021-06-09,UFA
8475179,Dmitry Kulikov,exact,"LD, RD",Minnesota Wild,MIN,New Jersey Devils,NJD,4500000,2250000,2,2021,2021,20212022,2021-07-28,UFA
NA,Dmitry Kuzmin,unmatched,LD,Winnipeg Jets,WPG,NA,NA,2650000,866667,3,2021,2021,20212022,2021-08-15,RFA
8476952,Dominic Toninato,exact,"RW, C",Winnipeg Jets,WPG,Winnipeg Jets,WPG,1500000,750000,2,2021,2021,20212022,2021-07-06,UFA
8482131,Donovan Sebrango,exact,LD,Detroit Red Wings,DET,NA,NA,2800000,925000,3,2021,2021,20212022,2021-03-15,RFA
8476462,Dougie Hamilton,exact,RD,New Jersey Devils,NJD,Carolina Hurricanes,CAR,63000000,9000000,7,2021,2021,20212022,2021-07-28,UFA
8480208,Drake Batherson,exact,"RW, LW",Ottawa Senators,OTT,Ottawa Senators,OTT,29850000,4975000,6,2021,2021,20212022,2021-09-03,UFA
8479465,Drake Caggiula,exact,LW,Buffalo Sabres,BUF,Arizona Coyotes,ARI,750000,750000,1,2021,2021,20212022,2021-07-27,UFA
8478211,Dryden Hunt,exact,"LW, RW",New York Rangers,NYR,Arizona Coyotes,ARI,1525000,762500,2,2021,2021,20212022,2021-07-28,UFA
8479639,Dylan Coghlan,exact,RD,Vegas Golden Knights,VGK,Vegas Golden Knights,VGK,1525000,762500,2,2021,2021,20212022,2021-09-16,other
8479580,Dylan Gambrell,exact,C,San Jose Sharks,SJS,San Jose Sharks,SJS,1100000,1100000,1,2021,2021,20212022,2021-07-15,other
8482699,Dylan Guenther,exact,RW,Arizona Coyotes,ARI,NA,NA,5325000,1775000,3,2021,2021,20212022,2021-08-30,RFA
8482077,Dylan Holloway,exact,"LW, C",Edmonton Oilers,EDM,NA,NA,4325000,1441667,3,2021,2021,20212022,2021-04-16,RFA
8475795,Dylan McIlrath,exact,RD,Washington Capitals,WSH,Detroit Red Wings,DET,1500000,750000,2,2021,2021,20212022,2021-07-28,UFA
8478440,Dylan Strome,exact,C,Chicago Blackhawks,CHI,Chicago Blackhawks,CHI,6000000,3000000,2,2021,2021,20212022,2021-01-03,other
8478062,Dysin Mayo,exact,RD,Arizona Coyotes,ARI,NA,NA,750000,750000,1,2021,2021,20212022,2021-08-02,other
8480009,Eeli Tolvanen,exact,"LW, RW",Nashville Predators,NSH,Nashville Predators,NSH,4350000,1450000,3,2021,2021,20212022,2021-08-30,other
NA,Eemil Viro,unmatched,LD,Detroit Red Wings,DET,NA,NA,2800000,925000,3,2021,2021,20212022,2021-05-19,RFA
8480012,Elias Pettersson,manual_override,"C, LW",Vancouver Canucks,VAN,Vancouver Canucks,VAN,22050000,7350000,3,2021,2021,20212022,2021-10-01,other
8482452,Elliot Desnoyers,exact,LW,Philadelphia Flyers,PHI,NA,NA,2650000,875000,3,2021,2021,20212022,2021-05-05,RFA
8480762,Eric Robinson,exact,"LW, RW",Columbus Blue Jackets,CBJ,Columbus Blue Jackets,CBJ,3200000,1600000,2,2021,2021,20212022,2021-07-28,UFA
8475790,Erik Gudbranson,exact,RD,Calgary Flames,CGY,Ottawa Senators,OTT,1950000,1950000,1,2021,2021,20212022,2021-09-10,UFA
8476979,Erik Gustafsson,exact,LD,Chicago Blackhawks,CHI,Philadelphia Flyers,PHI,800000,800000,1,2021,2021,20212022,2021-10-12,UFA
8475287,Erik Haula,exact,"C, LW",Boston Bruins,BOS,Nashville Predators,NSH,4750000,2375000,2,2021,2021,20212022,2021-07-28,UFA
8478542,Evan Rodrigues,exact,"RW, LW, C",Pittsburgh Penguins,PIT,Pittsburgh Penguins,PIT,1000000,1000000,1,2021,2021,20212022,2021-07-28,UFA
NA,Fabian Lysell,unmatched,RW,Boston Bruins,BOS,NA,NA,3287500,1095833,3,2021,2021,20212022,2021-08-09,RFA
8480078,Filip Chytil,exact,C,New York Rangers,NYR,New York Rangers,NYR,4600000,2300000,2,2021,2021,20212022,2021-07-29,other
8479425,Filip Hronek,exact,"RD, LD",Detroit Red Wings,DET,Detroit Red Wings,DET,13200000,4400000,3,2021,2021,20212022,2021-09-03,other
8477919,Frederick Gaudreau,exact,"C, RW, LW",Minnesota Wild,MIN,Pittsburgh Penguins,PIT,2400000,1200000,2,2021,2021,20212022,2021-07-28,UFA
8476455,Gabriel Landeskog,exact,LW,Colorado Avalanche,COL,Colorado Avalanche,COL,56000000,7000000,8,2021,2021,20212022,2021-07-27,UFA
8479748,Gage Quinney,exact,C,Vegas Golden Knights,VGK,Vegas Golden Knights,VGK,750000,750000,1,2021,2021,20212022,2021-07-28,other
8479516,Garrett Pilon,exact,C,Washington Capitals,WSH,Washington Capitals,WSH,1500000,750000,2,2021,2021,20212022,2021-06-17,other
8479379,Givani Smith,exact,RW,Detroit Red Wings,DET,Detroit Red Wings,DET,1500000,750000,2,2021,2021,20212022,2021-09-14,other
8478446,Glenn Gawdin,exact,C,Calgary Flames,CGY,Calgary Flames,CGY,750000,750000,1,2021,2021,20212022,2021-08-25,other
NA,Graeme Clarke,unmatched,RW,New Jersey Devils,NJD,NA,NA,2775000,925000,3,2021,2021,20212022,2021-03-04,RFA
8478465,Guillaume Brisebois,exact,LD,Vancouver Canucks,VAN,Vancouver Canucks,VAN,750000,750000,1,2021,2021,20212022,2021-08-12,other
8478055,Gustav Forsling,exact,LD,Florida Panthers,FLA,Florida Panthers,FLA,8000000,2666667,3,2021,2021,20212022,2021-07-15,UFA
8480184,Gustav Lindstrom,exact,"RD, LD",Detroit Red Wings,DET,Detroit Red Wings,DET,1700000,850000,2,2021,2021,20212022,2021-07-26,other
8477467,Gustav Olofsson,exact,LD,Seattle Kraken,SEA,Montréal Canadiens,MTL,750000,750000,1,2021,2021,20212022,2021-08-25,UFA
NA,Helge Grans,unmatched,RD,Los Angeles Kings,LAK,NA,NA,2800000,925000,3,2021,2021,20212022,2021-06-04,RFA
8480035,Henri Jokiharju,exact,RD,Buffalo Sabres,BUF,Buffalo Sabres,BUF,7500000,2500000,3,2021,2021,20212022,2021-09-02,other
8477392,Hudson Fasching,exact,"RW, LW",Arizona Coyotes,ARI,Arizona Coyotes,ARI,750000,750000,1,2021,2021,20212022,2021-07-29,other
NA,Hunter Skinner,unmatched,RD,New York Rangers,NYR,NA,NA,2775000,925000,3,2021,2021,20212022,2021-03-29,RFA
8474013,Ian Cole,exact,"LD, RD",Carolina Hurricanes,CAR,Colorado Avalanche,COL,2900000,2900000,1,2021,2021,20212022,2021-07-28,UFA
8480950,Ilya Lyubushkin,exact,RD,Arizona Coyotes,ARI,Arizona Coyotes,ARI,1350000,1350000,1,2021,2021,20212022,2021-04-19,UFA
8482470,Ilya Solovyov,exact,"LD, RD",Calgary Flames,CGY,NA,NA,2485000,828333,3,2021,2021,20212022,2021-04-06,other
8482192,Isaak Phillips,exact,"LD, RD",Chicago Blackhawks,CHI,NA,NA,2775000,925000,3,2021,2021,20212022,2021-03-31,RFA
8480806,Isac Lundestrom,exact,"C, LW",Anaheim Ducks,ANA,Anaheim Ducks,ANA,874125,874125,1,2021,2021,20212022,2021-08-06,other
8477964,Ivan Barbashev,exact,"LW, C",St. Louis Blues,STL,St. Louis Blues,STL,4500000,2250000,2,2021,2021,20212022,2021-07-30,UFA
8482655,J.J. Moser,exact,"LD, RD",Arizona Coyotes,ARI,NA,NA,2775000,925000,3,2021,2021,20212022,2021-08-14,other
8482175,JJ Peterka,exact,"RW, LW",Buffalo Sabres,BUF,NA,NA,2775000,925000,3,2021,2021,20212022,2021-06-11,RFA
8480835,Jack Drury,exact,C,Carolina Hurricanes,CAR,NA,NA,2775000,925000,3,2021,2021,20212022,2021-07-07,other
8481559,Jack Hughes,exact,"LW, RW, C",New Jersey Devils,NJD,New Jersey Devils,NJD,64000000,8000000,8,2021,2021,20212022,2021-11-30,UFA
8471677,Jack Johnson,exact,"LD, RD",Colorado Avalanche,COL,New York Rangers,NYR,750000,750000,1,2021,2021,20212022,2021-10-10,UFA
NA,Jack Matier,unmatched,RD,Nashville Predators,NSH,NA,NA,2565000,838333,3,2021,2021,20212022,2021-10-11,RFA
8478458,Jack Roslovic,exact,"RW, C",Columbus Blue Jackets,CBJ,Columbus Blue Jackets,CBJ,3800000,2030952,2,2021,2021,20212022,2021-01-23,other
NA,Jack Thompson,unmatched,RD,Tampa Bay Lightning,TBL,NA,NA,2800000,925000,3,2021,2021,20212022,2021-05-18,RFA
8480879,Jacob Bernard-Docker,exact,RD,Ottawa Senators,OTT,Ottawa Senators,OTT,3625000,1208333,3,2021,2021,20212022,2021-04-01,other
8479421,Jacob Moverare,exact,"LD, RD",Los Angeles Kings,LAK,NA,NA,750000,750000,1,2021,2021,20212022,2021-08-13,other
8475768,Jaden Schwartz,exact,"RW, LW, C",Seattle Kraken,SEA,St. Louis Blues,STL,27500000,5500000,5,2021,2021,20212022,2021-07-28,UFA
8479402,Jake Bean,exact,"LD, RD",Columbus Blue Jackets,CBJ,Carolina Hurricanes,CAR,7000000,2333333,3,2021,2021,20212022,2021-07-29,other
8478133,Jake Evans,exact,"C, RW",Montreal Canadiens,MTL,Montréal Canadiens,MTL,5100000,1700000,3,2021,2021,20212022,2021-10-03,UFA
8476931,Jake McCabe,exact,"LD, RD",Chicago Blackhawks,CHI,Buffalo Sabres,BUF,16000000,4000000,4,2021,2021,20212022,2021-07-28,UFA
8477944,Jakub Vrana,exact,LW,Detroit Red Wings,DET,Washington Capitals,WSH,15750000,5250000,3,2021,2021,20212022,2021-08-10,UFA
8478970,Jalen Chatfield,exact,RD,Carolina Hurricanes,CAR,Vancouver Canucks,VAN,750000,750000,1,2021,2021,20212022,2021-07-29,other
8476467,Jamie Oleksiak,exact,"LD, RD",Seattle Kraken,SEA,Dallas Stars,DAL,23000000,4600000,5,2021,2021,20212022,2021-07-21,UFA
NA,Jan Mysak,unmatched,C,Montreal Canadiens,MTL,NA,NA,2800000,925000,3,2021,2021,20212022,2021-04-06,RFA
8475797,Jarred Tinordi,exact,LD,New York Rangers,NYR,Nashville Predators,NSH,1800000,900000,2,2021,2021,20212022,2021-07-28,UFA
8477450,Jason Dickinson,exact,"C, RW",Vancouver Canucks,VAN,Dallas Stars,DAL,7950000,2650000,3,2021,2021,20212022,2021-08-14,UFA
8477034,Jaycob Megna,exact,"RD, LD",San Jose Sharks,SJS,Anaheim Ducks,ANA,750000,750000,1,2021,2021,20212022,2021-07-28,UFA
8482147,Jean-Luc Foudy,exact,C,Colorado Avalanche,COL,NA,NA,2775000,925000,3,2021,2021,20212022,2021-05-25,RFA
8482408,Jeff Malott,exact,LW,Winnipeg Jets,WPG,NA,NA,780000,780000,1,2021,2021,20212022,2021-05-31,other
8479705,Jeffrey Viel,exact,LW,San Jose Sharks,SJS,San Jose Sharks,SJS,1500000,750000,2,2021,2021,20212022,2021-06-14,other
NA,Jeremie Poirier,unmatched,LD,Calgary Flames,CGY,NA,NA,2585000,853333,3,2021,2021,20212022,2021-09-24,RFA
8479602,Jeremy Davies,exact,LD,Nashville Predators,NSH,Nashville Predators,NSH,750000,750000,1,2021,2021,20212022,2021-07-26,other
8479407,Jesper Bratt,exact,"LW, RW",New Jersey Devils,NJD,New Jersey Devils,NJD,5500000,2750000,2,2021,2021,20212022,2021-01-10,other
8480829,Jesperi Kotkaniemi,exact,"C, LW",Carolina Hurricanes,CAR,Montréal Canadiens,MTL,6100035,6100035,1,2021,2021,20212022,2021-08-28,other
8481486,Jimmy Schuldt,exact,LD,Buffalo Sabres,BUF,Vegas Golden Knights,VGK,750000,750000,1,2021,2021,20212022,2021-07-28,UFA
8476918,Jimmy Vesey,exact,LW,New Jersey Devils,NJD,Toronto Maple Leafs,TOR,800000,800000,1,2021,2021,20212022,2021-10-10,UFA
8478176,Joe Hicketts,exact,LD,Minnesota Wild,MIN,Detroit Red Wings,DET,1500000,750000,2,2021,2021,20212022,2021-07-28,UFA
8481441,Joe Snively,exact,C,Washington Capitals,WSH,NA,NA,750000,750000,1,2021,2021,20212022,2021-06-03,other
8476469,Joel Armia,exact,"LW, RW",Montreal Canadiens,MTL,Montréal Canadiens,MTL,13600000,3400000,4,2021,2021,20212022,2021-07-27,UFA
8478493,Joel Eriksson Ek,exact,C,Minnesota Wild,MIN,Minnesota Wild,MIN,42000000,5250000,8,2021,2021,20212022,2021-07-02,UFA
8480797,Joel Farabee,exact,LW,Philadelphia Flyers,PHI,Philadelphia Flyers,PHI,30000000,5000000,6,2021,2021,20212022,2021-09-02,UFA
8477810,Joel Hanley,exact,"LD, RD",Dallas Stars,DAL,Dallas Stars,DAL,1500000,750000,2,2021,2021,20212022,2021-04-14,UFA
8481641,Joel Kiviranta,exact,LW,Dallas Stars,DAL,Dallas Stars,DAL,2100000,1050000,2,2021,2021,20212022,2021-07-31,UFA
8477401,John Hayden,exact,C,Buffalo Sabres,BUF,Arizona Coyotes,ARI,750000,750000,1,2021,2021,20212022,2021-07-29,UFA
8478507,John Marino,exact,"RD, LD",Pittsburgh Penguins,PIT,Pittsburgh Penguins,PIT,26400000,4400000,6,2021,2021,20212022,2021-01-03,UFA
8480192,Johnathan Kovacevic,exact,"RD, LD",Winnipeg Jets,WPG,NA,NA,750000,750000,1,2021,2021,20212022,2021-08-12,other
8475750,Jon Merrill,exact,"RD, LD",Minnesota Wild,MIN,Detroit Red Wings,DET,850000,850000,1,2021,2021,20212022,2021-07-29,UFA
NA,Jon-Randall Avon,unmatched,C,Philadelphia Flyers,PHI,NA,NA,2550000,850000,3,2021,2021,20212022,2021-09-22,RFA
8478399,Jonas Siegenthaler,exact,"LD, RD",New Jersey Devils,NJD,Washington Capitals,WSH,2250000,1125000,2,2021,2021,20212022,2021-07-09,other
8481013,Jonatan Berggren,exact,RW,Detroit Red Wings,DET,NA,NA,2775000,925000,3,2021,2021,20212022,2021-05-20,other
8477380,Jonny Brodzinski,exact,"RW, C, LW",New York Rangers,NYR,New York Rangers,NYR,750000,750000,1,2021,2021,20212022,2021-04-19,UFA
8479533,Joona Koppanen,exact,LW,Boston Bruins,BOS,NA,NA,750000,750000,1,2021,2021,20212022,2021-07-07,other
8479385,Jordan Kyrou,exact,"RW, C",St. Louis Blues,STL,St. Louis Blues,STL,5600000,2800000,2,2021,2021,20212022,2021-08-03,other
8476921,Jordan Martinook,exact,LW,Carolina Hurricanes,CAR,Carolina Hurricanes,CAR,5400000,1800000,3,2021,2021,20212022,2021-07-28,UFA
8477851,Jordan Oesterle,exact,"LD, RD",Detroit Red Wings,DET,Arizona Coyotes,ARI,2700000,1350000,2,2021,2021,20212022,2021-07-28,UFA
NA,Joseph Cecconi,unmatched,RD,Dallas Stars,DAL,NA,NA,750000,750000,1,2021,2021,20212022,2021-08-03,other
8482623,Josh Dunne,exact,C,Columbus Blue Jackets,CBJ,Columbus Blue Jackets,CBJ,1850000,925000,2,2021,2021,20212022,2021-03-14,other
8479372,Josh Mahura,exact,"LD, RD",Anaheim Ducks,ANA,Anaheim Ducks,ANA,1500000,750000,2,2021,2021,20212022,2021-08-09,other
8479328,Julien Gauthier,exact,RW,New York Rangers,NYR,New York Rangers,NYR,775000,775000,1,2021,2021,20212022,2021-07-16,other
8477473,Justin Bailey,exact,RW,Vancouver Canucks,VAN,Vancouver Canucks,VAN,750000,750000,1,2021,2021,20212022,2021-07-28,other
8482111,Justin Barron,exact,"RD, LD",Colorado Avalanche,COL,NA,NA,3475000,1158333,3,2021,2021,20212022,2021-04-27,RFA
8479941,Justin Danforth,exact,"RW, C",Columbus Blue Jackets,CBJ,NA,NA,750000,750000,1,2021,2021,20212022,2021-05-03,UFA
8475413,Justin Dowling,exact,C,Vancouver Canucks,VAN,Dallas Stars,DAL,1500000,750000,2,2021,2021,20212022,2021-07-28,UFA
8477993,Justin Kirkland,exact,C,Calgary Flames,CGY,NA,NA,750000,750000,1,2021,2021,20212022,2021-08-25,other
NA,Justin Sourdif,unmatched,RW,Florida Panthers,FLA,NA,NA,2800000,925000,3,2021,2021,20212022,2021-09-24,RFA
8481704,Juuso Parssinen,exact,"RW, LW, C",Nashville Predators,NSH,NA,NA,2775000,925000,3,2021,2021,20212022,2021-05-28,RFA
8479976,Juuso Valimaki,exact,LD,Calgary Flames,CGY,Calgary Flames,CGY,3100000,1550000,2,2021,2021,20212022,2021-08-20,other
8479977,Kailer Yamamoto,exact,"RW, C",Edmonton Oilers,EDM,Edmonton Oilers,EDM,1175000,1175000,1,2021,2021,20212022,2021-09-18,other
8479348,Kale Clague,exact,"LD, RD",Los Angeles Kings,LAK,Los Angeles Kings,LAK,761250,761250,1,2021,2021,20212022,2021-08-06,other
8479387,Keaton Middleton,exact,LD,Colorado Avalanche,COL,Colorado Avalanche,COL,1485000,742500,2,2021,2021,20212022,2021-03-30,other
8475246,Kevin Connauton,exact,"LD, RD",Florida Panthers,FLA,Florida Panthers,FLA,700000,700000,1,2021,2021,20212022,2021-01-13,UFA
8475246,Kevin Connauton,exact,"LD, RD",Florida Panthers,FLA,Florida Panthers,FLA,825000,825000,1,2021,2021,20212022,2021-06-01,UFA
8477942,Kevin Fiala,exact,"RW, LW",Minnesota Wild,MIN,Minnesota Wild,MIN,5100000,5100000,1,2021,2021,20212022,2021-08-16,other
8475857,Kevin Gravel,exact,LD,Calgary Flames,CGY,Toronto Maple Leafs,TOR,750000,750000,1,2021,2021,20212022,2021-07-28,UFA
8478831,Kevin Stenlund,exact,"C, RW",Columbus Blue Jackets,CBJ,Columbus Blue Jackets,CBJ,1050000,1050000,1,2021,2021,20212022,2021-06-17,other
8480748,Kiefer Sherwood,exact,LW,Colorado Avalanche,COL,Colorado Avalanche,COL,750000,750000,1,2021,2021,20212022,2021-07-22,UFA
8479356,Kieffer Bellows,exact,LW,New York Islanders,NYI,New York Islanders,NYI,750000,750000,1,2021,2021,20212022,2021-10-12,other
8478864,Kirill Kaprizov,exact,"RW, LW",Minnesota Wild,MIN,Minnesota Wild,MIN,45000000,9000000,5,2021,2021,20212022,2021-09-21,UFA
8479986,Kole Lind,exact,RW,Seattle Kraken,SEA,Vancouver Canucks,VAN,874125,874125,1,2021,2021,20212022,2021-08-06,other
8477335,Kyle Burroughs,exact,"RD, LD",Vancouver Canucks,VAN,Colorado Avalanche,COL,1500000,750000,2,2021,2021,20212022,2021-07-28,UFA
8475151,Kyle Palmieri,exact,"RW, LW, C",New York Islanders,NYI,New Jersey Devils,NJD,20000000,5000000,4,2021,2021,20212022,2021-09-01,UFA
8478967,Lane Pederson,exact,C,San Jose Sharks,SJS,Arizona Coyotes,ARI,1500000,750000,2,2021,2021,20212022,2021-07-28,other
8477070,Liam O'Brien,exact,"RW, LW, C",Colorado Avalanche,COL,Colorado Avalanche,COL,700000,700000,1,2021,2021,20212022,2021-03-30,other
8477070,Liam O'Brien,exact,"RW, LW, C",Arizona Coyotes,ARI,Colorado Avalanche,COL,750000,750000,1,2021,2021,20212022,2021-07-28,UFA
8481186,Logan O'Connor,exact,RW,Colorado Avalanche,COL,Colorado Avalanche,COL,3150000,1050000,3,2021,2021,20212022,2021-09-22,UFA
8482702,Logan Stankoven,exact,"RW, C",Dallas Stars,DAL,NA,NA,2825000,925000,3,2021,2021,20212022,2021-09-28,RFA
8479378,Logan Stanley,exact,"RD, LD",Winnipeg Jets,WPG,Winnipeg Jets,WPG,1800000,900000,2,2021,2021,20212022,2021-08-04,other
8478011,Louie Belpedio,exact,RD,Montreal Canadiens,MTL,Minnesota Wild,MIN,750000,750000,1,2021,2021,20212022,2021-07-28,other
8481806,Louis Crevier,exact,"RD, LD",Chicago Blackhawks,CHI,NA,NA,2775000,925000,3,2021,2021,20212022,2021-11-02,other
8479523,Lucas Carlsson,exact,LD,Florida Panthers,FLA,Chicago Blackhawks,CHI,750000,750000,1,2021,2021,20212022,2021-07-26,other
8482078,Lucas Raymond,exact,"LW, RW",Detroit Red Wings,DET,NA,NA,10275000,3425000,3,2021,2021,20212022,2021-04-16,RFA
8482117,Lukas Reichel,exact,LW,Chicago Blackhawks,CHI,NA,NA,4012500,1337500,3,2021,2021,20212022,2021-06-09,RFA
8481751,Lukas Rousek,exact,RW,Buffalo Sabres,BUF,NA,NA,1660000,830000,2,2021,2021,20212022,2021-04-20,other
8476822,Luke Glendening,exact,C,Dallas Stars,DAL,Detroit Red Wings,DET,3000000,1500000,2,2021,2021,20212022,2021-07-28,UFA
NA,Luke Henman,unmatched,C,Seattle Kraken,SEA,NA,NA,2375000,791667,3,2021,2021,20212022,2021-05-13,other
8479316,Luke Kunin,exact,"C, LW, RW",Nashville Predators,NSH,Nashville Predators,NSH,4600000,2300000,2,2021,2021,20212022,2021-01-06,other
8478224,Luke Philp,exact,C,Calgary Flames,CGY,NA,NA,750000,750000,1,2021,2021,20212022,2021-08-06,other
8474568,Luke Schenn,exact,RD,Vancouver Canucks,VAN,Tampa Bay Lightning,TBL,1700000,850000,2,2021,2021,20212022,2021-07-28,UFA
8480025,MacKenzie Entwistle,exact,"C, RW",Chicago Blackhawks,CHI,Chicago Blackhawks,CHI,1600000,800000,2,2021,2021,20212022,2021-08-18,other
NA,Marc Del Gaizo,unmatched,LD,Nashville Predators,NSH,NA,NA,2775000,925000,3,2021,2021,20212022,2021-04-20,other
8475220,Marcus Foligno,exact,"LW, RW",Minnesota Wild,MIN,Minnesota Wild,MIN,9300000,3100000,3,2021,2021,20212022,2021-01-12,UFA
8475149,Marcus Johansson,exact,"LW, RW",Seattle Kraken,SEA,Minnesota Wild,MIN,1500000,1500000,1,2021,2021,20212022,2021-08-06,UFA
8476873,Mark Jankowski,exact,"C, RW",Buffalo Sabres,BUF,Pittsburgh Penguins,PIT,750000,750000,1,2021,2021,20212022,2021-11-28,UFA
NA,Martin Chromiak,unmatched,RW,Los Angeles Kings,LAK,NA,NA,2540000,838333,3,2021,2021,20212022,2021-09-30,RFA
8477419,Mason Geertsen,exact,LW,New York Rangers,NYR,NA,NA,1450000,725000,2,2021,2021,20212022,2021-03-03,UFA
8478975,Mason Marchment,exact,LW,Florida Panthers,FLA,Florida Panthers,FLA,800000,800000,1,2021,2021,20212022,2021-04-05,UFA
8482745,Mason McTavish,exact,"C, LW",Anaheim Ducks,ANA,NA,NA,10275000,3425000,3,2021,2021,20212022,2021-08-13,RFA
8479972,Mason Shaw,exact,"LW, RW, C",Minnesota Wild,MIN,NA,NA,1500000,750000,2,2021,2021,20212022,2021-08-17,other
8478445,Mathew Barzal,exact,"RW, C, LW",New York Islanders,NYI,New York Islanders,NYI,21000000,7000000,3,2021,2021,20212022,2021-01-09,other
8479671,Mathieu Olivier,exact,"RW, LW",Nashville Predators,NSH,Nashville Predators,NSH,1500000,750000,2,2021,2021,20212022,2021-07-29,other
8481557,Matt Boldy,exact,LW,Minnesota Wild,MIN,NA,NA,3975000,1325000,3,2021,2021,20212022,2021-04-01,RFA
8482641,Matt Kiersted,exact,LD,Florida Panthers,FLA,Florida Panthers,FLA,2700000,1350000,2,2021,2021,20212022,2021-04-01,other
8474709,Matt Martin,exact,"LW, RW",New York Islanders,NYI,New York Islanders,NYI,6000000,1500000,4,2021,2021,20212022,2021-01-11,UFA
8476442,Matt Nieto,exact,LW,San Jose Sharks,SJS,San Jose Sharks,SJS,1700000,850000,2,2021,2021,20212022,2021-06-21,UFA
8482460,Matt Rempe,exact,"RW, LW, C",New York Rangers,NYR,NA,NA,2540000,838333,3,2021,2021,20212022,2021-11-04,RFA
8478911,Matt Roy,exact,RD,Los Angeles Kings,LAK,Los Angeles Kings,LAK,9450000,3150000,3,2021,2021,20212022,2021-03-21,UFA
8475218,Mattias Ekholm,exact,"LD, RD",Nashville Predators,NSH,Nashville Predators,NSH,25000000,6250000,4,2021,2021,20212022,2021-10-13,UFA
8477406,Mattias Janmark,exact,"LW, RW, C",Vegas Golden Knights,VGK,Chicago Blackhawks,CHI,2000000,2000000,1,2021,2021,20212022,2021-07-28,UFA
NA,Matvey Petrov,unmatched,LW,Edmonton Oilers,EDM,NA,NA,2610000,853333,3,2021,2021,20212022,2021-11-11,RFA
8482145,Mavrik Bourque,exact,C,Dallas Stars,DAL,NA,NA,2775000,925000,3,2021,2021,20212022,2021-03-01,RFA
8479368,Max Jones,exact,"LW, RW",Anaheim Ducks,ANA,Anaheim Ducks,ANA,3885000,1295000,3,2021,2021,20212022,2021-08-09,other
8479320,Max Lajoie,first_name_variant,"LD, RD",Carolina Hurricanes,CAR,Carolina Hurricanes,CAR,750000,750000,1,2021,2021,20212022,2021-08-12,other
8476323,Max McCormick,exact,LW,Seattle Kraken,SEA,Carolina Hurricanes,CAR,750000,750000,1,2021,2021,20212022,2021-09-29,UFA
8478051,Max Willman,exact,"LW, C",Philadelphia Flyers,PHI,NA,NA,1500000,750000,2,2021,2021,20212022,2021-03-24,UFA
8481679,Maxence Guenette,exact,RD,Ottawa Senators,OTT,NA,NA,2440000,813333,3,2021,2021,20212022,2021-04-03,RFA
8478020,Michael Amadio,exact,"RW, C",Toronto Maple Leafs,TOR,Los Angeles Kings,LAK,750000,750000,1,2021,2021,20212022,2021-07-28,other
8478047,Michael Bunting,exact,LW,Toronto Maple Leafs,TOR,Arizona Coyotes,ARI,1900000,950000,2,2021,2021,20212022,2021-07-28,UFA
8479619,Michael Carcone,exact,"LW, RW",Arizona Coyotes,ARI,NA,NA,1500000,750000,2,2021,2021,20212022,2021-07-29,UFA
8479591,Michael Eyssimont,exact,"RW, LW, C",Winnipeg Jets,WPG,NA,NA,1500000,750000,2,2021,2021,20212022,2021-07-28,other
8480891,Michael Kesselring,exact,"RD, LD",Edmonton Oilers,EDM,NA,NA,2775000,925000,3,2021,2021,20212022,2021-03-22,other
8477446,Michael McCarron,exact,"C, RW",Nashville Predators,NSH,Nashville Predators,NSH,1500000,750000,2,2021,2021,20212022,2021-07-28,UFA
8479543,Michael Pezzetta,exact,LW,Montreal Canadiens,MTL,NA,NA,750000,750000,1,2021,2021,20212022,2021-08-05,other
8479992,Michael Rasmussen,exact,"LW, RW, C",Detroit Red Wings,DET,Detroit Red Wings,DET,4380000,1460000,3,2021,2021,20212022,2021-07-22,other
8475958,Michael Sgarbossa,exact,"C, RW",Washington Capitals,WSH,Washington Capitals,WSH,1500000,750000,2,2021,2021,20212022,2021-06-17,UFA
8476459,Mika Zibanejad,exact,C,New York Rangers,NYR,New York Rangers,NYR,68000000,8500000,8,2021,2021,20212022,2021-10-10,UFA
8475798,Mikael Granlund,exact,C,Nashville Predators,NSH,Nashville Predators,NSH,20000000,5000000,4,2021,2021,20212022,2021-07-28,UFA
8482635,Mike Hardman,exact,LW,Chicago Blackhawks,CHI,Chicago Blackhawks,CHI,1850000,925000,2,2021,2021,20212022,2021-03-30,other
8482635,Mike Hardman,exact,LW,Chicago Blackhawks,CHI,Chicago Blackhawks,CHI,1600000,800000,2,2021,2021,20212022,2021-08-10,other
8476422,Mike Reilly,exact,"LD, RD",Boston Bruins,BOS,Ottawa Senators,OTT,9000000,3000000,3,2021,2021,20212022,2021-07-27,UFA
8480036,Miro Heiskanen,exact,"LD, RD",Dallas Stars,DAL,Dallas Stars,DAL,67600000,8450000,8,2021,2021,20212022,2021-07-17,UFA
8479987,Morgan Geekie,exact,"C, RW, LW",Carolina Hurricanes,CAR,Carolina Hurricanes,CAR,750000,750000,1,2021,2021,20212022,2021-07-16,other
8476853,Morgan Rielly,exact,LD,Toronto Maple Leafs,TOR,Toronto Maple Leafs,TOR,60000000,7500000,8,2021,2021,20212022,2021-10-29,UFA
NA,Nate Clurman,unmatched,RD,Colorado Avalanche,COL,NA,NA,1850000,925000,2,2021,2021,20212022,2021-04-05,other
8479414,Nathan Bastian,exact,"RW, LW",New Jersey Devils,NJD,New Jersey Devils,NJD,1650000,825000,2,2021,2021,20212022,2021-06-15,other
NA,Nathan Todd,unmatched,C,St. Louis Blues,STL,NA,NA,750000,750000,1,2021,2021,20212022,2021-07-29,other
8477573,Nathan Walker,exact,LW,St. Louis Blues,STL,St. Louis Blues,STL,1500000,750000,2,2021,2021,20212022,2021-07-24,UFA
8480145,Neal Pionk,exact,RD,Winnipeg Jets,WPG,Winnipeg Jets,WPG,23500000,5875000,4,2021,2021,20212022,2021-08-11,UFA
8475343,Nic Dowd,exact,C,Washington Capitals,WSH,Washington Capitals,WSH,3900000,1300000,3,2021,2021,20212022,2021-11-14,UFA
8475760,Nick Bjugstad,exact,C,Minnesota Wild,MIN,Minnesota Wild,MIN,900000,900000,1,2021,2021,20212022,2021-07-05,UFA
8480084,Nick DeSimone,exact,RD,Calgary Flames,CGY,NA,NA,750000,750000,1,2021,2021,20212022,2021-07-28,UFA
8473422,Nick Foligno,exact,"LW, C",Boston Bruins,BOS,Columbus Blue Jackets,CBJ,7600000,3800000,2,2021,2021,20212022,2021-07-28,UFA
8476372,Nick Seeler,exact,"LD, RD",Philadelphia Flyers,PHI,Minnesota Wild,MIN,750000,750000,1,2021,2021,20212022,2021-07-28,UFA
8480018,Nick Suzuki,exact,"C, RW",Montreal Canadiens,MTL,Montréal Canadiens,MTL,63000000,7875000,8,2021,2021,20212022,2021-10-12,UFA
8477507,Nikita Zadorov,exact,"LD, RD",Calgary Flames,CGY,Chicago Blackhawks,CHI,3750000,3750000,1,2021,2021,20212022,2021-08-20,UFA
8480878,Nils Lundkvist,exact,RD,New York Rangers,NYR,NA,NA,5325000,1775000,3,2021,2021,20212022,2021-06-03,other
8479393,Noah Gregor,exact,"RW, LW, C",San Jose Sharks,SJS,San Jose Sharks,SJS,750000,750000,1,2021,2021,20212022,2021-09-13,RFA
8478454,Noah Juulsen,exact,RD,Florida Panthers,FLA,Florida Panthers,FLA,750000,750000,1,2021,2021,20212022,2021-07-26,other
NA,Nolan Allan,unmatched,LD,Chicago Blackhawks,CHI,NA,NA,2825000,925000,3,2021,2021,20212022,2021-09-16,RFA
NA,Ole Julian Bjorgvik-Holm,unmatched,LD,Columbus Blue Jackets,CBJ,NA,NA,2777500,917500,3,2021,2021,20212022,2021-08-16,RFA
8482803,Olen Zellweger,exact,"RD, LD",Anaheim Ducks,ANA,NA,NA,2800000,925000,3,2021,2021,20212022,2021-08-13,RFA
8477416,Oliver Bjorkstrand,exact,RW,Columbus Blue Jackets,CBJ,Columbus Blue Jackets,CBJ,27000000,5400000,5,2021,2021,20212022,2021-01-06,UFA
8478430,Oliver Kylington,exact,LD,Calgary Flames,CGY,Calgary Flames,CGY,750000,750000,1,2021,2021,20212022,2021-08-09,other
8480245,Olle Lycksell,exact,RW,Philadelphia Flyers,PHI,NA,NA,1750000,875000,2,2021,2021,20212022,2021-05-04,other
8480840,Oskar Back,accent_fallback,C,Dallas Stars,DAL,NA,NA,2775000,925000,3,2021,2021,20212022,2021-04-21,other
8482712,Oskar Olausson,exact,RW,Colorado Avalanche,COL,NA,NA,2775000,925000,3,2021,2021,20212022,2021-08-06,RFA
8480448,Parker Kelly,exact,"LW, C, RW",Ottawa Senators,OTT,Ottawa Senators,OTT,1525000,762500,2,2021,2021,20212022,2021-10-12,other
8477887,Patrick Brown,exact,"RW, LW, C",Vegas Golden Knights,VGK,Vegas Golden Knights,VGK,1500000,750000,2,2021,2021,20212022,2021-07-28,UFA
8479339,Patrik Laine,exact,"LW, RW",Columbus Blue Jackets,CBJ,Winnipeg Jets,WPG,7500000,7500000,1,2021,2021,20212022,2021-07-28,other
8477402,Pavel Buchnevich,exact,"LW, C",St. Louis Blues,STL,New York Rangers,NYR,23200000,5800000,4,2021,2021,20212022,2021-07-27,UFA
8481604,Pavel Dorofeyev,exact,LW,Vegas Golden Knights,VGK,NA,NA,2775000,925000,3,2021,2021,20212022,2021-01-25,RFA
8476479,Phillip Danault,exact,C,Los Angeles Kings,LAK,Montréal Canadiens,MTL,33000000,5500000,6,2021,2021,20212022,2021-07-28,UFA
8476858,Phillip Di Giuseppe,exact,LW,Vancouver Canucks,VAN,New York Rangers,NYR,750000,750000,1,2021,2021,20212022,2021-07-28,UFA
8480459,Pius Suter,exact,"LW, C, RW",Detroit Red Wings,DET,Chicago Blackhawks,CHI,6500000,3250000,2,2021,2021,20212022,2021-07-28,UFA
8480995,Pontus Holmberg,exact,"C, RW",Toronto Maple Leafs,TOR,NA,NA,1655000,827500,2,2021,2021,20212022,2021-06-04,other
8480800,Quinn Hughes,exact,LD,Vancouver Canucks,VAN,Vancouver Canucks,VAN,47100000,7850000,6,2021,2021,20212022,2021-10-01,UFA
8481093,Rafael Harvey-Pinard,exact,"C, RW, LW",Montreal Canadiens,MTL,NA,NA,1650000,825000,2,2021,2021,20212022,2021-05-12,other
8479335,Rasmus Asplund,exact,C,Buffalo Sabres,BUF,Buffalo Sabres,BUF,1650000,825000,2,2021,2021,20212022,2021-07-30,other
8480839,Rasmus Dahlin,exact,"LD, RD",Buffalo Sabres,BUF,Buffalo Sabres,BUF,18000000,6000000,3,2021,2021,20212022,2021-09-22,other
8479587,Rhett Gardner,exact,C,Dallas Stars,DAL,Dallas Stars,DAL,1500000,750000,2,2021,2021,20212022,2021-06-24,UFA
8474062,Riley Nash,exact,C,Winnipeg Jets,WPG,Columbus Blue Jackets,CBJ,750000,750000,1,2021,2021,20212022,2021-07-31,UFA
8479388,Riley Stillman,exact,LD,Chicago Blackhawks,CHI,Florida Panthers,FLA,4050000,1350000,3,2021,2021,20212022,2021-04-25,other
8477952,Robby Fabbri,exact,"LW, RW, C",Detroit Red Wings,DET,Detroit Red Wings,DET,12000000,4000000,3,2021,2021,20212022,2021-12-14,UFA
8480023,Robert Thomas,exact,C,St. Louis Blues,STL,St. Louis Blues,STL,5600000,2800000,2,2021,2021,20212022,2021-09-21,other
NA,Roby Jarventie,unmatched,"C, LW",Ottawa Senators,OTT,NA,NA,2775000,925000,3,2021,2021,20212022,2021-04-27,RFA
NA,Roman Schmidt,unmatched,RD,Tampa Bay Lightning,TBL,NA,NA,2825000,925000,3,2021,2021,20212022,2021-12-10,RFA
NA,Ronan Seeley,unmatched,LD,Carolina Hurricanes,CAR,NA,NA,2577500,850833,3,2021,2021,20212022,2021-09-24,RFA
8479525,Ross Colton,exact,C,Tampa Bay Lightning,TBL,Tampa Bay Lightning,TBL,2250000,1125000,2,2021,2021,20212022,2021-08-09,other
8477527,Ross Johnston,exact,"LW, RW",New York Islanders,NYI,New York Islanders,NYI,4400000,1100000,4,2021,2021,20212022,2021-10-26,UFA
8477987,Ryan Donato,exact,"RW, LW, C",Seattle Kraken,SEA,San Jose Sharks,SJS,750000,750000,1,2021,2021,20212022,2021-09-12,other
8477451,Ryan Hartman,exact,"C, RW",Minnesota Wild,MIN,Minnesota Wild,MIN,5100000,1700000,3,2021,2021,20212022,2021-04-22,UFA
8479324,Ryan Lindgren,exact,"LD, RD",New York Rangers,NYR,New York Rangers,NYR,9000000,3000000,3,2021,2021,20212022,2021-05-10,other
8479066,Ryan Lomberg,exact,"LW, RW",Florida Panthers,FLA,Florida Panthers,FLA,1600000,800000,2,2021,2021,20212022,2021-11-25,UFA
8476454,Ryan Nugent-Hopkins,exact,"RW, C",Edmonton Oilers,EDM,Edmonton Oilers,EDM,41000000,5125000,8,2021,2021,20212022,2021-06-29,UFA
NA,Ryan O'Rourke,unmatched,LD,Minnesota Wild,MIN,NA,NA,2775000,925000,3,2021,2021,20212022,2021-05-06,RFA
8480068,Ryan Poehling,exact,C,Montreal Canadiens,MTL,Montréal Canadiens,MTL,1500000,750000,2,2021,2021,20212022,2021-08-27,other
8477506,Ryan Pulock,exact,RD,New York Islanders,NYI,New York Islanders,NYI,49200000,6150000,8,2021,2021,20212022,2021-10-14,UFA
8471817,Ryan Reaves,exact,"RW, LW",New York Rangers,NYR,Vegas Golden Knights,VGK,1750000,1750000,1,2021,2021,20212022,2021-07-31,UFA
8470600,Ryan Suter,exact,"RD, LD",Dallas Stars,DAL,Minnesota Wild,MIN,14600000,3650000,4,2021,2021,20212022,2021-07-28,UFA
8477935,Sam Bennett,exact,C,Florida Panthers,FLA,Calgary Flames,CGY,17700000,4425000,4,2021,2021,20212022,2021-07-26,UFA
8475842,Sam Carrick,exact,C,Anaheim Ducks,ANA,Anaheim Ducks,ANA,750000,750000,1,2021,2021,20212022,2021-07-13,UFA
8477933,Sam Reinhart,exact,"LW, RW, C",Florida Panthers,FLA,Buffalo Sabres,BUF,19500000,6500000,3,2021,2021,20212022,2021-08-11,UFA
8479351,Sam Steel,exact,"LW, RW, C",Anaheim Ducks,ANA,Anaheim Ducks,ANA,874125,874125,1,2021,2021,20212022,2021-08-06,other
NA,Samu Tuomaala,unmatched,RW,Philadelphia Flyers,PHI,NA,NA,2775000,925000,3,2021,2021,20212022,2021-08-14,RFA
8482726,Samuel Helenius,exact,C,Los Angeles Kings,LAK,NA,NA,2825000,925000,3,2021,2021,20212022,2021-08-12,RFA
8482448,Samuel Knazko,exact,LD,Columbus Blue Jackets,CBJ,NA,NA,2800000,925000,3,2021,2021,20212022,2021-06-09,RFA
8481701,Santeri Hatakka,exact,"LD, RD",San Jose Sharks,SJS,NA,NA,2775000,925000,3,2021,2021,20212022,2021-05-10,RFA
NA,Sasha Pastujov,unmatched,RW,Anaheim Ducks,ANA,NA,NA,2825000,925000,3,2021,2021,20212022,2021-08-13,RFA
8476872,Scott Laughton,exact,"C, LW",Philadelphia Flyers,PHI,Philadelphia Flyers,PHI,15000000,3000000,5,2021,2021,20212022,2021-04-12,UFA
8477149,Scott Sabourin,exact,RW,Toronto Maple Leafs,TOR,Toronto Maple Leafs,TOR,700000,700000,1,2021,2021,20212022,2021-02-07,UFA
8477149,Scott Sabourin,exact,RW,Ottawa Senators,OTT,Toronto Maple Leafs,TOR,750000,750000,1,2021,2021,20212022,2021-08-17,UFA
8476461,Sean Couturier,exact,C,Philadelphia Flyers,PHI,Philadelphia Flyers,PHI,62000000,7750000,8,2021,2021,20212022,2021-08-26,UFA
8476374,Sean Kuraly,exact,C,Columbus Blue Jackets,CBJ,Boston Bruins,BOS,10000000,2500000,4,2021,2021,20212022,2021-07-28,UFA
8477495,Seth Jones,exact,RD,Chicago Blackhawks,CHI,Columbus Blue Jackets,CBJ,76000000,9500000,8,2021,2021,20212022,2021-07-23,UFA
8482166,Shakir Mukhamadullin,exact,LD,New Jersey Devils,NJD,NA,NA,3975000,1325000,3,2021,2021,20212022,2021-12-01,RFA
8481596,Shane Pinto,exact,C,Ottawa Senators,OTT,Ottawa Senators,OTT,3975000,1325000,3,2021,2021,20212022,2021-04-01,other
8480326,Sheldon Dries,exact,C,Vancouver Canucks,VAN,Colorado Avalanche,COL,750000,750000,1,2021,2021,20212022,2021-07-28,UFA
NA,Simon Lundmark,unmatched,RD,Winnipeg Jets,WPG,NA,NA,2775000,925000,3,2021,2021,20212022,2021-04-09,RFA
NA,Spencer Smallman,unmatched,RW,Carolina Hurricanes,CAR,NA,NA,750000,750000,1,2021,2021,20212022,2021-07-23,other
8482711,Stanislav Svozil,exact,LD,Columbus Blue Jackets,CBJ,NA,NA,2825000,925000,3,2021,2021,20212022,2021-08-13,RFA
8476474,Stefan Noesen,exact,RW,Carolina Hurricanes,CAR,San Jose Sharks,SJS,750000,750000,1,2021,2021,20212022,2021-08-01,UFA
8477463,Steven Santini,exact,RD,St. Louis Blues,STL,St. Louis Blues,STL,1500000,750000,2,2021,2021,20212022,2021-05-04,UFA
8476391,T.J. Tynan,exact,C,Los Angeles Kings,LAK,Colorado Avalanche,COL,750000,750000,1,2021,2021,20212022,2021-07-28,UFA
NA,Tanner Dickinson,unmatched,C,St. Louis Blues,STL,NA,NA,2725000,900000,3,2021,2021,20212022,2021-08-31,RFA
8479661,Tanner Jeannot,exact,"LW, C, RW",Nashville Predators,NSH,Nashville Predators,NSH,1600000,800000,2,2021,2021,20212022,2021-07-30,other
8476871,Tanner Pearson,exact,"LW, RW",Vancouver Canucks,VAN,Vancouver Canucks,VAN,9750000,3250000,3,2021,2021,20212022,2021-04-08,UFA
8475791,Taylor Hall,exact,LW,Boston Bruins,BOS,Buffalo Sabres,BUF,24000000,6000000,4,2021,2021,20212022,2021-07-23,UFA
8479390,Taylor Raddysh,exact,RW,Tampa Bay Lightning,TBL,NA,NA,2275000,758333,3,2021,2021,20212022,2021-07-30,other
8476927,Teddy Blueger,exact,C,Pittsburgh Penguins,PIT,Pittsburgh Penguins,PIT,4400000,2200000,2,2021,2021,20212022,2021-07-14,UFA
8479364,Tim Gettinger,exact,LW,New York Rangers,NYR,New York Rangers,NYR,750000,750000,1,2021,2021,20212022,2021-08-05,other
8477931,Tomas Nosek,exact,"C, LW",Boston Bruins,BOS,Vegas Golden Knights,VGK,3500000,1750000,2,2021,2021,20212022,2021-07-28,UFA
8475193,Tomas Tatar,exact,"RW, LW",New Jersey Devils,NJD,Montréal Canadiens,MTL,9000000,4500000,2,2021,2021,20212022,2021-08-05,UFA
8477950,Tony DeAngelo,exact,"RD, LD",Carolina Hurricanes,CAR,New York Rangers,NYR,1000000,1000000,1,2021,2021,20212022,2021-07-28,other
8476329,Travis Boyd,exact,"RW, C",Arizona Coyotes,ARI,Toronto Maple Leafs,TOR,750000,750000,1,2021,2021,20212022,2021-08-03,UFA
8478408,Travis Dermott,exact,"LD, RD",Toronto Maple Leafs,TOR,Toronto Maple Leafs,TOR,3000000,1500000,2,2021,2021,20212022,2021-07-08,other
8474612,Travis Hamonic,exact,RD,Vancouver Canucks,VAN,Vancouver Canucks,VAN,1250000,1250000,1,2021,2021,20212022,2021-01-12,UFA
8474612,Travis Hamonic,exact,RD,Vancouver Canucks,VAN,Vancouver Canucks,VAN,6000000,3000000,2,2021,2021,20212022,2021-07-28,UFA
8477948,Travis Sanheim,exact,"RD, LD",Philadelphia Flyers,PHI,Philadelphia Flyers,PHI,9350000,4675000,2,2021,2021,20212022,2021-08-21,UFA
8479365,Trent Frederic,exact,"RW, C",Boston Bruins,BOS,Boston Bruins,BOS,2100000,1050000,2,2021,2021,20212022,2021-06-25,other
8473453,Trevor Lewis,exact,"C, RW, LW",Winnipeg Jets,WPG,Winnipeg Jets,WPG,750000,750000,1,2021,2021,20212022,2021-01-13,UFA
8473453,Trevor Lewis,exact,"C, RW, LW",Calgary Flames,CGY,Winnipeg Jets,WPG,800000,800000,1,2021,2021,20212022,2021-07-28,UFA
8479675,Trevor Moore,exact,LW,Los Angeles Kings,LAK,Los Angeles Kings,LAK,3750000,1875000,2,2021,2021,20212022,2021-07-24,UFA
8477845,Trevor van Riemsdyk,exact,"RD, LD",Washington Capitals,WSH,Washington Capitals,WSH,1900000,950000,2,2021,2021,20212022,2021-03-21,UFA
8477359,Tucker Poolman,exact,RD,Vancouver Canucks,VAN,Winnipeg Jets,WPG,10000000,2500000,4,2021,2021,20212022,2021-07-28,UFA
8480834,Ty Emberson,exact,RD,Arizona Coyotes,ARI,NA,NA,2775000,925000,3,2021,2021,20212022,2021-04-07,other
NA,Ty Voit,unmatched,LW,Toronto Maple Leafs,TOR,NA,NA,2555000,835000,3,2021,2021,20212022,2021-12-20,RFA
8481740,Tyce Thompson,exact,RW,New Jersey Devils,NJD,New Jersey Devils,NJD,2250000,1125000,2,2021,2021,20212022,2021-03-24,other
8477479,Tyler Bertuzzi,exact,LW,Detroit Red Wings,DET,Detroit Red Wings,DET,9500000,4750000,2,2021,2021,20212022,2021-07-31,UFA
8482674,Tyler Boucher,exact,RW,Ottawa Senators,OTT,NA,NA,4975000,1658333,3,2021,2021,20212022,2021-12-28,RFA
NA,Tyler Tullio,unmatched,RW,Edmonton Oilers,EDM,NA,NA,2585000,853333,3,2021,2021,20212022,2021-09-06,RFA
8475197,Tyson Barrie,exact,"RD, LD",Edmonton Oilers,EDM,Edmonton Oilers,EDM,13500000,4500000,3,2021,2021,20212022,2021-07-28,UFA
8479370,Tyson Jost,exact,"C, RW, LW",Colorado Avalanche,COL,Colorado Avalanche,COL,4000000,2000000,2,2021,2021,20212022,2021-07-30,other
8481703,Valtteri Puustinen,exact,"RW, LW",Pittsburgh Penguins,PIT,NA,NA,1850000,925000,2,2021,2021,20212022,2021-05-06,other
8481617,Vasily Podkolzin,exact,"RW, LW",Vancouver Canucks,VAN,NA,NA,5325000,1775000,3,2021,2021,20212022,2021-05-30,RFA
NA,Ville Koivunen,unmatched,RW,Carolina Hurricanes,CAR,NA,NA,2825000,925000,3,2021,2021,20212022,2021-08-15,RFA
8478407,Vince Dunn,exact,"LD, RD",Seattle Kraken,SEA,St. Louis Blues,STL,8000000,4000000,2,2021,2021,20212022,2021-08-06,other
8482861,Vincent Iorio,exact,RD,Washington Capitals,WSH,NA,NA,2775000,925000,3,2021,2021,20212022,2021-10-04,RFA
8479968,Vinni Lettieri,exact,"RW, LW, C",Anaheim Ducks,ANA,Anaheim Ducks,ANA,750000,750000,1,2021,2021,20212022,2021-07-13,UFA
8476994,Vinnie Hinostroza,exact,"RW, C",Buffalo Sabres,BUF,Florida Panthers,FLA,1050000,1050000,1,2021,2021,20212022,2021-07-28,UFA
8482652,Walker Duehr,exact,"RW, C",Calgary Flames,CGY,NA,NA,1655000,827500,2,2021,2021,20212022,2021-04-11,other
8477998,Warren Foegele,exact,"LW, RW",Edmonton Oilers,EDM,Carolina Hurricanes,CAR,8250000,2750000,3,2021,2021,20212022,2021-07-31,UFA
8478840,Will Borgen,exact,RD,Seattle Kraken,SEA,Buffalo Sabres,BUF,1800000,900000,2,2021,2021,20212022,2021-08-05,other
8482157,Will Cuylle,exact,"LW, RW",New York Rangers,NYR,NA,NA,2800000,925000,3,2021,2021,20212022,2021-04-19,RFA
8482667,William Eklund,exact,"LW, RW, C",San Jose Sharks,SJS,NA,NA,5325000,1775000,3,2021,2021,20212022,2021-08-14,RFA
8482174,William Villeneuve,exact,RD,Toronto Maple Leafs,TOR,NA,NA,2530000,835000,3,2021,2021,20212022,2021-09-25,RFA
8482740,Wyatt Johnston,exact,"C, RW, LW",Dallas Stars,DAL,NA,NA,3093750,1031250,3,2021,2021,20212022,2021-09-28,RFA
NA,Yan Kuznetsov,unmatched,"RD, LD",Calgary Flames,CGY,NA,NA,2775000,925000,3,2021,2021,20212022,2021-03-30,RFA
8482475,Yegor Chinakhov,exact,"LW, RW",Columbus Blue Jackets,CBJ,NA,NA,3975000,1325000,3,2021,2021,20212022,2021-05-03,other
8481068,Yegor Sharangovich,exact,"RW, C, LW",New Jersey Devils,NJD,New Jersey Devils,NJD,4000000,2000000,2,2021,2021,20212022,2021-08-05,other
8474610,Zac Dalpe,exact,C,Florida Panthers,FLA,Columbus Blue Jackets,CBJ,1500000,750000,2,2021,2021,20212022,2021-07-30,UFA
8481708,Zac Jones,exact,"LD, RD",New York Rangers,NYR,New York Rangers,NYR,2775000,925000,3,2021,2021,20212022,2021-04-13,RFA
8479944,Zach Aston-Reese,first_name_variant,C,Pittsburgh Penguins,PIT,Pittsburgh Penguins,PIT,1725000,1725000,1,2021,2021,20212022,2021-08-05,UFA
8474567,Zach Bogosian,exact,RD,Tampa Bay Lightning,TBL,Toronto Maple Leafs,TOR,2550000,850000,3,2021,2021,20212022,2021-07-28,UFA
NA,Zach Dean,unmatched,C,Vegas Golden Knights,VGK,NA,NA,2775000,925000,3,2021,2021,20212022,2021-12-02,RFA
8475786,Zach Hyman,exact,"LW, RW",Edmonton Oilers,EDM,Toronto Maple Leafs,TOR,38500000,5500000,7,2021,2021,20212022,2021-07-28,UFA
8478460,Zach Werenski,exact,LD,Columbus Blue Jackets,CBJ,Columbus Blue Jackets,CBJ,57500000,9583333,6,2021,2021,20212022,2021-07-29,UFA
8480727,Zach Whitecloud,exact,RD,Vegas Golden Knights,VGK,Vegas Golden Knights,VGK,16500000,2750000,6,2021,2021,20212022,2021-10-28,UFA
8482742,Zachary L'Heureux,exact,LW,Nashville Predators,NSH,NA,NA,2775000,925000,3,2021,2021,20212022,2021-07-28,RFA
8477482,Zachary Sanford,exact,"C, LW",St. Louis Blues,STL,St. Louis Blues,STL,2000000,2000000,1,2021,2021,20212022,2021-08-04,UFA
8482737,Zack Bolduc,exact,"RW, LW, C",St. Louis Blues,STL,NA,NA,4012500,1337500,3,2021,2021,20212022,2021-08-24,RFA
NA,Zack Ostapchuk,unmatched,C,Ottawa Senators,OTT,NA,NA,2825000,925000,3,2021,2021,20212022,2021-09-29,RFA
8478421,A.J. Greer,exact,LW,Boston Bruins,BOS,New Jersey Devils,NJD,1525000,762500,2,2022,2022,20222023,2022-07-13,UFA
8480871,Adam Boqvist,exact,"RD, LD",Columbus Blue Jackets,CBJ,Columbus Blue Jackets,CBJ,7800000,2600000,3,2022,2022,20222023,2022-07-06,UFA
8481726,Adam Edstrom,exact,"RW, C",New York Rangers,NYR,NA,NA,2540000,846667,3,2022,2022,20222023,2022-05-07,other
8478874,Adam Gaudette,exact,RW,Toronto Maple Leafs,TOR,Chicago Blackhawks,CHI,750000,750000,1,2022,2022,20222023,2022-07-13,other
8480874,Adam Ginning,exact,"LD, RD",Philadelphia Flyers,PHI,NA,NA,1850000,925000,2,2022,2022,20222023,2022-05-17,other
NA,Adam Klapka,unmatched,RW,Calgary Flames,CGY,NA,NA,1665000,832500,2,2022,2022,20222023,2022-05-16,other
NA,Adam Sykora,unmatched,LW,New York Rangers,NYR,NA,NA,2850000,950000,3,2022,2022,20222023,2022-07-15,RFA
8482482,Adam Wilsby,exact,LD,Nashville Predators,NSH,NA,NA,1685000,842500,2,2022,2022,20222023,2022-04-13,other
8477960,Adrian Kempe,exact,"LW, RW",Los Angeles Kings,LAK,Los Angeles Kings,LAK,22000000,5500000,4,2022,2022,20222023,2022-07-08,UFA
NA,Aleksandr Kisakov,unmatched,LW,Buffalo Sabres,BUF,NA,NA,2775000,925000,3,2022,2022,20222023,2022-05-11,RFA
8475968,Alex Belzile,exact,RW,Montreal Canadiens,MTL,Montréal Canadiens,MTL,750000,750000,1,2022,2022,20222023,2022-07-13,UFA
NA,Alex Limoges,unmatched,C,Winnipeg Jets,WPG,NA,NA,780000,780000,1,2022,2022,20222023,2022-07-14,other
8481568,Alex Vlasic,exact,"LD, RD",Chicago Blackhawks,CHI,Chicago Blackhawks,CHI,4475000,1491667,3,2022,2022,20222023,2022-03-15,other
8479423,Alexander Nylander,first_name_variant,"LW, RW",Pittsburgh Penguins,PIT,Chicago Blackhawks,CHI,750000,750000,1,2022,2022,20222023,2022-07-11,other
NA,Alexander Pashin,unmatched,RW,Carolina Hurricanes,CAR,NA,NA,2480000,826667,3,2022,2022,20222023,2022-05-02,other
8475755,Alexander Petrovic,exact,RD,Dallas Stars,DAL,Florida Panthers,FLA,750000,750000,1,2022,2022,20222023,2022-06-07,UFA
8481014,Alexander Romanov,exact,LD,New York Islanders,NYI,Montréal Canadiens,MTL,7500000,2500000,3,2022,2022,20222023,2022-08-22,other
NA,Alexander Suzdalev,unmatched,LW,Washington Capitals,WSH,NA,NA,2850000,950000,3,2022,2022,20222023,2022-07-15,RFA
8480281,Alexey Toropchenko,exact,"RW, LW",St. Louis Blues,STL,St. Louis Blues,STL,750000,750000,1,2022,2022,20222023,2022-02-09,other
NA,Amadeus Lombardi,unmatched,C,Detroit Red Wings,DET,NA,NA,2875000,950000,3,2022,2022,20222023,2022-12-23,RFA
8477444,Andre Burakovsky,exact,"LW, RW",Seattle Kraken,SEA,Colorado Avalanche,COL,27500000,5500000,5,2022,2022,20222023,2022-07-13,UFA
NA,Andre Lee,unmatched,LW,Los Angeles Kings,LAK,NA,NA,1850000,925000,2,2022,2022,20222023,2022-03-29,other
8476960,Andreas Athanasiou,exact,"C, RW",Chicago Blackhawks,CHI,Los Angeles Kings,LAK,3000000,3000000,1,2022,2022,20222023,2022-07-13,UFA
8477971,Andreas Englund,exact,LD,Colorado Avalanche,COL,Ottawa Senators,OTT,750000,750000,1,2022,2022,20222023,2022-07-13,UFA
8483808,Andrei Kuzmenko,exact,"LW, RW",Vancouver Canucks,VAN,NA,NA,1800000,1800000,1,2022,2022,20222023,2022-07-13,UFA
8475461,Andrew Agozzino,exact,LW,San Jose Sharks,SJS,Ottawa Senators,OTT,1550000,775000,2,2022,2022,20222023,2022-07-14,UFA
8477429,Andrew Copp,exact,"C, RW",Detroit Red Wings,DET,Winnipeg Jets,WPG,28125000,5625000,5,2022,2022,20222023,2022-07-13,UFA
8478233,Andrew Mangiapane,exact,LW,Calgary Flames,CGY,Calgary Flames,CGY,17400000,5800000,3,2022,2022,20222023,2022-08-02,UFA
8479369,Andrew Peeke,exact,"RD, LD",Columbus Blue Jackets,CBJ,Columbus Blue Jackets,CBJ,8250000,2750000,3,2022,2022,20222023,2022-09-28,UFA
8479249,Andrew Poturalski,exact,C,Seattle Kraken,SEA,Carolina Hurricanes,CAR,1525000,762500,2,2022,2022,20222023,2022-07-13,UFA
8478074,Anthony Angello,exact,C,St. Louis Blues,STL,Pittsburgh Penguins,PIT,750000,750000,1,2022,2022,20222023,2022-07-14,UFA
8478519,Anthony Cirelli,exact,"C, RW",Tampa Bay Lightning,TBL,Tampa Bay Lightning,TBL,50000000,6250000,8,2022,2022,20222023,2022-07-13,UFA
8478409,Anthony Richard,exact,"RW, LW, C",Montreal Canadiens,MTL,Nashville Predators,NSH,750000,750000,1,2022,2022,20222023,2022-07-13,other
8477320,Anton Blidh,exact,LW,Colorado Avalanche,COL,Boston Bruins,BOS,750000,750000,1,2022,2022,20222023,2022-08-03,UFA
NA,Antonio Stranges,unmatched,LW,Dallas Stars,DAL,NA,NA,2680000,893333,3,2022,2022,20222023,2022-03-01,RFA
NA,Anttoni Honka,unmatched,RD,Carolina Hurricanes,CAR,NA,NA,2525000,841667,3,2022,2022,20222023,2022-08-17,RFA
NA,Arshdeep Bains,unmatched,LW,Vancouver Canucks,VAN,NA,NA,2450000,816667,3,2022,2022,20222023,2022-03-11,other
8482245,Artem Zub,exact,RD,Ottawa Senators,OTT,Ottawa Senators,OTT,18400000,4600000,4,2022,2022,20222023,2022-12-21,UFA
8477476,Artturi Lehkonen,exact,"LW, RW",Colorado Avalanche,COL,Montréal Canadiens,MTL,22500000,4500000,5,2022,2022,20222023,2022-07-13,UFA
8480849,Barrett Hayton,exact,"C, LW",Arizona Coyotes,ARI,Arizona Coyotes,ARI,3550000,1775000,2,2022,2022,20222023,2022-09-20,other
8479359,Beck Malenstyn,exact,LW,Washington Capitals,WSH,Washington Capitals,WSH,1525000,762500,2,2022,2022,20222023,2022-06-20,other
8475279,Ben Chiarot,exact,"LD, RD",Detroit Red Wings,DET,Montréal Canadiens,MTL,19000000,4750000,4,2022,2022,20222023,2022-07-13,UFA
8479416,Ben Gleason,exact,LD,Dallas Stars,DAL,Dallas Stars,DAL,750000,750000,1,2022,2022,20222023,2022-07-29,other
8477433,Ben Harpur,exact,LD,New York Rangers,NYR,Nashville Predators,NSH,750000,750000,1,2022,2022,20222023,2022-10-27,UFA
8477018,Ben Hutton,exact,"LD, RD",Vegas Golden Knights,VGK,Vegas Golden Knights,VGK,1700000,850000,2,2022,2022,20222023,2022-03-05,UFA
8480259,Ben Jones,exact,C,Calgary Flames,CGY,Vegas Golden Knights,VGK,750000,750000,1,2022,2022,20222023,2022-07-16,other
8483570,Ben Meyers,exact,"LW, C",Colorado Avalanche,COL,Colorado Avalanche,COL,2062500,1031250,2,2022,2022,20222023,2022-04-13,other
NA,Bennett MacArthur,unmatched,LW,Tampa Bay Lightning,TBL,NA,NA,2775000,925000,3,2022,2022,20222023,2022-03-01,other
8482399,Billy Sweezey,exact,RD,Columbus Blue Jackets,CBJ,NA,NA,1525000,762500,2,2022,2022,20222023,2022-03-07,UFA
8481481,Blake Lizotte,exact,"LW, RW, C",Los Angeles Kings,LAK,Los Angeles Kings,LAK,3350000,1675000,2,2022,2022,20222023,2022-03-21,other
8481553,Bobby Brink,exact,RW,Philadelphia Flyers,PHI,Philadelphia Flyers,PHI,3412500,1137500,3,2022,2022,20222023,2022-04-10,other
8482259,Bobby McMann,exact,"LW, RW, C",Toronto Maple Leafs,TOR,NA,NA,1525000,762500,2,2022,2022,20222023,2022-04-29,UFA
NA,Bogdan Trineyev,unmatched,RW,Washington Capitals,WSH,NA,NA,2775000,925000,3,2022,2022,20222023,2022-05-03,RFA
8478147,Bokondji Imama,exact,LW,Arizona Coyotes,ARI,Arizona Coyotes,ARI,750000,750000,1,2022,2022,20222023,2022-07-13,other
NA,Brad Lambert,unmatched,C,Winnipeg Jets,WPG,NA,NA,3600000,1200000,3,2022,2022,20222023,2022-10-12,RFA
8482061,Brandon Biro,exact,LW,Buffalo Sabres,BUF,Buffalo Sabres,BUF,1525000,762500,2,2022,2022,20222023,2022-07-08,other
NA,Brandon Scanlin,unmatched,LD,New York Rangers,NYR,NA,NA,1850000,925000,2,2022,2022,20222023,2022-03-19,other
8475188,Brayden McNabb,exact,"RD, LD",Vegas Golden Knights,VGK,Vegas Golden Knights,VGK,8550000,2850000,3,2022,2022,20222023,2022-01-30,UFA
8481167,Brayden Pachal,exact,RD,Vegas Golden Knights,VGK,Vegas Golden Knights,VGK,750000,750000,1,2022,2022,20222023,2022-07-28,other
NA,Brendan Brisson,unmatched,"LW, RW, C",Vegas Golden Knights,VGK,NA,NA,2775000,925000,3,2022,2022,20222023,2022-04-30,RFA
8476867,Brendan Gaunce,exact,"C, RW",Columbus Blue Jackets,CBJ,Columbus Blue Jackets,CBJ,1525000,762500,2,2022,2022,20222023,2022-06-18,UFA
8474090,Brendan Smith,exact,"LD, RD",New Jersey Devils,NJD,Carolina Hurricanes,CAR,2200000,1100000,2,2022,2022,20222023,2022-07-13,UFA
NA,Brett Harrison,unmatched,C,Boston Bruins,BOS,NA,NA,2800000,925000,3,2022,2022,20222023,2022-08-01,RFA
8479353,Brett Howden,exact,"LW, C",Vegas Golden Knights,VGK,Vegas Golden Knights,VGK,1500000,1500000,1,2022,2022,20222023,2022-07-13,other
8476967,Brett Kulak,exact,"LD, RD",Edmonton Oilers,EDM,Montréal Canadiens,MTL,11000000,2750000,4,2022,2022,20222023,2022-07-13,UFA
8481517,Brett Leason,exact,"RW, LW",Washington Capitals,WSH,Washington Capitals,WSH,1550000,775000,2,2022,2022,20222023,2022-06-20,other
8479419,Brett Murray,exact,LW,Buffalo Sabres,BUF,Buffalo Sabres,BUF,750000,750000,1,2022,2022,20222023,2022-07-18,other
8478881,Brett Seney,exact,LW,Chicago Blackhawks,CHI,Toronto Maple Leafs,TOR,750000,750000,1,2022,2022,20222023,2022-07-13,UFA
8483531,Brian Halonen,exact,LW,New Jersey Devils,NJD,NA,NA,1850000,925000,2,2022,2022,20222023,2022-03-27,other
8478444,Brock Boeser,exact,RW,Vancouver Canucks,VAN,Vancouver Canucks,VAN,19950000,6650000,3,2022,2022,20222023,2022-07-01,UFA
8481479,Brogan Rafferty,exact,RD,Seattle Kraken,SEA,Vancouver Canucks,VAN,750000,750000,1,2022,2022,20222023,2022-07-13,UFA
8475810,Bryan Rust,exact,"RW, LW",Pittsburgh Penguins,PIT,Pittsburgh Penguins,PIT,30750000,5125000,6,2022,2022,20222023,2022-05-21,UFA
8479985,Cale Fleury,exact,RD,Seattle Kraken,SEA,Seattle Kraken,SEA,750000,750000,1,2022,2022,20222023,2022-08-30,other
8478452,Caleb Jones,exact,"RD, LD",Chicago Blackhawks,CHI,Chicago Blackhawks,CHI,1350000,1350000,1,2022,2022,20222023,2022-08-12,other
8482250,Callahan Burke,exact,C,Colorado Avalanche,COL,NA,NA,750000,750000,1,2022,2022,20222023,2022-07-19,other
8475714,Calle Jarnkrok,exact,"RW, LW, C",Toronto Maple Leafs,TOR,Seattle Kraken,SEA,8400000,2100000,4,2022,2022,20222023,2022-07-15,UFA
NA,Calle Odelius,unmatched,LD,New York Islanders,NYI,NA,NA,2875000,950000,3,2022,2022,20222023,2022-07-15,RFA
8480157,Calle Rosen,exact,"RD, LD",St. Louis Blues,STL,St. Louis Blues,STL,1525000,762500,2,2022,2022,20222023,2022-06-01,UFA
8475177,Calvin de Haan,exact,"LD, RD",Carolina Hurricanes,CAR,Chicago Blackhawks,CHI,850000,850000,1,2022,2022,20222023,2022-10-01,UFA
8479341,Cam Dineen,exact,LD,Arizona Coyotes,ARI,Arizona Coyotes,ARI,750000,750000,1,2022,2022,20222023,2022-07-11,other
8478888,Cameron Hughes,exact,C,Seattle Kraken,SEA,Boston Bruins,BOS,1525000,762500,2,2022,2022,20222023,2022-07-14,UFA
8479336,Carl Grundstrom,exact,RW,Los Angeles Kings,LAK,Los Angeles Kings,LAK,2600000,1300000,2,2022,2022,20222023,2022-07-11,other
8480292,Carson Meyer,exact,"LW, RW",Columbus Blue Jackets,CBJ,Columbus Blue Jackets,CBJ,750000,750000,1,2022,2022,20222023,2022-07-02,other
8477244,Chad Ruhwedel,exact,RD,Pittsburgh Penguins,PIT,Pittsburgh Penguins,PIT,1600000,800000,2,2022,2022,20222023,2022-02-19,UFA
8479597,Chase Priskie,exact,RD,Buffalo Sabres,BUF,Florida Panthers,FLA,800000,800000,1,2022,2022,20222023,2022-07-13,UFA
NA,Chaz Lucius,unmatched,C,Winnipeg Jets,WPG,NA,NA,3975000,1325000,3,2022,2022,20222023,2022-04-27,RFA
8478432,Christian Fischer,exact,"RW, C",Arizona Coyotes,ARI,Arizona Coyotes,ARI,1125875,1125875,1,2022,2022,20222023,2022-07-11,other
8478846,Christian Wolanin,exact,LD,Vancouver Canucks,VAN,Buffalo Sabres,BUF,750000,750000,1,2022,2022,20222023,2022-07-14,UFA
8478056,Clark Bishop,exact,C,Calgary Flames,CGY,Ottawa Senators,OTT,750000,750000,1,2022,2022,20222023,2022-07-13,UFA
8473512,Claude Giroux,exact,"C, RW",Ottawa Senators,OTT,Philadelphia Flyers,PHI,19500000,6500000,3,2022,2022,20222023,2022-07-13,UFA
8479996,Cody Glass,exact,"RW, LW, C",Nashville Predators,NSH,Nashville Predators,NSH,874125,874125,1,2022,2022,20222023,2022-06-24,other
8480252,Cole Guttman,exact,"RW, C, LW",Chicago Blackhawks,CHI,NA,NA,1900000,950000,2,2022,2022,20222023,2022-08-18,other
8482062,Cole Smith,exact,"LW, RW",Nashville Predators,NSH,Nashville Predators,NSH,750000,750000,1,2022,2022,20222023,2022-07-14,UFA
8476278,Colin Blackwell,exact,"LW, RW, C",Chicago Blackhawks,CHI,Seattle Kraken,SEA,2400000,1200000,2,2022,2022,20222023,2022-07-13,UFA
8476525,Colin Miller,exact,RD,Dallas Stars,DAL,Buffalo Sabres,BUF,3700000,1850000,2,2022,2022,20222023,2022-07-13,UFA
8478400,Colin White,exact,"RW, LW, C",Florida Panthers,FLA,Ottawa Senators,OTT,1200000,1200000,1,2022,2022,20222023,2022-07-13,other
8478841,Colton White,exact,LD,Anaheim Ducks,ANA,New Jersey Devils,NJD,1525000,762500,2,2022,2022,20222023,2022-07-14,UFA
8476941,Connor Carrick,exact,RD,Boston Bruins,BOS,New Jersey Devils,NJD,750000,750000,1,2022,2022,20222023,2022-07-13,UFA
8480980,Connor Dewar,exact,C,Minnesota Wild,MIN,Minnesota Wild,MIN,1600000,800000,2,2022,2022,20222023,2022-06-22,other
NA,Conor Geekie,unmatched,C,Arizona Coyotes,ARI,NA,NA,5150000,1716667,3,2022,2022,20222023,2022-07-18,RFA
NA,Corey Andonovski,unmatched,RW,Pittsburgh Penguins,PIT,NA,NA,1850000,925000,2,2022,2022,20222023,2022-03-10,other
8481461,Corey Schueneman,exact,"LD, RD",Montreal Canadiens,MTL,Montréal Canadiens,MTL,750000,750000,1,2022,2022,20222023,2022-07-11,UFA
NA,Cross Hanas,unmatched,LW,Detroit Red Wings,DET,NA,NA,2775000,925000,3,2022,2022,20222023,2022-03-16,RFA
NA,Curtis Douglas,unmatched,C,Toronto Maple Leafs,TOR,NA,NA,1675000,837500,2,2022,2022,20222023,2022-03-22,other
8477508,Curtis Lazar,exact,"LW, C, RW",Vancouver Canucks,VAN,Boston Bruins,BOS,3000000,1000000,3,2022,2022,20222023,2022-07-13,UFA
8478057,Dakota Joshua,exact,"LW, RW, C",Vancouver Canucks,VAN,St. Louis Blues,STL,1650000,825000,2,2022,2022,20222023,2022-07-13,UFA
8478466,Daniel Sprong,exact,RW,Seattle Kraken,SEA,Washington Capitals,WSH,750000,750000,1,2022,2022,20222023,2022-10-03,other
8482624,Daniil Miromanov,exact,RD,Vegas Golden Knights,VGK,Vegas Golden Knights,VGK,1525000,762500,2,2022,2022,20222023,2022-06-21,other
NA,Danil Zhilkin,unmatched,C,Winnipeg Jets,WPG,NA,NA,2740000,913333,3,2022,2022,20222023,2022-12-30,RFA
8478046,Danton Heinen,exact,"LW, RW",Pittsburgh Penguins,PIT,Pittsburgh Penguins,PIT,1000000,1000000,1,2022,2022,20222023,2022-07-27,UFA
8478178,Darren Raddysh,exact,"RD, LD",Tampa Bay Lightning,TBL,Tampa Bay Lightning,TBL,1525000,762500,2,2022,2022,20222023,2022-06-29,UFA
8481019,David Gustafsson,exact,"RW, C, LW",Winnipeg Jets,WPG,Winnipeg Jets,WPG,1550000,775000,2,2022,2022,20222023,2022-08-10,other
8483460,David Jiricek,exact,RD,Columbus Blue Jackets,CBJ,NA,NA,5850000,1950000,3,2022,2022,20222023,2022-07-13,RFA
8474102,David Perron,exact,"LW, RW",Detroit Red Wings,DET,St. Louis Blues,STL,9500000,4750000,2,2022,2022,20222023,2022-07-13,UFA
NA,Declan Carlile,unmatched,LD,Tampa Bay Lightning,TBL,NA,NA,1850000,925000,2,2022,2022,20222023,2022-03-16,other
8479395,Dennis Cholowski,exact,LD,New York Islanders,NYI,Washington Capitals,WSH,1525000,762500,2,2022,2022,20222023,2022-08-23,other
8478502,Dennis Gilbert,exact,"LD, RD",Calgary Flames,CGY,Colorado Avalanche,COL,1525000,762500,2,2022,2022,20222023,2022-07-13,UFA
NA,Denton Mateychuk,unmatched,LD,Columbus Blue Jackets,CBJ,NA,NA,5100000,1700000,3,2022,2022,20222023,2022-07-13,RFA
8476884,Derrick Pouliot,exact,"LD, RD",Vegas Golden Knights,VGK,Vegas Golden Knights,VGK,750000,750000,1,2022,2022,20222023,2022-03-17,UFA
8479465,Drake Caggiula,exact,LW,Pittsburgh Penguins,PIT,Buffalo Sabres,BUF,750000,750000,1,2022,2022,20222023,2022-07-13,UFA
8481563,Drew Helleson,exact,RD,Anaheim Ducks,ANA,NA,NA,2775000,925000,3,2022,2022,20222023,2022-03-15,other
8482055,Drew O'Connor,exact,"LW, RW",Pittsburgh Penguins,PIT,Pittsburgh Penguins,PIT,750000,750000,1,2022,2022,20222023,2022-03-12,other
8479580,Dylan Gambrell,exact,C,Ottawa Senators,OTT,Ottawa Senators,OTT,950000,950000,1,2022,2022,20222023,2022-06-15,other
8478440,Dylan Strome,exact,C,Washington Capitals,WSH,Chicago Blackhawks,CHI,3500000,3500000,1,2022,2022,20222023,2022-07-14,other
8478062,Dysin Mayo,exact,RD,Arizona Coyotes,ARI,Arizona Coyotes,ARI,2850000,950000,3,2022,2022,20222023,2022-02-25,UFA
8480185,Eetu Luostarinen,exact,"LW, RW, C",Florida Panthers,FLA,Florida Panthers,FLA,3000000,1500000,2,2022,2022,20222023,2022-07-08,other
8483510,Elias Salomonsson,exact,RD,Winnipeg Jets,WPG,NA,NA,2875000,950000,3,2022,2022,20222023,2022-07-15,RFA
8481725,Elmer Soderblom,exact,LW,Detroit Red Wings,DET,NA,NA,2775000,925000,3,2022,2022,20222023,2022-06-09,other
8480205,Emil Bemstrom,exact,"LW, RW, C",Columbus Blue Jackets,CBJ,Columbus Blue Jackets,CBJ,1800000,900000,2,2022,2022,20222023,2022-08-03,other
8482476,Emil Heineman,exact,LW,Montreal Canadiens,MTL,NA,NA,2775000,925000,3,2022,2022,20222023,2022-04-04,RFA
8480073,Erik Brannstrom,exact,"LD, RD, LW",Ottawa Senators,OTT,Ottawa Senators,OTT,900000,900000,1,2022,2022,20222023,2022-09-05,other
8478416,Erik Cernak,exact,"RD, LD",Tampa Bay Lightning,TBL,Tampa Bay Lightning,TBL,41600000,5200000,8,2022,2022,20222023,2022-07-13,UFA
8475790,Erik Gudbranson,exact,RD,Columbus Blue Jackets,CBJ,Calgary Flames,CGY,16000000,4000000,4,2022,2022,20222023,2022-07-13,UFA
8476979,Erik Gustafsson,exact,LD,Washington Capitals,WSH,Chicago Blackhawks,CHI,800000,800000,1,2022,2022,20222023,2022-07-13,UFA
8478451,Ethan Bear,exact,RD,Carolina Hurricanes,CAR,Carolina Hurricanes,CAR,2200000,2200000,1,2022,2022,20222023,2022-07-28,other
NA,Ethan Del Mastro,unmatched,"RD, LD",Chicago Blackhawks,CHI,NA,NA,2800000,925000,3,2022,2022,20222023,2022-04-22,RFA
NA,Ethan Samson,unmatched,RD,Philadelphia Flyers,PHI,NA,NA,2700000,900000,3,2022,2022,20222023,2022-12-31,RFA
NA,Evan Nause,unmatched,LD,Florida Panthers,FLA,NA,NA,2800000,925000,3,2022,2022,20222023,2022-07-15,RFA
8478542,Evan Rodrigues,exact,"RW, LW, C",Colorado Avalanche,COL,Pittsburgh Penguins,PIT,2000000,2000000,1,2022,2022,20222023,2022-09-12,UFA
8475169,Evander Kane,exact,"LW, RW",Edmonton Oilers,EDM,Edmonton Oilers,EDM,1375000,2108696,1,2022,2022,20222023,2022-01-27,UFA
8475169,Evander Kane,exact,"LW, RW",Edmonton Oilers,EDM,Edmonton Oilers,EDM,20500000,5125000,4,2022,2022,20222023,2022-07-12,UFA
8471215,Evgeni Malkin,exact,C,Pittsburgh Penguins,PIT,Pittsburgh Penguins,PIT,24400000,6100000,4,2022,2022,20222023,2022-07-12,UFA
8480188,Fabian Zetterlund,exact,"LW, RW",New Jersey Devils,NJD,New Jersey Devils,NJD,750000,750000,1,2022,2022,20222023,2022-08-10,other
8476887,Filip Forsberg,exact,LW,Nashville Predators,NSH,Nashville Predators,NSH,68000000,8500000,8,2022,2022,20222023,2022-07-09,UFA
NA,Filip Mesar,unmatched,RW,Montreal Canadiens,MTL,NA,NA,2850000,950000,3,2022,2022,20222023,2022-07-14,RFA
8483619,Filip Roos,exact,"RD, LD",Chicago Blackhawks,CHI,NA,NA,1850000,925000,2,2022,2022,20222023,2022-05-23,other
NA,Francesco Arcuri,unmatched,C,Dallas Stars,DAL,NA,NA,2550000,841667,3,2022,2022,20222023,2022-08-25,RFA
8482748,Francesco Pinelli,exact,C,Los Angeles Kings,LAK,NA,NA,2800000,925000,3,2022,2022,20222023,2022-04-11,RFA
8478366,Frank Vatrano,exact,"RW, LW",Anaheim Ducks,ANA,Florida Panthers,FLA,10950000,3650000,3,2022,2022,20222023,2022-07-13,UFA
NA,Fraser Minten,unmatched,C,Toronto Maple Leafs,TOR,NA,NA,2625000,875000,3,2022,2022,20222023,2022-10-13,RFA
8479518,Fredrik Karlstrom,exact,C,Dallas Stars,DAL,Dallas Stars,DAL,750000,750000,1,2022,2022,20222023,2022-06-14,other
8480014,Gabriel Vilardi,exact,"RW, C",Los Angeles Kings,LAK,Los Angeles Kings,LAK,825000,825000,1,2022,2022,20222023,2022-07-23,other
NA,Gannon Laroque,unmatched,RD,San Jose Sharks,SJS,NA,NA,2775000,925000,3,2022,2022,20222023,2022-06-01,RFA
NA,Georgii Merkulov,unmatched,C,Boston Bruins,BOS,NA,NA,2775000,925000,3,2022,2022,20222023,2022-04-09,other
8478446,Glenn Gawdin,exact,C,Anaheim Ducks,ANA,Calgary Flames,CGY,1525000,762500,2,2022,2022,20222023,2022-07-14,UFA
8480306,Grant Hutton,exact,RD,New York Islanders,NYI,New York Islanders,NYI,2325000,775000,3,2022,2022,20222023,2022-07-09,UFA
8478465,Guillaume Brisebois,exact,LD,Vancouver Canucks,VAN,Vancouver Canucks,VAN,750000,750000,1,2022,2022,20222023,2022-06-27,other
8477467,Gustav Olofsson,exact,LD,Seattle Kraken,SEA,Montréal Canadiens,MTL,750000,750000,1,2022,2022,20222023,2022-06-30,UFA
8476854,Hampus Lindholm,exact,LD,Boston Bruins,BOS,Anaheim Ducks,ANA,52000000,6500000,8,2022,2022,20222023,2022-03-20,UFA
8478173,Hayden Hodgson,exact,RW,Philadelphia Flyers,PHI,Philadelphia Flyers,PHI,750000,750000,1,2022,2022,20222023,2022-03-21,other
8478173,Hayden Hodgson,exact,RW,Philadelphia Flyers,PHI,Philadelphia Flyers,PHI,1600000,800000,2,2022,2022,20222023,2022-08-29,UFA
8477938,Haydn Fleury,exact,"LD, RD",Tampa Bay Lightning,TBL,Seattle Kraken,SEA,1525000,762500,2,2022,2022,20222023,2022-07-13,UFA
NA,Henrik Rybinski,unmatched,RW,Washington Capitals,WSH,NA,NA,2775000,925000,3,2022,2022,20222023,2022-03-01,other
8477392,Hudson Fasching,exact,"RW, LW",New York Islanders,NYI,Arizona Coyotes,ARI,750000,750000,1,2022,2022,20222023,2022-08-23,UFA
8481070,Hugh McGing,exact,LW,St. Louis Blues,STL,NA,NA,750000,750000,1,2022,2022,20222023,2022-07-12,other
8474013,Ian Cole,exact,"LD, RD",Tampa Bay Lightning,TBL,Carolina Hurricanes,CAR,3000000,3000000,1,2022,2022,20222023,2022-07-13,UFA
8480950,Ilya Lyubushkin,exact,RD,Buffalo Sabres,BUF,Arizona Coyotes,ARI,5500000,2750000,2,2022,2022,20222023,2022-07-13,UFA
8481624,Ilya Mikheyev,exact,"RW, LW",Vancouver Canucks,VAN,Toronto Maple Leafs,TOR,19000000,4750000,4,2022,2022,20222023,2022-07-13,UFA
NA,Ilya Usau,unmatched,C,Tampa Bay Lightning,TBL,NA,NA,2775000,925000,3,2022,2022,20222023,2022-03-20,other
8480806,Isac Lundestrom,exact,"C, LW",Anaheim Ducks,ANA,Anaheim Ducks,ANA,3600000,1800000,2,2022,2022,20222023,2022-07-25,other
NA,Isak Rosen,unmatched,RW,Buffalo Sabres,BUF,NA,NA,4350000,1450000,3,2022,2022,20222023,2022-05-31,RFA
8476468,J.T. Miller,exact,"C, LW",Vancouver Canucks,VAN,Vancouver Canucks,VAN,56000000,8000000,7,2022,2022,20222023,2022-09-02,UFA
8482072,Jack Ahcan,exact,LD,Boston Bruins,BOS,Boston Bruins,BOS,750000,750000,1,2022,2022,20222023,2022-07-18,other
8471677,Jack Johnson,exact,"LD, RD",Chicago Blackhawks,CHI,Colorado Avalanche,COL,950000,950000,1,2022,2022,20222023,2022-08-17,UFA
8480855,Jack McBain,exact,C,Arizona Coyotes,ARI,Arizona Coyotes,ARI,2700000,1350000,2,2022,2022,20222023,2022-03-21,other
8480056,Jack Rathbone,exact,LD,Vancouver Canucks,VAN,Vancouver Canucks,VAN,1700000,850000,2,2022,2022,20222023,2022-07-01,other
8478458,Jack Roslovic,exact,"RW, C",Columbus Blue Jackets,CBJ,Columbus Blue Jackets,CBJ,8000000,4000000,2,2022,2022,20222023,2022-06-07,UFA
NA,Jack St. Ivany,unmatched,RD,Pittsburgh Penguins,PIT,NA,NA,1900000,950000,2,2022,2022,20222023,2022-08-20,other
8480021,Jack Studnicka,exact,"RW, C",Boston Bruins,BOS,Boston Bruins,BOS,1525000,762500,2,2022,2022,20222023,2022-07-23,other
8480196,Jacob Bryson,exact,"LD, RD",Buffalo Sabres,BUF,Buffalo Sabres,BUF,3700000,1850000,2,2022,2022,20222023,2022-07-10,other
8481422,Jacob Lucchini,exact,C,Ottawa Senators,OTT,NA,NA,750000,750000,1,2022,2022,20222023,2022-07-13,UFA
8479439,Jacob MacDonald,exact,"RD, LD",Colorado Avalanche,COL,Colorado Avalanche,COL,1525000,762500,2,2022,2022,20222023,2022-07-10,UFA
NA,Jacob Melanson,unmatched,RW,Seattle Kraken,SEA,NA,NA,2555000,843333,3,2022,2022,20222023,2022-07-13,RFA
8479421,Jacob Moverare,exact,"LD, RD",Los Angeles Kings,LAK,Los Angeles Kings,LAK,1525000,762500,2,2022,2022,20222023,2022-06-15,other
8478498,Jake DeBrusk,exact,"RW, LW",Boston Bruins,BOS,Boston Bruins,BOS,8000000,4000000,2,2022,2022,20222023,2022-03-21,UFA
8479991,Jake Leschyshyn,exact,C,Vegas Golden Knights,VGK,Vegas Golden Knights,VGK,2300000,766667,3,2022,2022,20222023,2022-08-13,other
8478136,Jake Middleton,exact,LD,Minnesota Wild,MIN,San Jose Sharks,SJS,7350000,2450000,3,2022,2022,20222023,2022-07-06,UFA
8482105,Jake Sanderson,exact,LD,Ottawa Senators,OTT,NA,NA,5550000,1850000,3,2022,2022,20222023,2022-03-27,other
8478013,Jake Walman,exact,"LD, RD",Detroit Red Wings,DET,St. Louis Blues,STL,1050000,1050000,1,2022,2022,20222023,2022-08-10,UFA
NA,Jakub Brabenec,unmatched,C,Vegas Golden Knights,VGK,NA,NA,2565000,846667,3,2022,2022,20222023,2022-12-10,RFA
8478970,Jalen Chatfield,exact,RD,Carolina Hurricanes,CAR,Carolina Hurricanes,CAR,1525000,762500,2,2022,2022,20222023,2022-01-21,UFA
NA,Jalen Luypen,unmatched,C,Chicago Blackhawks,CHI,NA,NA,2775000,925000,3,2022,2022,20222023,2022-08-02,RFA
8480468,James Hamblin,exact,"C, LW",Edmonton Oilers,EDM,NA,NA,1615000,807500,2,2022,2022,20222023,2022-03-02,other
NA,James Malatesta,unmatched,LW,Columbus Blue Jackets,CBJ,NA,NA,2637500,879167,3,2022,2022,20222023,2022-12-01,RFA
8480172,Jan Rutta,exact,"RD, LD",Pittsburgh Penguins,PIT,Tampa Bay Lightning,TBL,8250000,2750000,3,2022,2022,20222023,2022-07-13,UFA
8478424,Jansen Harkins,exact,"LW, RW, C",Winnipeg Jets,WPG,Winnipeg Jets,WPG,1700000,850000,2,2022,2022,20222023,2022-07-16,UFA
8477955,Jared McCann,exact,"LW, C",Seattle Kraken,SEA,Seattle Kraken,SEA,25000000,5000000,5,2022,2022,20222023,2022-03-08,UFA
8479994,Jaret Anderson-Dolan,exact,"RW, C",Los Angeles Kings,LAK,Los Angeles Kings,LAK,750000,750000,1,2022,2022,20222023,2022-07-23,other
8480027,Jason Robertson,exact,LW,Dallas Stars,DAL,Dallas Stars,DAL,31000000,7750000,4,2022,2022,20222023,2022-10-06,other
8477034,Jaycob Megna,exact,"RD, LD",San Jose Sharks,SJS,San Jose Sharks,SJS,1525000,762500,2,2022,2022,20222023,2022-05-09,UFA
NA,Jaydon Dureau,unmatched,LW,Tampa Bay Lightning,TBL,NA,NA,2525000,841667,3,2022,2022,20222023,2022-05-21,other
8482408,Jeff Malott,exact,LW,Winnipeg Jets,WPG,Winnipeg Jets,WPG,1525000,762500,2,2022,2022,20222023,2022-07-21,UFA
8479602,Jeremy Davies,exact,LD,Buffalo Sabres,BUF,Nashville Predators,NSH,750000,750000,1,2022,2022,20222023,2022-07-13,other
8478468,Jeremy Lauzon,exact,"LD, RD",Nashville Predators,NSH,Seattle Kraken,SEA,8000000,2000000,4,2022,2022,20222023,2022-06-13,UFA
8480003,Jesper Boqvist,exact,"C, RW, LW",New Jersey Devils,NJD,New Jersey Devils,NJD,874125,874125,1,2022,2022,20222023,2022-07-22,other
8479407,Jesper Bratt,exact,"LW, RW",New Jersey Devils,NJD,New Jersey Devils,NJD,5450000,5450000,1,2022,2022,20222023,2022-08-03,other
8480829,Jesperi Kotkaniemi,exact,"C, LW",Carolina Hurricanes,CAR,Carolina Hurricanes,CAR,38560000,4820000,8,2022,2022,20222023,2022-03-21,UFA
8479344,Jesse Puljujarvi,exact,RW,Edmonton Oilers,EDM,Edmonton Oilers,EDM,3000000,3000000,1,2022,2022,20222023,2022-07-26,other
NA,Jimmy Huntington,unmatched,C,Nashville Predators,NSH,NA,NA,750000,750000,1,2022,2022,20222023,2022-07-11,other
8476918,Jimmy Vesey,exact,LW,New York Rangers,NYR,New Jersey Devils,NJD,750000,750000,1,2022,2022,20222023,2022-10-09,UFA
NA,Jiri Kulich,unmatched,"RW, C",Buffalo Sabres,BUF,NA,NA,2850000,950000,3,2022,2022,20222023,2022-07-15,RFA
NA,Joakim Kemell,unmatched,RW,Nashville Predators,NSH,NA,NA,4350000,1450000,3,2022,2022,20222023,2022-07-15,RFA
NA,Joe Fleming,unmatched,RD,Vegas Golden Knights,VGK,NA,NA,2800000,925000,3,2022,2022,20222023,2022-09-29,RFA
8481441,Joe Snively,exact,C,Washington Capitals,WSH,Washington Capitals,WSH,1600000,800000,2,2022,2022,20222023,2022-03-16,UFA
8481556,John Beecher,exact,"C, RW",Boston Bruins,BOS,NA,NA,2775000,925000,3,2022,2022,20222023,2022-05-16,other
8477401,John Hayden,exact,C,Seattle Kraken,SEA,Buffalo Sabres,BUF,750000,750000,1,2022,2022,20222023,2022-07-14,UFA
8475906,John Klingberg,exact,"RD, LD",Anaheim Ducks,ANA,Dallas Stars,DAL,7000000,7000000,1,2022,2022,20222023,2022-07-29,UFA
8480192,Johnathan Kovacevic,exact,"RD, LD",Winnipeg Jets,WPG,Winnipeg Jets,WPG,2300000,766667,3,2022,2022,20222023,2022-07-22,UFA
8476346,Johnny Gaudreau,exact,"LW, RW",Columbus Blue Jackets,CBJ,Calgary Flames,CGY,68250000,9750000,7,2022,2022,20222023,2022-07-13,UFA
8475750,Jon Merrill,exact,"RD, LD",Minnesota Wild,MIN,Minnesota Wild,MIN,3600000,1200000,3,2022,2022,20222023,2022-01-11,UFA
8479981,Jonah Gadjovich,exact,LW,San Jose Sharks,SJS,San Jose Sharks,SJS,750000,750000,1,2022,2022,20222023,2022-08-29,other
8480007,Jonas Rondbjerg,exact,"LW, RW",Vegas Golden Knights,VGK,Vegas Golden Knights,VGK,2300000,766667,3,2022,2022,20222023,2022-07-13,other
8478399,Jonas Siegenthaler,exact,"LD, RD",New Jersey Devils,NJD,New Jersey Devils,NJD,17000000,3400000,5,2022,2022,20222023,2022-07-26,UFA
8476456,Jonathan Huberdeau,exact,"RW, LW",Calgary Flames,CGY,Florida Panthers,FLA,84000000,10500000,8,2022,2022,20222023,2022-08-04,UFA
8477380,Jonny Brodzinski,exact,"RW, C, LW",New York Rangers,NYR,New York Rangers,NYR,1525000,762500,2,2022,2022,20222023,2022-02-28,UFA
8479533,Joona Koppanen,exact,LW,Boston Bruins,BOS,NA,NA,750000,750000,1,2022,2022,20222023,2022-06-02,other
NA,Jordan Dumais,unmatched,RW,Columbus Blue Jackets,CBJ,NA,NA,2850000,950000,3,2022,2022,20222023,2022-11-25,RFA
NA,Jordan Frasca,unmatched,C,Pittsburgh Penguins,PIT,NA,NA,2775000,925000,3,2022,2022,20222023,2022-03-01,RFA
8478413,Jordan Greenway,exact,"LW, RW",Minnesota Wild,MIN,Minnesota Wild,MIN,9000000,3000000,3,2022,2022,20222023,2022-01-31,UFA
8480887,Jordan Harris,exact,"LD, RD",Montreal Canadiens,MTL,Montréal Canadiens,MTL,2275000,1137500,2,2022,2022,20222023,2022-03-26,other
8479385,Jordan Kyrou,exact,"RW, C",St. Louis Blues,STL,St. Louis Blues,STL,65000000,8125000,8,2022,2022,20222023,2022-09-13,UFA
NA,Jorian Donovan,unmatched,LD,Ottawa Senators,OTT,NA,NA,2520000,831667,3,2022,2022,20222023,2022-09-23,RFA
NA,Joseph Cecconi,unmatched,RD,Dallas Stars,DAL,NA,NA,750000,750000,1,2022,2022,20222023,2022-06-28,other
NA,Josh Bloom,unmatched,LW,Buffalo Sabres,BUF,NA,NA,2800000,925000,3,2022,2022,20222023,2022-04-18,RFA
8477384,Josh Brown,exact,"RD, LD",Arizona Coyotes,ARI,Ottawa Senators,OTT,2550000,1275000,2,2022,2022,20222023,2022-07-13,UFA
8482623,Josh Dunne,exact,C,Columbus Blue Jackets,CBJ,Columbus Blue Jackets,CBJ,874125,874125,1,2022,2022,20222023,2022-07-01,other
NA,Josh Lopina,unmatched,C,Anaheim Ducks,ANA,NA,NA,2775000,925000,3,2022,2022,20222023,2022-03-27,other
8476312,Josh Manson,exact,RD,Colorado Avalanche,COL,Anaheim Ducks,ANA,18000000,4500000,4,2022,2022,20222023,2022-07-13,UFA
8480064,Josh Norris,exact,"C, LW",Ottawa Senators,OTT,Ottawa Senators,OTT,63600000,7950000,8,2022,2022,20222023,2022-07-14,UFA
8482749,Joshua Roy,exact,"RW, LW",Montreal Canadiens,MTL,NA,NA,2735000,903333,3,2022,2022,20222023,2022-03-30,RFA
8479328,Julien Gauthier,exact,RW,New York Rangers,NYR,New York Rangers,NYR,800000,800000,1,2022,2022,20222023,2022-07-01,other
8483515,Juraj Slafkovsky,exact,LW,Montreal Canadiens,MTL,NA,NA,13350000,4450000,3,2022,2022,20222023,2022-07-13,RFA
8479941,Justin Danforth,exact,"RW, C",Columbus Blue Jackets,CBJ,Columbus Blue Jackets,CBJ,1950000,975000,2,2022,2022,20222023,2022-03-08,UFA
8477993,Justin Kirkland,exact,C,Anaheim Ducks,ANA,NA,NA,750000,750000,1,2022,2022,20222023,2022-07-14,other
8481554,Kaapo Kakko,exact,RW,New York Rangers,NYR,New York Rangers,NYR,4200000,2100000,2,2022,2022,20222023,2022-07-28,other
NA,Kai Schwindt,unmatched,LW,Florida Panthers,FLA,NA,NA,2535000,836667,3,2022,2022,20222023,2022-09-30,RFA
8479977,Kailer Yamamoto,exact,"RW, C",Edmonton Oilers,EDM,Edmonton Oilers,EDM,6200000,3100000,2,2022,2022,20222023,2022-08-03,other
8479348,Kale Clague,exact,"LD, RD",Buffalo Sabres,BUF,Los Angeles Kings,LAK,750000,750000,1,2022,2022,20222023,2022-07-13,other
8477953,Kasperi Kapanen,exact,"RW, LW",Pittsburgh Penguins,PIT,Pittsburgh Penguins,PIT,6400000,3200000,2,2022,2022,20222023,2022-07-21,UFA
8479387,Keaton Middleton,exact,LD,Colorado Avalanche,COL,Colorado Avalanche,COL,750000,750000,1,2022,2022,20222023,2022-07-21,other
8478434,Keegan Kolesar,exact,RW,Vegas Golden Knights,VGK,Vegas Golden Knights,VGK,4200000,1400000,3,2022,2022,20222023,2022-08-05,UFA
8482660,Kent Johnson,exact,"LW, RW, C",Columbus Blue Jackets,CBJ,Columbus Blue Jackets,CBJ,5550000,1850000,3,2022,2022,20222023,2022-04-08,other
8475246,Kevin Connauton,exact,"LD, RD",Philadelphia Flyers,PHI,Florida Panthers,FLA,1525000,762500,2,2022,2022,20222023,2022-07-13,UFA
8477942,Kevin Fiala,exact,"RW, LW",Los Angeles Kings,LAK,Minnesota Wild,MIN,55125000,7875000,7,2022,2022,20222023,2022-06-29,UFA
8475857,Kevin Gravel,exact,LD,Nashville Predators,NSH,Toronto Maple Leafs,TOR,1525000,762500,2,2022,2022,20222023,2022-07-14,UFA
8483466,Kevin Korchinski,exact,LD,Chicago Blackhawks,CHI,NA,NA,5850000,1950000,3,2022,2022,20222023,2022-08-10,RFA
8479291,Kevin Rooney,exact,C,Calgary Flames,CGY,New York Rangers,NYR,2600000,1300000,2,2022,2022,20222023,2022-07-13,UFA
8478831,Kevin Stenlund,exact,"C, RW",Winnipeg Jets,WPG,Columbus Blue Jackets,CBJ,750000,750000,1,2022,2022,20222023,2022-07-13,other
8480748,Kiefer Sherwood,exact,LW,Nashville Predators,NSH,Colorado Avalanche,COL,750000,750000,1,2022,2022,20222023,2022-07-14,UFA
8479356,Kieffer Bellows,exact,LW,New York Islanders,NYI,New York Islanders,NYI,1200000,1200000,1,2022,2022,20222023,2022-08-22,other
NA,Kim Nousiainen,unmatched,LD,Los Angeles Kings,LAK,NA,NA,2775000,925000,3,2022,2022,20222023,2022-03-30,other
8481523,Kirby Dach,exact,"RW, C",Montreal Canadiens,MTL,Chicago Blackhawks,CHI,13450000,3362500,4,2022,2022,20222023,2022-09-07,other
8480893,Kirill Marchenko,exact,RW,Columbus Blue Jackets,CBJ,NA,NA,3125000,1562500,2,2022,2022,20222023,2022-05-03,other
8480011,Klim Kostin,exact,"LW, RW, C",St. Louis Blues,STL,St. Louis Blues,STL,750000,750000,1,2022,2022,20222023,2022-07-27,other
8479986,Kole Lind,exact,RW,Seattle Kraken,SEA,Seattle Kraken,SEA,850000,850000,1,2022,2022,20222023,2022-07-21,other
8471724,Kris Letang,exact,"RD, LD",Pittsburgh Penguins,PIT,Pittsburgh Penguins,PIT,36600000,6100000,6,2022,2022,20222023,2022-07-07,UFA
8477073,Kurtis MacDermid,exact,LW,Colorado Avalanche,COL,Colorado Avalanche,COL,1975000,987500,2,2022,2022,20222023,2022-04-05,UFA
8478476,Kyle Capobianco,exact,LD,Winnipeg Jets,WPG,Arizona Coyotes,ARI,1525000,762500,2,2022,2022,20222023,2022-07-14,other
8478474,Lawson Crouse,exact,"LW, RW",Arizona Coyotes,ARI,Arizona Coyotes,ARI,21500000,4300000,5,2022,2022,20222023,2022-08-08,UFA
8480853,Liam Foudy,exact,"LW, RW, C",Columbus Blue Jackets,CBJ,Columbus Blue Jackets,CBJ,1525000,762500,2,2022,2022,20222023,2022-06-17,other
8477070,Liam O'Brien,exact,"RW, LW, C",Arizona Coyotes,ARI,Arizona Coyotes,ARI,1550000,775000,2,2022,2022,20222023,2022-03-06,UFA
8483499,Liam Ohgren,exact,LW,Minnesota Wild,MIN,NA,NA,4325000,1441667,3,2022,2022,20222023,2022-07-16,RFA
NA,Linus Karlsson,unmatched,"RW, C",Vancouver Canucks,VAN,NA,NA,1850000,925000,2,2022,2022,20222023,2022-05-26,other
NA,Logan Mailloux,unmatched,RD,Montreal Canadiens,MTL,NA,NA,2800000,925000,3,2022,2022,20222023,2022-10-05,RFA
8478011,Louie Belpedio,exact,RD,Philadelphia Flyers,PHI,Minnesota Wild,MIN,750000,750000,1,2022,2022,20222023,2022-07-13,UFA
NA,Luca Del Bel Belluz,unmatched,C,Columbus Blue Jackets,CBJ,NA,NA,2850000,950000,3,2022,2022,20222023,2022-12-01,RFA
8479523,Lucas Carlsson,exact,LD,Florida Panthers,FLA,Florida Panthers,FLA,800000,800000,1,2022,2022,20222023,2022-07-08,other
NA,Lucas Ciona,unmatched,LW,Calgary Flames,CGY,NA,NA,2572500,849167,3,2022,2022,20222023,2022-10-30,RFA
8483549,Lucas Condotta,exact,"C, LW",Montreal Canadiens,MTL,NA,NA,830000,830000,1,2022,2022,20222023,2022-03-31,other
NA,Lucas Edmonds,unmatched,RW,Tampa Bay Lightning,TBL,NA,NA,2850000,950000,3,2022,2022,20222023,2022-07-21,other
NA,Ludwig Persson,unmatched,"LW, C",Washington Capitals,WSH,NA,NA,2850000,950000,3,2022,2022,20222023,2022-07-15,RFA
8479316,Luke Kunin,exact,"C, LW, RW",San Jose Sharks,SJS,Nashville Predators,NSH,5500000,2750000,2,2022,2022,20222023,2022-07-18,other
8478224,Luke Philp,exact,C,Chicago Blackhawks,CHI,NA,NA,750000,750000,1,2022,2022,20222023,2022-07-13,UFA
8480439,Mac Hollowell,exact,RD,Toronto Maple Leafs,TOR,NA,NA,750000,750000,1,2022,2022,20222023,2022-02-17,other
8477346,MacKenzie Weegar,exact,"LD, RD",Calgary Flames,CGY,Florida Panthers,FLA,50000000,6250000,8,2022,2022,20222023,2022-10-07,UFA
8476907,Mackenzie MacEachern,exact,"LW, RW",Carolina Hurricanes,CAR,St. Louis Blues,STL,750000,750000,1,2022,2022,20222023,2022-07-15,UFA
8483397,Marc McLaughlin,exact,C,Boston Bruins,BOS,Boston Bruins,BOS,1850000,925000,2,2022,2022,20222023,2022-03-15,other
NA,Marc-Andre Gaudet,unmatched,LD,St. Louis Blues,STL,NA,NA,2572500,849167,3,2022,2022,20222023,2022-12-17,RFA
8483464,Marco Kasper,exact,C,Detroit Red Wings,DET,NA,NA,5850000,1950000,3,2022,2022,20222023,2022-07-13,RFA
8475149,Marcus Johansson,exact,"LW, RW",Washington Capitals,WSH,Seattle Kraken,SEA,1100000,1100000,1,2022,2022,20222023,2022-07-13,UFA
8479983,Mario Ferraro,exact,LD,San Jose Sharks,SJS,San Jose Sharks,SJS,13000000,3250000,4,2022,2022,20222023,2022-08-04,UFA
8478017,Mark Friedman,exact,"RD, LD",Pittsburgh Penguins,PIT,Pittsburgh Penguins,PIT,1550000,775000,2,2022,2022,20222023,2022-03-20,UFA
8476873,Mark Jankowski,exact,"C, RW",Nashville Predators,NSH,Buffalo Sabres,BUF,750000,750000,1,2022,2022,20222023,2022-07-14,UFA
8480355,Mark Kastelic,exact,"C, RW, LW",Ottawa Senators,OTT,Ottawa Senators,OTT,1670000,835000,2,2022,2022,20222023,2022-10-27,other
8476924,Martin Frk,exact,RW,St. Louis Blues,STL,Los Angeles Kings,LAK,750000,750000,1,2022,2022,20222023,2022-07-15,UFA
8480039,Martin Necas,exact,"RW, LW, C",Carolina Hurricanes,CAR,Carolina Hurricanes,CAR,6000000,3000000,2,2022,2022,20222023,2022-08-09,other
8481028,Martin Pospisil,exact,"RW, C",Calgary Flames,CGY,NA,NA,750000,750000,1,2022,2022,20222023,2022-08-02,other
8478891,Mason Appleton,exact,"LW, RW, C",Winnipeg Jets,WPG,Seattle Kraken,SEA,6500000,2166667,3,2022,2022,20222023,2022-08-07,UFA
8477419,Mason Geertsen,exact,LW,New Jersey Devils,NJD,New Jersey Devils,NJD,750000,750000,1,2022,2022,20222023,2022-07-13,UFA
8478975,Mason Marchment,exact,LW,Dallas Stars,DAL,Florida Panthers,FLA,18000000,4500000,4,2022,2022,20222023,2022-07-13,UFA
8481712,Matej Blumel,exact,RW,Dallas Stars,DAL,NA,NA,1850000,925000,2,2022,2022,20222023,2022-06-06,other
8478445,Mathew Barzal,exact,"RW, C, LW",New York Islanders,NYI,New York Islanders,NYI,73200000,9150000,8,2022,2022,20222023,2022-10-04,UFA
8478472,Mathieu Joseph,exact,RW,Ottawa Senators,OTT,Tampa Bay Lightning,TBL,11800000,2950000,4,2022,2022,20222023,2022-07-28,UFA
8476988,Matt Benning,exact,RD,San Jose Sharks,SJS,Nashville Predators,NSH,5000000,1250000,4,2022,2022,20222023,2022-07-14,UFA
8482641,Matt Kiersted,exact,LD,Florida Panthers,FLA,Florida Panthers,FLA,1525000,762500,2,2022,2022,20222023,2022-06-27,other
8478146,Matthew Highmore,exact,"RW, C",St. Louis Blues,STL,Vancouver Canucks,VAN,750000,750000,1,2022,2022,20222023,2022-07-14,UFA
8482516,Matthew Kessel,exact,RD,St. Louis Blues,STL,NA,NA,1850000,925000,2,2022,2022,20222023,2022-03-27,other
8483512,Matthew Savoie,first_name_variant,C,Buffalo Sabres,BUF,NA,NA,5850000,1950000,3,2022,2022,20222023,2022-07-15,RFA
8479314,Matthew Tkachuk,exact,LW,Calgary Flames,CGY,Calgary Flames,CGY,76000000,9500000,8,2022,2022,20222023,2022-07-22,UFA
8477406,Mattias Janmark,exact,"LW, RW, C",Edmonton Oilers,EDM,Vegas Golden Knights,VGK,1250000,1250000,1,2022,2022,20222023,2022-07-17,UFA
8480807,Mattias Samuelsson,exact,"RD, LD",Buffalo Sabres,BUF,Buffalo Sabres,BUF,30000000,4285714,7,2022,2022,20222023,2022-10-12,UFA
8482665,Matty Beniers,exact,C,Seattle Kraken,SEA,Seattle Kraken,SEA,5550000,1850000,3,2022,2022,20222023,2022-04-10,RFA
NA,Matyas Sapovaliv,unmatched,C,Vegas Golden Knights,VGK,NA,NA,2580000,860000,3,2022,2022,20222023,2022-12-27,RFA
NA,Maveric Lamoureux,unmatched,RD,Arizona Coyotes,ARI,NA,NA,2850000,950000,3,2022,2022,20222023,2022-08-17,RFA
8477503,Max Domi,exact,"C, RW, LW",Chicago Blackhawks,CHI,Columbus Blue Jackets,CBJ,3000000,3000000,1,2022,2022,20222023,2022-07-13,UFA
8479320,Max Lajoie,first_name_variant,"LD, RD",Carolina Hurricanes,CAR,Carolina Hurricanes,CAR,750000,750000,1,2022,2022,20222023,2022-08-06,other
8476323,Max McCormick,exact,LW,Seattle Kraken,SEA,Seattle Kraken,SEA,1525000,762500,2,2022,2022,20222023,2022-05-09,UFA
NA,Maximus Wanner,unmatched,RD,Edmonton Oilers,EDM,NA,NA,2565000,846667,3,2022,2022,20222023,2022-09-30,RFA
8478020,Michael Amadio,exact,"RW, C",Vegas Golden Knights,VGK,Toronto Maple Leafs,TOR,1525000,762500,2,2022,2022,20222023,2022-01-30,UFA
NA,Michael Callahan,unmatched,LD,Boston Bruins,BOS,NA,NA,1850000,925000,2,2022,2022,20222023,2022-03-14,other
NA,Michael Milne,unmatched,LW,Minnesota Wild,MIN,NA,NA,2850000,950000,3,2022,2022,20222023,2022-10-19,RFA
8479543,Michael Pezzetta,exact,LW,Montreal Canadiens,MTL,Montréal Canadiens,MTL,750000,750000,1,2022,2022,20222023,2022-07-11,other
8482451,Mikael Pyyhtia,exact,LW,Columbus Blue Jackets,CBJ,NA,NA,2775000,925000,3,2022,2022,20222023,2022-05-05,RFA
8479998,Mikey Anderson,exact,LD,Los Angeles Kings,LAK,Los Angeles Kings,LAK,1000000,1000000,1,2022,2022,20222023,2022-09-10,other
8479410,Mikhail Sergachev,exact,LD,Tampa Bay Lightning,TBL,Tampa Bay Lightning,TBL,68000000,8500000,8,2022,2022,20222023,2022-07-13,UFA
8481614,Mikko Kokkonen,exact,LD,Toronto Maple Leafs,TOR,NA,NA,2540000,846667,3,2022,2022,20222023,2022-03-30,other
8477425,Miles Wood,exact,"LW, RW",New Jersey Devils,NJD,New Jersey Devils,NJD,3200000,3200000,1,2022,2022,20222023,2022-08-04,UFA
8482070,Mitchell Chaffee,exact,RW,Minnesota Wild,MIN,Minnesota Wild,MIN,750000,750000,1,2022,2022,20222023,2022-07-17,other
NA,Mitchell Russell,unmatched,RW,San Jose Sharks,SJS,NA,NA,2510000,836667,3,2022,2022,20222023,2022-05-20,RFA
8478477,Mitchell Stephens,exact,C,Montreal Canadiens,MTL,Detroit Red Wings,DET,750000,750000,1,2022,2022,20222023,2022-07-13,other
8480028,Morgan Frost,exact,C,Philadelphia Flyers,PHI,Philadelphia Flyers,PHI,800000,800000,1,2022,2022,20222023,2022-07-15,RFA
8479987,Morgan Geekie,exact,"C, RW, LW",Seattle Kraken,SEA,Seattle Kraken,SEA,1400000,1400000,1,2022,2022,20222023,2022-07-24,other
NA,Nathan Gaucher,unmatched,C,Anaheim Ducks,ANA,NA,NA,3577500,1192500,3,2022,2022,20222023,2022-07-28,RFA
8477492,Nathan MacKinnon,exact,C,Colorado Avalanche,COL,Colorado Avalanche,COL,100800000,12600000,8,2022,2022,20222023,2022-09-20,UFA
8480979,Nathan Smith,first_name_variant,C,Arizona Coyotes,ARI,Arizona Coyotes,ARI,2700000,1350000,2,2022,2022,20222023,2022-04-10,other
NA,Nathan Staios,unmatched,LD,Florida Panthers,FLA,NA,NA,2775000,925000,3,2022,2022,20222023,2022-07-13,other
NA,Nathan Todd,unmatched,C,St. Louis Blues,STL,NA,NA,750000,750000,1,2022,2022,20222023,2022-07-25,UFA
8477573,Nathan Walker,exact,LW,St. Louis Blues,STL,St. Louis Blues,STL,775000,775000,1,2022,2022,20222023,2022-07-14,UFA
NA,Navrin Mutter,unmatched,LW,Nashville Predators,NSH,NA,NA,2330000,776667,3,2022,2022,20222023,2022-03-09,other
8475172,Nazem Kadri,exact,C,Calgary Flames,CGY,Colorado Avalanche,COL,49000000,7000000,7,2022,2022,20222023,2022-08-18,UFA
8477426,Nicholas Paul,exact,"C, LW",Tampa Bay Lightning,TBL,Ottawa Senators,OTT,22050000,3150000,7,2022,2022,20222023,2022-07-01,UFA
8481720,Nick Abruzzese,exact,C,Toronto Maple Leafs,TOR,Toronto Maple Leafs,TOR,1700000,850000,2,2022,2022,20222023,2022-03-26,other
8475760,Nick Bjugstad,exact,C,Arizona Coyotes,ARI,Minnesota Wild,MIN,900000,900000,1,2022,2022,20222023,2022-07-13,UFA
8483565,Nick Blankenburg,exact,"RD, LD",Columbus Blue Jackets,CBJ,Columbus Blue Jackets,CBJ,925000,1926547,1,2022,2022,20222023,2022-04-08,other
8483565,Nick Blankenburg,exact,"RD, LD",Columbus Blue Jackets,CBJ,Columbus Blue Jackets,CBJ,1650000,825000,2,2022,2022,20222023,2022-07-15,other
8476393,Nick Cousins,exact,"RW, LW, C",Florida Panthers,FLA,Nashville Predators,NSH,2200000,1100000,2,2022,2022,20222023,2022-07-13,UFA
8480084,Nick DeSimone,exact,RD,Calgary Flames,CGY,NA,NA,1525000,762500,2,2022,2022,20222023,2022-07-13,UFA
8475181,Nick Leddy,exact,LD,St. Louis Blues,STL,Detroit Red Wings,DET,16000000,4000000,4,2022,2022,20222023,2022-07-13,UFA
8480246,Nick Perbix,exact,RD,Tampa Bay Lightning,TBL,NA,NA,925000,925000,1,2022,2022,20222023,2022-03-31,other
8476372,Nick Seeler,exact,"LD, RD",Philadelphia Flyers,PHI,Philadelphia Flyers,PHI,1550000,775000,2,2022,2022,20222023,2022-05-19,UFA
8481477,Nico Sturm,exact,C,San Jose Sharks,SJS,Minnesota Wild,MIN,6000000,2000000,3,2022,2022,20222023,2022-07-13,UFA
8477979,Nicolas Aube-Kubel,exact,RW,Toronto Maple Leafs,TOR,Philadelphia Flyers,PHI,1000000,1000000,1,2022,2022,20222023,2022-07-13,UFA
8475235,Nicolas Deslauriers,exact,LW,Philadelphia Flyers,PHI,Anaheim Ducks,ANA,7000000,1750000,4,2022,2022,20222023,2022-07-13,UFA
8479980,Nicolas Hague,exact,"LD, RD",Vegas Golden Knights,VGK,Vegas Golden Knights,VGK,6882450,2294150,3,2022,2022,20222023,2022-10-10,other
8478462,Nicolas Roy,exact,"C, RW",Vegas Golden Knights,VGK,Vegas Golden Knights,VGK,15000000,3000000,5,2022,2022,20222023,2022-08-08,UFA
8477507,Nikita Zadorov,exact,"LD, RD",Calgary Flames,CGY,Calgary Flames,CGY,7500000,3750000,2,2022,2022,20222023,2022-07-13,UFA
8478859,Niko Mikkola,exact,"LD, RD",St. Louis Blues,STL,St. Louis Blues,STL,1900000,1900000,1,2022,2022,20222023,2022-07-17,UFA
8482496,Nils Aman,exact,"C, LW, RW",Vancouver Canucks,VAN,NA,NA,1850000,925000,2,2022,2022,20222023,2022-06-07,other
8475799,Nino Niederreiter,exact,RW,Nashville Predators,NSH,Carolina Hurricanes,CAR,8000000,4000000,2,2022,2022,20222023,2022-07-21,UFA
8480220,Noah Cates,exact,"LW, C",Philadelphia Flyers,PHI,Philadelphia Flyers,PHI,2275000,1137500,2,2022,2022,20222023,2022-03-27,other
8480865,Noah Dobson,exact,"RD, LD",New York Islanders,NYI,New York Islanders,NYI,12000000,4000000,3,2022,2022,20222023,2022-08-22,other
8479393,Noah Gregor,exact,"RW, LW, C",San Jose Sharks,SJS,San Jose Sharks,SJS,950000,950000,1,2022,2022,20222023,2022-08-22,other
8478454,Noah Juulsen,exact,RD,Vancouver Canucks,VAN,Vancouver Canucks,VAN,750000,750000,1,2022,2022,20222023,2022-07-01,other
NA,Noah Ostlund,unmatched,C,Buffalo Sabres,BUF,NA,NA,4275000,1425000,3,2022,2022,20222023,2022-07-15,RFA
8481491,Noah Philp,exact,C,Edmonton Oilers,EDM,NA,NA,925000,925000,1,2022,2022,20222023,2022-04-06,other
8478569,Noel Acciari,exact,C,St. Louis Blues,STL,Florida Panthers,FLA,1250000,1250000,1,2022,2022,20222023,2022-07-13,UFA
NA,Noel Gunler,unmatched,"RW, LW",Carolina Hurricanes,CAR,NA,NA,2625000,875000,3,2022,2022,20222023,2022-03-30,RFA
NA,Nolan Burke,unmatched,C,Nashville Predators,NSH,NA,NA,2850000,950000,3,2022,2022,20222023,2022-11-14,RFA
8478430,Oliver Kylington,exact,LD,Calgary Flames,CGY,Calgary Flames,CGY,5000000,2500000,2,2022,2022,20222023,2022-08-02,UFA
NA,Olivier Nadeau,unmatched,RW,Buffalo Sabres,BUF,NA,NA,2800000,925000,3,2022,2022,20222023,2022-05-22,RFA
8476874,Olli Maatta,exact,"RD, LD",Detroit Red Wings,DET,Los Angeles Kings,LAK,2250000,2250000,1,2022,2022,20222023,2022-07-13,UFA
8476292,Ondrej Palat,exact,LW,New Jersey Devils,NJD,Tampa Bay Lightning,TBL,30000000,6000000,5,2022,2022,20222023,2022-07-14,UFA
8483424,Owen Beck,exact,C,Montreal Canadiens,MTL,NA,NA,2850000,950000,3,2022,2022,20222023,2022-10-04,RFA
NA,Owen Pickering,unmatched,LD,Pittsburgh Penguins,PIT,NA,NA,3600000,1200000,3,2022,2022,20222023,2022-07-16,RFA
8482671,Owen Power,exact,"LD, RD",Buffalo Sabres,BUF,Buffalo Sabres,BUF,5550000,1850000,3,2022,2022,20222023,2022-04-08,other
8480015,Owen Tippett,exact,"LW, RW",Philadelphia Flyers,PHI,Florida Panthers,FLA,3000000,1500000,2,2022,2022,20222023,2022-07-29,other
8478450,Parker Wotherspoon,exact,"LD, RD",New York Islanders,NYI,NA,NA,750000,750000,1,2022,2022,20222023,2022-09-21,other
8474034,Pat Maroon,exact,"RW, LW",Tampa Bay Lightning,TBL,Tampa Bay Lightning,TBL,2000000,1000000,2,2022,2022,20222023,2022-02-08,UFA
NA,Patrick Giles,unmatched,RW,Florida Panthers,FLA,NA,NA,1625000,812500,2,2022,2022,20222023,2022-09-20,other
8479339,Patrik Laine,exact,"LW, RW",Columbus Blue Jackets,CBJ,Columbus Blue Jackets,CBJ,34800000,8700000,4,2022,2022,20222023,2022-07-22,UFA
8481032,Paul Cotter,exact,"LW, RW, C",Vegas Golden Knights,VGK,Vegas Golden Knights,VGK,2325000,775000,3,2022,2022,20222023,2022-08-13,other
8483490,Pavel Mintyukov,exact,"LD, RD",Anaheim Ducks,ANA,NA,NA,5200000,1733333,3,2022,2022,20222023,2022-07-16,RFA
8478401,Pavel Zacha,exact,C,Boston Bruins,BOS,New Jersey Devils,NJD,3500000,3500000,1,2022,2022,20222023,2022-08-08,UFA
8483630,Pavol Regenda,exact,LW,Anaheim Ducks,ANA,NA,NA,1850000,925000,2,2022,2022,20222023,2022-06-01,other
8480798,Philipp Kurashev,exact,"RW, LW, C",Chicago Blackhawks,CHI,Chicago Blackhawks,CHI,750000,750000,1,2022,2022,20222023,2022-08-12,other
NA,Philippe Daoust,unmatched,C,Ottawa Senators,OTT,NA,NA,2465000,821667,3,2022,2022,20222023,2022-03-17,RFA
8479026,Philippe Myers,exact,RD,Tampa Bay Lightning,TBL,Nashville Predators,NSH,1400000,1400000,1,2022,2022,20222023,2022-08-26,UFA
8476858,Phillip Di Giuseppe,exact,LW,Vancouver Canucks,VAN,New York Rangers,NYR,750000,750000,1,2022,2022,20222023,2022-07-13,UFA
8478115,Pierre Engvall,exact,LW,Toronto Maple Leafs,TOR,Toronto Maple Leafs,TOR,2250000,2250000,1,2022,2022,20222023,2022-07-17,UFA
8479400,Pierre-Luc Dubois,exact,"C, RW, LW",Winnipeg Jets,WPG,Winnipeg Jets,WPG,6000000,6000000,1,2022,2022,20222023,2022-07-22,other
8480058,Pierre-Olivier Joseph,exact,"LD, RD",Pittsburgh Penguins,PIT,Pittsburgh Penguins,PIT,1650000,825000,2,2022,2022,20222023,2022-07-12,other
NA,Raivis Ansons,unmatched,RW,Pittsburgh Penguins,PIT,NA,NA,2532500,844167,3,2022,2022,20222023,2022-05-02,RFA
8477499,Rasmus Ristolainen,exact,RD,Philadelphia Flyers,PHI,Philadelphia Flyers,PHI,25500000,5100000,5,2022,2022,20222023,2022-03-10,UFA
8480873,Rasmus Sandin,exact,LD,Toronto Maple Leafs,TOR,Toronto Maple Leafs,TOR,2800000,1400000,2,2022,2022,20222023,2022-09-29,other
8481147,Reese Johnson,exact,C,Chicago Blackhawks,CHI,Chicago Blackhawks,CHI,1600000,800000,2,2022,2022,20222023,2022-04-13,other
NA,Reid Schaefer,unmatched,LW,Edmonton Oilers,EDM,NA,NA,2850000,950000,3,2022,2022,20222023,2022-07-15,RFA
8475191,Reilly Smith,exact,"RW, LW",Vegas Golden Knights,VGK,Vegas Golden Knights,VGK,15000000,5000000,3,2022,2022,20222023,2022-07-13,UFA
8476483,Rickard Rakell,exact,"RW, LW",Pittsburgh Penguins,PIT,Anaheim Ducks,ANA,30000000,5000000,6,2022,2022,20222023,2022-07-11,UFA
NA,Riley Kidney,unmatched,C,Montreal Canadiens,MTL,NA,NA,2800000,925000,3,2022,2022,20222023,2022-05-04,RFA
8479362,Riley Tufte,exact,LW,Dallas Stars,DAL,Dallas Stars,DAL,750000,750000,1,2022,2022,20222023,2022-06-30,other
8474145,Robert Bortuzzo,exact,RD,St. Louis Blues,STL,St. Louis Blues,STL,1900000,950000,2,2022,2022,20222023,2022-02-08,UFA
8477462,Robert Hagg,exact,"LD, RD",Detroit Red Wings,DET,Buffalo Sabres,BUF,800000,800000,1,2022,2022,20222023,2022-07-25,UFA
8480023,Robert Thomas,exact,C,St. Louis Blues,STL,St. Louis Blues,STL,65000000,8125000,8,2022,2022,20222023,2022-07-13,UFA
8482130,Roni Hirvonen,exact,C,Toronto Maple Leafs,TOR,NA,NA,2570000,856667,3,2022,2022,20222023,2022-05-13,RFA
8481521,Ronnie Attard,exact,RD,Philadelphia Flyers,PHI,Philadelphia Flyers,PHI,2700000,1350000,2,2022,2022,20222023,2022-03-29,other
8478449,Roope Hintz,exact,"RW, C",Dallas Stars,DAL,Dallas Stars,DAL,67600000,8450000,8,2022,2022,20222023,2022-11-29,UFA
NA,Rory Kerins,unmatched,C,Calgary Flames,CGY,NA,NA,2540000,846667,3,2022,2022,20222023,2022-03-01,RFA
8477987,Ryan Donato,exact,"RW, LW, C",Seattle Kraken,SEA,Seattle Kraken,SEA,1200000,1200000,1,2022,2022,20222023,2022-07-27,UFA
NA,Ryan Mast,unmatched,RD,Boston Bruins,BOS,NA,NA,2635000,870000,3,2022,2022,20222023,2022-07-18,RFA
8480802,Ryan McLeod,exact,C,Edmonton Oilers,EDM,Edmonton Oilers,EDM,798000,798000,1,2022,2022,20222023,2022-09-22,other
8478854,Ryan Shea,exact,"LD, RD",Dallas Stars,DAL,NA,NA,750000,750000,1,2022,2022,20222023,2022-06-29,other
8476458,Ryan Strome,exact,"LW, C, RW",Anaheim Ducks,ANA,New York Rangers,NYR,25000000,5000000,5,2022,2022,20222023,2022-07-13,UFA
NA,Ryan Winterton,unmatched,"RW, C",Seattle Kraken,SEA,NA,NA,2565000,846667,3,2022,2022,20222023,2022-07-13,RFA
NA,Ryder Korczak,unmatched,C,New York Rangers,NYR,NA,NA,2775000,925000,3,2022,2022,20222023,2022-05-04,RFA
8482858,Ryker Evans,exact,"RD, LD",Seattle Kraken,SEA,NA,NA,2775000,925000,3,2022,2022,20222023,2022-04-22,RFA
8475842,Sam Carrick,exact,C,Anaheim Ducks,ANA,Anaheim Ducks,ANA,1700000,850000,2,2022,2022,20222023,2022-04-26,UFA
8478043,Sam Lafferty,exact,"RW, LW, C",Chicago Blackhawks,CHI,Pittsburgh Penguins,PIT,2300000,1150000,2,2022,2022,20222023,2022-04-29,UFA
8479351,Sam Steel,exact,"LW, RW, C",Minnesota Wild,MIN,Anaheim Ducks,ANA,825000,825000,1,2022,2022,20222023,2022-08-30,other
8480267,Sammy Walker,exact,"RW, LW, C",Minnesota Wild,MIN,NA,NA,1850000,925000,2,2022,2022,20222023,2022-08-18,other
8481059,Scott Perunovich,exact,LD,St. Louis Blues,STL,St. Louis Blues,STL,750000,750000,1,2022,2022,20222023,2022-07-14,other
8477149,Scott Sabourin,exact,RW,Ottawa Senators,OTT,Ottawa Senators,OTT,750000,750000,1,2022,2022,20222023,2022-07-13,UFA
8480434,Sean Durzi,exact,"RD, LD",Los Angeles Kings,LAK,Los Angeles Kings,LAK,3400000,1700000,2,2022,2022,20222023,2022-09-15,other
8480222,Sebastian Aho,manual_override,"LD, RD",New York Islanders,NYI,New York Islanders,NYI,1650000,825000,2,2022,2022,20222023,2022-07-09,UFA
8480032,Shane Bowers,exact,"C, RW",Colorado Avalanche,COL,NA,NA,750000,750000,1,2022,2022,20222023,2022-08-17,other
8483524,Shane Wright,exact,"C, LW",Seattle Kraken,SEA,NA,NA,12037500,4012500,3,2022,2022,20222023,2022-07-13,RFA
8480326,Sheldon Dries,exact,C,Vancouver Canucks,VAN,Vancouver Canucks,VAN,1525000,762500,2,2022,2022,20222023,2022-06-27,UFA
8481122,Simon Benoit,exact,"RD, LD",Anaheim Ducks,ANA,Anaheim Ducks,ANA,750000,750000,1,2022,2022,20222023,2022-07-22,other
8482762,Simon Edvinsson,exact,LD,Detroit Red Wings,DET,NA,NA,5325000,1775000,3,2022,2022,20222023,2022-04-24,RFA
8483495,Simon Nemec,exact,RD,New Jersey Devils,NJD,NA,NA,12600000,4200000,3,2022,2022,20222023,2022-07-14,RFA
8477947,Sonny Milano,exact,"LW, RW",Washington Capitals,WSH,Anaheim Ducks,ANA,750000,750000,1,2022,2022,20222023,2022-10-15,UFA
NA,Spencer Smallman,unmatched,RW,Colorado Avalanche,COL,NA,NA,1525000,762500,2,2022,2022,20222023,2022-07-13,UFA
8481056,Spencer Stastney,exact,"LD, RD",Nashville Predators,NSH,NA,NA,1850000,925000,2,2022,2022,20222023,2022-03-31,other
8476474,Stefan Noesen,exact,RW,Carolina Hurricanes,CAR,Carolina Hurricanes,CAR,1525000,762500,2,2022,2022,20222023,2022-07-12,UFA
8478904,Steven Lorentz,exact,"C, LW",San Jose Sharks,SJS,Carolina Hurricanes,CAR,2100000,1050000,2,2022,2022,20222023,2022-07-22,UFA
8476391,T.J. Tynan,exact,C,Los Angeles Kings,LAK,Los Angeles Kings,LAK,1575000,787500,2,2022,2022,20222023,2022-06-14,UFA
8479420,Tage Thompson,exact,"C, LW",Buffalo Sabres,BUF,Buffalo Sabres,BUF,50000000,7142857,7,2022,2022,20222023,2022-08-30,UFA
8479550,Tanner Laczynski,exact,C,Philadelphia Flyers,PHI,Philadelphia Flyers,PHI,1525000,762500,2,2022,2022,20222023,2022-07-27,UFA
8483406,Taylor Ward,exact,RW,Los Angeles Kings,LAK,NA,NA,925000,925000,1,2022,2022,20222023,2022-03-19,other
8482133,Thomas Bordeleau,exact,"LW, RW, C",San Jose Sharks,SJS,San Jose Sharks,SJS,2775000,925000,3,2022,2022,20222023,2022-04-16,other
8479364,Tim Gettinger,exact,LW,New York Rangers,NYR,New York Rangers,NYR,750000,750000,1,2022,2022,20222023,2022-07-22,other
8480043,Timothy Liljegren,exact,RD,Toronto Maple Leafs,TOR,Toronto Maple Leafs,TOR,2800000,1400000,2,2022,2022,20222023,2022-06-27,other
NA,Tobie Paquette-Bisson,unmatched,LD,Los Angeles Kings,LAK,NA,NA,750000,750000,1,2022,2022,20222023,2022-07-13,other
8483683,Tomas Hamara,exact,LD,Ottawa Senators,OTT,NA,NA,2595000,856667,3,2022,2022,20222023,2022-07-14,RFA
8476881,Tomas Hertl,exact,C,San Jose Sharks,SJS,San Jose Sharks,SJS,65100000,8137500,8,2022,2022,20222023,2022-03-16,UFA
8478438,Tommy Novak,exact,"C, LW",Nashville Predators,NSH,Nashville Predators,NSH,750000,750000,1,2022,2022,20222023,2022-07-18,other
8477950,Tony DeAngelo,exact,"RD, LD",Philadelphia Flyers,PHI,Carolina Hurricanes,CAR,10000000,5000000,2,2022,2022,20222023,2022-07-08,UFA
8482158,Topi Niemela,exact,RD,Toronto Maple Leafs,TOR,NA,NA,2570000,856667,3,2022,2022,20222023,2022-05-13,RFA
8482873,Topias Vilen,exact,LD,New Jersey Devils,NJD,NA,NA,2800000,925000,3,2022,2022,20222023,2022-05-12,RFA
8476329,Travis Boyd,exact,"RW, C",Arizona Coyotes,ARI,Arizona Coyotes,ARI,3500000,1750000,2,2022,2022,20222023,2022-03-05,UFA
8477948,Travis Sanheim,exact,"RD, LD",Philadelphia Flyers,PHI,Philadelphia Flyers,PHI,50000000,6250000,8,2022,2022,20222023,2022-10-13,UFA
8473453,Trevor Lewis,exact,"C, RW, LW",Calgary Flames,CGY,Calgary Flames,CGY,1000000,1000000,1,2022,2022,20222023,2022-07-13,UFA
8479675,Trevor Moore,exact,LW,Los Angeles Kings,LAK,Los Angeles Kings,LAK,21000000,4200000,5,2022,2022,20222023,2022-12-15,UFA
8480441,Trey Fix-Wolansky,exact,RW,Columbus Blue Jackets,CBJ,Columbus Blue Jackets,CBJ,750000,750000,1,2022,2022,20222023,2022-07-23,other
8479442,Troy Stecher,exact,"RD, LD",Arizona Coyotes,ARI,Detroit Red Wings,DET,1250000,1250000,1,2022,2022,20222023,2022-07-13,UFA
NA,Ty Glover,unmatched,C,Pittsburgh Penguins,PIT,NA,NA,2775000,925000,3,2022,2022,20222023,2022-03-29,other
8481740,Tyce Thompson,exact,RW,New Jersey Devils,NJD,New Jersey Devils,NJD,1525000,762500,2,2022,2022,20222023,2022-08-02,other
8481789,Tye Kartye,exact,"LW, RW, C",Seattle Kraken,SEA,NA,NA,2775000,925000,3,2022,2022,20222023,2022-03-01,other
8477353,Tyler Motte,exact,"RW, C, LW",Ottawa Senators,OTT,Vancouver Canucks,VAN,1350000,1350000,1,2022,2022,20222023,2022-09-14,UFA
8475752,Tyler Pitlick,exact,"RW, C",St. Louis Blues,STL,Calgary Flames,CGY,750000,750000,1,2022,2022,20222023,2022-10-25,UFA
NA,Tyrel Bauer,unmatched,RD,Winnipeg Jets,WPG,NA,NA,2775000,925000,3,2022,2022,20222023,2022-05-30,RFA
NA,Tyson Hinds,unmatched,LD,Anaheim Ducks,ANA,NA,NA,2570000,848333,3,2022,2022,20222023,2022-09-28,RFA
NA,Tyson Kozak,unmatched,C,Buffalo Sabres,BUF,NA,NA,2550000,850000,3,2022,2022,20222023,2022-08-19,RFA
8480001,Urho Vaakanainen,exact,"LD, RD",Anaheim Ducks,ANA,Boston Bruins,BOS,1700000,850000,2,2022,2022,20222023,2022-07-22,other
8477501,Valeri Nichushkin,exact,"LW, RW",Colorado Avalanche,COL,Colorado Avalanche,COL,49000000,6125000,8,2022,2022,20222023,2022-07-11,UFA
8478109,Victor Olofsson,exact,"LW, RW",Buffalo Sabres,BUF,Buffalo Sabres,BUF,9500000,4750000,2,2022,2022,20222023,2022-07-13,UFA
8479576,Vincent Desharnais,exact,RD,Edmonton Oilers,EDM,NA,NA,1525000,762500,2,2022,2022,20222023,2022-03-02,UFA
8476389,Vincent Trocheck,exact,C,New York Rangers,NYR,Carolina Hurricanes,CAR,39375000,5625000,7,2022,2022,20222023,2022-07-13,UFA
8479968,Vinni Lettieri,exact,"RW, LW, C",Boston Bruins,BOS,Anaheim Ducks,ANA,750000,750000,1,2022,2022,20222023,2022-07-13,UFA
8476994,Vinnie Hinostroza,exact,"RW, C",Buffalo Sabres,BUF,Buffalo Sabres,BUF,1700000,1700000,1,2022,2022,20222023,2022-07-12,UFA
NA,Vladislav Firstov,unmatched,LW,Minnesota Wild,MIN,NA,NA,2775000,925000,3,2022,2022,20222023,2022-03-23,other
8476480,Vladislav Namestnikov,exact,"RW, C",Tampa Bay Lightning,TBL,Detroit Red Wings,DET,2500000,2500000,1,2022,2022,20222023,2022-07-13,UFA
8482207,William Dufour,exact,RW,New York Islanders,NYI,NA,NA,2775000,925000,3,2022,2022,20222023,2022-04-21,RFA
8478021,William Lagesson,exact,"LD, RD",Carolina Hurricanes,CAR,Edmonton Oilers,EDM,750000,750000,1,2022,2022,20222023,2022-07-25,UFA
8479367,William Lockwood,exact,RW,Vancouver Canucks,VAN,Vancouver Canucks,VAN,750000,750000,1,2022,2022,20222023,2022-07-01,other
NA,William Trudeau,unmatched,LD,Montreal Canadiens,MTL,NA,NA,2710000,903333,3,2022,2022,20222023,2022-10-14,RFA
NA,Wyatt Aamodt,unmatched,LD,Colorado Avalanche,COL,NA,NA,925000,925000,1,2022,2022,20222023,2022-04-12,other
8483579,Wyatt Bongiovanni,exact,LW,Winnipeg Jets,WPG,NA,NA,1605000,802500,2,2022,2022,20222023,2022-04-16,other
NA,Xavier Bourgault,unmatched,RW,Edmonton Oilers,EDM,NA,NA,3502500,1167500,3,2022,2022,20222023,2022-03-31,RFA
8478508,Yakov Trenin,exact,"C, LW, RW",Nashville Predators,NSH,Nashville Predators,NSH,3400000,1700000,2,2022,2022,20222023,2022-08-05,UFA
8479944,Zach Aston-Reese,first_name_variant,C,Toronto Maple Leafs,TOR,Pittsburgh Penguins,PIT,840630,840630,1,2022,2022,20222023,2022-10-09,UFA
8477482,Zachary Sanford,exact,"C, LW",Nashville Predators,NSH,Ottawa Senators,OTT,850000,850000,1,2022,2022,20222023,2022-07-15,UFA
NA,Zachary Uens,unmatched,LD,Florida Panthers,FLA,NA,NA,2775000,925000,3,2022,2022,20222023,2022-03-16,other
8479772,Zack MacEwen,exact,RW,Philadelphia Flyers,PHI,Philadelphia Flyers,PHI,925000,925000,1,2022,2022,20222023,2022-08-02,other
8484166,Adam Fantilli,exact,"C, LW",Columbus Blue Jackets,CBJ,NA,NA,12450000,4150000,3,2023,2023,20232024,2023-07-01,RFA
8478874,Adam Gaudette,exact,RW,St. Louis Blues,STL,Chicago Blackhawks,CHI,775000,775000,1,2023,2023,20232024,2023-06-21,UFA
NA,Aidan Fulp,unmatched,RD,New York Islanders,NYI,NA,NA,1900000,950000,2,2023,2023,20232024,2023-03-31,other
8480851,Akil Thomas,exact,"RW, C",Los Angeles Kings,LAK,NA,NA,775000,775000,1,2023,2023,20232024,2023-07-08,other
8484254,Akito Hirose,exact,LD,Vancouver Canucks,VAN,Vancouver Canucks,VAN,950000,2026667,1,2023,2023,20232024,2023-03-29,other
8484254,Akito Hirose,exact,LD,Vancouver Canucks,VAN,Vancouver Canucks,VAN,1575000,787500,2,2023,2023,20232024,2023-07-02,other
NA,Aku Raty,unmatched,RW,Arizona Coyotes,ARI,NA,NA,1850000,925000,2,2023,2023,20232024,2023-05-03,other
8480831,Alec Regula,exact,RD,Boston Bruins,BOS,Chicago Blackhawks,CHI,775000,775000,1,2023,2023,20232024,2023-07-17,other
8475968,Alex Belzile,exact,RW,New York Rangers,NYR,Montréal Canadiens,MTL,1550000,775000,2,2023,2023,20232024,2023-07-01,UFA
8479337,Alex DeBrincat,exact,"RW, LW",Detroit Red Wings,DET,Ottawa Senators,OTT,31500000,7875000,4,2023,2023,20232024,2023-07-09,UFA
8477021,Alex Kerfoot,exact,"C, RW",Arizona Coyotes,ARI,Toronto Maple Leafs,TOR,7000000,3500000,2,2023,2023,20232024,2023-07-01,UFA
8473986,Alex Killorn,exact,"LW, RW",Anaheim Ducks,ANA,Tampa Bay Lightning,TBL,25000000,6250000,4,2023,2023,20232024,2023-07-01,UFA
8482155,Alex Laferriere,exact,"RW, LW",Los Angeles Kings,LAK,NA,NA,2625000,875000,3,2023,2023,20232024,2023-04-09,RFA
NA,Alex Limoges,unmatched,C,Washington Capitals,WSH,NA,NA,775000,775000,1,2023,2023,20232024,2023-07-03,other
8481618,Alex Newhook,exact,"C, LW, RW",Montreal Canadiens,MTL,Colorado Avalanche,COL,11600000,2900000,4,2023,2023,20232024,2023-07-11,other
8480823,Alexander Alexeyev,exact,"LD, RD",Washington Capitals,WSH,Washington Capitals,WSH,1650000,825000,2,2023,2023,20232024,2023-05-02,other
8479423,Alexander Nylander,first_name_variant,"LW, RW",Pittsburgh Penguins,PIT,Pittsburgh Penguins,PIT,775000,775000,1,2023,2023,20232024,2023-04-29,UFA
8475755,Alexander Petrovic,exact,RD,Dallas Stars,DAL,Florida Panthers,FLA,775000,775000,1,2023,2023,20232024,2023-06-07,UFA
8478851,Alexandre Carrier,exact,RD,Nashville Predators,NSH,Nashville Predators,NSH,2500000,2500000,1,2023,2023,20232024,2023-07-01,UFA
NA,Alexandre Doucet,unmatched,LW,Detroit Red Wings,DET,NA,NA,2850000,950000,3,2023,2023,20232024,2023-03-01,RFA
8480281,Alexey Toropchenko,exact,"RW, LW",St. Louis Blues,STL,St. Louis Blues,STL,2500000,1250000,2,2023,2023,20232024,2023-07-16,other
NA,Alexis Gendron,unmatched,RW,Philadelphia Flyers,PHI,NA,NA,2580000,860000,3,2023,2023,20232024,2023-07-25,RFA
8476960,Andreas Athanasiou,exact,"C, RW",Chicago Blackhawks,CHI,Chicago Blackhawks,CHI,8500000,4250000,2,2023,2023,20232024,2023-06-07,UFA
8477971,Andreas Englund,exact,LD,Los Angeles Kings,LAK,Colorado Avalanche,COL,2000000,1000000,2,2023,2023,20232024,2023-07-01,UFA
8483808,Andrei Kuzmenko,exact,"LW, RW",Vancouver Canucks,VAN,Vancouver Canucks,VAN,11000000,5500000,2,2023,2023,20232024,2023-01-26,UFA
NA,Andrew Cristall,unmatched,LW,Washington Capitals,WSH,NA,NA,2850000,950000,3,2023,2023,20232024,2023-07-06,RFA
NA,Angus Booth,unmatched,LD,Los Angeles Kings,LAK,NA,NA,2557500,852500,3,2023,2023,20232024,2023-12-29,RFA
8478074,Anthony Angello,exact,C,Nashville Predators,NSH,Pittsburgh Penguins,PIT,1550000,775000,2,2023,2023,20232024,2023-07-01,UFA
8478409,Anthony Richard,exact,"RW, LW, C",Boston Bruins,BOS,Montréal Canadiens,MTL,775000,775000,1,2023,2023,20232024,2023-07-01,UFA
8477320,Anton Blidh,exact,LW,New York Rangers,NYR,Colorado Avalanche,COL,1550000,775000,2,2023,2023,20232024,2023-06-07,UFA
NA,Anton Malmstrom,unmatched,LD,St. Louis Blues,STL,NA,NA,1900000,950000,2,2023,2023,20232024,2023-03-06,other
NA,Anton Wahlberg,unmatched,C,Buffalo Sabres,BUF,NA,NA,2850000,950000,3,2023,2023,20232024,2023-07-14,RFA
NA,Antti Saarela,unmatched,C,Chicago Blackhawks,CHI,NA,NA,1850000,925000,2,2023,2023,20232024,2023-03-28,other
NA,Antti Tuomisto,unmatched,RD,Detroit Red Wings,DET,NA,NA,1850000,925000,2,2023,2023,20232024,2023-03-19,other
8471685,Anze Kopitar,exact,C,Los Angeles Kings,LAK,Los Angeles Kings,LAK,14000000,7000000,2,2023,2023,20232024,2023-07-06,UFA
NA,Artem Guryev,unmatched,LD,San Jose Sharks,SJS,NA,NA,2580000,860000,3,2023,2023,20232024,2023-04-14,RFA
8479318,Auston Matthews,exact,C,Toronto Maple Leafs,TOR,Toronto Maple Leafs,TOR,53000000,13250000,4,2023,2023,20232024,2023-08-23,UFA
8479536,Axel Jonsson-Fjallby,exact,"C, LW",Winnipeg Jets,WPG,Winnipeg Jets,WPG,1550000,775000,2,2023,2023,20232024,2023-07-03,UFA
NA,Beau Akey,unmatched,RD,Edmonton Oilers,EDM,NA,NA,2850000,950000,3,2023,2023,20232024,2023-10-10,RFA
8479416,Ben Gleason,exact,LD,Edmonton Oilers,EDM,Dallas Stars,DAL,1550000,775000,2,2023,2023,20232024,2023-07-02,UFA
8477433,Ben Harpur,exact,LD,New York Rangers,NYR,New York Rangers,NYR,1575000,787500,2,2023,2023,20232024,2023-01-26,UFA
NA,Ben Hemmerling,unmatched,RW,Vegas Golden Knights,VGK,NA,NA,2532500,844167,3,2023,2023,20232024,2023-11-26,RFA
8477018,Ben Hutton,exact,"LD, RD",Vegas Golden Knights,VGK,Vegas Golden Knights,VGK,1950000,975000,2,2023,2023,20232024,2023-12-22,UFA
8480259,Ben Jones,exact,C,Calgary Flames,CGY,Vegas Golden Knights,VGK,775000,775000,1,2023,2023,20232024,2023-07-06,other
8483570,Ben Meyers,exact,"LW, C",Colorado Avalanche,COL,Colorado Avalanche,COL,775000,775000,1,2023,2023,20232024,2023-07-26,other
8480870,Bo Groulx,exact,"C, LW, RW",Anaheim Ducks,ANA,Anaheim Ducks,ANA,775000,775000,1,2023,2023,20232024,2023-07-14,other
8477500,Bo Horvat,exact,"C, RW, LW",New York Islanders,NYI,Vancouver Canucks,VAN,68000000,8500000,8,2023,2023,20232024,2023-02-05,UFA
8478147,Bokondji Imama,exact,LW,Ottawa Senators,OTT,Arizona Coyotes,ARI,775000,775000,1,2023,2023,20232024,2023-07-01,UFA
8481524,Bowen Byram,exact,"LD, RD",Colorado Avalanche,COL,Colorado Avalanche,COL,7700000,3850000,2,2023,2023,20232024,2023-07-01,other
NA,Brady Stonehouse,unmatched,RW,Edmonton Oilers,EDM,NA,NA,2535000,845000,3,2023,2023,20232024,2023-10-05,RFA
8479520,Brandon Duhaime,exact,RW,Minnesota Wild,MIN,Minnesota Wild,MIN,1100000,1100000,1,2023,2023,20232024,2023-07-16,UFA
8479542,Brandon Hagel,exact,"LW, RW",Tampa Bay Lightning,TBL,Tampa Bay Lightning,TBL,52000000,6500000,8,2023,2023,20232024,2023-08-22,UFA
NA,Brandon Scanlin,unmatched,LD,New York Rangers,NYR,NA,NA,775000,775000,1,2023,2023,20232024,2023-08-01,other
8481167,Brayden Pachal,exact,RD,Vegas Golden Knights,VGK,Vegas Golden Knights,VGK,1550000,775000,2,2023,2023,20232024,2023-06-29,other
8482132,Brett Berard,exact,LW,New York Rangers,NYR,NA,NA,2775000,925000,3,2023,2023,20232024,2023-03-21,RFA
8479353,Brett Howden,exact,"LW, C",Vegas Golden Knights,VGK,Vegas Golden Knights,VGK,3800000,1900000,2,2023,2023,20232024,2023-07-19,UFA
8479419,Brett Murray,exact,LW,Buffalo Sabres,BUF,Buffalo Sabres,BUF,775000,775000,1,2023,2023,20232024,2023-07-14,other
8478881,Brett Seney,exact,LW,Chicago Blackhawks,CHI,Chicago Blackhawks,CHI,775000,775000,1,2023,2023,20232024,2023-03-29,UFA
8475208,Brian Dumoulin,exact,LD,Seattle Kraken,SEA,Pittsburgh Penguins,PIT,6300000,3150000,2,2023,2023,20232024,2023-07-01,UFA
8482122,Brock Faber,exact,RD,Minnesota Wild,MIN,Minnesota Wild,MIN,3025000,1008333,3,2023,2023,20232024,2023-04-09,RFA
8481479,Brogan Rafferty,exact,RD,Detroit Red Wings,DET,Vancouver Canucks,VAN,1550000,775000,2,2023,2023,20232024,2023-07-01,UFA
NA,Bryce McConnell-Barker,unmatched,C,New York Rangers,NYR,NA,NA,2850000,950000,3,2023,2023,20232024,2023-03-23,RFA
NA,Caedan Bankier,unmatched,C,Minnesota Wild,MIN,NA,NA,2775000,925000,3,2023,2023,20232024,2023-03-01,RFA
8479985,Cale Fleury,exact,RD,Seattle Kraken,SEA,Seattle Kraken,SEA,1600000,800000,2,2023,2023,20232024,2023-07-09,other
8478452,Caleb Jones,exact,"RD, LD",Carolina Hurricanes,CAR,Chicago Blackhawks,CHI,775000,775000,1,2023,2023,20232024,2023-08-10,UFA
8482250,Callahan Burke,exact,C,Colorado Avalanche,COL,Colorado Avalanche,COL,775000,775000,1,2023,2023,20232024,2023-04-12,UFA
8475177,Calvin de Haan,exact,"LD, RD",Tampa Bay Lightning,TBL,Carolina Hurricanes,CAR,775000,775000,1,2023,2023,20232024,2023-07-02,UFA
8479341,Cam Dineen,exact,LD,Edmonton Oilers,EDM,Arizona Coyotes,ARI,775000,775000,1,2023,2023,20232024,2023-04-16,other
8481546,Cam York,exact,"LD, RD",Philadelphia Flyers,PHI,Philadelphia Flyers,PHI,3200000,1600000,2,2023,2023,20232024,2023-07-10,other
NA,Cameron Butler,unmatched,RW,Columbus Blue Jackets,CBJ,NA,NA,2575000,858333,3,2023,2023,20232024,2023-03-16,RFA
8480075,Cameron Crotty,exact,RD,Arizona Coyotes,ARI,NA,NA,775000,775000,1,2023,2023,20232024,2023-06-30,other
NA,Carl Berglund,unmatched,C,Edmonton Oilers,EDM,NA,NA,1900000,950000,2,2023,2023,20232024,2023-03-22,other
8480292,Carson Meyer,exact,"LW, RW",Columbus Blue Jackets,CBJ,Columbus Blue Jackets,CBJ,775000,775000,1,2023,2023,20232024,2023-06-23,other
8477369,Carson Soucy,exact,"LD, RD",Vancouver Canucks,VAN,Seattle Kraken,SEA,9750000,3250000,3,2023,2023,20232024,2023-07-01,UFA
8482802,Carter Mazur,exact,LW,Detroit Red Wings,DET,NA,NA,2775000,925000,3,2023,2023,20232024,2023-03-28,RFA
8479578,Casey Fitzgerald,exact,RD,Florida Panthers,FLA,Buffalo Sabres,BUF,775000,775000,1,2023,2023,20232024,2023-07-17,UFA
8479597,Chase Priskie,exact,RD,Washington Capitals,WSH,Florida Panthers,FLA,775000,775000,1,2023,2023,20232024,2023-07-05,UFA
NA,Chase Wheatcroft,unmatched,C,Dallas Stars,DAL,NA,NA,2747500,915833,3,2023,2023,20232024,2023-03-18,RFA
8475780,Chris Wagner,exact,"C, RW",Colorado Avalanche,COL,Boston Bruins,BOS,775000,775000,1,2023,2023,20232024,2023-07-01,UFA
8478432,Christian Fischer,exact,"RW, C",Detroit Red Wings,DET,Arizona Coyotes,ARI,1125000,1125000,1,2023,2023,20232024,2023-07-02,UFA
NA,Christian Kyrou,unmatched,RD,Dallas Stars,DAL,NA,NA,2850000,950000,3,2023,2023,20232024,2023-03-08,RFA
8478846,Christian Wolanin,exact,LD,Vancouver Canucks,VAN,Vancouver Canucks,VAN,1550000,775000,2,2023,2023,20232024,2023-03-23,UFA
NA,Christoffer Sedoff,unmatched,LD,Vegas Golden Knights,VGK,NA,NA,2850000,950000,3,2023,2023,20232024,2023-03-02,RFA
8478056,Clark Bishop,exact,C,Calgary Flames,CGY,Ottawa Senators,OTT,1550000,775000,2,2023,2023,20232024,2023-06-14,UFA
8479996,Cody Glass,exact,"RW, LW, C",Nashville Predators,NSH,Nashville Predators,NSH,5000000,2500000,2,2023,2023,20232024,2023-07-01,other
NA,Colby Barlow,unmatched,LW,Winnipeg Jets,WPG,NA,NA,3600000,1200000,3,2023,2023,20232024,2023-09-21,RFA
8481540,Cole Caufield,exact,"RW, LW",Montreal Canadiens,MTL,Montréal Canadiens,MTL,62800000,7850000,8,2023,2023,20232024,2023-06-05,UFA
8481043,Cole Koepke,exact,"LW, RW",Tampa Bay Lightning,TBL,Tampa Bay Lightning,TBL,775000,775000,1,2023,2023,20232024,2023-06-14,other
NA,Cole Krygier,unmatched,LD,Los Angeles Kings,LAK,NA,NA,1675000,837500,2,2023,2023,20232024,2023-03-25,other
8484287,Cole McWard,exact,RD,Vancouver Canucks,VAN,Vancouver Canucks,VAN,1900000,950000,2,2023,2023,20232024,2023-04-04,other
8482062,Cole Smith,exact,"LW, RW",Nashville Predators,NSH,Nashville Predators,NSH,775000,775000,1,2023,2023,20232024,2023-02-06,UFA
8478400,Colin White,exact,"RW, LW, C",Pittsburgh Penguins,PIT,Florida Panthers,FLA,775000,775000,1,2023,2023,20232024,2023-10-07,UFA
8484144,Connor Bedard,exact,"C, RW",Chicago Blackhawks,CHI,NA,NA,13350000,4450000,3,2023,2023,20232024,2023-07-17,RFA
8477015,Connor Brown,exact,RW,Edmonton Oilers,EDM,Washington Capitals,WSH,4000000,4000000,1,2023,2023,20232024,2023-07-01,UFA
8476941,Connor Carrick,exact,RD,Seattle Kraken,SEA,Boston Bruins,BOS,775000,775000,1,2023,2023,20232024,2023-07-03,UFA
8477365,Connor Clifton,exact,"RD, LD",Buffalo Sabres,BUF,Boston Bruins,BOS,10000000,3333333,3,2023,2023,20232024,2023-07-01,UFA
8482067,Connor Mackey,exact,LD,New York Rangers,NYR,Calgary Flames,CGY,775000,775000,1,2023,2023,20232024,2023-07-01,UFA
8477839,Conor Sheary,exact,"LW, C, RW",Tampa Bay Lightning,TBL,Washington Capitals,WSH,6000000,2000000,3,2023,2023,20232024,2023-07-01,UFA
8479982,Conor Timmins,exact,RD,Toronto Maple Leafs,TOR,Arizona Coyotes,ARI,2200000,1100000,2,2023,2023,20232024,2023-02-09,other
8470621,Corey Perry,exact,RW,Chicago Blackhawks,CHI,Tampa Bay Lightning,TBL,4000000,4000000,1,2023,2023,20232024,2023-06-30,UFA
8481461,Corey Schueneman,exact,"LD, RD",Colorado Avalanche,COL,Montréal Canadiens,MTL,775000,775000,1,2023,2023,20232024,2023-07-01,UFA
NA,Corson Ceulemans,unmatched,RD,Columbus Blue Jackets,CBJ,NA,NA,2775000,925000,3,2023,2023,20232024,2023-03-07,RFA
8475225,Craig Smith,exact,"RW, LW, C",Dallas Stars,DAL,Boston Bruins,BOS,1000000,1000000,1,2023,2023,20232024,2023-07-01,UFA
8477541,Dakota Mermis,exact,"LD, RD",Minnesota Wild,MIN,Minnesota Wild,MIN,775000,775000,1,2023,2023,20232024,2023-06-30,UFA
NA,Dalibor Dvorsky,unmatched,C,St. Louis Blues,STL,NA,NA,5200000,1733333,3,2023,2023,20232024,2023-07-14,RFA
8476923,Damon Severson,exact,"RD, LD",New Jersey Devils,NJD,New Jersey Devils,NJD,50000000,6250000,8,2023,2023,20232024,2023-06-09,UFA
8478466,Daniel Sprong,exact,RW,Detroit Red Wings,DET,Seattle Kraken,SEA,2000000,2000000,1,2023,2023,20232024,2023-07-01,UFA
NA,Daniil Misyul,unmatched,LD,New Jersey Devils,NJD,NA,NA,1850000,925000,2,2023,2023,20232024,2023-05-01,other
8479371,Dante Fabbro,exact,RD,Nashville Predators,NSH,Nashville Predators,NSH,2500000,2500000,1,2023,2023,20232024,2023-03-03,other
8478046,Danton Heinen,exact,"LW, RW",Boston Bruins,BOS,Pittsburgh Penguins,PIT,775000,775000,1,2023,2023,20232024,2023-10-30,UFA
8478178,Darren Raddysh,exact,"RD, LD",Tampa Bay Lightning,TBL,Tampa Bay Lightning,TBL,1950000,975000,2,2023,2023,20232024,2023-08-23,UFA
NA,David Edstrom,unmatched,C,Vegas Golden Knights,VGK,NA,NA,2850000,950000,3,2023,2023,20232024,2023-07-15,RFA
NA,David Goyette,unmatched,C,Seattle Kraken,SEA,NA,NA,2850000,950000,3,2023,2023,20232024,2023-04-10,RFA
8480144,David Kampf,exact,C,Toronto Maple Leafs,TOR,Toronto Maple Leafs,TOR,9600000,2400000,4,2023,2023,20232024,2023-06-28,UFA
8477956,David Pastrnak,exact,RW,Boston Bruins,BOS,Boston Bruins,BOS,90000000,11250000,8,2023,2023,20232024,2023-03-02,UFA
NA,David Reinbacher,unmatched,RD,Montreal Canadiens,MTL,NA,NA,6350000,2116667,3,2023,2023,20232024,2023-07-05,RFA
NA,David Spacek,unmatched,RD,Minnesota Wild,MIN,NA,NA,2625000,875000,3,2023,2023,20232024,2023-03-06,RFA
NA,Daylan Kuefler,unmatched,LW,New York Islanders,NYI,NA,NA,2520000,840000,3,2023,2023,20232024,2023-05-19,RFA
8480990,Declan Chisholm,exact,"RD, LD",Winnipeg Jets,WPG,Winnipeg Jets,WPG,775000,775000,1,2023,2023,20232024,2023-09-13,other
8478585,Derek Ryan,exact,"C, RW",Edmonton Oilers,EDM,Edmonton Oilers,EDM,1800000,900000,2,2023,2023,20232024,2023-06-13,UFA
8476884,Derrick Pouliot,exact,"LD, RD",San Jose Sharks,SJS,San Jose Sharks,SJS,750000,750000,1,2023,2023,20232024,2023-03-02,UFA
8476884,Derrick Pouliot,exact,"LD, RD",Dallas Stars,DAL,San Jose Sharks,SJS,775000,775000,1,2023,2023,20232024,2023-07-04,UFA
8476913,Devin Shore,exact,"LW, C",Seattle Kraken,SEA,Edmonton Oilers,EDM,775000,775000,1,2023,2023,20232024,2023-08-31,UFA
8478038,Devon Toews,exact,LD,Colorado Avalanche,COL,Colorado Avalanche,COL,50750000,7250000,7,2023,2023,20232024,2023-10-13,UFA
NA,Djibril Toure,unmatched,RD,Ottawa Senators,OTT,NA,NA,2415000,805000,3,2023,2023,20232024,2023-09-21,RFA
8481716,Dmitri Voronkov,exact,"C, LW",Columbus Blue Jackets,CBJ,NA,NA,1850000,925000,2,2023,2023,20232024,2023-05-04,other
8475179,Dmitry Kulikov,exact,"LD, RD",Florida Panthers,FLA,Anaheim Ducks,ANA,1000000,1000000,1,2023,2023,20232024,2023-07-01,UFA
8475200,Dmitry Orlov,exact,"LD, RD",Carolina Hurricanes,CAR,Washington Capitals,WSH,15500000,7750000,2,2023,2023,20232024,2023-07-01,UFA
NA,Domenick Fensore,unmatched,LD,Carolina Hurricanes,CAR,NA,NA,1850000,925000,2,2023,2023,20232024,2023-04-15,other
8476952,Dominic Toninato,exact,"RW, C",Winnipeg Jets,WPG,Winnipeg Jets,WPG,1550000,775000,2,2023,2023,20232024,2023-04-19,UFA
8479465,Drake Caggiula,exact,LW,Edmonton Oilers,EDM,Pittsburgh Penguins,PIT,1550000,775000,2,2023,2023,20232024,2023-07-01,UFA
8482055,Drew O'Connor,exact,"LW, RW",Pittsburgh Penguins,PIT,Pittsburgh Penguins,PIT,1850000,925000,2,2023,2023,20232024,2023-08-02,UFA
8478211,Dryden Hunt,exact,"LW, RW",Calgary Flames,CGY,New York Rangers,NYR,1550000,775000,2,2023,2023,20232024,2023-07-02,UFA
8479639,Dylan Coghlan,exact,RD,Carolina Hurricanes,CAR,Carolina Hurricanes,CAR,850000,850000,1,2023,2023,20232024,2023-07-05,other
8481528,Dylan Cozens,exact,"C, RW",Buffalo Sabres,BUF,Buffalo Sabres,BUF,49700000,7100000,7,2023,2023,20232024,2023-02-07,UFA
8479580,Dylan Gambrell,exact,C,Toronto Maple Leafs,TOR,Ottawa Senators,OTT,775000,775000,1,2023,2023,20232024,2023-07-03,UFA
8477946,Dylan Larkin,exact,C,Detroit Red Wings,DET,Detroit Red Wings,DET,69600000,8700000,8,2023,2023,20232024,2023-03-01,UFA
8475795,Dylan McIlrath,exact,RD,Washington Capitals,WSH,Washington Capitals,WSH,1550000,775000,2,2023,2023,20232024,2023-07-02,UFA
8480049,Dylan Samberg,exact,"LD, RD",Winnipeg Jets,WPG,Winnipeg Jets,WPG,2800000,1400000,2,2023,2023,20232024,2023-07-05,other
8478440,Dylan Strome,exact,C,Washington Capitals,WSH,Washington Capitals,WSH,25000000,5000000,5,2023,2023,20232024,2023-02-03,UFA
NA,Easton Cowan,unmatched,RW,Toronto Maple Leafs,TOR,NA,NA,2807500,935833,3,2023,2023,20232024,2023-08-10,RFA
NA,Eduard Sale,unmatched,LW,Seattle Kraken,SEA,NA,NA,2850000,950000,3,2023,2023,20232024,2023-07-15,RFA
NA,Eetu Liukas,unmatched,LW,New York Islanders,NYI,NA,NA,2775000,925000,3,2023,2023,20232024,2023-06-07,RFA
8480185,Eetu Luostarinen,exact,"LW, RW, C",Florida Panthers,FLA,Florida Panthers,FLA,9000000,3000000,3,2023,2023,20232024,2023-07-25,UFA
8481102,Egor Sokolov,exact,LW,Ottawa Senators,OTT,Ottawa Senators,OTT,775000,775000,1,2023,2023,20232024,2023-09-19,other
8481178,Egor Zamula,exact,"LD, RD",Philadelphia Flyers,PHI,Philadelphia Flyers,PHI,775000,775000,1,2023,2023,20232024,2023-05-02,other
8480012,Elias Pettersson,manual_override,LD,Vancouver Canucks,VAN,NA,NA,2850000,950000,3,2023,2023,20232024,2023-04-19,RFA
NA,Emil Andrae,unmatched,"RD, LD",Philadelphia Flyers,PHI,NA,NA,2775000,925000,3,2023,2023,20232024,2023-03-27,RFA
8482929,Emil Lilleberg,exact,"LD, RD",Tampa Bay Lightning,TBL,NA,NA,1900000,950000,2,2023,2023,20232024,2023-06-05,RFA
NA,Emil Pieniniemi,unmatched,LD,Pittsburgh Penguins,PIT,NA,NA,2850000,950000,3,2023,2023,20232024,2023-07-14,RFA
8480073,Erik Brannstrom,exact,"LD, RD, LW",Ottawa Senators,OTT,Ottawa Senators,OTT,2000000,2000000,1,2023,2023,20232024,2023-07-01,other
8476979,Erik Gustafsson,exact,LD,New York Rangers,NYR,Washington Capitals,WSH,825000,825000,1,2023,2023,20232024,2023-07-01,UFA
8475287,Erik Haula,exact,"C, LW",New Jersey Devils,NJD,New Jersey Devils,NJD,9450000,3150000,3,2023,2023,20232024,2023-06-23,UFA
8473446,Erik Johnson,exact,RD,Buffalo Sabres,BUF,Colorado Avalanche,COL,3250000,3250000,1,2023,2023,20232024,2023-07-01,UFA
8478451,Ethan Bear,exact,RD,Washington Capitals,WSH,Vancouver Canucks,VAN,4125000,2062500,2,2023,2023,20232024,2023-12-28,UFA
NA,Ethan Cardwell,unmatched,RW,San Jose Sharks,SJS,NA,NA,2775000,925000,3,2023,2023,20232024,2023-04-14,RFA
NA,Ethan Gauthier,unmatched,RW,Tampa Bay Lightning,TBL,NA,NA,2850000,950000,3,2023,2023,20232024,2023-12-14,RFA
8483573,Ethen Frank,exact,C,Washington Capitals,WSH,NA,NA,775000,775000,1,2023,2023,20232024,2023-03-02,other
8480803,Evan Bouchard,exact,RD,Edmonton Oilers,EDM,Edmonton Oilers,EDM,7800000,3900000,2,2023,2023,20232024,2023-08-24,other
8478542,Evan Rodrigues,exact,"RW, LW, C",Florida Panthers,FLA,Colorado Avalanche,COL,12000000,3000000,4,2023,2023,20232024,2023-07-02,UFA
8474149,Evgenii Dadonov,exact,RW,Dallas Stars,DAL,Montréal Canadiens,MTL,4500000,2250000,2,2023,2023,20232024,2023-06-27,UFA
NA,Fabian Wagner,unmatched,C,Winnipeg Jets,WPG,NA,NA,2575000,858333,3,2023,2023,20232024,2023-06-15,RFA
8480188,Fabian Zetterlund,exact,"LW, RW",San Jose Sharks,SJS,New Jersey Devils,NJD,2900000,1450000,2,2023,2023,20232024,2023-07-01,other
NA,Fedor Svechkov,unmatched,C,Nashville Predators,NSH,NA,NA,3200000,1066667,3,2023,2023,20232024,2023-05-05,RFA
NA,Felix Unger Sorum,unmatched,RW,Carolina Hurricanes,CAR,NA,NA,2580000,860000,3,2023,2023,20232024,2023-07-15,RFA
NA,Filip Bystedt,unmatched,C,San Jose Sharks,SJS,NA,NA,3100000,1033333,3,2023,2023,20232024,2023-06-12,RFA
8480078,Filip Chytil,exact,C,New York Rangers,NYR,New York Rangers,NYR,17750000,4437500,4,2023,2023,20232024,2023-03-29,UFA
NA,Frederic Brunet,unmatched,LD,Boston Bruins,BOS,NA,NA,2580000,860000,3,2023,2023,20232024,2023-10-04,RFA
8477919,Frederick Gaudreau,exact,"C, RW, LW",Minnesota Wild,MIN,Minnesota Wild,MIN,10500000,2100000,5,2023,2023,20232024,2023-04-13,UFA
8479518,Fredrik Karlstrom,exact,C,Dallas Stars,DAL,Dallas Stars,DAL,775000,775000,1,2023,2023,20232024,2023-06-06,other
8480863,Gabriel Fortier,exact,LW,Tampa Bay Lightning,TBL,Tampa Bay Lightning,TBL,775000,775000,1,2023,2023,20232024,2023-06-21,other
8480014,Gabriel Vilardi,exact,"RW, C",Winnipeg Jets,WPG,Los Angeles Kings,LAK,6875000,3437500,2,2023,2023,20232024,2023-07-19,other
8479748,Gage Quinney,exact,C,Vegas Golden Knights,VGK,Vegas Golden Knights,VGK,1550000,775000,2,2023,2023,20232024,2023-07-01,UFA
8477903,Garnet Hathaway,exact,RW,Philadelphia Flyers,PHI,Washington Capitals,WSH,4750000,2375000,2,2023,2023,20232024,2023-07-01,UFA
8479516,Garrett Pilon,exact,C,Ottawa Senators,OTT,Washington Capitals,WSH,775000,775000,1,2023,2023,20232024,2023-07-01,other
NA,Gavin Hayes,unmatched,LW,Chicago Blackhawks,CHI,NA,NA,2850000,950000,3,2023,2023,20232024,2023-04-03,RFA
NA,Gavin White,unmatched,RD,Dallas Stars,DAL,NA,NA,2732500,910833,3,2023,2023,20232024,2023-03-02,RFA
8479379,Givani Smith,exact,RW,San Jose Sharks,SJS,Detroit Red Wings,DET,1600000,800000,2,2023,2023,20232024,2023-07-01,UFA
8480844,Grigori Denisenko,exact,LW,Florida Panthers,FLA,Florida Panthers,FLA,1550000,775000,2,2023,2023,20232024,2023-07-01,other
8478465,Guillaume Brisebois,exact,LD,Vancouver Canucks,VAN,Vancouver Canucks,VAN,1550000,775000,2,2023,2023,20232024,2023-03-07,UFA
8480184,Gustav Lindstrom,exact,"RD, LD",Detroit Red Wings,DET,Detroit Red Wings,DET,950000,950000,1,2023,2023,20232024,2023-07-01,UFA
8474679,Gustav Nyquist,exact,"RW, C",Nashville Predators,NSH,Columbus Blue Jackets,CBJ,6370000,3185000,2,2023,2023,20232024,2023-07-01,UFA
8477467,Gustav Olofsson,exact,LD,Seattle Kraken,SEA,Seattle Kraken,SEA,1550000,775000,2,2023,2023,20232024,2023-06-27,UFA
8481567,Henry Thrun,exact,LD,San Jose Sharks,SJS,San Jose Sharks,SJS,2062500,1031250,2,2023,2023,20232024,2023-03-25,other
8477392,Hudson Fasching,exact,"RW, LW",New York Islanders,NYI,New York Islanders,NYI,1550000,775000,2,2023,2023,20232024,2023-05-01,UFA
8481070,Hugh McGing,exact,LW,St. Louis Blues,STL,St. Louis Blues,STL,775000,775000,1,2023,2023,20232024,2023-07-06,other
8483452,Hunter Haight,exact,C,Minnesota Wild,MIN,NA,NA,2850000,950000,3,2023,2023,20232024,2023-03-02,RFA
8484125,Hunter McKown,exact,C,Columbus Blue Jackets,CBJ,Columbus Blue Jackets,CBJ,4100000,1366667,3,2023,2023,20232024,2023-03-20,RFA
8474013,Ian Cole,exact,"LD, RD",Vancouver Canucks,VAN,Tampa Bay Lightning,TBL,3000000,3000000,1,2023,2023,20232024,2023-07-01,UFA
8480070,Ian Mitchell,exact,RD,Boston Bruins,BOS,Chicago Blackhawks,CHI,775000,775000,1,2023,2023,20232024,2023-07-10,other
NA,Isaac Belliveau,unmatched,LD,Pittsburgh Penguins,PIT,NA,NA,2625000,875000,3,2023,2023,20232024,2023-03-01,RFA
NA,Isaiah George,unmatched,LD,New York Islanders,NYI,NA,NA,2850000,950000,3,2023,2023,20232024,2023-09-13,RFA
8477964,Ivan Barbashev,exact,"LW, C",Vegas Golden Knights,VGK,St. Louis Blues,STL,25000000,5000000,5,2023,2023,20232024,2023-06-28,UFA
NA,Ivan Miroshnichenko,unmatched,"LW, RW",Washington Capitals,WSH,NA,NA,5100000,1700000,3,2023,2023,20232024,2023-05-01,RFA
8477456,J.T. Compher,exact,"C, LW",Detroit Red Wings,DET,Colorado Avalanche,COL,25500000,5100000,5,2023,2023,20232024,2023-07-01,UFA
8482072,Jack Ahcan,exact,LD,Colorado Avalanche,COL,Boston Bruins,BOS,1550000,775000,2,2023,2023,20232024,2023-07-01,UFA
8471677,Jack Johnson,exact,"LD, RD",Colorado Avalanche,COL,Chicago Blackhawks,CHI,775000,775000,1,2023,2023,20232024,2023-07-02,UFA
8480855,Jack McBain,exact,C,Arizona Coyotes,ARI,Arizona Coyotes,ARI,3199998,1599999,2,2023,2023,20232024,2023-07-30,other
NA,Jackson Edward,unmatched,LD,Boston Bruins,BOS,NA,NA,2580000,860000,3,2023,2023,20232024,2023-10-25,RFA
8481605,Jackson LaCombe,exact,"RD, LD",Anaheim Ducks,ANA,Anaheim Ducks,ANA,2775000,1387500,2,2023,2023,20232024,2023-04-10,other
8480879,Jacob Bernard-Docker,exact,RD,Ottawa Senators,OTT,Ottawa Senators,OTT,1610000,805000,2,2023,2023,20232024,2023-07-01,other
8481422,Jacob Lucchini,exact,C,Minnesota Wild,MIN,Ottawa Senators,OTT,775000,775000,1,2023,2023,20232024,2023-07-01,UFA
NA,Jagger Firkus,unmatched,RW,Seattle Kraken,SEA,NA,NA,2850000,950000,3,2023,2023,20232024,2023-04-28,RFA
NA,Jake Chiasson,unmatched,RW,Edmonton Oilers,EDM,NA,NA,2530000,843333,3,2023,2023,20232024,2023-03-18,RFA
8481161,Jake Christiansen,exact,"LD, RD",Columbus Blue Jackets,CBJ,Columbus Blue Jackets,CBJ,775000,775000,1,2023,2023,20232024,2023-06-05,other
NA,Jake Furlong,unmatched,LD,San Jose Sharks,SJS,NA,NA,2637500,879167,3,2023,2023,20232024,2023-10-05,RFA
8484256,Jake Livingstone,exact,RD,Nashville Predators,NSH,Nashville Predators,NSH,950000,2310000,1,2023,2023,20232024,2023-03-29,other
8484256,Jake Livingstone,exact,RD,Nashville Predators,NSH,Nashville Predators,NSH,1550000,775000,2,2023,2023,20232024,2023-06-27,other
8482105,Jake Sanderson,exact,LD,Ottawa Senators,OTT,Ottawa Senators,OTT,64400000,8050000,8,2023,2023,20232024,2023-09-06,UFA
8478013,Jake Walman,exact,"LD, RD",Detroit Red Wings,DET,Detroit Red Wings,DET,10200000,3400000,3,2023,2023,20232024,2023-02-28,UFA
NA,Jakub Demek,unmatched,C,Vegas Golden Knights,VGK,NA,NA,2555049,851683,3,2023,2023,20232024,2023-10-08,RFA
NA,Jakub Dvorak,unmatched,LD,Los Angeles Kings,LAK,NA,NA,2700000,900000,3,2023,2023,20232024,2023-07-14,RFA
8480880,Jakub Lauko,exact,"LW, RW, C",Boston Bruins,BOS,Boston Bruins,BOS,1575000,787500,2,2023,2023,20232024,2023-07-05,other
8474037,James van Riemsdyk,exact,LW,Boston Bruins,BOS,Philadelphia Flyers,PHI,1000000,1000000,1,2023,2023,20232024,2023-07-01,UFA
8482142,Jamie Drysdale,exact,RD,Anaheim Ducks,ANA,Anaheim Ducks,ANA,6900000,2300000,3,2023,2023,20232024,2023-10-05,other
8480890,Jan Jenik,exact,C,Arizona Coyotes,ARI,Arizona Coyotes,ARI,775000,775000,1,2023,2023,20232024,2023-09-20,other
NA,Jani Nyman,unmatched,RW,Seattle Kraken,SEA,NA,NA,2850000,950000,3,2023,2023,20232024,2023-06-11,RFA
8479994,Jaret Anderson-Dolan,exact,"RW, C",Los Angeles Kings,LAK,Los Angeles Kings,LAK,775000,775000,1,2023,2023,20232024,2023-07-01,other
8475797,Jarred Tinordi,exact,LD,Chicago Blackhawks,CHI,Chicago Blackhawks,CHI,1250000,1250000,1,2023,2023,20232024,2023-04-11,UFA
NA,Jason Polin,unmatched,RW,Colorado Avalanche,COL,NA,NA,950000,950000,1,2023,2023,20232024,2023-03-29,other
8475722,Jason Zucker,exact,"LW, RW",Arizona Coyotes,ARI,Pittsburgh Penguins,PIT,5300000,5300000,1,2023,2023,20232024,2023-07-01,UFA
NA,Jaxsen Wiebe,unmatched,RW,Anaheim Ducks,ANA,NA,NA,2557500,852500,3,2023,2023,20232024,2023-03-02,RFA
NA,Jayden Grubbe,unmatched,C,Edmonton Oilers,EDM,NA,NA,2775000,925000,3,2023,2023,20232024,2023-05-31,RFA
8481593,Jayden Struble,exact,"RD, LD",Montreal Canadiens,MTL,NA,NA,1850000,925000,2,2023,2023,20232024,2023-03-15,other
8479705,Jeffrey Viel,exact,LW,Winnipeg Jets,WPG,San Jose Sharks,SJS,775000,775000,1,2023,2023,20232024,2023-07-01,UFA
NA,Jeremie Biakabutuka,unmatched,RD,St. Louis Blues,STL,NA,NA,2475000,825000,3,2023,2023,20232024,2023-07-19,RFA
8479602,Jeremy Davies,exact,LD,Buffalo Sabres,BUF,Buffalo Sabres,BUF,775000,775000,1,2023,2023,20232024,2023-06-26,UFA
8480003,Jesper Boqvist,exact,"C, RW, LW",Boston Bruins,BOS,New Jersey Devils,NJD,775000,775000,1,2023,2023,20232024,2023-07-12,other
8479407,Jesper Bratt,exact,"LW, RW",New Jersey Devils,NJD,New Jersey Devils,NJD,63000000,7875000,8,2023,2023,20232024,2023-06-15,UFA
8475855,Jesper Fast,exact,"RW, LW",Carolina Hurricanes,CAR,Carolina Hurricanes,CAR,4800000,2400000,2,2023,2023,20232024,2023-07-01,UFA
8480808,Jett Woo,exact,RD,Vancouver Canucks,VAN,NA,NA,775000,775000,1,2023,2023,20232024,2023-05-31,other
8481486,Jimmy Schuldt,exact,LD,Seattle Kraken,SEA,Vegas Golden Knights,VGK,775000,775000,1,2023,2023,20232024,2023-07-01,UFA
8476918,Jimmy Vesey,exact,LW,New York Rangers,NYR,New York Rangers,NYR,1600000,800000,2,2023,2023,20232024,2023-01-04,UFA
8478176,Joe Hicketts,exact,LD,Los Angeles Kings,LAK,Detroit Red Wings,DET,775000,775000,1,2023,2023,20232024,2023-07-02,UFA
8480813,Joe Veleno,exact,"C, RW, LW",Detroit Red Wings,DET,Detroit Red Wings,DET,825000,825000,1,2023,2023,20232024,2023-08-22,other
8477810,Joel Hanley,exact,"LD, RD",Dallas Stars,DAL,Dallas Stars,DAL,1575000,787500,2,2023,2023,20232024,2023-07-01,UFA
8481641,Joel Kiviranta,exact,LW,Colorado Avalanche,COL,Dallas Stars,DAL,775000,775000,1,2023,2023,20232024,2023-11-12,UFA
8479315,Joey Anderson,exact,"RW, LW",Chicago Blackhawks,CHI,Toronto Maple Leafs,TOR,800000,800000,1,2023,2023,20232024,2023-06-22,other
NA,John Farinacci,unmatched,C,Boston Bruins,BOS,NA,NA,1900000,950000,2,2023,2023,20232024,2023-08-16,other
8477401,John Hayden,exact,C,Seattle Kraken,SEA,Seattle Kraken,SEA,775000,775000,1,2023,2023,20232024,2023-07-01,UFA
8475906,John Klingberg,exact,"RD, LD",Toronto Maple Leafs,TOR,Anaheim Ducks,ANA,4150000,4150000,1,2023,2023,20232024,2023-07-01,UFA
8481206,John Ludvig,exact,"LD, RD",Florida Panthers,FLA,NA,NA,1550000,775000,2,2023,2023,20232024,2023-07-17,other
8479981,Jonah Gadjovich,exact,LW,Florida Panthers,FLA,San Jose Sharks,SJS,810000,810000,1,2023,2023,20232024,2023-10-16,other
8477494,Jonathan Drouin,exact,"LW, RW",Colorado Avalanche,COL,Montréal Canadiens,MTL,825000,825000,1,2023,2023,20232024,2023-07-01,UFA
8480836,Jonathan Gruden,exact,"LW, C",Pittsburgh Penguins,PIT,Pittsburgh Penguins,PIT,775000,775000,1,2023,2023,20232024,2023-07-14,other
NA,Jonathan Lekkerimaki,unmatched,RW,Vancouver Canucks,VAN,NA,NA,4275000,1425000,3,2023,2023,20232024,2023-05-06,RFA
8479533,Joona Koppanen,exact,LW,Pittsburgh Penguins,PIT,Boston Bruins,BOS,1550000,775000,2,2023,2023,20232024,2023-07-01,UFA
NA,Jordan Gustafson,unmatched,C,Vegas Golden Knights,VGK,NA,NA,2572500,857500,3,2023,2023,20232024,2023-11-29,RFA
8480887,Jordan Harris,exact,"LD, RD",Montreal Canadiens,MTL,Montréal Canadiens,MTL,2800000,1400000,2,2023,2023,20232024,2023-02-10,other
8477851,Jordan Oesterle,exact,"LD, RD",Calgary Flames,CGY,Detroit Red Wings,DET,925000,925000,1,2023,2023,20232024,2023-07-02,UFA
8473533,Jordan Staal,exact,C,Carolina Hurricanes,CAR,Carolina Hurricanes,CAR,11600000,2900000,4,2023,2023,20232024,2023-06-25,UFA
NA,Joseph Cecconi,unmatched,RD,Buffalo Sabres,BUF,NA,NA,775000,775000,1,2023,2023,20232024,2023-06-23,UFA
NA,Josh Davies,unmatched,LW,Florida Panthers,FLA,NA,NA,2565000,855000,3,2023,2023,20232024,2023-12-07,RFA
8482659,Josh Doan,exact,RW,Arizona Coyotes,ARI,NA,NA,2775000,925000,3,2023,2023,20232024,2023-03-16,RFA
8482623,Josh Dunne,exact,C,Columbus Blue Jackets,CBJ,Columbus Blue Jackets,CBJ,775000,775000,1,2023,2023,20232024,2023-06-14,other
NA,Josh Filmon,unmatched,LW,New Jersey Devils,NJD,NA,NA,2850000,950000,3,2023,2023,20232024,2023-03-31,RFA
8479372,Josh Mahura,exact,"LD, RD",Florida Panthers,FLA,Florida Panthers,FLA,925000,925000,1,2023,2023,20232024,2023-02-10,other
NA,Judd Caulfield,unmatched,RW,Anaheim Ducks,ANA,NA,NA,1675000,837500,2,2023,2023,20232024,2023-04-02,other
8479328,Julien Gauthier,exact,RW,New York Islanders,NYI,New York Rangers,NYR,1575000,787500,2,2023,2023,20232024,2023-07-05,UFA
8477473,Justin Bailey,exact,RW,Edmonton Oilers,EDM,Vancouver Canucks,VAN,750000,750000,1,2023,2023,20232024,2023-01-06,UFA
8477473,Justin Bailey,exact,RW,San Jose Sharks,SJS,Vancouver Canucks,VAN,775000,775000,1,2023,2023,20232024,2023-11-27,UFA
8479941,Justin Danforth,exact,"RW, C",Columbus Blue Jackets,CBJ,Columbus Blue Jackets,CBJ,1100000,1100000,1,2023,2023,20232024,2023-10-11,UFA
8475413,Justin Dowling,exact,C,New Jersey Devils,NJD,Vancouver Canucks,VAN,1550000,775000,2,2023,2023,20232024,2023-07-01,UFA
8475718,Justin Holl,exact,RD,Detroit Red Wings,DET,Toronto Maple Leafs,TOR,10200000,3400000,3,2023,2023,20232024,2023-07-01,UFA
8477993,Justin Kirkland,exact,C,Arizona Coyotes,ARI,Anaheim Ducks,ANA,775000,775000,1,2023,2023,20232024,2023-07-15,UFA
NA,Justin Robidas,unmatched,C,Carolina Hurricanes,CAR,NA,NA,2555000,851667,3,2023,2023,20232024,2023-05-31,RFA
8479976,Juuso Valimaki,exact,LD,Arizona Coyotes,ARI,Arizona Coyotes,ARI,1000000,1000000,1,2023,2023,20232024,2023-01-24,other
8480817,K'Andre Miller,exact,LD,New York Rangers,NYR,New York Rangers,NYR,7744000,3872000,2,2023,2023,20232024,2023-07-11,other
8479977,Kailer Yamamoto,exact,"RW, C",Seattle Kraken,SEA,Edmonton Oilers,EDM,1500000,1500000,1,2023,2023,20232024,2023-07-02,other
NA,Kalan Lind,unmatched,LW,Nashville Predators,NSH,NA,NA,2850000,950000,3,2023,2023,20232024,2023-07-06,RFA
8479348,Kale Clague,exact,"LD, RD",Buffalo Sabres,BUF,Buffalo Sabres,BUF,775000,775000,1,2023,2023,20232024,2023-07-04,other
NA,Kasper Halttunen,unmatched,RW,San Jose Sharks,SJS,NA,NA,2850000,950000,3,2023,2023,20232024,2023-07-12,RFA
8479387,Keaton Middleton,exact,LD,Colorado Avalanche,COL,Colorado Avalanche,COL,1550000,775000,2,2023,2023,20232024,2023-02-25,UFA
8480860,Kevin Bahl,exact,"LD, RD",New Jersey Devils,NJD,New Jersey Devils,NJD,2100000,1050000,2,2023,2023,20232024,2023-07-31,other
8478831,Kevin Stenlund,exact,"C, RW",Florida Panthers,FLA,Winnipeg Jets,WPG,1000000,1000000,1,2023,2023,20232024,2023-07-01,UFA
8480748,Kiefer Sherwood,exact,LW,Nashville Predators,NSH,Nashville Predators,NSH,775000,775000,1,2023,2023,20232024,2023-04-16,UFA
NA,Kirill Kudryavtsev,unmatched,LD,Vancouver Canucks,VAN,NA,NA,2550000,850000,3,2023,2023,20232024,2023-03-10,RFA
8480011,Klim Kostin,exact,"LW, RW, C",Detroit Red Wings,DET,Edmonton Oilers,EDM,4000000,2000000,2,2023,2023,20232024,2023-07-01,other
NA,Koehn Ziemmer,unmatched,RW,Los Angeles Kings,LAK,NA,NA,2625000,875000,3,2023,2023,20232024,2023-11-17,RFA
8479986,Kole Lind,exact,RW,Seattle Kraken,SEA,Seattle Kraken,SEA,775000,775000,1,2023,2023,20232024,2023-07-08,other
8477335,Kyle Burroughs,exact,"RD, LD",San Jose Sharks,SJS,Vancouver Canucks,VAN,3300000,1100000,3,2023,2023,20232024,2023-07-01,UFA
8481237,Kyle MacLean,exact,C,New York Islanders,NYI,NA,NA,800000,800000,1,2023,2023,20232024,2023-05-19,other
NA,Kyle Masters,unmatched,RD,Minnesota Wild,MIN,NA,NA,2700000,900000,3,2023,2023,20232024,2023-03-09,RFA
NA,Kyle McDonald,unmatched,RW,Dallas Stars,DAL,NA,NA,2850000,950000,3,2023,2023,20232024,2023-03-10,RFA
8478967,Lane Pederson,exact,C,Edmonton Oilers,EDM,Vancouver Canucks,VAN,1550000,775000,2,2023,2023,20232024,2023-07-01,UFA
8474189,Lars Eller,exact,"C, LW, RW",Pittsburgh Penguins,PIT,Washington Capitals,WSH,4900000,2450000,2,2023,2023,20232024,2023-07-01,UFA
8484153,Leo Carlsson,exact,"C, LW, RW",Anaheim Ducks,ANA,NA,NA,12600000,4200000,3,2023,2023,20232024,2023-07-12,RFA
NA,Leo Loof,unmatched,LD,St. Louis Blues,STL,NA,NA,2775000,925000,3,2023,2023,20232024,2023-04-28,RFA
8483425,Lian Bichsel,exact,LD,Dallas Stars,DAL,NA,NA,4350000,1450000,3,2023,2023,20232024,2023-05-06,RFA
8483431,Logan Cooley,exact,"C, RW",Arizona Coyotes,ARI,NA,NA,13350000,4450000,3,2023,2023,20232024,2023-07-27,RFA
NA,Logan Morrison,unmatched,C,Seattle Kraken,SEA,NA,NA,2850000,950000,3,2023,2023,20232024,2023-04-11,RFA
8479378,Logan Stanley,exact,"RD, LD",Winnipeg Jets,WPG,Winnipeg Jets,WPG,1000000,1000000,1,2023,2023,20232024,2023-08-19,other
8478011,Louie Belpedio,exact,RD,Philadelphia Flyers,PHI,Minnesota Wild,MIN,1550000,775000,2,2023,2023,20232024,2023-06-24,UFA
8479523,Lucas Carlsson,exact,LD,Florida Panthers,FLA,Florida Panthers,FLA,775000,775000,1,2023,2023,20232024,2023-07-01,other
8483549,Lucas Condotta,exact,"C, LW",Montreal Canadiens,MTL,Montréal Canadiens,MTL,1550000,775000,2,2023,2023,20232024,2023-07-13,UFA
8481751,Lukas Rousek,exact,RW,Buffalo Sabres,BUF,Buffalo Sabres,BUF,1550000,775000,2,2023,2023,20232024,2023-06-20,other
8476822,Luke Glendening,exact,C,Tampa Bay Lightning,TBL,Dallas Stars,DAL,1600000,800000,2,2023,2023,20232024,2023-07-01,UFA
8482684,Luke Hughes,exact,"LD, RD",New Jersey Devils,NJD,New Jersey Devils,NJD,5550000,1850000,3,2023,2023,20232024,2023-04-08,RFA
8478224,Luke Philp,exact,C,Chicago Blackhawks,CHI,Chicago Blackhawks,CHI,775000,775000,1,2023,2023,20232024,2023-03-09,UFA
8474568,Luke Schenn,exact,RD,Nashville Predators,NSH,Vancouver Canucks,VAN,8250000,2750000,3,2023,2023,20232024,2023-07-01,UFA
NA,Luke Toporowski,unmatched,LW,Boston Bruins,BOS,NA,NA,1900000,950000,2,2023,2023,20232024,2023-07-01,other
8480439,Mac Hollowell,exact,RD,New York Rangers,NYR,Toronto Maple Leafs,TOR,775000,775000,1,2023,2023,20232024,2023-07-02,other
8476907,Mackenzie MacEachern,exact,"LW, RW",St. Louis Blues,STL,Carolina Hurricanes,CAR,1550000,775000,2,2023,2023,20232024,2023-07-01,UFA
8482713,Mackie Samoskevich,exact,RW,Florida Panthers,FLA,NA,NA,2775000,925000,3,2023,2023,20232024,2023-05-08,RFA
NA,Maksymilian Szuber,unmatched,"RD, LD",Arizona Coyotes,ARI,NA,NA,2577500,859167,3,2023,2023,20232024,2023-05-01,RFA
NA,Marc Johnstone,unmatched,RW,Pittsburgh Penguins,PIT,NA,NA,1550000,775000,2,2023,2023,20232024,2023-07-02,UFA
8483397,Marc McLaughlin,exact,C,Boston Bruins,BOS,Boston Bruins,BOS,775000,775000,1,2023,2023,20232024,2023-07-11,other
8475220,Marcus Foligno,exact,"LW, RW",Minnesota Wild,MIN,Minnesota Wild,MIN,16000000,4000000,4,2023,2023,20232024,2023-09-29,UFA
8475149,Marcus Johansson,exact,"LW, RW",Minnesota Wild,MIN,Washington Capitals,WSH,4000000,2000000,2,2023,2023,20232024,2023-05-02,UFA
NA,Marek Alscher,unmatched,LD,Florida Panthers,FLA,NA,NA,2850000,950000,3,2023,2023,20232024,2023-03-13,RFA
8476873,Mark Jankowski,exact,"C, RW",Nashville Predators,NSH,Nashville Predators,NSH,775000,775000,1,2023,2023,20232024,2023-03-13,UFA
8476460,Mark Scheifele,exact,C,Winnipeg Jets,WPG,Winnipeg Jets,WPG,59500000,8500000,7,2023,2023,20232024,2023-10-09,UFA
8483546,Marshall Rifai,exact,"RD, LD",Toronto Maple Leafs,TOR,NA,NA,1550000,775000,2,2023,2023,20232024,2023-07-01,UFA
8480796,Martin Fehervary,exact,LD,Washington Capitals,WSH,Washington Capitals,WSH,8025000,2675000,3,2023,2023,20232024,2023-07-04,other
8481028,Martin Pospisil,exact,"RW, C",Calgary Flames,CGY,NA,NA,775000,775000,1,2023,2023,20232024,2023-07-02,other
8477419,Mason Geertsen,exact,LW,Vegas Golden Knights,VGK,New Jersey Devils,NJD,1550000,775000,2,2023,2023,20232024,2023-07-01,UFA
8482511,Mason Lohrei,exact,"LD, RD",Boston Bruins,BOS,NA,NA,2100000,1050000,2,2023,2023,20232024,2023-05-10,other
NA,Mason Morelli,unmatched,LW,Vegas Golden Knights,VGK,NA,NA,1550000,775000,2,2023,2023,20232024,2023-07-01,UFA
8476856,Mathew Dumba,exact,RD,Arizona Coyotes,ARI,Minnesota Wild,MIN,3900000,3900000,1,2023,2023,20232024,2023-08-06,UFA
NA,Mathias Emilio Pettersen,unmatched,C,Calgary Flames,CGY,NA,NA,775000,775000,1,2023,2023,20232024,2023-07-06,other
NA,Mathias Laferriere,unmatched,RW,St. Louis Blues,STL,NA,NA,775000,775000,1,2023,2023,20232024,2023-05-10,RFA
NA,Mathieu Cataford,unmatched,C,Vegas Golden Knights,VGK,NA,NA,2565000,855000,3,2023,2023,20232024,2023-12-31,RFA
8479671,Mathieu Olivier,exact,"RW, LW",Columbus Blue Jackets,CBJ,Columbus Blue Jackets,CBJ,2200000,1100000,2,2023,2023,20232024,2023-06-21,UFA
8481711,Matias Maccelli,exact,"RW, LW",Arizona Coyotes,ARI,Arizona Coyotes,ARI,10275000,3425000,3,2023,2023,20232024,2023-07-17,other
8475692,Mats Zuccarello,exact,"RW, LW",Minnesota Wild,MIN,Minnesota Wild,MIN,8250000,4125000,2,2023,2023,20232024,2023-09-29,UFA
8481557,Matt Boldy,exact,LW,Minnesota Wild,MIN,Minnesota Wild,MIN,49000000,7000000,7,2023,2023,20232024,2023-01-16,UFA
8482679,Matt Coronato,exact,"RW, LW",Calgary Flames,CGY,Calgary Flames,CGY,4475000,1491667,3,2023,2023,20232024,2023-03-26,RFA
8475168,Matt Duchene,exact,"RW, C",Dallas Stars,DAL,Nashville Predators,NSH,3000000,3000000,1,2023,2023,20232024,2023-07-01,UFA
8476442,Matt Nieto,exact,LW,Pittsburgh Penguins,PIT,San Jose Sharks,SJS,1800000,900000,2,2023,2023,20232024,2023-07-01,UFA
NA,Matt Stienburg,unmatched,C,Colorado Avalanche,COL,NA,NA,1900000,950000,2,2023,2023,20232024,2023-08-18,other
8478146,Matthew Highmore,exact,"RW, C",Ottawa Senators,OTT,St. Louis Blues,STL,775000,775000,1,2023,2023,20232024,2023-07-01,UFA
8482720,Matthew Knies,exact,"LW, RW",Toronto Maple Leafs,TOR,Toronto Maple Leafs,TOR,2775000,925000,3,2023,2023,20232024,2023-04-09,RFA
NA,Matthew Maggio,unmatched,RW,New York Islanders,NYI,NA,NA,2850000,950000,3,2023,2023,20232024,2023-05-01,RFA
8483505,Matthew Poitras,exact,"C, LW, RW",Boston Bruins,BOS,NA,NA,2850000,950000,3,2023,2023,20232024,2023-05-05,RFA
NA,Matthew Seminoff,unmatched,RW,Dallas Stars,DAL,NA,NA,2550000,850000,3,2023,2023,20232024,2023-03-29,RFA
8477406,Mattias Janmark,exact,"LW, RW, C",Edmonton Oilers,EDM,Edmonton Oilers,EDM,1000000,1000000,1,2023,2023,20232024,2023-06-30,UFA
8477503,Max Domi,exact,"C, RW, LW",Toronto Maple Leafs,TOR,Chicago Blackhawks,CHI,3000000,3000000,1,2023,2023,20232024,2023-07-02,UFA
8479320,Max Lajoie,first_name_variant,"LD, RD",Toronto Maple Leafs,TOR,Carolina Hurricanes,CAR,775000,775000,1,2023,2023,20232024,2023-07-01,other
8474157,Max Pacioretty,exact,"LW, RW",Washington Capitals,WSH,Carolina Hurricanes,CAR,4000000,4000000,1,2023,2023,20232024,2023-07-01,UFA
NA,Max Sasson,unmatched,C,Vancouver Canucks,VAN,NA,NA,1900000,950000,2,2023,2023,20232024,2023-03-26,other
8478051,Max Willman,exact,"LW, C",New Jersey Devils,NJD,Philadelphia Flyers,PHI,775000,775000,1,2023,2023,20232024,2023-10-07,UFA
NA,Maxim Groshev,unmatched,RW,Tampa Bay Lightning,TBL,NA,NA,2775000,925000,3,2023,2023,20232024,2023-05-01,RFA
NA,Maxwell Crozier,unmatched,RD,Tampa Bay Lightning,TBL,NA,NA,1850000,925000,2,2023,2023,20232024,2023-03-21,other
NA,Michael Buchinger,unmatched,LD,St. Louis Blues,STL,NA,NA,2850000,950000,3,2023,2023,20232024,2023-03-01,RFA
8478047,Michael Bunting,exact,LW,Carolina Hurricanes,CAR,Toronto Maple Leafs,TOR,13500000,4500000,3,2023,2023,20232024,2023-07-01,UFA
8479619,Michael Carcone,exact,"LW, RW",Arizona Coyotes,ARI,Arizona Coyotes,ARI,1550000,775000,2,2023,2023,20232024,2023-06-21,UFA
8479591,Michael Eyssimont,exact,"RW, LW, C",Tampa Bay Lightning,TBL,Winnipeg Jets,WPG,1600000,800000,2,2023,2023,20232024,2023-05-05,UFA
8477446,Michael McCarron,exact,"C, RW",Nashville Predators,NSH,Nashville Predators,NSH,775000,775000,1,2023,2023,20232024,2023-04-16,UFA
8479543,Michael Pezzetta,exact,LW,Montreal Canadiens,MTL,Montréal Canadiens,MTL,1625000,812500,2,2023,2023,20232024,2023-06-02,UFA
8475958,Michael Sgarbossa,exact,"C, RW",Washington Capitals,WSH,Washington Capitals,WSH,1550000,775000,2,2023,2023,20232024,2023-05-05,UFA
8474150,Mikael Backlund,exact,C,Calgary Flames,CGY,Calgary Flames,CGY,9000000,4500000,2,2023,2023,20232024,2023-09-27,UFA
NA,Mike Benning,unmatched,RD,Florida Panthers,FLA,NA,NA,2775000,925000,3,2023,2023,20232024,2023-04-12,RFA
8476422,Mike Reilly,exact,"LD, RD",Florida Panthers,FLA,Boston Bruins,BOS,1000000,1000000,1,2023,2023,20232024,2023-07-01,UFA
8479998,Mikey Anderson,exact,LD,Los Angeles Kings,LAK,Los Angeles Kings,LAK,33000000,4125000,8,2023,2023,20232024,2023-02-15,UFA
8477425,Miles Wood,exact,"LW, RW",Colorado Avalanche,COL,New Jersey Devils,NJD,15000000,2500000,6,2023,2023,20232024,2023-07-01,UFA
8482070,Mitchell Chaffee,exact,RW,Tampa Bay Lightning,TBL,Minnesota Wild,MIN,775000,775000,1,2023,2023,20232024,2023-07-01,other
8478477,Mitchell Stephens,exact,C,Montreal Canadiens,MTL,Detroit Red Wings,DET,775000,775000,1,2023,2023,20232024,2023-07-04,UFA
NA,Montana Onyebuchi,unmatched,RD,Arizona Coyotes,ARI,NA,NA,1650000,825000,2,2023,2023,20232024,2023-07-02,other
8480289,Morgan Barron,exact,"RW, LW, C",Winnipeg Jets,WPG,Winnipeg Jets,WPG,2700000,1350000,2,2023,2023,20232024,2023-07-17,other
8480028,Morgan Frost,exact,C,Philadelphia Flyers,PHI,Philadelphia Flyers,PHI,4200000,2100000,2,2023,2023,20232024,2023-09-06,other
8479987,Morgan Geekie,exact,"C, RW, LW",Boston Bruins,BOS,Seattle Kraken,SEA,4000000,2000000,2,2023,2023,20232024,2023-07-01,other
NA,Nate Clurman,unmatched,RD,Colorado Avalanche,COL,NA,NA,775000,775000,1,2023,2023,20232024,2023-05-30,other
NA,Nate Danielson,unmatched,C,Detroit Red Wings,DET,NA,NA,5850000,1950000,3,2023,2023,20232024,2023-07-12,RFA
8479414,Nathan Bastian,exact,"RW, LW",New Jersey Devils,NJD,New Jersey Devils,NJD,2700000,1350000,2,2023,2023,20232024,2023-07-01,UFA
8480979,Nathan Smith,first_name_variant,C,Arizona Coyotes,ARI,Arizona Coyotes,ARI,775000,775000,1,2023,2023,20232024,2023-07-07,other
NA,Nathan Todd,unmatched,C,San Jose Sharks,SJS,NA,NA,1550000,775000,2,2023,2023,20232024,2023-07-03,UFA
8481720,Nick Abruzzese,exact,C,Toronto Maple Leafs,TOR,Toronto Maple Leafs,TOR,1550000,775000,2,2023,2023,20232024,2023-07-31,other
8475760,Nick Bjugstad,exact,C,Arizona Coyotes,ARI,Arizona Coyotes,ARI,4200000,2100000,2,2023,2023,20232024,2023-07-01,UFA
8473422,Nick Foligno,exact,"LW, C",Chicago Blackhawks,CHI,Boston Bruins,BOS,4000000,4000000,1,2023,2023,20232024,2023-06-27,UFA
8475324,Nick Jensen,exact,"RD, LD",Washington Capitals,WSH,Washington Capitals,WSH,12150000,4050000,3,2023,2023,20232024,2023-02-28,UFA
8480246,Nick Perbix,exact,RD,Tampa Bay Lightning,TBL,Tampa Bay Lightning,TBL,2250000,1125000,2,2023,2023,20232024,2023-01-02,UFA
8477979,Nicolas Aube-Kubel,exact,RW,Washington Capitals,WSH,Toronto Maple Leafs,TOR,1225000,1225000,1,2023,2023,20232024,2023-03-03,UFA
NA,Nikita Chibrikov,unmatched,RW,Winnipeg Jets,WPG,NA,NA,2775000,925000,3,2023,2023,20232024,2023-05-01,RFA
8481754,Nikita Nesterenko,exact,"LW, C",Anaheim Ducks,ANA,Anaheim Ducks,ANA,1850000,925000,2,2023,2023,20232024,2023-03-15,other
NA,Nikita Novikov,unmatched,LD,Buffalo Sabres,BUF,NA,NA,2775000,925000,3,2023,2023,20232024,2023-05-19,RFA
8478859,Niko Mikkola,exact,"LD, RD",Florida Panthers,FLA,St. Louis Blues,STL,7500000,2500000,3,2023,2023,20232024,2023-07-01,UFA
8481042,Nikolai Kovalenko,exact,RW,Colorado Avalanche,COL,NA,NA,1850000,925000,2,2023,2023,20232024,2023-07-25,other
NA,Nikolas Brouillard,unmatched,LD,New York Rangers,NYR,NA,NA,775000,775000,1,2023,2023,20232024,2023-07-01,UFA
8484321,Nikolas Matinpalo,exact,RD,Ottawa Senators,OTT,NA,NA,885000,885000,1,2023,2023,20232024,2023-05-25,other
8482496,Nils Aman,exact,"C, LW, RW",Vancouver Canucks,VAN,Vancouver Canucks,VAN,1650000,825000,2,2023,2023,20232024,2023-11-24,other
8481535,Nils Hoglander,exact,LW,Vancouver Canucks,VAN,Vancouver Canucks,VAN,2200000,1100000,2,2023,2023,20232024,2023-07-09,other
8475799,Nino Niederreiter,exact,RW,Winnipeg Jets,WPG,Nashville Predators,NSH,12000000,4000000,3,2023,2023,20232024,2023-12-04,UFA
8480220,Noah Cates,exact,"LW, C",Philadelphia Flyers,PHI,Philadelphia Flyers,PHI,5250000,2625000,2,2023,2023,20232024,2023-07-10,other
NA,Noah Chadwick,unmatched,LD,Toronto Maple Leafs,TOR,NA,NA,2555000,851667,3,2023,2023,20232024,2023-12-22,RFA
8479393,Noah Gregor,exact,"RW, LW, C",Toronto Maple Leafs,TOR,San Jose Sharks,SJS,775000,775000,1,2023,2023,20232024,2023-10-10,other
8478454,Noah Juulsen,exact,RD,Vancouver Canucks,VAN,Vancouver Canucks,VAN,1550000,775000,2,2023,2023,20232024,2023-06-30,UFA
NA,Noah Warren,unmatched,RD,Anaheim Ducks,ANA,NA,NA,2850000,950000,3,2023,2023,20232024,2023-07-19,RFA
8478569,Noel Acciari,exact,C,Pittsburgh Penguins,PIT,St. Louis Blues,STL,6000000,2000000,3,2023,2023,20232024,2023-07-01,UFA
NA,Noel Hoefenmayer,unmatched,LD,Edmonton Oilers,EDM,NA,NA,845000,845000,1,2023,2023,20232024,2023-07-01,other
NA,Oliver Bonk,unmatched,RD,Philadelphia Flyers,PHI,NA,NA,3600000,1200000,3,2023,2023,20232024,2023-08-21,RFA
8475171,Oliver Ekman-Larsson,exact,"RD, LD",Florida Panthers,FLA,Vancouver Canucks,VAN,2250000,2250000,1,2023,2023,20232024,2023-07-01,UFA
8480789,Oliver Wahlstrom,exact,RW,New York Islanders,NYI,New York Islanders,NYI,874125,874125,1,2023,2023,20232024,2023-07-17,other
8480245,Olle Lycksell,exact,RW,Philadelphia Flyers,PHI,Philadelphia Flyers,PHI,1575000,787500,2,2023,2023,20232024,2023-07-13,other
8476874,Olli Maatta,exact,"RD, LD",Detroit Red Wings,DET,Detroit Red Wings,DET,6000000,3000000,2,2023,2023,20232024,2023-02-16,UFA
NA,Ondrej Pavel,unmatched,C,Colorado Avalanche,COL,NA,NA,1900000,950000,2,2023,2023,20232024,2023-03-30,other
NA,Oskar Pettersson,unmatched,RW,Ottawa Senators,OTT,NA,NA,2700000,900000,3,2023,2023,20232024,2023-06-15,RFA
8476897,Oskar Sundqvist,exact,C,St. Louis Blues,STL,Detroit Red Wings,DET,775000,775000,1,2023,2023,20232024,2023-07-12,UFA
8482671,Owen Power,exact,"LD, RD",Buffalo Sabres,BUF,Buffalo Sabres,BUF,58450000,8350000,7,2023,2023,20232024,2023-10-11,UFA
NA,Parker Bell,unmatched,LW,Calgary Flames,CGY,NA,NA,2572500,857500,3,2023,2023,20232024,2023-09-21,RFA
8484135,Parker Ford,exact,C,Winnipeg Jets,WPG,NA,NA,1850000,925000,2,2023,2023,20232024,2023-03-25,other
8478450,Parker Wotherspoon,exact,"LD, RD",Boston Bruins,BOS,New York Islanders,NYI,775000,775000,1,2023,2023,20232024,2023-07-01,other
8477887,Patrick Brown,exact,"RW, LW, C",Boston Bruins,BOS,Philadelphia Flyers,PHI,1600000,800000,2,2023,2023,20232024,2023-07-01,UFA
8474141,Patrick Kane,exact,"RW, LW",Detroit Red Wings,DET,Chicago Blackhawks,CHI,2750000,2750000,1,2023,2023,20232024,2023-11-28,UFA
NA,Patrik Koch,unmatched,LD,Arizona Coyotes,ARI,NA,NA,847500,847500,1,2023,2023,20232024,2023-06-05,UFA
NA,Paul Ludwinski,unmatched,C,Chicago Blackhawks,CHI,NA,NA,2850000,950000,3,2023,2023,20232024,2023-03-25,RFA
8481604,Pavel Dorofeyev,exact,LW,Vegas Golden Knights,VGK,Vegas Golden Knights,VGK,825000,825000,1,2023,2023,20232024,2023-07-19,other
8478401,Pavel Zacha,exact,C,Boston Bruins,BOS,Boston Bruins,BOS,19000000,4750000,4,2023,2023,20232024,2023-01-14,UFA
NA,Philip Kemp,unmatched,RD,Edmonton Oilers,EDM,NA,NA,1550000,775000,2,2023,2023,20232024,2023-05-30,other
8480798,Philipp Kurashev,exact,"RW, LW, C",Chicago Blackhawks,CHI,Chicago Blackhawks,CHI,4500000,2250000,2,2023,2023,20232024,2023-07-23,other
8476858,Phillip Di Giuseppe,exact,LW,Vancouver Canucks,VAN,Vancouver Canucks,VAN,1550000,775000,2,2023,2023,20232024,2023-03-12,UFA
8478115,Pierre Engvall,exact,LW,New York Islanders,NYI,Toronto Maple Leafs,TOR,21000000,3000000,7,2023,2023,20232024,2023-07-01,UFA
8479400,Pierre-Luc Dubois,exact,"C, RW, LW",Winnipeg Jets,WPG,Winnipeg Jets,WPG,68000000,8500000,8,2023,2023,20232024,2023-06-27,UFA
NA,Pierrick Dube,unmatched,RW,Washington Capitals,WSH,NA,NA,1900000,950000,2,2023,2023,20232024,2023-07-01,other
8480459,Pius Suter,exact,"LW, C, RW",Vancouver Canucks,VAN,Detroit Red Wings,DET,3200000,1600000,2,2023,2023,20232024,2023-08-11,UFA
8480995,Pontus Holmberg,exact,"C, RW",Toronto Maple Leafs,TOR,Toronto Maple Leafs,TOR,1600000,800000,2,2023,2023,20232024,2023-06-28,other
NA,Quentin Musty,unmatched,LW,San Jose Sharks,SJS,NA,NA,3100000,1033333,3,2023,2023,20232024,2023-10-04,RFA
8475462,Radko Gudas,exact,RD,Anaheim Ducks,ANA,Florida Panthers,FLA,12000000,4000000,3,2023,2023,20232024,2023-07-01,UFA
8481093,Rafael Harvey-Pinard,exact,"C, RW, LW",Montreal Canadiens,MTL,Montréal Canadiens,MTL,2200000,1100000,2,2023,2023,20232024,2023-07-03,other
8481534,Raphael Lavoie,exact,"RW, C",Edmonton Oilers,EDM,NA,NA,874125,874125,1,2023,2023,20232024,2023-07-14,other
8479335,Rasmus Asplund,exact,C,Florida Panthers,FLA,Buffalo Sabres,BUF,775000,775000,1,2023,2023,20232024,2023-07-05,other
8480839,Rasmus Dahlin,exact,"LD, RD",Buffalo Sabres,BUF,Buffalo Sabres,BUF,88000000,11000000,8,2023,2023,20232024,2023-10-09,UFA
8480845,Rasmus Kupari,exact,"C, RW",Winnipeg Jets,WPG,Los Angeles Kings,LAK,2000000,1000000,2,2023,2023,20232024,2023-08-02,other
8480054,Reilly Walsh,exact,RD,Boston Bruins,BOS,New Jersey Devils,NJD,775000,775000,1,2023,2023,20232024,2023-07-17,other
8479587,Rhett Gardner,exact,C,Philadelphia Flyers,PHI,Dallas Stars,DAL,1550000,775000,2,2023,2023,20232024,2023-07-01,UFA
8474062,Riley Nash,exact,C,New York Rangers,NYR,Winnipeg Jets,WPG,1550000,775000,2,2023,2023,20232024,2023-07-01,UFA
NA,Riley Sutter,unmatched,RW,Washington Capitals,WSH,NA,NA,775000,775000,1,2023,2023,20232024,2023-07-04,other
8479362,Riley Tufte,exact,LW,Colorado Avalanche,COL,Dallas Stars,DAL,775000,775000,1,2023,2023,20232024,2023-07-01,other
8477462,Robert Hagg,exact,"LD, RD",Anaheim Ducks,ANA,Detroit Red Wings,DET,775000,775000,1,2023,2023,20232024,2023-07-04,UFA
8481521,Ronnie Attard,exact,RD,Philadelphia Flyers,PHI,Philadelphia Flyers,PHI,1700000,850000,2,2023,2023,20232024,2023-07-05,other
8479525,Ross Colton,exact,C,Colorado Avalanche,COL,Tampa Bay Lightning,TBL,16000000,4000000,4,2023,2023,20232024,2023-07-17,UFA
8477987,Ryan Donato,exact,"RW, LW, C",Chicago Blackhawks,CHI,Seattle Kraken,SEA,4000000,2000000,2,2023,2023,20232024,2023-07-01,UFA
8477435,Ryan Graves,exact,"LD, RD",Pittsburgh Penguins,PIT,New Jersey Devils,NJD,27000000,4500000,6,2023,2023,20232024,2023-07-01,UFA
8477451,Ryan Hartman,exact,"C, RW",Minnesota Wild,MIN,Minnesota Wild,MIN,12000000,4000000,3,2023,2023,20232024,2023-10-07,UFA
NA,Ryan Hofer,unmatched,C,Washington Capitals,WSH,NA,NA,2555000,851667,3,2023,2023,20232024,2023-03-01,RFA
8481564,Ryan Johnson,exact,LD,Buffalo Sabres,BUF,NA,NA,1850000,925000,2,2023,2023,20232024,2023-05-27,other
NA,Ryan McAllister,unmatched,C,Florida Panthers,FLA,NA,NA,2850000,950000,3,2023,2023,20232024,2023-04-03,RFA
8480802,Ryan McLeod,exact,C,Edmonton Oilers,EDM,Edmonton Oilers,EDM,4200000,2100000,2,2023,2023,20232024,2023-08-01,other
8475158,Ryan O'Reilly,exact,C,Nashville Predators,NSH,St. Louis Blues,STL,18000000,4500000,4,2023,2023,20232024,2023-07-01,UFA
8480068,Ryan Poehling,exact,C,Philadelphia Flyers,PHI,Pittsburgh Penguins,PIT,1400000,1400000,1,2023,2023,20232024,2023-07-01,other
8471817,Ryan Reaves,exact,"RW, LW",Toronto Maple Leafs,TOR,New York Rangers,NYR,4050000,1350000,3,2023,2023,20232024,2023-07-01,UFA
8478854,Ryan Shea,exact,"LD, RD",Pittsburgh Penguins,PIT,NA,NA,775000,775000,1,2023,2023,20232024,2023-07-01,UFA
NA,Ryan Tverberg,unmatched,C,Toronto Maple Leafs,TOR,NA,NA,2555000,851667,3,2023,2023,20232024,2023-03-15,RFA
NA,Ryder Rolston,unmatched,RW,Chicago Blackhawks,CHI,NA,NA,2775000,925000,3,2023,2023,20232024,2023-03-13,RFA
NA,Saige Weinstein,unmatched,LD,Colorado Avalanche,COL,NA,NA,2400000,800000,3,2023,2023,20232024,2023-10-06,RFA
8484258,Sam Malinski,exact,RD,Colorado Avalanche,COL,NA,NA,1700000,850000,2,2023,2023,20232024,2023-03-30,other
8479351,Sam Steel,exact,"LW, RW, C",Dallas Stars,DAL,Minnesota Wild,MIN,850000,850000,1,2023,2023,20232024,2023-07-01,other
8481541,Samuel Bolduc,exact,"LD, RD",New York Islanders,NYI,New York Islanders,NYI,1600000,800000,2,2023,2023,20232024,2023-06-20,other
8481239,Samuel Fagemo,exact,"RW, LW",Los Angeles Kings,LAK,Los Angeles Kings,LAK,775000,775000,1,2023,2023,20232024,2023-07-06,other
NA,Samuel Honzek,unmatched,LW,Calgary Flames,CGY,NA,NA,4350000,1450000,3,2023,2023,20232024,2023-07-26,RFA
NA,Samuel Laberge,unmatched,LW,New Jersey Devils,NJD,NA,NA,775000,775000,1,2023,2023,20232024,2023-11-25,UFA
NA,Samuel Savoie,unmatched,LW,Chicago Blackhawks,CHI,NA,NA,2850000,950000,3,2023,2023,20232024,2023-07-25,RFA
NA,Sawyer Mynio,unmatched,LD,Vancouver Canucks,VAN,NA,NA,2850000,950000,3,2023,2023,20232024,2023-09-24,RFA
8476429,Scott Mayfield,exact,RD,New York Islanders,NYI,New York Islanders,NYI,24500000,3500000,7,2023,2023,20232024,2023-07-01,UFA
8481059,Scott Perunovich,exact,LD,St. Louis Blues,STL,St. Louis Blues,STL,775000,775000,1,2023,2023,20232024,2023-06-24,other
8477149,Scott Sabourin,exact,RW,San Jose Sharks,SJS,Ottawa Senators,OTT,1550000,775000,2,2023,2023,20232024,2023-07-01,UFA
8482081,Sean Farrell,exact,C,Montreal Canadiens,MTL,Montréal Canadiens,MTL,3775000,1139367,3,2023,2023,20232024,2023-03-26,RFA
8477497,Sean Monahan,exact,C,Montreal Canadiens,MTL,Montréal Canadiens,MTL,2000000,2000000,1,2023,2023,20232024,2023-06-20,UFA
8478427,Sebastian Aho,manual_override,"C, LW",Carolina Hurricanes,CAR,Carolina Hurricanes,CAR,78000000,9750000,8,2023,2023,20232024,2023-07-26,UFA
8480032,Shane Bowers,exact,"C, RW",New Jersey Devils,NJD,Colorado Avalanche,COL,775000,775000,1,2023,2023,20232024,2023-06-29,other
8476906,Shayne Gostisbehere,exact,"LD, RD",Detroit Red Wings,DET,Arizona Coyotes,ARI,4125000,4125000,1,2023,2023,20232024,2023-07-01,UFA
8481122,Simon Benoit,exact,"RD, LD",Toronto Maple Leafs,TOR,Anaheim Ducks,ANA,775000,775000,1,2023,2023,20232024,2023-08-28,other
8477947,Sonny Milano,exact,"LW, RW",Washington Capitals,WSH,Washington Capitals,WSH,5700000,1900000,3,2023,2023,20232024,2023-02-04,UFA
8477463,Steven Santini,exact,RD,Los Angeles Kings,LAK,St. Louis Blues,STL,800000,800000,1,2023,2023,20232024,2023-07-01,UFA
8479661,Tanner Jeannot,exact,"LW, C, RW",Tampa Bay Lightning,TBL,Nashville Predators,NSH,5330000,2665000,2,2023,2023,20232024,2023-07-15,UFA
NA,Tanner Molendyk,unmatched,LD,Nashville Predators,NSH,NA,NA,2850000,950000,3,2023,2023,20232024,2023-07-06,RFA
8483406,Taylor Ward,exact,RW,Los Angeles Kings,LAK,NA,NA,775000,775000,1,2023,2023,20232024,2023-06-30,other
8476927,Teddy Blueger,exact,C,Vancouver Canucks,VAN,Pittsburgh Penguins,PIT,1900000,1900000,1,2023,2023,20232024,2023-07-01,UFA
8479364,Tim Gettinger,exact,LW,Detroit Red Wings,DET,New York Rangers,NYR,775000,775000,1,2023,2023,20232024,2023-07-01,other
8478414,Timo Meier,exact,"RW, C, LW",New Jersey Devils,NJD,San Jose Sharks,SJS,70400000,8800000,8,2023,2023,20232024,2023-06-28,UFA
8481600,Tobias Bjornfot,exact,"RD, LD",Los Angeles Kings,LAK,Los Angeles Kings,LAK,1550000,775000,2,2023,2023,20232024,2023-07-07,other
8476880,Tom Wilson,exact,RW,Washington Capitals,WSH,Washington Capitals,WSH,45500000,6500000,7,2023,2023,20232024,2023-08-04,UFA
8477931,Tomas Nosek,exact,"C, LW",New Jersey Devils,NJD,Boston Bruins,BOS,1000000,1000000,1,2023,2023,20232024,2023-07-19,UFA
8475193,Tomas Tatar,exact,"RW, LW",Colorado Avalanche,COL,New Jersey Devils,NJD,1500000,1500000,1,2023,2023,20232024,2023-09-12,UFA
8478438,Tommy Novak,exact,"C, LW",Nashville Predators,NSH,Nashville Predators,NSH,800000,800000,1,2023,2023,20232024,2023-02-08,UFA
8477950,Tony DeAngelo,exact,"RD, LD",Carolina Hurricanes,CAR,Philadelphia Flyers,PHI,1675000,1675000,1,2023,2023,20232024,2023-07-24,UFA
NA,Travis Barron,unmatched,LW,Arizona Coyotes,ARI,NA,NA,775000,775000,1,2023,2023,20232024,2023-07-01,other
8478408,Travis Dermott,exact,"LD, RD",Arizona Coyotes,ARI,Vancouver Canucks,VAN,800000,800000,1,2023,2023,20232024,2023-07-11,UFA
8474612,Travis Hamonic,exact,RD,Ottawa Senators,OTT,Ottawa Senators,OTT,2200000,1100000,2,2023,2023,20232024,2023-07-04,UFA
NA,Travis Mitchell,unmatched,LD,New York Islanders,NYI,NA,NA,1900000,950000,2,2023,2023,20232024,2023-03-31,other
8479365,Trent Frederic,exact,"RW, C",Boston Bruins,BOS,Boston Bruins,BOS,4600000,2300000,2,2023,2023,20232024,2023-08-01,UFA
NA,Trevor Kuntar,unmatched,C,Boston Bruins,BOS,NA,NA,1850000,925000,2,2023,2023,20232024,2023-03-29,other
8473453,Trevor Lewis,exact,"C, RW, LW",Los Angeles Kings,LAK,Calgary Flames,CGY,775000,775000,1,2023,2023,20232024,2023-07-01,UFA
8481533,Trevor Zegras,exact,"LW, C, RW",Anaheim Ducks,ANA,Anaheim Ducks,ANA,17250000,5750000,3,2023,2023,20232024,2023-10-02,other
8477845,Trevor van Riemsdyk,exact,"RD, LD",Washington Capitals,WSH,Washington Capitals,WSH,9000000,3000000,3,2023,2023,20232024,2023-03-11,UFA
8480441,Trey Fix-Wolansky,exact,RW,Columbus Blue Jackets,CBJ,Columbus Blue Jackets,CBJ,1550000,775000,2,2023,2023,20232024,2023-06-27,other
NA,Tristan Luneau,unmatched,RD,Anaheim Ducks,ANA,NA,NA,2850000,950000,3,2023,2023,20232024,2023-09-05,RFA
NA,Tristen Nielsen,unmatched,C,Vancouver Canucks,VAN,NA,NA,1900000,950000,2,2023,2023,20232024,2023-07-01,other
8479442,Troy Stecher,exact,"RD, LD",Arizona Coyotes,ARI,Arizona Coyotes,ARI,1100000,1100000,1,2023,2023,20232024,2023-07-01,UFA
8478873,Troy Terry,exact,"RW, LW",Anaheim Ducks,ANA,Anaheim Ducks,ANA,49000000,7000000,7,2023,2023,20232024,2023-08-02,UFA
NA,Tucker Robertson,unmatched,C,Seattle Kraken,SEA,NA,NA,2850000,950000,3,2023,2023,20232024,2023-07-05,RFA
8480848,Ty Dellandrea,exact,"C, RW, LW",Dallas Stars,DAL,Dallas Stars,DAL,900000,900000,1,2023,2023,20232024,2023-07-13,other
8480834,Ty Emberson,exact,RD,New York Rangers,NYR,NA,NA,775000,775000,1,2023,2023,20232024,2023-07-13,other
NA,Ty Nelson,unmatched,RD,Seattle Kraken,SEA,NA,NA,2775000,925000,3,2023,2023,20232024,2023-05-11,RFA
8480883,Ty Smith,exact,"LD, RD",Pittsburgh Penguins,PIT,Pittsburgh Penguins,PIT,775000,775000,1,2023,2023,20232024,2023-07-15,other
8477479,Tyler Bertuzzi,exact,LW,Toronto Maple Leafs,TOR,Detroit Red Wings,DET,5500000,5500000,1,2023,2023,20232024,2023-07-02,UFA
8482095,Tyler Kleven,exact,"RD, LD",Ottawa Senators,OTT,Ottawa Senators,OTT,3375000,1125000,3,2023,2023,20232024,2023-03-23,RFA
NA,Tyler Madden,unmatched,C,Los Angeles Kings,LAK,NA,NA,775000,775000,1,2023,2023,20232024,2023-07-06,other
8477353,Tyler Motte,exact,"RW, C, LW",Tampa Bay Lightning,TBL,Ottawa Senators,OTT,800000,800000,1,2023,2023,20232024,2023-09-09,UFA
8475752,Tyler Pitlick,exact,"RW, C",New York Rangers,NYR,St. Louis Blues,STL,787500,787500,1,2023,2023,20232024,2023-07-01,UFA
8481006,Tyler Tucker,exact,"RD, LD",St. Louis Blues,STL,St. Louis Blues,STL,1600000,800000,2,2023,2023,20232024,2023-06-30,other
8479370,Tyson Jost,exact,"C, RW, LW",Buffalo Sabres,BUF,Minnesota Wild,MIN,2000000,2000000,1,2023,2023,20232024,2023-07-01,UFA
8484304,Uvis Balinskis,exact,"RD, LD",Florida Panthers,FLA,NA,NA,950000,950000,1,2023,2023,20232024,2023-04-18,UFA
8481703,Valtteri Puustinen,exact,"RW, LW",Pittsburgh Penguins,PIT,Pittsburgh Penguins,PIT,775000,775000,1,2023,2023,20232024,2023-06-20,other
NA,Viktor Neuchev,unmatched,LW,Buffalo Sabres,BUF,NA,NA,2850000,950000,3,2023,2023,20232024,2023-05-02,RFA
NA,Ville Ottavainen,unmatched,RD,Seattle Kraken,SEA,NA,NA,2775000,925000,3,2023,2023,20232024,2023-03-20,RFA
8478407,Vince Dunn,exact,"LD, RD",Seattle Kraken,SEA,Seattle Kraken,SEA,29400000,7350000,4,2023,2023,20232024,2023-07-21,UFA
8479968,Vinni Lettieri,exact,"RW, LW, C",Minnesota Wild,MIN,Boston Bruins,BOS,1550000,775000,2,2023,2023,20232024,2023-07-01,UFA
8476994,Vinnie Hinostroza,exact,"RW, C",Pittsburgh Penguins,PIT,Buffalo Sabres,BUF,775000,775000,1,2023,2023,20232024,2023-07-07,UFA
8475765,Vladimir Tarasenko,exact,"RW, LW",Ottawa Senators,OTT,St. Louis Blues,STL,5000000,5000000,1,2023,2023,20232024,2023-07-27,UFA
8478882,Vladislav Gavrikov,exact,LD,Los Angeles Kings,LAK,Columbus Blue Jackets,CBJ,11750000,5875000,2,2023,2023,20232024,2023-06-07,UFA
8476480,Vladislav Namestnikov,exact,"RW, C",Winnipeg Jets,WPG,Tampa Bay Lightning,TBL,4000000,2000000,2,2023,2023,20232024,2023-07-01,UFA
NA,Vsevolod Komarov,unmatched,RD,Buffalo Sabres,BUF,NA,NA,2700000,900000,3,2023,2023,20232024,2023-05-25,RFA
8482652,Walker Duehr,exact,"RW, C",Calgary Flames,CGY,Calgary Flames,CGY,1650000,825000,2,2023,2023,20232024,2023-04-24,UFA
8478840,Will Borgen,exact,RD,Seattle Kraken,SEA,Seattle Kraken,SEA,5400000,2700000,2,2023,2023,20232024,2023-07-07,UFA
8478021,William Lagesson,exact,"LD, RD",Toronto Maple Leafs,TOR,Edmonton Oilers,EDM,775000,775000,1,2023,2023,20232024,2023-07-01,UFA
8479367,William Lockwood,exact,RW,Florida Panthers,FLA,Vancouver Canucks,VAN,1550000,775000,2,2023,2023,20232024,2023-07-02,UFA
NA,William Stromgren,unmatched,LW,Calgary Flames,CGY,NA,NA,2775000,925000,3,2023,2023,20232024,2023-03-29,RFA
NA,William Wallinder,unmatched,LD,Detroit Red Wings,DET,NA,NA,2775000,925000,3,2023,2023,20232024,2023-03-27,RFA
NA,Wyatt Aamodt,unmatched,LD,Colorado Avalanche,COL,NA,NA,775000,775000,1,2023,2023,20232024,2023-06-06,other
8482176,Wyatt Kaiser,exact,"RD, LD",Chicago Blackhawks,CHI,Chicago Blackhawks,CHI,3625000,1208333,3,2023,2023,20232024,2023-03-14,RFA
NA,Xavier Simoneau,unmatched,C,Montreal Canadiens,MTL,NA,NA,1710000,855000,2,2023,2023,20232024,2023-03-01,other
8482475,Yegor Chinakhov,exact,"LW, RW",Columbus Blue Jackets,CBJ,Columbus Blue Jackets,CBJ,800000,800000,1,2023,2023,20232024,2023-04-04,RFA
8481068,Yegor Sharangovich,exact,"RW, C, LW",Calgary Flames,CGY,New Jersey Devils,NJD,6200000,3100000,2,2023,2023,20232024,2023-06-28,UFA
8474610,Zac Dalpe,exact,C,Florida Panthers,FLA,Florida Panthers,FLA,1550000,775000,2,2023,2023,20232024,2023-03-27,UFA
8481708,Zac Jones,exact,"LD, RD",New York Rangers,NYR,New York Rangers,NYR,1625000,812500,2,2023,2023,20232024,2023-06-16,other
8479944,Zach Aston-Reese,first_name_variant,C,Detroit Red Wings,DET,Toronto Maple Leafs,TOR,775000,775000,1,2023,2023,20232024,2023-10-08,UFA
8484145,Zach Benson,exact,"LW, RW",Buffalo Sabres,BUF,NA,NA,4800000,1600000,3,2023,2023,20232024,2023-07-28,RFA
8477482,Zachary Sanford,exact,"C, LW",Arizona Coyotes,ARI,Nashville Predators,NSH,800000,800000,1,2023,2023,20232024,2023-07-14,UFA
8479772,Zack MacEwen,exact,RW,Ottawa Senators,OTT,Philadelphia Flyers,PHI,2325000,775000,3,2023,2023,20232024,2023-07-06,UFA
8476878,Zemgus Girgensons,exact,"LW, C",Buffalo Sabres,BUF,Buffalo Sabres,BUF,2500000,2500000,1,2023,2023,20232024,2023-06-20,UFA
8478421,A.J. Greer,exact,LW,Florida Panthers,FLA,Calgary Flames,CGY,1700000,850000,2,2024,2024,20242025,2024-07-01,UFA
NA,Aatu Jamsen,unmatched,RW,Los Angeles Kings,LAK,NA,NA,1705000,852500,2,2024,2024,20242025,2024-05-21,RFA
8481550,Adam Beckman,exact,"LW, RW",New Jersey Devils,NJD,Minnesota Wild,MIN,775000,775000,1,2024,2024,20242025,2024-07-15,other
8480871,Adam Boqvist,exact,"RD, LD",Florida Panthers,FLA,Columbus Blue Jackets,CBJ,775000,775000,1,2024,2024,20242025,2024-07-09,other
NA,Adam Engstrom,unmatched,"LD, RD",Montreal Canadiens,MTL,NA,NA,2850000,950000,3,2024,2024,20242025,2024-05-03,RFA
8478874,Adam Gaudette,exact,RW,Ottawa Senators,OTT,St. Louis Blues,STL,775000,775000,1,2024,2024,20242025,2024-07-02,UFA
8480874,Adam Ginning,exact,"LD, RD",Philadelphia Flyers,PHI,Philadelphia Flyers,PHI,1575000,787500,2,2024,2024,20242025,2024-06-17,other
8474641,Adam Henrique,exact,"C, RW, LW",Edmonton Oilers,EDM,Anaheim Ducks,ANA,6000000,3000000,2,2024,2024,20242025,2024-07-01,UFA
NA,Adam Jiricek,unmatched,RD,St. Louis Blues,STL,NA,NA,2850000,975000,3,2024,2024,20242025,2024-07-02,RFA
8476457,Adam Larsson,exact,"RD, LD",Seattle Kraken,SEA,Seattle Kraken,SEA,21000000,5250000,4,2024,2024,20242025,2024-09-09,UFA
8482197,Adam Raska,exact,"LW, RW",Minnesota Wild,MIN,Minnesota Wild,MIN,775000,775000,1,2024,2024,20242025,2024-07-08,other
8482482,Adam Wilsby,exact,LD,Nashville Predators,NSH,NA,NA,775000,775000,1,2024,2024,20242025,2024-07-18,other
8480851,Akil Thomas,exact,"RW, C",Los Angeles Kings,LAK,Los Angeles Kings,LAK,1550000,775000,2,2024,2024,20242025,2024-06-06,other
8481607,Albert Johansson,exact,LD,Detroit Red Wings,DET,NA,NA,775000,775000,1,2024,2024,20242025,2024-06-19,other
8474166,Alec Martinez,exact,"LD, RD",Chicago Blackhawks,CHI,Vegas Golden Knights,VGK,4000000,4000000,1,2024,2024,20242025,2024-07-01,UFA
8480831,Alec Regula,exact,RD,Boston Bruins,BOS,Chicago Blackhawks,CHI,775000,775000,1,2024,2024,20242025,2024-07-12,other
NA,Aleksanteri Kaskimaki,unmatched,C,St. Louis Blues,STL,NA,NA,2850000,950000,3,2024,2024,20242025,2024-05-28,RFA
NA,Alex Jefferies,unmatched,LW,New York Islanders,NYI,NA,NA,1850000,925000,2,2024,2024,20242025,2024-04-19,RFA
NA,Alex Limoges,unmatched,C,Washington Capitals,WSH,NA,NA,775000,775000,1,2024,2024,20242025,2024-07-04,UFA
8482634,Alex Steeves,exact,C,Toronto Maple Leafs,TOR,Toronto Maple Leafs,TOR,775000,775000,1,2024,2024,20242025,2024-08-21,other
8481532,Alex Turcotte,exact,"LW, RW, C",Los Angeles Kings,LAK,Los Angeles Kings,LAK,2325000,775000,3,2024,2024,20242025,2024-06-22,other
8481568,Alex Vlasic,exact,"LD, RD",Chicago Blackhawks,CHI,Chicago Blackhawks,CHI,27600000,4600000,6,2024,2024,20242025,2024-04-25,UFA
8479423,Alexander Nylander,first_name_variant,"LW, RW",Toronto Maple Leafs,TOR,Pittsburgh Penguins,PIT,775000,775000,1,2024,2024,20242025,2024-11-22,UFA
8475755,Alexander Petrovic,exact,RD,Dallas Stars,DAL,Dallas Stars,DAL,1550000,775000,2,2024,2024,20242025,2024-06-28,UFA
8477505,Alexander Wennberg,exact,C,San Jose Sharks,SJS,Seattle Kraken,SEA,10000000,5000000,2,2024,2024,20242025,2024-07-01,UFA
8478851,Alexandre Carrier,exact,RD,Nashville Predators,NSH,Nashville Predators,NSH,11250000,3750000,3,2024,2024,20242025,2024-07-01,UFA
8480074,Alexandre Texier,exact,"LW, RW, C",St. Louis Blues,STL,Columbus Blue Jackets,CBJ,4200000,2100000,2,2024,2024,20242025,2024-06-28,other
8480281,Alexey Toropchenko,exact,"RW, LW",St. Louis Blues,STL,St. Louis Blues,STL,1700000,1700000,1,2024,2024,20242025,2024-10-29,UFA
8481656,Aliaksei Protas,exact,"LW, RW, C",Washington Capitals,WSH,Washington Capitals,WSH,16875000,3375000,5,2024,2024,20242025,2024-01-19,UFA
NA,Andre Lee,unmatched,LW,Los Angeles Kings,LAK,NA,NA,775000,775000,1,2024,2024,20242025,2024-06-05,other
8475461,Andrew Agozzino,exact,LW,Utah Hockey Club,UTA,San Jose Sharks,SJS,775000,775000,2,2024,2024,20242025,2024-07-02,UFA
NA,Andrew Basha,unmatched,LW,Calgary Flames,CGY,NA,NA,2925000,975000,3,2024,2024,20242025,2024-09-29,RFA
NA,Andrew Gibson,unmatched,RD,Detroit Red Wings,DET,NA,NA,2850000,950000,3,2024,2024,20242025,2024-04-28,RFA
8479249,Andrew Poturalski,exact,C,San Jose Sharks,SJS,Seattle Kraken,SEA,1600000,800000,2,2024,2024,20242025,2024-07-03,UFA
8481065,Angus Crookshank,exact,LW,Ottawa Senators,OTT,Ottawa Senators,OTT,775000,775000,1,2024,2024,20242025,2024-06-12,other
8478463,Anthony Beauvillier,exact,LW,Pittsburgh Penguins,PIT,Vancouver Canucks,VAN,1250000,1250000,1,2024,2024,20242025,2024-07-01,UFA
8477407,Anthony Duclair,exact,LW,New York Islanders,NYI,San Jose Sharks,SJS,14000000,3500000,4,2024,2024,20242025,2024-07-01,UFA
8477511,Anthony Mantha,exact,RW,Calgary Flames,CGY,Washington Capitals,WSH,3500000,3500000,1,2024,2024,20242025,2024-07-01,UFA
8478409,Anthony Richard,exact,"RW, LW, C",Philadelphia Flyers,PHI,Boston Bruins,BOS,1550000,775000,2,2024,2024,20242025,2024-07-02,UFA
8482113,Anton Lundell,exact,C,Florida Panthers,FLA,Florida Panthers,FLA,30000000,5000000,6,2024,2024,20242025,2024-07-03,UFA
8482964,Arber Xhekaj,exact,"LD, RD",Montreal Canadiens,MTL,Montréal Canadiens,MTL,2600000,1300000,2,2024,2024,20242025,2024-07-30,RFA
NA,Artem Duda,unmatched,LD,Utah Hockey Club,UTA,NA,NA,2850000,950000,3,2024,2024,20242025,2024-07-09,RFA
8481560,Arthur Kaliyev,exact,RW,Los Angeles Kings,LAK,Los Angeles Kings,LAK,825000,825000,1,2024,2024,20242025,2024-09-17,other
NA,Arttu Hyry,unmatched,RW,Dallas Stars,DAL,NA,NA,1900000,950000,2,2024,2024,20242025,2024-04-15,RFA
8484783,Artyom Levshunov,exact,RD,Chicago Blackhawks,CHI,NA,NA,12675000,4225000,3,2024,2024,20242025,2024-07-06,RFA
NA,Austin Roest,unmatched,RW,Nashville Predators,NSH,NA,NA,2535000,845000,3,2024,2024,20242025,2024-03-01,RFA
8475766,Austin Watson,exact,LW,Detroit Red Wings,DET,Tampa Bay Lightning,TBL,775000,775000,1,2024,2024,20242025,2024-10-07,UFA
8480849,Barrett Hayton,exact,"C, LW",Utah Hockey Club,UTA,Arizona Coyotes,ARI,5300000,2650000,2,2024,2024,20242025,2024-07-08,other
8479359,Beck Malenstyn,exact,LW,Buffalo Sabres,BUF,Washington Capitals,WSH,2700000,1350000,2,2024,2024,20242025,2024-07-23,UFA
NA,Beckett Sennecke,unmatched,RW,Anaheim Ducks,ANA,NA,NA,2925000,4075000,3,2024,2024,20242025,2024-07-05,RFA
NA,Ben Danford,unmatched,RD,Toronto Maple Leafs,TOR,NA,NA,2892500,964000,3,2024,2024,20242025,2024-07-31,RFA
8480259,Ben Jones,exact,C,Minnesota Wild,MIN,Vegas Golden Knights,VGK,1550000,775000,2,2024,2024,20242025,2024-07-01,UFA
8481827,Ben McCartney,exact,LW,Utah Hockey Club,UTA,Arizona Coyotes,ARI,775000,775000,1,2024,2024,20242025,2024-06-24,other
8483570,Ben Meyers,exact,"LW, C",Seattle Kraken,SEA,Colorado Avalanche,COL,775000,775000,1,2024,2024,20242025,2024-07-01,other
NA,Ben Steeves,unmatched,LW,Florida Panthers,FLA,NA,NA,1900000,950000,2,2024,2024,20242025,2024-03-25,RFA
NA,Berkly Catton,unmatched,C,Seattle Kraken,SEA,NA,NA,2632500,1975000,3,2024,2024,20242025,2024-07-05,RFA
8482399,Billy Sweezey,exact,RD,Boston Bruins,BOS,Columbus Blue Jackets,CBJ,1550000,775000,2,2024,2024,20242025,2024-07-01,UFA
8481481,Blake Lizotte,exact,"LW, RW, C",Pittsburgh Penguins,PIT,Los Angeles Kings,LAK,3700000,1850000,2,2024,2024,20242025,2024-07-01,UFA
8480870,Bo Groulx,exact,"C, LW, RW",New York Rangers,NYR,Anaheim Ducks,ANA,775000,775000,1,2024,2024,20242025,2024-07-02,other
8481553,Bobby Brink,exact,RW,Philadelphia Flyers,PHI,Philadelphia Flyers,PHI,3000000,1500000,2,2024,2024,20242025,2024-07-03,other
8482259,Bobby McMann,exact,"LW, RW, C",Toronto Maple Leafs,TOR,Toronto Maple Leafs,TOR,2700000,1350000,2,2024,2024,20242025,2024-03-13,UFA
8478147,Bokondji Imama,exact,LW,Pittsburgh Penguins,PIT,Ottawa Senators,OTT,775000,775000,1,2024,2024,20242025,2024-07-01,UFA
8482073,Braden Schneider,exact,RD,New York Rangers,NYR,New York Rangers,NYR,4400000,2200000,2,2024,2024,20242025,2024-07-13,other
NA,Bradly Nadeau,unmatched,LW,Carolina Hurricanes,CAR,Carolina Hurricanes,CAR,2850000,950000,3,2024,2024,20242025,2024-04-07,RFA
8476869,Brady Skjei,exact,LD,Nashville Predators,NSH,Carolina Hurricanes,CAR,49000000,7000000,7,2024,2024,20242025,2024-07-01,UFA
8482061,Brandon Biro,exact,LW,Seattle Kraken,SEA,Buffalo Sabres,BUF,775000,775000,1,2024,2024,20242025,2024-07-01,UFA
NA,Brandon Coe,unmatched,RW,San Jose Sharks,SJS,NA,NA,775000,775000,1,2024,2024,20242025,2024-07-15,RFA
8479520,Brandon Duhaime,exact,RW,Washington Capitals,WSH,Minnesota Wild,MIN,3700000,1850000,2,2024,2024,20242025,2024-07-01,UFA
8479330,Brandon Gignac,exact,C,Montreal Canadiens,MTL,Montréal Canadiens,MTL,1550000,775000,2,2024,2024,20242025,2024-02-04,UFA
8477986,Brandon Montour,exact,RD,Seattle Kraken,SEA,Florida Panthers,FLA,50000000,7142857,7,2024,2024,20242025,2024-07-01,UFA
NA,Brandon Scanlin,unmatched,LD,New York Rangers,NYR,New York Rangers,NYR,1550000,775000,2,2024,2024,20242025,2024-02-15,UFA
8475188,Brayden McNabb,exact,"RD, LD",Vegas Golden Knights,VGK,Vegas Golden Knights,VGK,10950000,3650000,3,2024,2024,20242025,2024-11-15,UFA
8481167,Brayden Pachal,exact,RD,Calgary Flames,CGY,Vegas Golden Knights,VGK,2375000,1187500,2,2024,2024,20242025,2024-12-17,other
8484242,Brayden Yager,exact,C,Pittsburgh Penguins,PIT,NA,NA,4350000,1450000,3,2024,2024,20242025,2024-07-25,RFA
8476867,Brendan Gaunce,exact,"C, RW",Minnesota Wild,MIN,Columbus Blue Jackets,CBJ,1550000,775000,2,2024,2024,20242025,2024-07-01,UFA
8474090,Brendan Smith,exact,"LD, RD",Dallas Stars,DAL,New Jersey Devils,NJD,1000000,1000000,1,2024,2024,20242025,2024-07-01,UFA
8475455,Brenden Dillon,exact,"LD, RD",New Jersey Devils,NJD,Winnipeg Jets,WPG,12000000,4000000,3,2024,2024,20242025,2024-07-01,UFA
8479353,Brett Howden,exact,"LW, C",Vegas Golden Knights,VGK,Vegas Golden Knights,VGK,12500000,2500000,5,2024,2024,20242025,2024-11-22,UFA
8481517,Brett Leason,exact,"RW, LW",Anaheim Ducks,ANA,Anaheim Ducks,ANA,1050000,1050000,1,2024,2024,20242025,2024-07-01,other
8479419,Brett Murray,exact,LW,Buffalo Sabres,BUF,Buffalo Sabres,BUF,775000,775000,1,2024,2024,20242025,2024-07-01,other
8477488,Brett Pesce,exact,RD,New Jersey Devils,NJD,Carolina Hurricanes,CAR,33000000,5500000,6,2024,2024,20242025,2024-07-01,UFA
8478881,Brett Seney,exact,LW,Chicago Blackhawks,CHI,Chicago Blackhawks,CHI,775000,775000,1,2024,2024,20242025,2024-05-20,UFA
8483531,Brian Halonen,exact,LW,New Jersey Devils,NJD,New Jersey Devils,NJD,1550000,775000,2,2024,2024,20242025,2024-05-16,UFA
8482122,Brock Faber,exact,RD,Minnesota Wild,MIN,Minnesota Wild,MIN,68000000,8500000,8,2024,2024,20242025,2024-07-29,UFA
NA,Bryce Montgomery,unmatched,RD,Carolina Hurricanes,CAR,NA,NA,2564700,1854910,3,2024,2024,20242025,2024-10-06,RFA
8481570,Cade Webber,exact,LD,Toronto Maple Leafs,TOR,NA,NA,1750000,875000,2,2024,2024,20242025,2024-04-18,other
8481570,Cade Webber,exact,LD,Toronto Maple Leafs,TOR,NA,NA,1650000,825000,2,2024,2024,20242025,2024-10-07,RFA
NA,Caden Price,unmatched,LD,Seattle Kraken,SEA,NA,NA,2725000,908333,3,2024,2024,20242025,2024-04-24,RFA
8478452,Caleb Jones,exact,"RD, LD",Los Angeles Kings,LAK,Colorado Avalanche,COL,775000,775000,1,2024,2024,20242025,2024-07-05,UFA
8482250,Callahan Burke,exact,C,Vegas Golden Knights,VGK,Carolina Hurricanes,CAR,775000,775000,1,2024,2024,20242025,2024-07-04,UFA
8480157,Calle Rosen,exact,"RD, LD",Colorado Avalanche,COL,St. Louis Blues,STL,775000,775000,1,2024,2024,20242025,2024-07-01,UFA
NA,Calum Ritchie,unmatched,C,Colorado Avalanche,COL,NA,NA,2925000,1191667,3,2024,2024,20242025,2024-07-08,RFA
8475177,Calvin de Haan,exact,"LD, RD",Colorado Avalanche,COL,Tampa Bay Lightning,TBL,800000,800000,1,2024,2024,20242025,2024-07-01,UFA
NA,Cam Allen,unmatched,RD,Washington Capitals,WSH,NA,NA,2660001,950000,3,2024,2024,20242025,2024-07-06,RFA
8474715,Cam Atkinson,exact,"RW, LW",Tampa Bay Lightning,TBL,Philadelphia Flyers,PHI,900000,900000,1,2024,2024,20242025,2024-07-02,UFA
8479341,Cam Dineen,exact,LD,Edmonton Oilers,EDM,Arizona Coyotes,ARI,1550000,775000,2,2024,2024,20242025,2024-06-28,UFA
NA,Cam Squires,unmatched,RW,New Jersey Devils,NJD,NA,NA,2775000,950000,3,2024,2024,20242025,2024-07-19,RFA
NA,Camden Thiesing,unmatched,C,New York Islanders,NYI,NA,NA,1900000,950000,2,2024,2024,20242025,2024-03-22,RFA
8480075,Cameron Crotty,exact,RD,Minnesota Wild,MIN,Arizona Coyotes,ARI,775000,775000,1,2024,2024,20242025,2024-07-01,other
8478888,Cameron Hughes,exact,C,Dallas Stars,DAL,Boston Bruins,BOS,775000,775000,1,2024,2024,20242025,2024-07-01,UFA
NA,Cameron Wright,unmatched,RW,Edmonton Oilers,EDM,NA,NA,952000,952000,1,2024,2024,20242025,2024-10-07,other
8479336,Carl Grundstrom,exact,RW,San Jose Sharks,SJS,Los Angeles Kings,LAK,3600000,1800000,2,2024,2024,20242025,2024-07-04,UFA
8480292,Carson Meyer,exact,"LW, RW",Anaheim Ducks,ANA,Columbus Blue Jackets,CBJ,775000,775000,1,2024,2024,20242025,2024-07-03,UFA
NA,Carson Rehkopf,unmatched,LW,Seattle Kraken,SEA,NA,NA,2850000,950000,3,2024,2024,20242025,2024-04-21,RFA
8477409,Carter Verhaeghe,exact,"RW, LW, C",Florida Panthers,FLA,Florida Panthers,FLA,56000000,7000000,8,2024,2024,20242025,2024-10-08,UFA
8484759,Carter Yakemchuk,exact,RD,Ottawa Senators,OTT,NA,NA,2925000,1975000,3,2024,2024,20242025,2024-08-06,RFA
8479578,Casey Fitzgerald,exact,RD,New York Rangers,NYR,Buffalo Sabres,BUF,775000,775000,2,2024,2024,20242025,2024-07-02,UFA
8479999,Casey Mittelstadt,exact,C,Colorado Avalanche,COL,Buffalo Sabres,BUF,17250000,5750000,3,2024,2024,20242025,2024-06-25,UFA
NA,Cedric Pare,unmatched,C,Toronto Maple Leafs,TOR,NA,NA,775000,775000,1,2024,2024,20242025,2024-07-03,other
8477244,Chad Ruhwedel,exact,RD,New York Rangers,NYR,Pittsburgh Penguins,PIT,775000,775000,1,2024,2024,20242025,2024-07-12,UFA
8476905,Chandler Stephenson,exact,C,Seattle Kraken,SEA,Vegas Golden Knights,VGK,43750000,6250000,7,2024,2024,20242025,2024-07-01,UFA
NA,Charles-Alexis Legault,unmatched,RD,Carolina Hurricanes,CAR,NA,NA,2850000,950000,3,2024,2024,20242025,2024-05-06,RFA
NA,Chase Bradley,unmatched,LW,Colorado Avalanche,COL,NA,NA,1950000,975000,2,2024,2024,20242025,2024-07-02,RFA
8479597,Chase Priskie,exact,RD,Washington Capitals,WSH,Florida Panthers,FLA,775000,775000,1,2024,2024,20242025,2024-07-01,UFA
8475690,Chris Tanev,exact,RD,Toronto Maple Leafs,TOR,Calgary Flames,CGY,27000000,4500000,6,2024,2024,20242025,2024-07-01,UFA
8475780,Chris Wagner,exact,"C, RW",Colorado Avalanche,COL,Colorado Avalanche,COL,775000,775000,1,2024,2024,20242025,2024-04-03,UFA
NA,Christian Felton,unmatched,RD,Vancouver Canucks,VAN,NA,NA,950000,950000,1,2024,2024,20242025,2024-03-15,other
8478432,Christian Fischer,exact,"RW, C",Detroit Red Wings,DET,Detroit Red Wings,DET,1125000,1125000,1,2024,2024,20242025,2024-07-01,UFA
NA,Cole Beaudoin,unmatched,C,Utah Hockey Club,UTA,NA,NA,2925000,975000,3,2024,2024,20242025,2024-07-22,RFA
NA,Cole Clayton,unmatched,RD,Columbus Blue Jackets,CBJ,NA,NA,810000,810000,1,2024,2024,20242025,2024-07-01,other
8480252,Cole Guttman,exact,"RW, C, LW",Chicago Blackhawks,CHI,Chicago Blackhawks,CHI,775000,775000,1,2024,2024,20242025,2024-06-20,other
8481043,Cole Koepke,exact,"LW, RW",Boston Bruins,BOS,Tampa Bay Lightning,TBL,775000,775000,1,2024,2024,20242025,2024-07-01,UFA
8484287,Cole McWard,exact,RD,Vancouver Canucks,VAN,Vancouver Canucks,VAN,775000,775000,1,2024,2024,20242025,2024-06-20,other
8482149,Cole Perfetti,exact,"RW, C, LW",Winnipeg Jets,WPG,Winnipeg Jets,WPG,6500000,3250000,2,2024,2024,20242025,2024-09-23,other
8481133,Cole Reinhardt,exact,LW,Ottawa Senators,OTT,Ottawa Senators,OTT,775000,775000,1,2024,2024,20242025,2024-06-14,other
8481655,Cole Schwindt,exact,RW,Calgary Flames,CGY,Calgary Flames,CGY,800000,800000,1,2024,2024,20242025,2024-09-18,other
8482062,Cole Smith,exact,"LW, RW",Nashville Predators,NSH,Nashville Predators,NSH,2000000,1000000,2,2024,2024,20242025,2024-01-24,UFA
8476278,Colin Blackwell,exact,"LW, RW, C",Dallas Stars,DAL,Chicago Blackhawks,CHI,775000,775000,1,2024,2024,20242025,2024-07-02,UFA
8476525,Colin Miller,exact,RD,Winnipeg Jets,WPG,New Jersey Devils,NJD,3000000,1500000,2,2024,2024,20242025,2024-07-01,UFA
NA,Collin Graf,unmatched,RW,San Jose Sharks,SJS,San Jose Sharks,SJS,3850000,1283333,3,2024,2024,20242025,2024-04-04,RFA
NA,Colton Poolman,unmatched,LD,Buffalo Sabres,BUF,NA,NA,775000,775000,1,2024,2024,20242025,2024-08-09,UFA
8478841,Colton White,exact,LD,New Jersey Devils,NJD,Anaheim Ducks,ANA,1550000,775000,2,2024,2024,20242025,2024-07-01,UFA
8477015,Connor Brown,exact,RW,Edmonton Oilers,EDM,Edmonton Oilers,EDM,1000000,1000000,1,2024,2024,20242025,2024-07-01,UFA
8476941,Connor Carrick,exact,RD,Edmonton Oilers,EDM,Boston Bruins,BOS,775000,775000,1,2024,2024,20242025,2024-07-01,UFA
NA,Connor Clattenburg,unmatched,C,Edmonton Oilers,EDM,NA,NA,2565000,855000,3,2024,2024,20242025,2024-12-23,RFA
8480980,Connor Dewar,exact,C,Toronto Maple Leafs,TOR,Minnesota Wild,MIN,1180000,1180000,1,2024,2024,20242025,2024-07-23,other
8482067,Connor Mackey,exact,LD,New York Rangers,NYR,New York Rangers,NYR,1550000,775000,2,2024,2024,20242025,2024-03-01,UFA
8481580,Connor McMichael,exact,"C, LW",Washington Capitals,WSH,Washington Capitals,WSH,4200000,2100000,2,2024,2024,20242025,2024-07-01,other
NA,Connor Punnett,unmatched,LD,Dallas Stars,DAL,NA,NA,2850000,950000,3,2024,2024,20242025,2024-03-07,RFA
NA,Corey Andonovski,unmatched,RW,Pittsburgh Penguins,PIT,NA,NA,775000,775000,1,2024,2024,20242025,2024-07-05,other
8470621,Corey Perry,exact,RW,Edmonton Oilers,EDM,Chicago Blackhawks,CHI,1100000,1100000,1,2024,2024,20242025,2024-01-22,UFA
8470621,Corey Perry,exact,RW,Edmonton Oilers,EDM,Chicago Blackhawks,CHI,1400000,1400000,1,2024,2024,20242025,2024-07-01,UFA
8481461,Corey Schueneman,exact,"LD, RD",St. Louis Blues,STL,Montréal Canadiens,MTL,775000,775000,1,2024,2024,20242025,2024-07-02,UFA
NA,Coulson Pitre,unmatched,RW,Anaheim Ducks,ANA,NA,NA,2580000,860000,3,2024,2024,20242025,2024-04-03,RFA
8475225,Craig Smith,exact,"RW, LW, C",Chicago Blackhawks,CHI,Dallas Stars,DAL,1000000,1000000,1,2024,2024,20242025,2024-07-01,UFA
NA,Curtis Douglas,unmatched,C,Utah Hockey Club,UTA,NA,NA,1550000,775000,2,2024,2024,20242025,2024-07-07,other
8483445,Cutter Gauthier,exact,LW,Anaheim Ducks,ANA,Anaheim Ducks,ANA,5700000,1900000,3,2024,2024,20242025,2024-04-14,RFA
8478057,Dakota Joshua,exact,"LW, RW, C",Vancouver Canucks,VAN,Vancouver Canucks,VAN,13000000,3250000,4,2024,2024,20242025,2024-06-27,UFA
8477541,Dakota Mermis,exact,"LD, RD",Toronto Maple Leafs,TOR,Minnesota Wild,MIN,775000,775000,1,2024,2024,20242025,2024-07-03,UFA
8478466,Daniel Sprong,exact,RW,Vancouver Canucks,VAN,Detroit Red Wings,DET,975000,975000,1,2024,2024,20242025,2024-07-20,UFA
8482624,Daniil Miromanov,exact,RD,Calgary Flames,CGY,Vegas Golden Knights,VGK,2500000,1250000,2,2024,2024,20242025,2024-03-06,UFA
8479371,Dante Fabbro,exact,RD,Nashville Predators,NSH,Nashville Predators,NSH,2500000,2500000,1,2024,2024,20242025,2024-03-08,UFA
8478046,Danton Heinen,exact,"LW, RW",Vancouver Canucks,VAN,Boston Bruins,BOS,4500000,2250000,2,2024,2024,20242025,2024-07-01,UFA
8481019,David Gustafsson,exact,"RW, C, LW",Winnipeg Jets,WPG,Winnipeg Jets,WPG,1670000,835000,2,2024,2024,20242025,2024-07-06,other
8474102,David Perron,exact,"LW, RW",Ottawa Senators,OTT,Detroit Red Wings,DET,8000000,4000000,2,2024,2024,20242025,2024-07-01,UFA
8482110,Dawson Mercer,exact,"LW, RW, C",New Jersey Devils,NJD,New Jersey Devils,NJD,12000000,4000000,3,2024,2024,20242025,2024-09-20,other
NA,Declan Carlile,unmatched,LD,Tampa Bay Lightning,TBL,Tampa Bay Lightning,TBL,1550000,775000,2,2024,2024,20242025,2024-06-06,other
8480990,Declan Chisholm,exact,"RD, LD",Minnesota Wild,MIN,Winnipeg Jets,WPG,1000000,1000000,1,2024,2024,20242025,2024-07-06,other
8479395,Dennis Cholowski,exact,LD,New York Islanders,NYI,New York Islanders,NYI,775000,775000,1,2024,2024,20242025,2024-07-25,UFA
8478502,Dennis Gilbert,exact,"LD, RD",Buffalo Sabres,BUF,Calgary Flames,CGY,825000,825000,1,2024,2024,20242025,2024-07-01,UFA
NA,Denver Barkey,unmatched,C,Philadelphia Flyers,PHI,NA,NA,2850000,950000,3,2024,2024,20242025,2024-03-03,RFA
8475762,Derek Forbort,exact,"LD, RD",Vancouver Canucks,VAN,Boston Bruins,BOS,1500000,1500000,1,2024,2024,20242025,2024-07-01,UFA
8476913,Devin Shore,exact,"LW, C",Minnesota Wild,MIN,Seattle Kraken,SEA,775000,775000,1,2024,2024,20242025,2024-07-01,UFA
8475179,Dmitry Kulikov,exact,"LD, RD",Florida Panthers,FLA,Florida Panthers,FLA,4600000,1150000,4,2024,2024,20242025,2024-07-01,UFA
NA,Dominik Badinka,unmatched,RD,Carolina Hurricanes,CAR,NA,NA,2607150,938833,3,2024,2024,20242025,2024-07-14,RFA
NA,Drew Bavaro,unmatched,RD,Boston Bruins,BOS,NA,NA,925000,925000,1,2024,2024,20242025,2024-03-12,other
8479639,Dylan Coghlan,exact,RD,Winnipeg Jets,WPG,Carolina Hurricanes,CAR,775000,775000,1,2024,2024,20242025,2024-07-10,UFA
8476331,Dylan DeMelo,exact,RD,Winnipeg Jets,WPG,Winnipeg Jets,WPG,19600000,4900000,4,2024,2024,20242025,2024-06-25,UFA
NA,Dylan Duke,unmatched,LW,Tampa Bay Lightning,TBL,NA,NA,2775000,925000,3,2024,2024,20242025,2024-04-15,RFA
8479580,Dylan Gambrell,exact,C,Columbus Blue Jackets,CBJ,Ottawa Senators,OTT,775000,775000,1,2024,2024,20242025,2024-07-01,UFA
8482699,Dylan Guenther,exact,RW,Utah Hockey Club,UTA,Arizona Coyotes,ARI,57142856,7142857,8,2024,2024,20242025,2024-09-20,UFA
8482077,Dylan Holloway,exact,"LW, C",St. Louis Blues,STL,Edmonton Oilers,EDM,4580914,2290457,2,2024,2024,20242025,2024-08-20,other
NA,Dylan Peterson,unmatched,C,St. Louis Blues,STL,NA,NA,1850000,925000,2,2024,2024,20242025,2024-04-13,RFA
NA,Dylan Roobroeck,unmatched,C,New York Rangers,NYR,NA,NA,2550000,850000,3,2024,2024,20242025,2024-05-20,RFA
NA,Dylan Wendt,unmatched,RW,New Jersey Devils,NJD,NA,NA,1900000,950000,2,2024,2024,20242025,2024-04-04,RFA
NA,Dyllan Gill,unmatched,RD,Tampa Bay Lightning,TBL,NA,NA,2850000,950000,3,2024,2024,20242025,2024-05-21,RFA
8480009,Eeli Tolvanen,exact,"LW, RW",Seattle Kraken,SEA,Seattle Kraken,SEA,6950000,3475000,2,2024,2024,20242025,2024-07-05,UFA
8481102,Egor Sokolov,exact,LW,Utah Hockey Club,UTA,Ottawa Senators,OTT,775000,775000,1,2024,2024,20242025,2024-07-09,other
8481178,Egor Zamula,exact,"LD, RD",Philadelphia Flyers,PHI,Philadelphia Flyers,PHI,3400000,1700000,2,2024,2024,20242025,2024-07-07,other
8477496,Elias Lindholm,exact,"C, RW, LW",Boston Bruins,BOS,Calgary Flames,CGY,54250000,7750000,7,2024,2024,20242025,2024-07-01,UFA
8480012,Elias Pettersson,manual_override,"C, LW",Vancouver Canucks,VAN,Vancouver Canucks,VAN,92800000,11600000,8,2024,2024,20242025,2024-03-02,UFA
8480205,Emil Bemstrom,exact,"LW, RW, C",Pittsburgh Penguins,PIT,Columbus Blue Jackets,CBJ,775000,775000,1,2024,2024,20242025,2024-07-01,other
NA,Emil Hemming,unmatched,RW,Dallas Stars,DAL,NA,NA,2925000,975000,3,2024,2024,20242025,2024-07-15,RFA
8482929,Emil Lilleberg,exact,"LD, RD",Tampa Bay Lightning,TBL,Tampa Bay Lightning,TBL,1600000,800000,2,2024,2024,20242025,2024-07-01,other
NA,Emmitt Finnie,unmatched,C,Detroit Red Wings,DET,NA,NA,2535000,845000,3,2024,2024,20242025,2024-03-26,RFA
8480762,Eric Robinson,exact,"LW, RW",Carolina Hurricanes,CAR,Columbus Blue Jackets,CBJ,950000,950000,1,2024,2024,20242025,2024-07-01,UFA
8480073,Erik Brannstrom,exact,"LD, RD, LW",Colorado Avalanche,COL,Ottawa Senators,OTT,900000,900000,1,2024,2024,20242025,2024-07-01,other
8476979,Erik Gustafsson,exact,LD,Detroit Red Wings,DET,New York Rangers,NYR,4000000,2000000,2,2024,2024,20242025,2024-07-01,UFA
8473446,Erik Johnson,exact,RD,Philadelphia Flyers,PHI,Buffalo Sabres,BUF,1000000,1000000,1,2024,2024,20242025,2024-07-01,UFA
NA,Eriks Mateiko,unmatched,LW,Washington Capitals,WSH,NA,NA,2925000,975000,3,2024,2024,20242025,2024-09-27,RFA
8476902,Esa Lindell,exact,"LD, RD",Dallas Stars,DAL,Dallas Stars,DAL,26250000,5250000,5,2024,2024,20242025,2024-09-17,UFA
8483573,Ethen Frank,exact,C,Washington Capitals,WSH,NA,NA,1550000,775000,2,2024,2024,20242025,2024-06-30,UFA
NA,Etienne Morin,unmatched,LD,Calgary Flames,CGY,NA,NA,2710200,950000,3,2024,2024,20242025,2024-07-05,RFA
8479425,Filip Hronek,exact,"RD, LD",Vancouver Canucks,VAN,Vancouver Canucks,VAN,58000000,7250000,8,2024,2024,20242025,2024-06-18,UFA
8480820,Filip Kral,exact,LD,Pittsburgh Penguins,PIT,Toronto Maple Leafs,TOR,775000,775000,1,2024,2024,20242025,2024-05-21,other
8483619,Filip Roos,exact,"RD, LD",Ottawa Senators,OTT,Chicago Blackhawks,CHI,775000,775000,1,2024,2024,20242025,2024-07-01,other
NA,Florian Xhekaj,unmatched,LW,Montreal Canadiens,MTL,NA,NA,2760000,920000,3,2024,2024,20242025,2024-04-09,RFA
8483493,Frank Nazar,exact,C,Chicago Blackhawks,CHI,Chicago Blackhawks,CHI,4650000,1550000,3,2024,2024,20242025,2024-04-13,RFA
8479518,Fredrik Karlstrom,exact,C,New York Islanders,NYI,Dallas Stars,DAL,775000,775000,1,2024,2024,20242025,2024-07-02,UFA
8480863,Gabriel Fortier,exact,LW,Tampa Bay Lightning,TBL,Tampa Bay Lightning,TBL,775000,775000,1,2024,2024,20242025,2024-06-17,other
NA,Gabriel Szturc,unmatched,C,Tampa Bay Lightning,TBL,NA,NA,2850000,950000,3,2024,2024,20242025,2024-03-02,RFA
8482201,Gage Goncalves,exact,"RW, C",Tampa Bay Lightning,TBL,Tampa Bay Lightning,TBL,775000,775000,1,2024,2024,20242025,2024-06-21,other
8477903,Garnet Hathaway,exact,RW,Philadelphia Flyers,PHI,Philadelphia Flyers,PHI,4800000,2400000,2,2024,2024,20242025,2024-07-01,UFA
8479516,Garrett Pilon,exact,C,Ottawa Senators,OTT,Washington Capitals,WSH,1550000,775000,2,2024,2024,20242025,2024-07-01,UFA
NA,Gavin Brindley,unmatched,C,Columbus Blue Jackets,CBJ,Columbus Blue Jackets,CBJ,2850000,950000,3,2024,2024,20242025,2024-04-15,RFA
NA,Gleb Trikozov,unmatched,LW,Carolina Hurricanes,CAR,NA,NA,2625000,875000,3,2024,2024,20242025,2024-04-06,RFA
8478446,Glenn Gawdin,exact,C,Los Angeles Kings,LAK,Anaheim Ducks,ANA,1550000,775000,2,2024,2024,20242025,2024-07-01,UFA
NA,Gracyn Sawchyn,unmatched,C,Florida Panthers,FLA,NA,NA,2635000,878333,3,2024,2024,20242025,2024-11-04,RFA
NA,Graeme Clarke,unmatched,RW,Minnesota Wild,MIN,New Jersey Devils,NJD,800000,800000,1,2024,2024,20242025,2024-07-23,other
8478055,Gustav Forsling,exact,LD,Florida Panthers,FLA,Florida Panthers,FLA,46000000,5750000,8,2024,2024,20242025,2024-03-07,UFA
8480184,Gustav Lindstrom,exact,"RD, LD",Montreal Canadiens,MTL,Montréal Canadiens,MTL,775000,775000,1,2024,2024,20242025,2024-10-09,other
NA,Harrison Brunicke,unmatched,RD,Pittsburgh Penguins,PIT,NA,NA,2625000,875000,3,2024,2024,20242025,2024-07-18,RFA
8478173,Hayden Hodgson,exact,RW,Ottawa Senators,OTT,Philadelphia Flyers,PHI,775000,775000,1,2024,2024,20242025,2024-07-02,UFA
8477938,Haydn Fleury,exact,"LD, RD",Winnipeg Jets,WPG,Tampa Bay Lightning,TBL,775000,775000,1,2024,2024,20242025,2024-07-03,UFA
8480035,Henri Jokiharju,exact,RD,Buffalo Sabres,BUF,Buffalo Sabres,BUF,3100000,3100000,1,2024,2024,20242025,2024-07-05,other
8481567,Henry Thrun,exact,LD,San Jose Sharks,SJS,San Jose Sharks,SJS,2000000,1000000,2,2024,2024,20242025,2024-07-24,other
8481070,Hugh McGing,exact,LW,St. Louis Blues,STL,St. Louis Blues,STL,1550000,775000,2,2024,2024,20242025,2024-05-08,UFA
NA,Hunter Brzustewicz,unmatched,RD,Calgary Flames,CGY,NA,NA,2850000,950000,3,2024,2024,20242025,2024-03-14,RFA
NA,Hunter McDonald,unmatched,LD,Philadelphia Flyers,PHI,NA,NA,2400000,1200000,2,2024,2024,20242025,2024-04-15,RFA
NA,Hunter Skinner,unmatched,RD,St. Louis Blues,STL,NA,NA,775000,775000,1,2024,2024,20242025,2024-06-30,other
NA,Hunter St. Martin,unmatched,LW,Florida Panthers,FLA,NA,NA,2567500,855833,3,2024,2024,20242025,2024-10-25,RFA
8474013,Ian Cole,exact,"LD, RD",Utah Hockey Club,UTA,Vancouver Canucks,VAN,3100000,3100000,1,2024,2024,20242025,2024-07-01,UFA
8480070,Ian Mitchell,exact,RD,Boston Bruins,BOS,Boston Bruins,BOS,775000,775000,1,2024,2024,20242025,2024-06-23,other
NA,Igor Chernyshov,unmatched,LW,San Jose Sharks,SJS,NA,NA,2925000,975000,3,2024,2024,20242025,2024-07-31,RFA
8480950,Ilya Lyubushkin,exact,RD,Dallas Stars,DAL,Anaheim Ducks,ANA,6500000,3250000,2,2024,2024,20242025,2024-07-01,UFA
NA,Ilya Protas,unmatched,LW,Washington Capitals,WSH,NA,NA,2667501,975000,3,2024,2024,20242025,2024-07-06,RFA
8482470,Ilya Solovyov,exact,"LD, RD",Calgary Flames,CGY,Calgary Flames,CGY,1550000,775000,2,2024,2024,20242025,2024-09-18,other
8482192,Isaak Phillips,exact,"LD, RD",Chicago Blackhawks,CHI,Chicago Blackhawks,CHI,775000,775000,1,2024,2024,20242025,2024-07-29,other
8480806,Isac Lundestrom,exact,"C, LW",Anaheim Ducks,ANA,Anaheim Ducks,ANA,1500000,1500000,1,2024,2024,20242025,2024-06-30,other
NA,Ivan Ivan,unmatched,C,Colorado Avalanche,COL,NA,NA,1690000,845000,2,2024,2024,20242025,2024-03-05,RFA
8482655,J.J. Moser,exact,"LD, RD",Tampa Bay Lightning,TBL,Arizona Coyotes,ARI,6750000,3375000,2,2024,2024,20242025,2024-07-11,other
8476958,Jaccob Slavin,exact,LD,Carolina Hurricanes,CAR,Carolina Hurricanes,CAR,51690000,6461250,8,2024,2024,20242025,2024-07-01,UFA
8480835,Jack Drury,exact,C,Carolina Hurricanes,CAR,Carolina Hurricanes,CAR,3450000,1725000,2,2024,2024,20242025,2024-07-17,other
8471677,Jack Johnson,exact,"LD, RD",Columbus Blue Jackets,CBJ,Colorado Avalanche,COL,775000,775000,1,2024,2024,20242025,2024-07-03,UFA
NA,Jack Peart,unmatched,LD,Minnesota Wild,MIN,NA,NA,2775000,925000,3,2024,2024,20242025,2024-03-26,RFA
8480056,Jack Rathbone,exact,LD,Buffalo Sabres,BUF,Vancouver Canucks,VAN,775000,775000,1,2024,2024,20242025,2024-07-01,other
8478458,Jack Roslovic,exact,"RW, C",Carolina Hurricanes,CAR,Columbus Blue Jackets,CBJ,2800000,2800000,1,2024,2024,20242025,2024-07-04,UFA
NA,Jack St. Ivany,unmatched,RD,Pittsburgh Penguins,PIT,Pittsburgh Penguins,PIT,2325000,775000,3,2024,2024,20242025,2024-05-21,UFA
8480021,Jack Studnicka,exact,"RW, C",Los Angeles Kings,LAK,Vancouver Canucks,VAN,775000,775000,1,2024,2024,20242025,2024-07-01,other
8482809,Jackson Blake,exact,RW,Carolina Hurricanes,CAR,Carolina Hurricanes,CAR,2775000,925000,3,2024,2024,20242025,2024-04-10,RFA
8481605,Jackson LaCombe,exact,"RD, LD",Anaheim Ducks,ANA,Anaheim Ducks,ANA,1850000,925000,2,2024,2024,20242025,2024-07-15,other
8480196,Jacob Bryson,exact,"LD, RD",Buffalo Sabres,BUF,Buffalo Sabres,BUF,900000,900000,1,2024,2024,20242025,2024-07-01,UFA
NA,Jacob Gaucher,unmatched,C,Philadelphia Flyers,PHI,NA,NA,1741000,870500,2,2024,2024,20242025,2024-12-12,RFA
8481422,Jacob Lucchini,exact,C,Nashville Predators,NSH,Minnesota Wild,MIN,1550000,775000,2,2024,2024,20242025,2024-07-01,UFA
8479439,Jacob MacDonald,exact,"RD, LD",Colorado Avalanche,COL,San Jose Sharks,SJS,1550000,775000,2,2024,2024,20242025,2024-07-01,UFA
8479421,Jacob Moverare,exact,"LD, RD",Los Angeles Kings,LAK,Los Angeles Kings,LAK,1550000,775000,2,2024,2024,20242025,2024-03-06,UFA
8484901,Jacob Quillan,exact,C,Toronto Maple Leafs,TOR,NA,NA,1750000,875000,2,2024,2024,20242025,2024-04-01,RFA
8479402,Jake Bean,exact,"LD, RD",Calgary Flames,CGY,Columbus Blue Jackets,CBJ,3500000,1750000,2,2024,2024,20242025,2024-07-01,UFA
8481161,Jake Christiansen,exact,"LD, RD",Columbus Blue Jackets,CBJ,Columbus Blue Jackets,CBJ,775000,775000,1,2024,2024,20242025,2024-07-10,other
8478498,Jake DeBrusk,exact,"RW, LW",Vancouver Canucks,VAN,Boston Bruins,BOS,38500000,5500000,7,2024,2024,20242025,2024-07-01,UFA
8477404,Jake Guentzel,exact,"LW, C",Tampa Bay Lightning,TBL,Pittsburgh Penguins,PIT,63000000,9000000,7,2024,2024,20242025,2024-06-30,UFA
8476931,Jake McCabe,exact,"LD, RD",Toronto Maple Leafs,TOR,Toronto Maple Leafs,TOR,23500000,4700000,5,2024,2024,20242025,2024-10-28,UFA
8478136,Jake Middleton,exact,LD,Minnesota Wild,MIN,Minnesota Wild,MIN,17400000,4350000,4,2024,2024,20242025,2024-07-01,UFA
8482089,Jake Neighbours,exact,"RW, LW",St. Louis Blues,STL,St. Louis Blues,STL,7500000,3750000,2,2024,2024,20242025,2024-10-22,RFA
8481592,Jakob Pelletier,exact,LW,Calgary Flames,CGY,Calgary Flames,CGY,800000,800000,1,2024,2024,20242025,2024-09-12,other
NA,Jakub Rychlovsky,unmatched,LW,Detroit Red Wings,DET,NA,NA,1900000,950000,2,2024,2024,20242025,2024-06-03,RFA
NA,Jakub Stancl,unmatched,C,St. Louis Blues,STL,NA,NA,2750000,916667,3,2024,2024,20242025,2024-06-01,RFA
8477944,Jakub Vrana,exact,LW,Washington Capitals,WSH,St. Louis Blues,STL,775000,775000,1,2024,2024,20242025,2024-10-07,UFA
8477944,Jakub Vrana,exact,LW,Washington Capitals,WSH,St. Louis Blues,STL,775000,775000,1,2024,2024,20242025,2024-10-08,UFA
8478970,Jalen Chatfield,exact,RD,Carolina Hurricanes,CAR,Carolina Hurricanes,CAR,9000000,3000000,3,2024,2024,20242025,2024-06-13,UFA
8480468,James Hamblin,exact,"C, LW",Edmonton Oilers,EDM,Edmonton Oilers,EDM,1550000,775000,2,2024,2024,20242025,2024-07-01,UFA
NA,James Stefan,unmatched,RW,Edmonton Oilers,EDM,NA,NA,2850000,950000,3,2024,2024,20242025,2024-03-21,RFA
8474037,James van Riemsdyk,exact,LW,Columbus Blue Jackets,CBJ,Boston Bruins,BOS,900000,900000,1,2024,2024,20242025,2024-09-15,UFA
NA,Jamieson Rees,unmatched,C,Ottawa Senators,OTT,NA,NA,775000,775000,1,2024,2024,20242025,2024-06-21,other
8480890,Jan Jenik,exact,C,Ottawa Senators,OTT,Arizona Coyotes,ARI,775000,775000,1,2024,2024,20242025,2024-07-05,other
8478424,Jansen Harkins,exact,"LW, RW, C",Anaheim Ducks,ANA,Pittsburgh Penguins,PIT,1575000,787500,2,2024,2024,20242025,2024-07-02,UFA
NA,Jared Davidson,unmatched,C,Montreal Canadiens,MTL,NA,NA,1760000,880000,2,2024,2024,20242025,2024-05-31,RFA
8479994,Jaret Anderson-Dolan,exact,"RW, C",Winnipeg Jets,WPG,Los Angeles Kings,LAK,1550000,775000,2,2024,2024,20242025,2024-07-02,other
NA,Jaroslav Chmelar,unmatched,RW,New York Rangers,NYR,NA,NA,2775000,925000,3,2024,2024,20242025,2024-03-20,RFA
8475797,Jarred Tinordi,exact,LD,Calgary Flames,CGY,Chicago Blackhawks,CHI,800000,800000,1,2024,2024,20242025,2024-09-10,UFA
8477450,Jason Dickinson,exact,"C, RW",Chicago Blackhawks,CHI,Chicago Blackhawks,CHI,8500000,4250000,2,2024,2024,20242025,2024-01-16,UFA
NA,Jason Polin,unmatched,RW,Colorado Avalanche,COL,Colorado Avalanche,COL,775000,775000,1,2024,2024,20242025,2024-07-05,other
8475722,Jason Zucker,exact,"LW, RW",Buffalo Sabres,BUF,Arizona Coyotes,ARI,5000000,5000000,1,2024,2024,20242025,2024-07-01,UFA
NA,Jaxon Nelson,unmatched,C,Boston Bruins,BOS,NA,NA,950000,950000,1,2024,2024,20242025,2024-04-02,other
8477034,Jaycob Megna,exact,"RD, LD",Florida Panthers,FLA,Chicago Blackhawks,CHI,775000,775000,1,2024,2024,20242025,2024-07-05,UFA
8482408,Jeff Malott,exact,LW,Los Angeles Kings,LAK,Winnipeg Jets,WPG,1550000,775000,2,2024,2024,20242025,2024-07-01,UFA
8475784,Jeff Skinner,exact,"LW, RW, C",Edmonton Oilers,EDM,Buffalo Sabres,BUF,3000000,3000000,1,2024,2024,20242025,2024-07-01,UFA
8479705,Jeffrey Viel,exact,LW,Boston Bruins,BOS,San Jose Sharks,SJS,1550000,775000,2,2024,2024,20242025,2024-07-01,UFA
NA,Jere Innala,unmatched,LW,Colorado Avalanche,COL,NA,NA,950000,950000,1,2024,2024,20242025,2024-06-13,UFA
8479602,Jeremy Davies,exact,LD,Ottawa Senators,OTT,Buffalo Sabres,BUF,775000,775000,1,2024,2024,20242025,2024-07-01,UFA
NA,Jeremy Hanzel,unmatched,LD,Colorado Avalanche,COL,NA,NA,2555000,851667,3,2024,2024,20242025,2024-03-07,RFA
8480003,Jesper Boqvist,exact,"C, RW, LW",Florida Panthers,FLA,Boston Bruins,BOS,775000,775000,1,2024,2024,20242025,2024-07-01,UFA
NA,Jesse Nurmi,unmatched,LW,New York Islanders,NYI,NA,NA,2850000,950000,3,2024,2024,20242025,2024-06-10,RFA
8479344,Jesse Puljujarvi,exact,RW,Pittsburgh Penguins,PIT,Pittsburgh Penguins,PIT,1600000,800000,2,2024,2024,20242025,2024-02-04,UFA
NA,Jesse Pulkkinen,unmatched,LD,New York Islanders,NYI,NA,NA,2642499,975000,3,2024,2024,20242025,2024-07-15,RFA
NA,Jett Luchanko,unmatched,C,Philadelphia Flyers,PHI,NA,NA,4425000,1475000,3,2024,2024,20242025,2024-07-08,RFA
8480808,Jett Woo,exact,RD,Vancouver Canucks,VAN,NA,NA,775000,775000,1,2024,2024,20242025,2024-06-30,other
NA,Jimmy Huntington,unmatched,C,Pittsburgh Penguins,PIT,NA,NA,775000,775000,1,2024,2024,20242025,2024-07-01,other
8481486,Jimmy Schuldt,exact,LD,San Jose Sharks,SJS,Vegas Golden Knights,VGK,775000,800000,1,2024,2024,20242025,2024-07-01,UFA
8477046,Joakim Ryan,exact,LD,Carolina Hurricanes,CAR,Carolina Hurricanes,CAR,775000,775000,1,2024,2024,20242025,2024-07-14,UFA
8478176,Joe Hicketts,exact,LD,Los Angeles Kings,LAK,Detroit Red Wings,DET,775000,775000,1,2024,2024,20242025,2024-05-24,UFA
8481441,Joe Snively,exact,C,Detroit Red Wings,DET,Washington Capitals,WSH,775000,775000,1,2024,2024,20242025,2024-07-02,UFA
8480813,Joe Veleno,exact,"C, RW, LW",Detroit Red Wings,DET,Detroit Red Wings,DET,4550000,2275000,2,2024,2024,20242025,2024-07-19,other
8476441,Joel Edmundson,exact,"LD, RD",Los Angeles Kings,LAK,Washington Capitals,WSH,15400000,3850000,4,2024,2024,20242025,2024-07-01,UFA
8481641,Joel Kiviranta,exact,LW,Colorado Avalanche,COL,Colorado Avalanche,COL,775000,775000,1,2024,2024,20242025,2024-07-01,UFA
NA,Joel Nystrom,unmatched,RD,Carolina Hurricanes,CAR,NA,NA,1850000,925000,2,2024,2024,20242025,2024-05-07,RFA
8479315,Joey Anderson,exact,"RW, LW",Chicago Blackhawks,CHI,Chicago Blackhawks,CHI,1600000,800000,2,2024,2024,20242025,2024-07-01,UFA
8477401,John Hayden,exact,C,Seattle Kraken,SEA,Seattle Kraken,SEA,775000,775000,1,2024,2024,20242025,2024-06-30,UFA
8479981,Jonah Gadjovich,exact,LW,Florida Panthers,FLA,Florida Panthers,FLA,1550000,775000,2,2024,2024,20242025,2024-03-07,UFA
8481013,Jonatan Berggren,exact,RW,Detroit Red Wings,DET,Detroit Red Wings,DET,825000,825000,1,2024,2024,20242025,2024-09-16,other
NA,Jonathan Aspirot,unmatched,LD,Calgary Flames,CGY,NA,NA,775000,775000,1,2024,2024,20242025,2024-07-02,other
8477494,Jonathan Drouin,exact,"LW, RW",Colorado Avalanche,COL,Colorado Avalanche,COL,2500000,2500000,1,2024,2024,20242025,2024-07-01,UFA
8480836,Jonathan Gruden,exact,"LW, C",Pittsburgh Penguins,PIT,Pittsburgh Penguins,PIT,1550000,775000,2,2024,2024,20242025,2024-05-21,other
8476539,Jonathan Marchessault,exact,"RW, C",Nashville Predators,NSH,Vegas Golden Knights,VGK,27500000,5500000,5,2024,2024,20242025,2024-07-01,UFA
NA,Joni Jurmo,unmatched,LD,Calgary Flames,CGY,NA,NA,1700000,850000,2,2024,2024,20242025,2024-03-24,RFA
8477380,Jonny Brodzinski,exact,"RW, C, LW",New York Rangers,NYR,New York Rangers,NYR,1575000,787500,2,2024,2024,20242025,2024-02-21,UFA
8474586,Jordan Eberle,exact,RW,Seattle Kraken,SEA,Seattle Kraken,SEA,9500000,4750000,2,2024,2024,20242025,2024-03-08,UFA
8476921,Jordan Martinook,exact,LW,Carolina Hurricanes,CAR,Carolina Hurricanes,CAR,9150000,3050000,3,2024,2024,20242025,2024-07-01,UFA
8477851,Jordan Oesterle,exact,"LD, RD",Boston Bruins,BOS,Calgary Flames,CGY,1550000,775000,2,2024,2024,20242025,2024-07-01,UFA
8481606,Jordan Spence,exact,RD,Los Angeles Kings,LAK,Los Angeles Kings,LAK,3000000,1500000,2,2024,2024,20242025,2024-07-31,other
NA,Joseph Cecconi,unmatched,RD,Minnesota Wild,MIN,NA,NA,775000,775000,1,2024,2024,20242025,2024-07-01,UFA
8476425,Joseph LaBate,exact,C,Columbus Blue Jackets,CBJ,Vancouver Canucks,VAN,775000,775000,1,2024,2024,20242025,2024-11-29,UFA
8477384,Josh Brown,exact,"RD, LD",Edmonton Oilers,EDM,Arizona Coyotes,ARI,3000000,1000000,3,2024,2024,20242025,2024-07-01,UFA
8482623,Josh Dunne,exact,C,Buffalo Sabres,BUF,Columbus Blue Jackets,CBJ,1550000,775000,2,2024,2024,20242025,2024-07-01,UFA
8479372,Josh Mahura,exact,"LD, RD",Seattle Kraken,SEA,Florida Panthers,FLA,775000,775000,1,2024,2024,20242025,2024-07-03,UFA
8481004,Josiah Slavin,exact,LW,Carolina Hurricanes,CAR,Chicago Blackhawks,CHI,1550000,775000,2,2024,2024,20242025,2024-07-07,UFA
8484929,Juha Jaaska,exact,LW,Carolina Hurricanes,CAR,NA,NA,850000,850000,1,2024,2024,20242025,2024-04-09,UFA
NA,Julian Lutz,unmatched,LW,Utah Hockey Club,UTA,NA,NA,2850000,950000,3,2024,2024,20242025,2024-05-26,RFA
NA,Juraj Pekarcik,unmatched,LW,St. Louis Blues,STL,NA,NA,2850000,950000,3,2024,2024,20242025,2024-05-29,RFA
8483515,Juraj Slafkovsky,exact,LW,Montréal Canadiens,MTL,Montréal Canadiens,MTL,60800000,7600000,8,2024,2024,20242025,2024-07-01,UFA
8477473,Justin Bailey,exact,RW,San Jose Sharks,SJS,San Jose Sharks,SJS,775000,775000,1,2024,2024,20242025,2024-06-30,UFA
8482111,Justin Barron,exact,"RD, LD",Montreal Canadiens,MTL,Montréal Canadiens,MTL,2300000,1150000,2,2024,2024,20242025,2024-07-30,other
8479638,Justin Brazeau,exact,RW,Boston Bruins,BOS,Boston Bruins,BOS,1550000,775000,2,2024,2024,20242025,2024-02-18,UFA
NA,Justin Ertel,unmatched,LW,Dallas Stars,DAL,NA,NA,2775000,925000,3,2024,2024,20242025,2024-03-11,RFA
NA,Justin Hryckowian,unmatched,C,Dallas Stars,DAL,NA,NA,1900000,950000,2,2024,2024,20242025,2024-03-20,RFA
8477993,Justin Kirkland,exact,C,Calgary Flames,CGY,Arizona Coyotes,ARI,775000,775000,1,2024,2024,20242025,2024-07-03,UFA
8481704,Juuso Parssinen,exact,"RW, LW, C",Nashville Predators,NSH,Nashville Predators,NSH,775000,775000,1,2024,2024,20242025,2024-09-09,other
8479976,Juuso Valimaki,exact,LD,Utah Hockey Club,UTA,Arizona Coyotes,ARI,4000000,2000000,2,2024,2024,20242025,2024-06-30,UFA
8481554,Kaapo Kakko,exact,RW,New York Rangers,NYR,New York Rangers,NYR,2400000,2400000,1,2024,2024,20242025,2024-06-13,other
8481527,Kaedan Korczak,exact,RD,Vegas Golden Knights,VGK,Vegas Golden Knights,VGK,1650000,825000,2,2024,2024,20242025,2024-07-01,other
8482087,Kaiden Guhle,exact,"LD, RD",Montreal Canadiens,MTL,Montréal Canadiens,MTL,33300000,5550000,6,2024,2024,20242025,2024-07-31,UFA
8479977,Kailer Yamamoto,exact,"RW, C",Utah Hockey Club,UTA,Seattle Kraken,SEA,775000,775000,1,2024,2024,20242025,2024-10-06,other
8479348,Kale Clague,exact,"LD, RD",Buffalo Sabres,BUF,Buffalo Sabres,BUF,775000,775000,1,2024,2024,20242025,2024-06-28,UFA
NA,Kaleb Lawrence,unmatched,C,Los Angeles Kings,LAK,NA,NA,2557500,852500,3,2024,2024,20242025,2024-05-23,RFA
NA,Kalle Vaisanen,unmatched,LW,New York Rangers,NYR,NA,NA,2660000,886667,3,2024,2024,20242025,2024-04-02,RFA
8477953,Kasperi Kapanen,exact,"RW, LW",St. Louis Blues,STL,St. Louis Blues,STL,1000000,1000000,1,2024,2024,20242025,2024-07-01,UFA
8478434,Keegan Kolesar,exact,RW,Vegas Golden Knights,VGK,Vegas Golden Knights,VGK,7500000,2500000,3,2024,2024,20242025,2024-12-13,UFA
8482660,Kent Johnson,exact,"LW, RW, C",Columbus Blue Jackets,CBJ,Columbus Blue Jackets,CBJ,5400000,1800000,3,2024,2024,20242025,2024-07-27,RFA
8475246,Kevin Connauton,exact,"LD, RD",Utah Hockey Club,UTA,Florida Panthers,FLA,1550000,775000,2,2024,2024,20242025,2024-07-01,UFA
8475857,Kevin Gravel,exact,LD,Nashville Predators,NSH,Nashville Predators,NSH,1550000,775000,2,2024,2024,20242025,2024-01-26,UFA
NA,Kevin He,unmatched,LW,Winnipeg Jets,WPG,NA,NA,2925000,975000,3,2024,2024,20242025,2024-12-17,RFA
8478099,Kevin Labanc,exact,"RW, LW",Columbus Blue Jackets,CBJ,San Jose Sharks,SJS,775000,775000,1,2024,2024,20242025,2024-10-05,UFA
8479291,Kevin Rooney,exact,C,Calgary Flames,CGY,Calgary Flames,CGY,1300000,1300000,1,2024,2024,20242025,2024-03-08,UFA
8478831,Kevin Stenlund,exact,"C, RW",Utah Hockey Club,UTA,Florida Panthers,FLA,4000000,2000000,2,2024,2024,20242025,2024-07-01,UFA
8480748,Kiefer Sherwood,exact,LW,Vancouver Canucks,VAN,Nashville Predators,NSH,3000000,1500000,2,2024,2024,20242025,2024-07-01,UFA
8479356,Kieffer Bellows,exact,LW,Nashville Predators,NSH,New York Islanders,NYI,775000,775000,1,2024,2024,20242025,2024-07-03,UFA
8480893,Kirill Marchenko,exact,RW,Columbus Blue Jackets,CBJ,Columbus Blue Jackets,CBJ,11550000,3850000,3,2024,2024,20242025,2024-07-28,other
8479986,Kole Lind,exact,RW,Dallas Stars,DAL,Seattle Kraken,SEA,775000,775000,1,2024,2024,20242025,2024-07-01,other
NA,Konsta Helenius,unmatched,C,Buffalo Sabres,BUF,NA,NA,2925000,1575000,3,2024,2024,20242025,2024-07-08,RFA
8477073,Kurtis MacDermid,exact,LW,New Jersey Devils,NJD,Colorado Avalanche,COL,3450000,1150000,3,2024,2024,20242025,2024-05-17,UFA
8478476,Kyle Capobianco,exact,LD,Dallas Stars,DAL,Winnipeg Jets,WPG,1550000,775000,2,2024,2024,20242025,2024-07-01,UFA
8481237,Kyle MacLean,exact,C,New York Islanders,NYI,New York Islanders,NYI,2325000,775000,3,2024,2024,20242025,2024-06-19,UFA
8482172,Landon Slaggert,exact,LW,Chicago Blackhawks,CHI,Chicago Blackhawks,CHI,2700000,1350000,2,2024,2024,20242025,2024-03-10,RFA
8482172,Landon Slaggert,exact,LW,Chicago Blackhawks,CHI,Chicago Blackhawks,CHI,1800000,900000,2,2024,2024,20242025,2024-10-18,other
8483457,Lane Hutson,exact,LD,Montreal Canadiens,MTL,Montréal Canadiens,MTL,4450000,1333333,3,2024,2024,20242025,2024-04-12,RFA
8477934,Leon Draisaitl,exact,"C, RW",Edmonton Oilers,EDM,Edmonton Oilers,EDM,112000000,14000000,8,2024,2024,20242025,2024-09-01,UFA
NA,Leon Muggli,unmatched,LD,Washington Capitals,WSH,NA,NA,2925000,975000,3,2024,2024,20242025,2024-07-10,RFA
8480853,Liam Foudy,exact,"LW, RW, C",New York Islanders,NYI,Columbus Blue Jackets,CBJ,775000,775000,1,2024,2024,20242025,2024-07-10,other
NA,Liam Greentree,unmatched,RW,Los Angeles Kings,LAK,NA,NA,2925000,975000,3,2024,2024,20242025,2024-07-19,RFA
8477070,Liam O'Brien,exact,"RW, LW, C",Utah Hockey Club,UTA,Arizona Coyotes,ARI,3000000,1000000,3,2024,2024,20242025,2024-06-26,UFA
NA,Linus Karlsson,unmatched,"RW, C",Vancouver Canucks,VAN,Vancouver Canucks,VAN,775000,775000,1,2024,2024,20242025,2024-06-20,other
NA,Lleyton Roed,unmatched,LW,Seattle Kraken,SEA,NA,NA,1900000,950000,2,2024,2024,20242025,2024-03-27,RFA
8481186,Logan O'Connor,exact,RW,Colorado Avalanche,COL,Colorado Avalanche,COL,15000000,2500000,6,2024,2024,20242025,2024-09-23,UFA
8479378,Logan Stanley,exact,"RD, LD",Winnipeg Jets,WPG,Winnipeg Jets,WPG,2500000,1250000,2,2024,2024,20242025,2024-07-06,UFA
NA,Loke Johansson,unmatched,LD,Boston Bruins,BOS,NA,NA,2580000,860000,3,2024,2024,20242025,2024-11-07,RFA
8481806,Louis Crevier,exact,"RD, LD",Chicago Blackhawks,CHI,Chicago Blackhawks,CHI,775000,775000,1,2024,2024,20242025,2024-07-29,RFA
NA,Luca Cagnoni,unmatched,LD,San Jose Sharks,SJS,NA,NA,2850000,950000,3,2024,2024,20242025,2024-05-22,RFA
NA,Luca Pinelli,unmatched,C,Columbus Blue Jackets,CBJ,NA,NA,2850000,950000,3,2024,2024,20242025,2024-04-23,RFA
8479523,Lucas Carlsson,exact,LD,San Jose Sharks,SJS,Florida Panthers,FLA,1600000,800000,2,2024,2024,20242025,2024-07-01,UFA
8482078,Lucas Raymond,exact,"LW, RW",Detroit Red Wings,DET,Detroit Red Wings,DET,64600000,8075000,8,2024,2024,20242025,2024-09-16,UFA
NA,Lukas Dragicevic,unmatched,RD,Seattle Kraken,SEA,NA,NA,2850000,950000,3,2024,2024,20242025,2024-03-28,RFA
8482117,Lukas Reichel,exact,LW,Chicago Blackhawks,CHI,Chicago Blackhawks,CHI,2400000,1200000,2,2024,2024,20242025,2024-05-07,other
NA,Luke Henman,unmatched,C,Seattle Kraken,SEA,NA,NA,775000,775000,1,2024,2024,20242025,2024-06-30,other
NA,Luke Krys,unmatched,RD,Dallas Stars,DAL,NA,NA,1900000,950000,2,2024,2024,20242025,2024-03-19,RFA
8479316,Luke Kunin,exact,"C, LW, RW",San Jose Sharks,SJS,San Jose Sharks,SJS,2750000,2750000,1,2024,2024,20242025,2024-06-30,UFA
8478224,Luke Philp,exact,C,Washington Capitals,WSH,Chicago Blackhawks,CHI,775000,775000,1,2024,2024,20242025,2024-07-02,UFA
NA,Luke Tuch,unmatched,LW,Montreal Canadiens,MTL,NA,NA,1850000,925000,2,2024,2024,20242025,2024-04-16,RFA
8480439,Mac Hollowell,exact,RD,Pittsburgh Penguins,PIT,Toronto Maple Leafs,TOR,775000,775000,1,2024,2024,20242025,2024-07-01,other
8480025,MacKenzie Entwistle,exact,"C, RW",Florida Panthers,FLA,Chicago Blackhawks,CHI,775000,775000,1,2024,2024,20242025,2024-07-02,other
8484801,Macklin Celebrini,exact,C,San Jose Sharks,SJS,NA,NA,13425000,4475000,3,2024,2024,20242025,2024-07-06,RFA
8482177,Marat Khusnutdinov,exact,"C, RW, LW",Minnesota Wild,MIN,Minnesota Wild,MIN,2700000,1350000,2,2024,2024,20242025,2024-02-28,RFA
NA,Marc Del Gaizo,unmatched,LD,Nashville Predators,NSH,Nashville Predators,NSH,775000,775000,1,2024,2024,20242025,2024-09-09,other
8483553,Marc Gatcomb,exact,C,New York Islanders,NYI,NA,NA,775000,775000,1,2024,2024,20242025,2024-07-04,other
8483397,Marc McLaughlin,exact,C,Boston Bruins,BOS,Boston Bruins,BOS,775000,775000,1,2024,2024,20242025,2024-07-16,other
8478017,Mark Friedman,exact,"RD, LD",Vancouver Canucks,VAN,Vancouver Canucks,VAN,775000,775000,1,2024,2024,20242025,2024-06-19,UFA
8476873,Mark Jankowski,exact,"C, RW",Nashville Predators,NSH,Nashville Predators,NSH,1600000,800000,2,2024,2024,20242025,2024-03-08,UFA
NA,Marshall Warren,unmatched,LD,New York Islanders,NYI,NA,NA,1650000,825000,2,2024,2024,20242025,2024-04-16,RFA
8476924,Martin Frk,exact,RW,Calgary Flames,CGY,Los Angeles Kings,LAK,775000,775000,1,2024,2024,20242025,2024-07-01,UFA
NA,Martin Misiak,unmatched,RW,Chicago Blackhawks,CHI,NA,NA,2850000,950000,3,2024,2024,20242025,2024-05-28,RFA
8480039,Martin Necas,exact,"RW, LW, C",Carolina Hurricanes,CAR,Carolina Hurricanes,CAR,13000000,6500000,2,2024,2024,20242025,2024-07-29,UFA
8481028,Martin Pospisil,exact,"RW, C",Calgary Flames,CGY,Calgary Flames,CGY,2000000,1000000,2,2024,2024,20242025,2024-02-07,other
NA,Mason Jobst,unmatched,C,Buffalo Sabres,BUF,NA,NA,775000,775000,1,2024,2024,20242025,2024-07-01,UFA
8479972,Mason Shaw,exact,"LW, RW, C",Minnesota Wild,MIN,Minnesota Wild,MIN,775000,775000,1,2024,2024,20242025,2024-02-15,other
8479972,Mason Shaw,exact,"LW, RW, C",Winnipeg Jets,WPG,Minnesota Wild,MIN,775000,775000,1,2024,2024,20242025,2024-07-03,other
NA,Massimo Rizzo,unmatched,C,Philadelphia Flyers,PHI,NA,NA,1850000,925000,2,2024,2024,20242025,2024-04-17,RFA
8481712,Matej Blumel,exact,RW,Dallas Stars,DAL,Dallas Stars,DAL,775000,775000,1,2024,2024,20242025,2024-06-21,other
8476856,Mathew Dumba,exact,RD,Dallas Stars,DAL,Arizona Coyotes,ARI,7500000,3750000,2,2024,2024,20242025,2024-07-01,UFA
NA,Mathias Emilio Pettersen,unmatched,C,Dallas Stars,DAL,NA,NA,775000,775000,1,2024,2024,20242025,2024-06-20,other
NA,Mathias Laferriere,unmatched,RW,St. Louis Blues,STL,NA,NA,775000,775000,1,2024,2024,20242025,2024-06-09,other
8475168,Matt Duchene,exact,"RW, C",Dallas Stars,DAL,Dallas Stars,DAL,3000000,3000000,1,2024,2024,20242025,2024-07-01,UFA
8476891,Matt Grzelcyk,exact,"LD, RD",Pittsburgh Penguins,PIT,Boston Bruins,BOS,2750000,2750000,1,2024,2024,20242025,2024-07-01,UFA
8482641,Matt Kiersted,exact,LD,Florida Panthers,FLA,Florida Panthers,FLA,775000,775000,1,2024,2024,20242025,2024-06-28,UFA
8474709,Matt Martin,exact,"LW, RW",New York Islanders,NYI,New York Islanders,NYI,775000,875000,1,2024,2024,20242025,2024-10-26,UFA
8478911,Matt Roy,exact,RD,Washington Capitals,WSH,Los Angeles Kings,LAK,40250000,5750000,6,2024,2024,20242025,2024-07-01,UFA
NA,Matthew Andonovski,unmatched,LD,Ottawa Senators,OTT,NA,NA,2850000,863333,3,2024,2024,20242025,2024-07-03,RFA
8478146,Matthew Highmore,exact,"RW, C",Ottawa Senators,OTT,Ottawa Senators,OTT,775000,775000,1,2024,2024,20242025,2024-06-27,UFA
8482516,Matthew Kessel,exact,RD,St. Louis Blues,STL,St. Louis Blues,STL,1600000,800000,2,2024,2024,20242025,2024-03-13,other
8479547,Matthew Phillips,exact,RW,Colorado Avalanche,COL,Washington Capitals,WSH,775000,775000,1,2024,2024,20242025,2024-08-09,UFA
NA,Matthew Robertson,unmatched,LD,New York Rangers,NYR,NA,NA,775000,775000,1,2024,2024,20242025,2024-07-15,other
8477406,Mattias Janmark,exact,"LW, RW, C",Edmonton Oilers,EDM,Edmonton Oilers,EDM,4350000,1450000,3,2024,2024,20242025,2024-07-01,UFA
8482665,Matty Beniers,exact,C,Seattle Kraken,SEA,Seattle Kraken,SEA,50000000,7142857,7,2024,2024,20242025,2024-08-20,UFA
NA,Matvei Gridin,unmatched,RW,Calgary Flames,CGY,NA,NA,2925000,975000,3,2024,2024,20242025,2024-07-05,RFA
8484387,Matvei Michkov,exact,RW,Philadelphia Flyers,PHI,NA,NA,13350000,4250000,3,2024,2024,20242025,2024-07-01,RFA
8477503,Max Domi,exact,"C, RW, LW",Toronto Maple Leafs,TOR,Toronto Maple Leafs,TOR,15000000,3750000,4,2024,2024,20242025,2024-06-30,UFA
8479368,Max Jones,exact,"LW, RW",Boston Bruins,BOS,Anaheim Ducks,ANA,2000000,1000000,2,2024,2024,20242025,2024-07-01,UFA
8479320,Max Lajoie,first_name_variant,"LD, RD",Seattle Kraken,SEA,Toronto Maple Leafs,TOR,775000,775000,1,2024,2024,20242025,2024-07-01,UFA
8476323,Max McCormick,exact,LW,Seattle Kraken,SEA,Seattle Kraken,SEA,1550000,775000,2,2024,2024,20242025,2024-06-30,UFA
NA,Max McCue,unmatched,C,Columbus Blue Jackets,CBJ,NA,NA,2575000,858333,3,2024,2024,20242025,2024-03-01,RFA
8474157,Max Pacioretty,exact,"LW, RW",Toronto Maple Leafs,TOR,Washington Capitals,WSH,1473770,1473770,1,2024,2024,20242025,2024-10-07,UFA
8478051,Max Willman,exact,"LW, C",New Jersey Devils,NJD,New Jersey Devils,NJD,775000,775000,1,2024,2024,20242025,2024-05-07,UFA
8481679,Maxence Guenette,exact,RD,Ottawa Senators,OTT,Ottawa Senators,OTT,775000,775000,1,2024,2024,20242025,2024-06-18,other
8484958,Maxim Tsyplakov,exact,RW,New York Islanders,NYI,NA,NA,1950000,1950000,1,2024,2024,20242025,2024-05-16,other
8478020,Michael Amadio,exact,"RW, C",Ottawa Senators,OTT,Vegas Golden Knights,VGK,7800000,2600000,3,2024,2024,20242025,2024-07-01,UFA
NA,Michael Brandsegg-Nygard,unmatched,RW,Detroit Red Wings,DET,NA,NA,4425000,1475000,3,2024,2024,20242025,2024-07-11,RFA
NA,Michael Callahan,unmatched,LD,Boston Bruins,BOS,NA,NA,775000,775000,1,2024,2024,20242025,2024-07-12,other
8480891,Michael Kesselring,exact,"RD, LD",Utah Hockey Club,UTA,Arizona Coyotes,ARI,2800000,1400000,2,2024,2024,20242025,2024-06-28,other
8477446,Michael McCarron,exact,"C, RW",Nashville Predators,NSH,Nashville Predators,NSH,1800000,900000,2,2024,2024,20242025,2024-02-16,UFA
8479992,Michael Rasmussen,exact,"LW, RW, C",Detroit Red Wings,DET,Detroit Red Wings,DET,12800000,3200000,4,2024,2024,20242025,2024-02-20,UFA
NA,Mikael Diotte,unmatched,RD,New Jersey Devils,NJD,NA,NA,2850000,950000,3,2024,2024,20242025,2024-03-02,RFA
8482635,Mike Hardman,exact,LW,New Jersey Devils,NJD,Chicago Blackhawks,CHI,1550000,775000,2,2024,2024,20242025,2024-07-01,UFA
8476422,Mike Reilly,exact,"LD, RD",New York Islanders,NYI,Florida Panthers,FLA,1250000,1250000,1,2024,2024,20242025,2024-07-01,UFA
NA,Miko Matikka,unmatched,RW,Utah Hockey Club,UTA,NA,NA,2850000,950000,3,2024,2024,20242025,2024-07-01,RFA
NA,Mikulas Hovorka,unmatched,RD,Florida Panthers,FLA,NA,NA,1900000,950000,2,2024,2024,20242025,2024-04-10,RFA
NA,Milo Roelens,unmatched,C,Tampa Bay Lightning,TBL,NA,NA,2850000,950000,3,2024,2024,20242025,2024-03-01,RFA
8482070,Mitchell Chaffee,exact,RW,Tampa Bay Lightning,TBL,Tampa Bay Lightning,TBL,1600000,800000,2,2024,2024,20242025,2024-05-16,UFA
8478477,Mitchell Stephens,exact,C,Seattle Kraken,SEA,Montréal Canadiens,MTL,1550000,775000,2,2024,2024,20242025,2024-07-01,UFA
8481542,Moritz Seider,exact,RD,Detroit Red Wings,DET,Detroit Red Wings,DET,59850000,8550000,7,2024,2024,20242025,2024-09-19,UFA
NA,Nate Clurman,unmatched,RD,Pittsburgh Penguins,PIT,NA,NA,775000,775000,1,2024,2024,20242025,2024-07-01,UFA
8477220,Nate Schmidt,exact,"RD, LD",Florida Panthers,FLA,Winnipeg Jets,WPG,800000,800000,1,2024,2024,20242025,2024-07-03,UFA
8481594,Nathan Legare,accent_fallback,RW,New Jersey Devils,NJD,NA,NA,775000,775000,1,2024,2024,20242025,2024-05-07,other
8480979,Nathan Smith,first_name_variant,C,Vancouver Canucks,VAN,Arizona Coyotes,ARI,775000,775000,1,2024,2024,20242025,2024-07-01,other
8477573,Nathan Walker,exact,LW,St. Louis Blues,STL,St. Louis Blues,STL,1550000,775000,2,2024,2024,20242025,2024-01-09,UFA
8481582,Nicholas Robertson,exact,"LW, RW",Toronto Maple Leafs,TOR,Toronto Maple Leafs,TOR,875000,875000,1,2024,2024,20242025,2024-09-10,other
8483565,Nick Blankenburg,exact,"RD, LD",Nashville Predators,NSH,Columbus Blue Jackets,CBJ,1550000,775000,2,2024,2024,20242025,2024-07-01,UFA
8480084,Nick DeSimone,exact,RD,New Jersey Devils,NJD,Calgary Flames,CGY,775000,775000,1,2024,2024,20242025,2024-06-24,UFA
8473422,Nick Foligno,exact,"LW, C",Chicago Blackhawks,CHI,Chicago Blackhawks,CHI,9000000,4500000,2,2024,2024,20242025,2024-01-12,UFA
NA,Nick Lardis,unmatched,LW,Chicago Blackhawks,CHI,NA,NA,2850000,950000,3,2024,2024,20242025,2024-04-03,RFA
8476372,Nick Seeler,exact,"LD, RD",Philadelphia Flyers,PHI,Philadelphia Flyers,PHI,10800000,2700000,4,2024,2024,20242025,2024-03-06,UFA
NA,Nico Myatovic,unmatched,LW,Anaheim Ducks,ANA,NA,NA,2850000,950000,3,2024,2024,20242025,2024-03-29,RFA
8477979,Nicolas Aube-Kubel,exact,RW,Buffalo Sabres,BUF,Washington Capitals,WSH,1500000,1500000,1,2024,2024,20242025,2024-07-01,UFA
NA,Nicolas Mattinen,unmatched,RD,Toronto Maple Leafs,TOR,NA,NA,775000,775000,1,2024,2024,20242025,2024-04-14,UFA
8481543,Nikita Alexandrov,exact,"C, RW, LW",St. Louis Blues,STL,St. Louis Blues,STL,775000,775000,1,2024,2024,20242025,2024-09-30,other
NA,Nikita Grebenkin,unmatched,RW,Toronto Maple Leafs,TOR,NA,NA,2625000,875000,3,2024,2024,20242025,2024-04-29,RFA
8481754,Nikita Nesterenko,exact,"LW, C",Anaheim Ducks,ANA,Anaheim Ducks,ANA,874125,874125,1,2024,2024,20242025,2024-07-15,other
NA,Nikita Prishchepov,unmatched,C,Colorado Avalanche,COL,NA,NA,2420000,806667,3,2024,2024,20242025,2024-10-06,RFA
8477507,Nikita Zadorov,exact,"LD, RD",Boston Bruins,BOS,Calgary Flames,CGY,30000000,5000000,6,2024,2024,20242025,2024-07-01,UFA
NA,Niko Huuhtanen,unmatched,RW,Tampa Bay Lightning,TBL,NA,NA,2775000,925000,3,2024,2024,20242025,2024-05-14,RFA
NA,Nikolas Brouillard,unmatched,LD,Seattle Kraken,SEA,NA,NA,775000,775000,1,2024,2024,20242025,2024-07-01,UFA
8484321,Nikolas Matinpalo,exact,RD,Ottawa Senators,OTT,Ottawa Senators,OTT,775000,775000,1,2024,2024,20242025,2024-06-20,other
8481535,Nils Hoglander,exact,LW,Vancouver Canucks,VAN,Vancouver Canucks,VAN,9000000,3000000,3,2024,2024,20242025,2024-10-06,UFA
8480878,Nils Lundkvist,exact,RD,Dallas Stars,DAL,Dallas Stars,DAL,1250000,1250000,1,2024,2024,20242025,2024-07-01,other
8479393,Noah Gregor,exact,"RW, LW, C",Ottawa Senators,OTT,Toronto Maple Leafs,TOR,850000,850000,1,2024,2024,20242025,2024-07-01,other
8478396,Noah Hanifin,exact,LD,Vegas Golden Knights,VGK,Calgary Flames,CGY,58800000,7350000,8,2024,2024,20242025,2024-04-11,UFA
8481491,Noah Philp,exact,C,Edmonton Oilers,EDM,NA,NA,775000,775000,1,2024,2024,20242025,2024-07-01,other
NA,Noel Hoefenmayer,unmatched,LD,Edmonton Oilers,EDM,NA,NA,775000,775000,1,2024,2024,20242025,2024-07-01,other
NA,Noel Nordh,unmatched,LW,Arizona Coyotes,ARI,NA,NA,2700000,900000,3,2024,2024,20242025,2024-05-04,RFA
8481518,Nolan Foote,exact,"RW, LW",New Jersey Devils,NJD,New Jersey Devils,NJD,825000,825000,1,2024,2024,20242025,2024-08-09,other
8475171,Oliver Ekman-Larsson,exact,"RD, LD",Toronto Maple Leafs,TOR,Florida Panthers,FLA,14000000,3500000,4,2024,2024,20242025,2024-07-01,UFA
NA,Oliver Kapanen,unmatched,C,Montreal Canadiens,MTL,NA,NA,4262500,1208333,3,2024,2024,20242025,2024-06-15,RFA
8478430,Oliver Kylington,exact,LD,Colorado Avalanche,COL,Calgary Flames,CGY,1050000,1050000,1,2024,2024,20242025,2024-08-06,UFA
NA,Oliver Okuliar,unmatched,LW,Florida Panthers,FLA,NA,NA,950000,950000,1,2024,2024,20242025,2024-04-12,other
8480789,Oliver Wahlstrom,exact,RW,New York Islanders,NYI,New York Islanders,NYI,1000000,1000000,1,2024,2024,20242025,2024-07-25,other
NA,Ondrej Becher,unmatched,C,Detroit Red Wings,DET,NA,NA,2602500,867500,3,2024,2024,20242025,2024-12-31,RFA
NA,Oscar Eklind,unmatched,"LW, C",Philadelphia Flyers,PHI,NA,NA,950000,950000,1,2024,2024,20242025,2024-04-08,RFA
NA,Oscar Fisker Molgaard,unmatched,C,Seattle Kraken,SEA,NA,NA,2850000,950000,3,2024,2024,20242025,2024-06-14,RFA
8480840,Oskar Back,accent_fallback,C,Dallas Stars,DAL,NA,NA,775000,775000,1,2024,2024,20242025,2024-06-25,other
8476897,Oskar Sundqvist,exact,C,St. Louis Blues,STL,St. Louis Blues,STL,3000000,1500000,2,2024,2024,20242025,2024-03-07,UFA
NA,Otto Stenberg,unmatched,C,St. Louis Blues,STL,NA,NA,2850000,950000,3,2024,2024,20242025,2024-05-01,RFA
NA,Owen Allard,unmatched,C,Utah Hockey Club,UTA,NA,NA,2607500,869167,3,2024,2024,20242025,2024-10-24,RFA
NA,Owen Sillinger,unmatched,C,Columbus Blue Jackets,CBJ,NA,NA,775000,775000,1,2024,2024,20242025,2024-07-01,UFA
8480015,Owen Tippett,exact,"LW, RW",Philadelphia Flyers,PHI,Philadelphia Flyers,PHI,49600000,6200000,8,2024,2024,20242025,2024-01-26,UFA
NA,Ozzy Wiesblatt,unmatched,RW,Nashville Predators,NSH,NA,NA,1550000,775000,2,2024,2024,20242025,2024-11-01,RFA
8480448,Parker Kelly,exact,"LW, C, RW",Colorado Avalanche,COL,Ottawa Senators,OTT,1650000,825000,2,2024,2024,20242025,2024-07-01,UFA
8478450,Parker Wotherspoon,exact,"LD, RD",Boston Bruins,BOS,Boston Bruins,BOS,800000,800000,1,2024,2024,20242025,2024-03-08,UFA
8474034,Pat Maroon,exact,"RW, LW",Chicago Blackhawks,CHI,Minnesota Wild,MIN,1300000,1300000,1,2024,2024,20242025,2024-07-01,UFA
NA,Patrick Giles,unmatched,RW,Florida Panthers,FLA,NA,NA,1550000,775000,2,2024,2024,20242025,2024-06-28,other
8474141,Patrick Kane,exact,"RW, LW",Detroit Red Wings,DET,Detroit Red Wings,DET,6500000,6500000,1,2024,2024,20242025,2024-06-30,UFA
NA,Patrik Koch,unmatched,LD,Utah Hockey Club,UTA,Arizona Coyotes,ARI,775000,775000,1,2024,2024,20242025,2024-06-20,UFA
8477402,Pavel Buchnevich,exact,"LW, C",St. Louis Blues,STL,St. Louis Blues,STL,48000000,8000000,6,2024,2024,20242025,2024-07-02,UFA
8481604,Pavel Dorofeyev,exact,LW,Vegas Golden Knights,VGK,Vegas Golden Knights,VGK,3670000,1835000,2,2024,2024,20242025,2024-07-01,other
8483630,Pavol Regenda,exact,LW,Anaheim Ducks,ANA,Anaheim Ducks,ANA,775000,775000,1,2024,2024,20242025,2024-07-05,other
8481522,Peyton Krebs,exact,"C, LW",Buffalo Sabres,BUF,Buffalo Sabres,BUF,2900000,1450000,2,2024,2024,20242025,2024-09-17,other
8481598,Philip Broberg,exact,"RD, LD",St. Louis Blues,STL,Edmonton Oilers,EDM,9161834,4580917,2,2024,2024,20242025,2024-08-20,other
8481577,Philip Tomasino,exact,"RW, LW, C",Nashville Predators,NSH,Nashville Predators,NSH,825000,825000,1,2024,2024,20242025,2024-09-18,other
8479026,Philippe Myers,exact,RD,Toronto Maple Leafs,TOR,Tampa Bay Lightning,TBL,775000,775000,1,2024,2024,20242025,2024-07-03,UFA
8480058,Pierre-Olivier Joseph,exact,"LD, RD",St. Louis Blues,STL,Pittsburgh Penguins,PIT,950000,950000,1,2024,2024,20242025,2024-07-03,other
8482124,Quinton Byfield,exact,"RW, LW",Los Angeles Kings,LAK,Los Angeles Kings,LAK,31250000,6250000,5,2024,2024,20242025,2024-07-15,UFA
8481534,Raphael Lavoie,exact,"RW, C",Edmonton Oilers,EDM,Edmonton Oilers,EDM,775000,775000,1,2024,2024,20242025,2024-07-08,other
8479335,Rasmus Asplund,exact,C,Florida Panthers,FLA,Buffalo Sabres,BUF,775000,775000,1,2024,2024,20242025,2024-07-01,UFA
NA,Rasmus Kumpulainen,unmatched,C,Minnesota Wild,MIN,NA,NA,2850000,950000,3,2024,2024,20242025,2024-03-18,RFA
8480873,Rasmus Sandin,exact,LD,Washington Capitals,WSH,Washington Capitals,WSH,23000000,4600000,5,2024,2024,20242025,2024-03-06,UFA
8481147,Reese Johnson,exact,C,Vegas Golden Knights,VGK,Chicago Blackhawks,CHI,775000,775000,1,2024,2024,20242025,2024-07-01,other
8480054,Reilly Walsh,exact,RD,Los Angeles Kings,LAK,New Jersey Devils,NJD,775000,775000,1,2024,2024,20242025,2024-07-01,other
NA,Riley Duran,unmatched,C,Boston Bruins,BOS,NA,NA,1850000,925000,2,2024,2024,20242025,2024-03-24,RFA
NA,Riley Heidt,unmatched,C,Minnesota Wild,MIN,NA,NA,2850000,950000,3,2024,2024,20242025,2024-03-23,RFA
8479388,Riley Stillman,exact,LD,Carolina Hurricanes,CAR,Vancouver Canucks,VAN,775000,775000,1,2024,2024,20242025,2024-07-03,UFA
NA,Riley Sutter,unmatched,RW,Washington Capitals,WSH,NA,NA,775000,775000,1,2024,2024,20242025,2024-07-03,other
8479362,Riley Tufte,exact,LW,Boston Bruins,BOS,Colorado Avalanche,COL,775000,775000,1,2024,2024,20242025,2024-07-01,UFA
8477462,Robert Hagg,exact,"LD, RD",Vegas Golden Knights,VGK,Anaheim Ducks,ANA,775000,775000,1,2024,2024,20242025,2024-07-04,UFA
NA,Rodrigo Abols,unmatched,C,Philadelphia Flyers,PHI,NA,NA,775000,775000,1,2024,2024,20242025,2024-06-15,UFA
NA,Rodwin Dionicio,unmatched,LD,Anaheim Ducks,ANA,NA,NA,2850000,950000,3,2024,2024,20242025,2024-05-17,RFA
8483487,Rutger McGroarty,exact,RW,Pittsburgh Penguins,PIT,NA,NA,4350000,1450000,3,2024,2024,20242025,2024-08-20,RFA
8479324,Ryan Lindgren,exact,"LD, RD",New York Rangers,NYR,New York Rangers,NYR,4500000,4500000,1,2024,2024,20242025,2024-07-30,UFA
8479066,Ryan Lomberg,exact,"LW, RW",Calgary Flames,CGY,Florida Panthers,FLA,4000000,2000000,2,2024,2024,20242025,2024-07-01,UFA
8480068,Ryan Poehling,exact,C,Philadelphia Flyers,PHI,Philadelphia Flyers,PHI,3800000,1900000,2,2024,2024,20242025,2024-01-26,UFA
NA,Ryan Schmelzer,unmatched,C,New Jersey Devils,NJD,NA,NA,1550000,775000,2,2024,2024,20242025,2024-04-30,UFA
8478854,Ryan Shea,exact,"LD, RD",Pittsburgh Penguins,PIT,Pittsburgh Penguins,PIT,775000,775000,1,2024,2024,20242025,2024-07-01,UFA
8470600,Ryan Suter,exact,"RD, LD",St. Louis Blues,STL,Dallas Stars,DAL,3000000,3000000,1,2024,2024,20242025,2024-07-10,UFA
NA,Ryan Suzuki,unmatched,C,Carolina Hurricanes,CAR,NA,NA,775000,775000,1,2024,2024,20242025,2024-05-29,other
NA,Ryan Ufko,unmatched,RD,Nashville Predators,NSH,NA,NA,2775000,925000,3,2024,2024,20242025,2024-03-29,RFA
8475842,Sam Carrick,exact,C,New York Rangers,NYR,Anaheim Ducks,ANA,3000000,1000000,3,2024,2024,20242025,2024-07-01,UFA
NA,Sam Colangelo,unmatched,"LW, RW",Anaheim Ducks,ANA,Anaheim Ducks,ANA,2600000,1300000,2,2024,2024,20242025,2024-04-11,RFA
NA,Sam Dickinson,unmatched,LD,San Jose Sharks,SJS,NA,NA,5275000,1758333,3,2024,2024,20242025,2024-07-10,RFA
8478043,Sam Lafferty,exact,"RW, LW, C",Buffalo Sabres,BUF,Vancouver Canucks,VAN,4000000,2000000,2,2024,2024,20242025,2024-07-01,UFA
NA,Sam Lipkin,unmatched,LW,Arizona Coyotes,ARI,NA,NA,2555000,851667,3,2024,2024,20242025,2024-04-04,RFA
NA,Sam Morton,unmatched,C,Calgary Flames,CGY,NA,NA,870000,870000,1,2024,2024,20242025,2024-03-18,other
NA,Sam O'Reilly,unmatched,RW,Edmonton Oilers,EDM,NA,NA,2892000,964000,3,2024,2024,20242025,2024-10-21,RFA
8481591,Sam Poulin,exact,RW,Pittsburgh Penguins,PIT,Pittsburgh Penguins,PIT,1550000,775000,2,2024,2024,20242025,2024-04-29,other
8477933,Sam Reinhart,exact,"LW, RW, C",Florida Panthers,FLA,Florida Panthers,FLA,69000000,8625000,8,2024,2024,20242025,2024-06-30,UFA
8479351,Sam Steel,exact,"LW, RW, C",Dallas Stars,DAL,Dallas Stars,DAL,1200000,1200000,1,2024,2024,20242025,2024-06-30,UFA
8480267,Sammy Walker,exact,"RW, LW, C",Minnesota Wild,MIN,Minnesota Wild,MIN,775000,775000,1,2024,2024,20242025,2024-07-11,other
8481239,Samuel Fagemo,exact,"RW, LW",Los Angeles Kings,LAK,Nashville Predators,NSH,775000,775000,1,2024,2024,20242025,2024-06-24,other
NA,Samuel Johannesson,unmatched,RD,St. Louis Blues,STL,NA,NA,1900000,950000,2,2024,2024,20242025,2024-04-30,RFA
NA,Samuel Laberge,unmatched,LW,New Jersey Devils,NJD,New Jersey Devils,NJD,775000,775000,1,2024,2024,20242025,2024-05-16,UFA
NA,Sandis Vilmanis,unmatched,LW,Florida Panthers,FLA,NA,NA,2565000,855000,3,2024,2024,20242025,2024-03-02,RFA
8481701,Santeri Hatakka,exact,"LD, RD",New Jersey Devils,NJD,New Jersey Devils,NJD,775000,775000,1,2024,2024,20242025,2024-07-22,RFA
8482666,Scott Morrow,exact,RD,Carolina Hurricanes,CAR,Carolina Hurricanes,CAR,3475000,1158333,3,2024,2024,20242025,2024-04-02,RFA
8481059,Scott Perunovich,exact,LD,St. Louis Blues,STL,St. Louis Blues,STL,1150000,1150000,1,2024,2024,20242025,2024-06-18,other
8483429,Seamus Casey,exact,RD,New Jersey Devils,NJD,NA,NA,4050000,1350000,3,2024,2024,20242025,2024-05-06,RFA
NA,Sean Behrens,unmatched,LD,Colorado Avalanche,COL,NA,NA,2775000,925000,3,2024,2024,20242025,2024-04-19,RFA
8480434,Sean Durzi,exact,"RD, LD",Utah Hockey Club,UTA,Arizona Coyotes,ARI,24000000,6000000,4,2024,2024,20242025,2024-06-30,UFA
8477497,Sean Monahan,exact,C,Columbus Blue Jackets,CBJ,Montréal Canadiens,MTL,27500000,5500000,5,2024,2024,20242025,2024-07-01,UFA
8480336,Sean Walker,exact,RD,Carolina Hurricanes,CAR,Philadelphia Flyers,PHI,18000000,3600000,5,2024,2024,20242025,2024-07-01,UFA
8480222,Sebastian Aho,manual_override,"LD, RD",Pittsburgh Penguins,PIT,New York Islanders,NYI,1550000,775000,2,2024,2024,20242025,2024-07-02,UFA
8482093,Seth Jarvis,exact,"RW, LW, C",Carolina Hurricanes,CAR,Carolina Hurricanes,CAR,63200000,7900000,8,2024,2024,20242025,2024-08-31,UFA
NA,Shai Buium,unmatched,LD,Detroit Red Wings,DET,NA,NA,2775000,925000,3,2024,2024,20242025,2024-04-17,RFA
8480032,Shane Bowers,exact,"C, RW",New Jersey Devils,NJD,New Jersey Devils,NJD,1550000,775000,2,2024,2024,20242025,2024-04-30,other
8481596,Shane Pinto,exact,C,Ottawa Senators,OTT,Ottawa Senators,OTT,775000,775000,1,2024,2024,20242025,2024-01-19,RFA
8481596,Shane Pinto,exact,C,Ottawa Senators,OTT,Ottawa Senators,OTT,7500000,3750000,2,2024,2024,20242025,2024-07-02,other
8476906,Shayne Gostisbehere,exact,"LD, RD",Carolina Hurricanes,CAR,Detroit Red Wings,DET,9600000,3200000,3,2024,2024,20242025,2024-07-01,UFA
8477447,Shea Theodore,exact,LD,Vegas Golden Knights,VGK,Vegas Golden Knights,VGK,51975000,7425000,7,2024,2024,20242025,2024-10-24,UFA
8480326,Sheldon Dries,exact,C,Detroit Red Wings,DET,Vancouver Canucks,VAN,1550000,775000,2,2024,2024,20242025,2024-07-01,UFA
8471675,Sidney Crosby,exact,C,Pittsburgh Penguins,PIT,Pittsburgh Penguins,PIT,17400000,8700000,2,2024,2024,20242025,2024-09-16,UFA
8481122,Simon Benoit,exact,"RD, LD",Toronto Maple Leafs,TOR,Toronto Maple Leafs,TOR,4050000,1350000,3,2024,2024,20242025,2024-03-29,UFA
8481601,Simon Holmstrom,exact,"RW, LW",New York Islanders,NYI,New York Islanders,NYI,850000,850000,1,2024,2024,20242025,2024-07-16,other
NA,Simon Lundmark,unmatched,RD,Winnipeg Jets,WPG,NA,NA,775000,775000,1,2024,2024,20242025,2024-07-26,other
NA,Simon Robertsson,unmatched,RW,St. Louis Blues,STL,NA,NA,2775000,925000,3,2024,2024,20242025,2024-05-01,RFA
NA,Skyler Brind'Amour,unmatched,C,Carolina Hurricanes,CAR,NA,NA,775000,775000,1,2024,2024,20242025,2024-10-06,other
NA,Spencer Gill,unmatched,RD,Philadelphia Flyers,PHI,NA,NA,2767500,975000,3,2024,2024,20242025,2024-09-27,RFA
NA,Spencer Smallman,unmatched,RW,Washington Capitals,WSH,NA,NA,775000,775000,1,2024,2024,20242025,2024-07-02,UFA
8481056,Spencer Stastney,exact,"LD, RD",Nashville Predators,NSH,Nashville Predators,NSH,1650000,825000,2,2024,2024,20242025,2024-07-24,other
8476474,Stefan Noesen,exact,RW,New Jersey Devils,NJD,Carolina Hurricanes,CAR,8250000,2750000,3,2024,2024,20242025,2024-07-01,UFA
8483676,Stephen Halliday,exact,C,Ottawa Senators,OTT,NA,NA,2400000,1200000,2,2024,2024,20242025,2024-03-22,RFA
8478904,Steven Lorentz,exact,"C, LW",Toronto Maple Leafs,TOR,Florida Panthers,FLA,775000,775000,1,2024,2024,20242025,2024-10-07,UFA
8474564,Steven Stamkos,exact,"RW, LW, C",Nashville Predators,NSH,Tampa Bay Lightning,TBL,32000000,8000000,4,2024,2024,20242025,2024-07-01,UFA
NA,Stian Solberg,unmatched,LD,Anaheim Ducks,ANA,NA,NA,2925000,975000,3,2024,2024,20242025,2024-07-05,RFA
8476391,T.J. Tynan,exact,C,Colorado Avalanche,COL,Los Angeles Kings,LAK,775000,775000,1,2024,2024,20242025,2024-07-01,UFA
8474673,TJ Brodie,exact,"RD, LD",Chicago Blackhawks,CHI,Toronto Maple Leafs,TOR,7500000,3750000,2,2024,2024,20242025,2024-07-01,UFA
NA,Tanner Howe,unmatched,LW,Pittsburgh Penguins,PIT,NA,NA,2625000,875000,3,2024,2024,20242025,2024-07-10,RFA
8479550,Tanner Laczynski,exact,C,Vegas Golden Knights,VGK,Philadelphia Flyers,PHI,1550000,775000,2,2024,2024,20242025,2024-07-06,UFA
8476871,Tanner Pearson,exact,"LW, RW",Vegas Golden Knights,VGK,Montréal Canadiens,MTL,775000,775000,1,2024,2024,20242025,2024-10-04,UFA
8479390,Taylor Raddysh,exact,RW,Washington Capitals,WSH,Chicago Blackhawks,CHI,1000000,1000000,1,2024,2024,20242025,2024-07-01,UFA
8483406,Taylor Ward,exact,RW,Los Angeles Kings,LAK,NA,NA,775000,775000,1,2024,2024,20242025,2024-05-24,UFA
8476927,Teddy Blueger,exact,C,Vancouver Canucks,VAN,Vancouver Canucks,VAN,3600000,1800000,2,2024,2024,20242025,2024-06-26,UFA
NA,Terik Parascak,unmatched,RW,Washington Capitals,WSH,NA,NA,975000,1475000,3,2024,2024,20242025,2024-07-05,RFA
NA,Terrell Goldsmith,unmatched,LD,Utah Hockey Club,UTA,NA,NA,2600000,866667,3,2024,2024,20242025,2024-10-18,RFA
8476882,Teuvo Teravainen,exact,"LW, RW, C",Chicago Blackhawks,CHI,Carolina Hurricanes,CAR,16200000,5400000,3,2024,2024,20242025,2024-07-01,UFA
NA,Theo Lindstein,unmatched,LD,St. Louis Blues,STL,NA,NA,2850000,950000,3,2024,2024,20242025,2024-03-20,RFA
8482133,Thomas Bordeleau,exact,"LW, RW, C",San Jose Sharks,SJS,San Jose Sharks,SJS,874125,874125,1,2024,2024,20242025,2024-07-25,RFA
8481581,Thomas Harley,exact,"LD, RD",Dallas Stars,DAL,Dallas Stars,DAL,8000000,4000000,2,2024,2024,20242025,2024-09-17,other
NA,Tij Iginla,unmatched,C,Utah Hockey Club,UTA,NA,NA,2925000,1975000,3,2024,2024,20242025,2024-07-11,RFA
8479364,Tim Gettinger,exact,LW,Detroit Red Wings,DET,New York Rangers,NYR,775000,775000,1,2024,2024,20242025,2024-03-11,UFA
8480043,Timothy Liljegren,exact,RD,Toronto Maple Leafs,TOR,Toronto Maple Leafs,TOR,6000000,3000000,2,2024,2024,20242025,2024-06-30,UFA
8477931,Tomas Nosek,exact,"C, LW",Florida Panthers,FLA,New Jersey Devils,NJD,775000,775000,1,2024,2024,20242025,2024-07-01,UFA
8475193,Tomas Tatar,exact,"RW, LW",New Jersey Devils,NJD,Colorado Avalanche,COL,1800000,1800000,1,2024,2024,20242025,2024-07-02,UFA
8478438,Tommy Novak,exact,"C, LW",Nashville Predators,NSH,Nashville Predators,NSH,10500000,3500000,3,2024,2024,20242025,2024-03-04,UFA
NA,Tory Dello,unmatched,"RD,LD",Detroit Red Wings,DET,NA,NA,775000,775000,1,2024,2024,20242025,2024-07-04,UFA
NA,Travis Barron,unmatched,LW,Utah Hockey Club,UTA,NA,NA,775000,775000,1,2024,2024,20242025,2024-07-02,other
8476329,Travis Boyd,exact,"RW, C",Minnesota Wild,MIN,Arizona Coyotes,ARI,775000,775000,1,2024,2024,20242025,2024-07-01,UFA
8478408,Travis Dermott,exact,"LD, RD",Edmonton Oilers,EDM,Arizona Coyotes,ARI,775000,775000,1,2024,2024,20242025,2024-10-08,UFA
8478439,Travis Konecny,exact,"RW, LW",Philadelphia Flyers,PHI,Philadelphia Flyers,PHI,70000000,8750000,8,2024,2024,20242025,2024-07-25,UFA
8473453,Trevor Lewis,exact,"C, RW, LW",Los Angeles Kings,LAK,Los Angeles Kings,LAK,800000,800000,1,2024,2024,20242025,2024-07-01,UFA
NA,Tristan Bertucci,unmatched,LD,Dallas Stars,DAL,NA,NA,2850000,950000,3,2024,2024,20242025,2024-03-15,RFA
NA,Tristan Broz,unmatched,C,Pittsburgh Penguins,PIT,NA,NA,2775000,925000,3,2024,2024,20242025,2024-04-20,RFA
8479442,Troy Stecher,exact,"RD, LD",Edmonton Oilers,EDM,Arizona Coyotes,ARI,1575000,787500,2,2024,2024,20242025,2024-07-01,UFA
8480848,Ty Dellandrea,exact,"C, RW, LW",San Jose Sharks,SJS,Dallas Stars,DAL,2600000,1300000,2,2024,2024,20242025,2024-07-04,other
8480834,Ty Emberson,exact,RD,San Jose Sharks,SJS,San Jose Sharks,SJS,950000,950000,1,2024,2024,20242025,2024-07-11,other
NA,Ty Mueller,unmatched,C,Vancouver Canucks,VAN,NA,NA,2850000,950000,3,2024,2024,20242025,2024-03-30,RFA
8480883,Ty Smith,exact,"LD, RD",Carolina Hurricanes,CAR,Pittsburgh Penguins,PIT,775000,775000,1,2024,2024,20242025,2024-06-21,other
8481740,Tyce Thompson,exact,RW,New York Islanders,NYI,New Jersey Devils,NJD,775000,775000,1,2024,2024,20242025,2024-07-10,other
NA,Tye Felhaber,unmatched,LW,Colorado Avalanche,COL,NA,NA,1550000,775000,2,2024,2024,20242025,2024-12-15,UFA
8477479,Tyler Bertuzzi,exact,LW,Chicago Blackhawks,CHI,Toronto Maple Leafs,TOR,22000000,5500000,4,2024,2024,20242025,2024-07-01,UFA
NA,Tyler Madden,unmatched,C,Los Angeles Kings,LAK,NA,NA,775000,775000,1,2024,2024,20242025,2024-07-01,other
8477353,Tyler Motte,exact,"RW, C, LW",Detroit Red Wings,DET,Tampa Bay Lightning,TBL,800000,800000,1,2024,2024,20242025,2024-07-03,UFA
8474574,Tyler Myers,exact,"RD, LD",Vancouver Canucks,VAN,Vancouver Canucks,VAN,9000000,3000000,3,2024,2024,20242025,2024-06-27,UFA
8475726,Tyler Toffoli,exact,"RW, C",San Jose Sharks,SJS,New Jersey Devils,NJD,24000000,6000000,4,2024,2024,20242025,2024-07-01,UFA
8475197,Tyson Barrie,exact,"RD, LD",Calgary Flames,CGY,Nashville Predators,NSH,1250000,1250000,1,2024,2024,20242025,2024-10-03,UFA
8479370,Tyson Jost,exact,"C, RW, LW",Carolina Hurricanes,CAR,Buffalo Sabres,BUF,775000,775000,1,2024,2024,20242025,2024-07-01,UFA
8480001,Urho Vaakanainen,exact,"LD, RD",Anaheim Ducks,ANA,Anaheim Ducks,ANA,1100000,1100000,1,2024,2024,20242025,2024-07-01,UFA
8484304,Uvis Balinskis,exact,"RD, LD",Florida Panthers,FLA,Florida Panthers,FLA,1700000,850000,2,2024,2024,20242025,2024-01-03,UFA
8481703,Valtteri Puustinen,exact,"RW, LW",Pittsburgh Penguins,PIT,Pittsburgh Penguins,PIT,1550000,775000,2,2024,2024,20242025,2024-05-10,UFA
8481617,Vasily Podkolzin,exact,"RW, LW",Vancouver Canucks,VAN,Vancouver Canucks,VAN,2000000,1000000,2,2024,2024,20242025,2024-04-18,other
8475167,Victor Hedman,exact,LD,Tampa Bay Lightning,TBL,Tampa Bay Lightning,TBL,32000000,8000000,4,2024,2024,20242025,2024-07-01,UFA
NA,Victor Mancini,unmatched,RD,New York Rangers,NYR,NA,NA,1900000,950000,2,2024,2024,20242025,2024-04-02,RFA
8478109,Victor Olofsson,exact,"LW, RW",Vegas Golden Knights,VGK,Buffalo Sabres,BUF,1075000,1075000,1,2024,2024,20242025,2024-07-02,UFA
8478042,Viktor Arvidsson,exact,"RW, LW",Edmonton Oilers,EDM,Los Angeles Kings,LAK,8000000,4000000,2,2024,2024,20242025,2024-07-01,UFA
NA,Viliam Kmec,unmatched,RD,Vegas Golden Knights,VGK,NA,NA,2500000,833333,3,2024,2024,20242025,2024-09-23,RFA
8481572,Ville Heinola,exact,LD,Winnipeg Jets,WPG,Winnipeg Jets,WPG,1600000,800000,2,2024,2024,20242025,2024-07-15,RFA
NA,Vilmer Alriksson,unmatched,LW,Vancouver Canucks,VAN,NA,NA,2925000,860000,3,2024,2024,20242025,2024-09-29,RFA
8479576,Vincent Desharnais,exact,RD,Vancouver Canucks,VAN,Edmonton Oilers,EDM,4000000,2000000,2,2024,2024,20242025,2024-07-01,UFA
8476994,Vinnie Hinostroza,exact,"RW, C",Nashville Predators,NSH,Pittsburgh Penguins,PIT,1550000,775000,2,2024,2024,20242025,2024-07-01,UFA
8475765,Vladimir Tarasenko,exact,"RW, LW",Detroit Red Wings,DET,Ottawa Senators,OTT,9500000,4750000,2,2024,2024,20242025,2024-07-03,UFA
8481609,Vladislav Kolyachonok,exact,"LD, RD",Utah Hockey Club,UTA,Arizona Coyotes,ARI,1550000,775000,2,2024,2024,20242025,2024-06-25,other
8477998,Warren Foegele,exact,"LW, RW",Los Angeles Kings,LAK,Edmonton Oilers,EDM,10500000,3500000,3,2024,2024,20242025,2024-07-01,UFA
8484227,Will Smith,exact,"RW, LW, C",San Jose Sharks,SJS,NA,NA,12450000,4150000,3,2024,2024,20242025,2024-05-28,RFA
8477478,William Carrier,exact,LW,Carolina Hurricanes,CAR,Vegas Golden Knights,VGK,12000000,2000000,6,2024,2024,20242025,2024-07-01,UFA
8477478,William Carrier,exact,LW,Carolina Hurricanes,CAR,Vegas Golden Knights,VGK,12000000,2000000,6,2024,2024,20242025,2024-07-03,UFA
8478021,William Lagesson,exact,"LD, RD",Detroit Red Wings,DET,Toronto Maple Leafs,TOR,775000,775000,1,2024,2024,20242025,2024-07-01,UFA
8477939,William Nylander,exact,RW,Toronto Maple Leafs,TOR,Toronto Maple Leafs,TOR,92000000,11500000,8,2024,2024,20242025,2024-01-08,UFA
NA,Wilmer Skoog,unmatched,C,Florida Panthers,FLA,NA,NA,950000,950000,1,2024,2024,20242025,2024-04-12,other
NA,Wyatt Aamodt,unmatched,LD,Colorado Avalanche,COL,NA,NA,925000,775000,1,2024,2024,20242025,2024-07-02,UFA
8483579,Wyatt Bongiovanni,exact,LW,Ottawa Senators,OTT,NA,NA,775000,775000,1,2024,2024,20242025,2024-06-25,other
8478508,Yakov Trenin,exact,"C, LW, RW",Minnesota Wild,MIN,Nashville Predators,NSH,14000000,3500000,4,2024,2024,20242025,2024-07-01,UFA
NA,Yan Kuznetsov,unmatched,"RD, LD",Calgary Flames,CGY,Calgary Flames,CGY,775000,775000,1,2024,2024,20242025,2024-08-12,RFA
8482475,Yegor Chinakhov,exact,"LW, RW",Columbus Blue Jackets,CBJ,Columbus Blue Jackets,CBJ,4200000,2100000,2,2024,2024,20242025,2024-06-21,other
8481068,Yegor Sharangovich,exact,"RW, C, LW",Calgary Flames,CGY,Calgary Flames,CGY,28750000,5750000,5,2024,2024,20242025,2024-07-01,UFA
NA,Yegor Sidorov,unmatched,RW,Anaheim Ducks,ANA,NA,NA,2700000,900000,3,2024,2024,20242025,2024-04-03,RFA
NA,Zac Funk,unmatched,RW,Washington Capitals,WSH,NA,NA,3100000,1033333,3,2024,2024,20242025,2024-03-01,RFA
8479944,Zach Aston-Reese,first_name_variant,C,Vegas Golden Knights,VGK,Detroit Red Wings,DET,775000,775000,1,2024,2024,20242025,2024-07-01,UFA
8474567,Zach Bogosian,exact,RD,Minnesota Wild,MIN,Tampa Bay Lightning,TBL,2500000,1250000,2,2024,2024,20242025,2024-03-05,UFA
8477482,Zachary Sanford,exact,"C, LW",Chicago Blackhawks,CHI,Arizona Coyotes,ARI,775000,775000,1,2024,2024,20242025,2024-05-28,UFA
8484768,Zayne Parekh,exact,RD,Calgary Flames,CGY,NA,NA,2925000,1975000,3,2024,2024,20242025,2024-07-05,RFA
8476878,Zemgus Girgensons,exact,"LW, C",Tampa Bay Lightning,TBL,Buffalo Sabres,BUF,2550000,850000,3,2024,2024,20242025,2024-07-01,UFA
8482482,Adam Wilsby,exact,LD,Nashville Predators,NSH,Nashville Predators,NSH,1550000,775000,2,2025,2025,20252026,2025-02-09,other
8477021,Alex Kerfoot,exact,"C, RW",Utah Hockey Club,UTA,Utah Hockey Club,UTA,3000000,3000000,1,2025,2025,20252026,2025-03-05,UFA
NA,Andre Lee,unmatched,LW,Los Angeles Kings,LAK,Los Angeles Kings,LAK,1550000,775000,2,2025,2025,20252026,2025-03-10,other
NA,Anthony (AJ) Spellacy,unmatched,RW,Chicago Blackhawks,CHI,NA,NA,2925000,975000,3,2025,2025,20252026,2025-01-23,RFA
8475766,Austin Watson,exact,LW,Detroit Red Wings,DET,Detroit Red Wings,DET,775000,775000,1,2025,2025,20252026,2025-03-05,UFA
8476438,Brandon Saad,exact,LW,Vegas Golden Knights,VGK,St. Louis Blues,STL,1500000,1500000,1,2025,2025,20252026,2025-01-31,UFA
NA,Cameron Hebig,unmatched,C,Utah Hockey Club,UTA,NA,NA,775000,775000,1,2025,2025,20252026,2025-03-06,UFA
NA,Cameron Lund,unmatched,C,San Jose Sharks,SJS,NA,NA,0,0,3,2025,2025,20252026,2025-03-21,RFA
NA,Cameron Lund,unmatched,C,San Jose Sharks,SJS,NA,NA,2825000,941667,3,2025,2025,20252026,2025-03-22,RFA
8478400,Colin White,exact,"RW, LW, C",San Jose Sharks,SJS,San Jose Sharks,SJS,850000,850000,1,2025,2025,20252026,2025-01-24,UFA
8481461,Corey Schueneman,exact,"LD, RD",St. Louis Blues,STL,St. Louis Blues,STL,775000,775000,1,2025,2025,20252026,2025-02-01,UFA
NA,Dominik Shine,unmatched,RW,Detroit Red Wings,DET,Detroit Red Wings,DET,1550000,775000,2,2025,2025,20252026,2025-01-27,UFA
8482055,Drew O'Connor,exact,"LW, RW",Vancouver Canucks,VAN,Pittsburgh Penguins,PIT,5000000,2500000,2,2025,2025,20252026,2025-02-18,UFA
8478366,Frank Vatrano,exact,"RW, LW",Anaheim Ducks,ANA,Anaheim Ducks,ANA,18000000,6000000,3,2025,2025,20252026,2025-01-06,UFA
8474013,Ian Cole,exact,"LD, RD",Utah Hockey Club,UTA,Utah Hockey Club,UTA,2800000,2800000,1,2025,2025,20252026,2025-03-05,UFA
8480196,Jacob Bryson,exact,"LD, RD",Buffalo Sabres,BUF,Buffalo Sabres,BUF,900000,900000,1,2025,2025,20252026,2025-03-20,UFA
8481161,Jake Christiansen,exact,"LD, RD",Columbus Blue Jackets,CBJ,Columbus Blue Jackets,CBJ,1950000,975000,2,2025,2025,20252026,2025-01-17,UFA
8478133,Jake Evans,exact,"C, RW",Montreal Canadiens,MTL,Montréal Canadiens,MTL,11400000,2850000,4,2025,2025,20252026,2025-03-05,UFA
8479345,Jakob Chychrun,exact,"LD, RD",Washington Capitals,WSH,Washington Capitals,WSH,72000000,9000000,8,2025,2025,20252026,2025-03-25,UFA
8475722,Jason Zucker,exact,"LW, RW",Buffalo Sabres,BUF,Buffalo Sabres,BUF,9500000,4750000,2,2025,2025,20252026,2025-03-07,UFA
8480003,Jesper Boqvist,exact,"C, RW, LW",Florida Panthers,FLA,Florida Panthers,FLA,3000000,1500000,2,2025,2025,20252026,2025-03-05,UFA
8479344,Jesse Puljujarvi,exact,RW,Florida Panthers,FLA,Pittsburgh Penguins,PIT,775000,775000,1,2025,2025,20252026,2025-03-05,UFA
8478176,Joe Hicketts,exact,LD,Los Angeles Kings,LAK,Detroit Red Wings,DET,1550000,775000,2,2025,2025,20252026,2025-03-20,UFA
8475906,John Klingberg,exact,"RD, LD",Edmonton Oilers,EDM,Edmonton Oilers,EDM,1350000,1350000,1,2025,2025,20252026,2025-01-18,UFA
8480192,Johnathan Kovacevic,exact,"RD, LD",New Jersey Devils,NJD,New Jersey Devils,NJD,20000000,4000000,5,2025,2025,20252026,2025-03-07,UFA
8478413,Jordan Greenway,exact,"LW, RW",Buffalo Sabres,BUF,Buffalo Sabres,BUF,8000000,4000000,2,2025,2025,20252026,2025-03-05,UFA
8479387,Keaton Middleton,exact,LD,Colorado Avalanche,COL,Colorado Avalanche,COL,1550000,775000,2,2025,2025,20252026,2025-01-02,UFA
NA,Linus Karlsson,unmatched,"RW, C",Vancouver Canucks,VAN,Vancouver Canucks,VAN,775000,775000,1,2025,2025,20252026,2025-03-14,other
8479366,Logan Brown,exact,C,Tampa Bay Lightning,TBL,St. Louis Blues,STL,775000,775000,1,2025,2025,20252026,2025-03-05,UFA
8483549,Lucas Condotta,exact,"C, LW",Montreal Canadiens,MTL,Montréal Canadiens,MTL,1550000,775000,2,2025,2025,20252026,2025-03-18,UFA
8477969,Marcus Pettersson,exact,LD,Vancouver Canucks,VAN,Pittsburgh Penguins,PIT,33000000,5500000,6,2025,2025,20252026,2025-02-05,UFA
8480355,Mark Kastelic,exact,"C, RW, LW",Boston Bruins,BOS,Boston Bruins,BOS,4710000,1570000,3,2025,2025,20252026,2025-01-03,UFA
8479671,Mathieu Olivier,exact,"RW, LW",Columbus Blue Jackets,CBJ,Columbus Blue Jackets,CBJ,18000000,3000000,6,2025,2025,20252026,2025-03-05,UFA
8478420,Mikko Rantanen,exact,RW,Dallas Stars,DAL,Colorado Avalanche,COL,96000000,12000000,8,2025,2025,20252026,2025-03-07,UFA
8476874,Olli Maatta,exact,"RD, LD",Utah Hockey Club,UTA,Detroit Red Wings,DET,10500000,3500000,3,2025,2025,20252026,2025-03-03,UFA
8480840,Oskar Back,accent_fallback,C,Dallas Stars,DAL,Dallas Stars,DAL,1650000,825000,2,2025,2025,20252026,2025-01-02,UFA
8479026,Philippe Myers,exact,RD,Toronto Maple Leafs,TOR,Toronto Maple Leafs,TOR,1700000,850000,2,2025,2025,20252026,2025-01-03,UFA
8482092,Ridly Greig,exact,"C, LW, RW",Ottawa Senators,OTT,Ottawa Senators,OTT,13000000,3250000,4,2025,2025,20252026,2025-01-10,RFA
8478854,Ryan Shea,exact,"LD, RD",Pittsburgh Penguins,PIT,Pittsburgh Penguins,PIT,900000,900000,1,2025,2025,20252026,2025-03-07,UFA
8479351,Sam Steel,exact,"LW, RW, C",Dallas Stars,DAL,Dallas Stars,DAL,4200000,2100000,2,2025,2025,20252026,2025-02-14,UFA
8477950,Tony DeAngelo,exact,"RD, LD",New York Islanders,NYI,New York Islanders,NYI,775000,775000,1,2025,2025,20252026,2025-01-24,UFA
8475752,Tyler Pitlick,exact,"RW, C",Boston Bruins,BOS,New York Rangers,NYR,775000,775000,1,2025,2025,20252026,2025-03-06,UFA
8481006,Tyler Tucker,exact,"RD, LD",St. Louis Blues,STL,St. Louis Blues,STL,1850000,925000,2,2025,2025,20252026,2025-02-28,UFA
8480001,Urho Vaakanainen,exact,"LD, RD",New York Rangers,NYR,Anaheim Ducks,ANA,3100000,1550000,2,2025,2025,20252026,2025-03-07,UFA
8476480,Vladislav Namestnikov,exact,"RW, C",Winnipeg Jets,WPG,Winnipeg Jets,WPG,6000000,3000000,2,2025,2025,20252026,2025-02-22,UFA
8478840,Will Borgen,exact,RD,New York Rangers,NYR,Seattle Kraken,SEA,20500000,4100000,5,2025,2025,20252026,2025-01-27,UFA
NA,Wyatt Aamodt,unmatched,LD,Colorado Avalanche,COL,NA,NA,1550000,775000,2,2025,2025,20252026,2025-03-07,UFA
8482740,Wyatt Johnston,exact,"C, RW, LW",Dallas Stars,DAL,Dallas Stars,DAL,42000000,8400000,5,2025,2025,20252026,2025-03-07,UFA
