player_id,player_name,season,team,position,birth_date,birth_city,birth_country,birth_state_province
8471699,Andrew Cogliano,20152016,ANA,L,1987-06-14,Toronto,CAN,ON
8471418,Anton Khudobin,20152016,ANA,G,1986-05-07,Ust-Kamenogorsk,KAZ,NA
8475204,Brandon Pirri,20152016,ANA,C,1991-04-10,Toronto,CAN,ON
8475764,Cam Fowler,20152016,ANA,D,1991-12-05,Windsor,CAN,ON
8474176,Carl Hagelin,20152016,ANA,L,1988-08-23,Sodertalje,SWE,NA
8473485,Chris Stewart,20152016,ANA,R,1987-10-30,Toronto,CAN,ON
8475780,Chris Wagner,20152016,ANA,C,1991-05-27,Walpole,USA,MA
8470886,Clayton Stoner,20152016,ANA,D,1985-02-19,Port McNeill,CAN,BC
8470621,Corey Perry,20152016,ANA,R,1985-05-16,Peterborough,CAN,ON
8474102,David Perron,20152016,ANA,L,1988-05-28,Sherbrooke,CAN,QC
8475883,Frederik Andersen,20152016,ANA,G,1989-10-02,Herning,DNK,NA
8476854,Hampus Lindholm,20152016,ANA,D,1994-01-20,Helsingborg,SWE,NA
8476158,Harry Zolnierczyk,20152016,ANA,C,1987-09-01,Toronto,CAN,ON
8475164,Jakob Silfverberg,20152016,ANA,R,1990-10-13,Gavle,SWE,NA
8473465,Jamie McGinn,20152016,ANA,L,1988-08-05,Fergus,CAN,ON
8478137,Jiri Sekac,20152016,ANA,L,1992-06-10,Kladno,CZE,NA
8476434,John Gibson,20152016,ANA,G,1993-07-14,Pittsburgh,USA,PA
8476312,Josh Manson,20152016,ANA,D,1991-10-07,Hinsdale,USA,IL
8469598,Kevin Bieksa,20152016,ANA,D,1981-06-16,Grimsby,CAN,ON
8473560,Korbinian Holzer,20152016,ANA,D,1988-02-16,Munich,DEU,NA
8476384,Max Friberg,20152016,ANA,L,1992-11-20,Skovde,SWE,NA
8475958,Michael Sgarbossa,20152016,ANA,C,1992-07-25,Campbellville,CAN,ON
8471390,Mike Santorelli,20152016,ANA,C,1985-12-14,Vancouver,CAN,BC
8470775,Nate Thompson,20152016,ANA,C,1984-10-05,Anchorage,USA,AK
8477941,Nick Ritchie,20152016,ANA,L,1995-12-05,Orangeville,CAN,ON
8474034,Patrick Maroon,20152016,ANA,L,1988-04-23,St. Louis,USA,MO
8476483,Rickard Rakell,20152016,ANA,L,1993-05-05,Sundbyberg,SWE,NA
8476116,Ryan Garbutt,20152016,ANA,C,1985-08-12,Edmonton,CAN,AB
8470612,Ryan Getzlaf,20152016,ANA,C,1985-05-10,Regina,CAN,SK
8470616,Ryan Kesler,20152016,ANA,C,1984-08-31,Livonia,USA,MI
8475222,Sami Vatanen,20152016,ANA,D,1991-06-03,Jyväskylä,FIN,NA
8467423,Shawn Horcoff,20152016,ANA,C,1978-09-17,Trail,CAN,BC
8477447,Shea Theodore,20152016,ANA,D,1995-08-03,Aldergrove,CAN,BC
8475155,Simon Despres,20152016,ANA,D,1991-07-27,Laval,CAN,QC
8476474,Stefan Noesen,20152016,ANA,R,1993-02-12,Plano,USA,TX
8469490,Tim Jackman,20152016,ANA,R,1981-11-14,Minot,USA,ND
8474005,Alex Grant,20152016,ARI,D,1989-01-20,Antigonish,CAN,NS
8467338,Alex Tanguay,20152016,ARI,L,1979-11-21,Ste-Justine,CAN,QC
8474765,Anders Lindback,20152016,ARI,G,1988-05-03,Gavle,SWE,NA
8477407,Anthony Duclair,20152016,ARI,L,1995-08-26,Pointe-Claire,CAN,QC
8468535,Antoine Vermette,20152016,ARI,C,1982-07-20,St. Agapit,CAN,QC
8470159,Boyd Gordon,20152016,ARI,C,1983-10-19,Unity,CAN,SK
8470755,Brad Richardson,20152016,ARI,C,1985-02-04,Belleville,CAN,ON
8475749,Christian Thomas,20152016,ARI,L,1992-05-26,Toronto,CAN,ON
8476473,Connor Murphy,20152016,ARI,D,1993-03-26,Dublin,USA,OH
8475414,Craig Cunningham,20152016,ARI,L,1990-09-13,Trail,CAN,BC
8474138,Dustin Jeffrey,20152016,ARI,C,1988-02-27,Sarnia,CAN,ON
8474554,Eric Selleck,20152016,ARI,L,1987-10-20,Brockville,CAN,ON
8475797,Jarred Tinordi,20152016,ARI,D,1992-02-20,Millersville,USA,MD
8478137,Jiri Sekac,20152016,ARI,L,1992-06-10,Kladno,CZE,NA
8471856,Joe Vitale,20152016,ARI,C,1985-08-20,St. Louis,USA,MO
8473722,John Scott,20152016,ARI,L,1982-09-26,Edmonton,CAN,AB
8476921,Jordan Martinook,20152016,ARI,L,1992-07-25,Brandon,CAN,MB
8475246,Kevin Connauton,20152016,ARI,D,1990-02-23,Edmonton,CAN,AB
8476403,Klas Dahlbeck,20152016,ARI,D,1991-07-06,Katrineholm,SWE,NA
8471231,Kyle Chipchura,20152016,ARI,C,1986-02-19,Westlock,CAN,AB
8477460,Laurent Dauphin,20152016,ARI,C,1995-03-27,Repentigny,CAN,QC
8475839,Louis Domingue,20152016,ARI,G,1992-03-06,St-Hyacinthe,CAN,QC
8471691,Martin Hanzal,20152016,ARI,C,1987-02-20,Pisek,CZE,NA
8477503,Max Domi,20152016,ARI,L,1995-03-02,Winnipeg,CAN,MB
8474628,Michael Stone,20152016,ARI,D,1990-06-07,Winnipeg,CAN,MB
8469608,Mike Smith,20152016,ARI,G,1982-03-22,Kingston,CAN,ON
8474571,Mikkel Boedker,20152016,ARI,L,1989-12-16,Brondby,DNK,NA
8471269,Nicklas Grossmann,20152016,ARI,D,1985-01-22,Stockholm,SWE,NA
8478999,Niklas Treutle,20152016,ARI,G,1991-04-29,Nuremberg,DEU,NA
8475171,Oliver Ekman-Larsson,20152016,ARI,D,1991-07-17,Karlskrona,SWE,NA
8475194,Philip Samuelsson,20152016,ARI,D,1991-07-26,Leksand,SWE,NA
8478928,Sergei Plotnikov,20152016,ARI,L,1990-06-03,Komsomolsk,RUS,NA
8462038,Shane Doan,20152016,ARI,R,1976-10-10,Halkirk,CAN,AB
8475206,Stefan Elliott,20152016,ARI,D,1991-01-30,Vancouver,CAN,BC
8471703,Steve Downie,20152016,ARI,R,1987-04-03,Newmarket,CAN,ON
8476356,Tobias Rieder,20152016,ARI,R,1993-01-10,Landshut,DEU,NA
8477715,Tyler Gaudet,20152016,ARI,C,1993-04-04,Hamilton,CAN,ON
8474588,Viktor Tikhonov,20152016,ARI,R,1988-05-12,Riga,LVA,NA
8469760,Zbynek Michalek,20152016,ARI,D,1982-12-23,Jindrichuv Hradec,CZE,NA
8471717,Adam McQuaid,20152016,BOS,D,1986-10-12,Charlottetown,CAN,PE
8476435,Alex Khokhlachev,20152016,BOS,C,1993-09-09,Moscow,RUS,NA
8473419,Brad Marchand,20152016,BOS,L,1988-05-11,Halifax,CAN,NS
8475792,Brett Connolly,20152016,BOS,R,1992-05-02,Campbell River,CAN,BC
8467967,Chris Kelly,20152016,BOS,C,1980-11-11,Toronto,CAN,ON
8476525,Colin Miller,20152016,BOS,D,1992-10-29,Sault Ste. Marie,CAN,ON
8471276,David Krejci,20152016,BOS,C,1986-04-28,Sternberk,CZE,NA
8477956,David Pastrnak,20152016,BOS,R,1996-05-25,Havirov,CZE,NA
8469619,Dennis Seidenberg,20152016,BOS,D,1981-07-18,Schwenningen,DEU,NA
8478366,Frank Vatrano,20152016,BOS,C,1994-03-14,East Longmeadow,USA,MA
8474625,Jimmy Hayes,20152016,BOS,R,1989-11-21,Dorchester,USA,MA
8476476,Joe Morrow,20152016,BOS,D,1992-12-09,Edmonton,CAN,AB
8468639,John-Michael Liles,20152016,BOS,D,1980-11-25,Indianapolis,USA,IN
8475361,Jonas Gustavsson,20152016,BOS,G,1984-10-24,Danderyd,SWE,NA
8478564,Joonas Kemppainen,20152016,BOS,C,1988-04-07,Kajaani,FIN,NA
8476191,Kevan Miller,20152016,BOS,D,1987-11-15,Los Angeles,USA,CA
8475157,Landon Ferraro,20152016,BOS,C,1991-08-08,Trail,CAN,BC
8470740,Lee Stempniak,20152016,BOS,R,1983-02-04,West Seneca,USA,NY
8470626,Loui Eriksson,20152016,BOS,R,1985-07-17,Gothenburg,SWE,NA
8473492,Matt Beleskey,20152016,BOS,L,1988-06-07,Windsor,CAN,ON
8475625,Matt Irwin,20152016,BOS,D,1987-11-29,Victoria,CAN,BC
8470171,Max Talbot,20152016,BOS,C,1984-02-11,Lemoyne,CAN,QC
8478569,Noel Acciari,20152016,BOS,C,1991-12-01,Johnston,USA,RI
8470638,Patrice Bergeron,20152016,BOS,C,1985-07-24,L'Ancienne-Lorette,CAN,QC
8475727,Ryan Spooner,20152016,BOS,C,1992-01-30,Ottawa,CAN,ON
8476495,Seth Griffith,20152016,BOS,C,1993-01-04,Wallaceburg,CAN,ON
8474019,Tommy Cross,20152016,BOS,D,1989-09-12,Hartford,USA,CT
8476792,Torey Krug,20152016,BOS,D,1991-04-12,Livonia,USA,MI
8471695,Tuukka Rask,20152016,BOS,G,1987-03-10,Savonlinna,FIN,NA
8475292,Tyler Randell,20152016,BOS,R,1991-06-15,Scarborough,CAN,ON
8474736,Zac Rinaldo,20152016,BOS,C,1990-06-15,Mississauga,CAN,ON
8475902,Zach Trotman,20152016,BOS,D,1990-08-26,Carmel,USA,IN
8465009,Zdeno Chara,20152016,BOS,D,1977-03-18,Trencin,SVK,NA
8467407,Brian Gionta,20152016,BUF,R,1979-01-18,Rochester,USA,NY
8471811,Cal O'Reilly,20152016,BUF,C,1986-09-30,Toronto,CAN,ON
8469470,Carlo Colaiacovo,20152016,BUF,D,1983-01-27,Toronto,CAN,ON
8479268,Casey Nelson,20152016,BUF,D,1992-07-18,Wisconsin Rapids,USA,WI
8473434,Chad Johnson,20152016,BUF,G,1986-06-10,Saskatoon,CAN,SK
8477244,Chad Ruhwedel,20152016,BUF,D,1990-05-07,San Diego,USA,CA
8471742,Cody Franson,20152016,BUF,D,1987-08-08,Sicamous,CAN,BC
8476766,Cole Schneider,20152016,BUF,L,1990-08-26,Williamsville,USA,NY
8476401,Daniel Catenacci,20152016,BUF,L,1993-03-09,Richmond Hill,CAN,ON
8467330,David Legwand,20152016,BUF,C,1980-08-17,Detroit,USA,MI
8478542,Evan Rodrigues,20152016,BUF,L,1993-07-28,Toronto,CAN,ON
8475169,Evander Kane,20152016,BUF,L,1991-08-02,Vancouver,CAN,BC
8477392,Hudson Fasching,20152016,BUF,R,1995-07-28,Apple Valley,USA,MN
8478403,Jack Eichel,20152016,BUF,C,1996-10-28,North Chelmsford,USA,MA
8476931,Jake McCabe,20152016,BUF,D,1993-10-12,Eau Claire,USA,WI
8473465,Jamie McGinn,20152016,BUF,L,1988-08-05,Fergus,CAN,ON
8476309,Jason Kasdorf,20152016,BUF,G,1992-05-18,Winnipeg,CAN,MB
8475728,Johan Larsson,20152016,BUF,C,1992-07-25,Lau,SWE,NA
8470324,Josh Gorges,20152016,BUF,D,1984-08-14,Kelowna,CAN,BC
8477473,Justin Bailey,20152016,BUF,R,1995-07-01,Buffalo,USA,NY
8476999,Linus Ullmark,20152016,BUF,G,1993-07-31,Lugnvik,SWE,NA
8475220,Marcus Foligno,20152016,BUF,L,1991-08-10,Buffalo,USA,NY
8475796,Mark Pysyk,20152016,BUF,D,1992-01-11,Sherwood Park,CAN,AB
8470852,Matt Moulson,20152016,BUF,L,1983-11-01,North York,CAN,ON
8473426,Mike Weber,20152016,BUF,D,1987-12-16,Pittsburgh,USA,PA
8475235,Nicolas Deslauriers,20152016,BUF,L,1991-02-22,LaSalle,CAN,QC
8475321,Phil Varone,20152016,BUF,C,1990-12-04,Vaughan,CAN,ON
8477499,Rasmus Ristolainen,20152016,BUF,D,1994-10-27,Turku,FIN,NA
8475215,Robin Lehner,20152016,BUF,G,1991-07-24,Gothenburg,SWE,NA
8475158,Ryan O'Reilly,20152016,BUF,C,1991-02-07,Clinton,CAN,ON
8477933,Sam Reinhart,20152016,BUF,R,1995-11-06,West Vancouver,CAN,BC
8477213,Tim Schaller,20152016,BUF,C,1990-11-16,Merrimack,USA,NH
8474589,Tyler Ennis,20152016,BUF,L,1989-10-06,Edmonton,CAN,AB
8474567,Zach Bogosian,20152016,BUF,D,1990-07-15,Massena,USA,NY
8476878,Zemgus Girgensons,20152016,BUF,L,1994-01-05,Riga,LVA,NA
8475250,Andrej Nestrasil,20152016,CAR,C,1991-02-22,Prague,CZE,NA
8474089,Brad Malone,20152016,CAR,C,1989-05-20,Miramichi,CAN,NB
8476944,Brendan Woods,20152016,CAR,L,1992-06-11,Humboldt,CAN,SK
8477488,Brett Pesce,20152016,CAR,D,1994-11-15,Tarrytown,USA,NY
8476934,Brock McGinn,20152016,CAR,L,1994-02-02,Fergus,CAN,ON
8475980,Brody Sutter,20152016,CAR,C,1991-09-26,Viking,CAN,AB
8470320,Cam Ward,20152016,CAR,G,1984-02-29,Saskatoon,CAN,SK
8474052,Chris Terry,20152016,CAR,L,1989-04-07,Brampton,CAN,ON
8478585,Derek Ryan,20152016,CAR,C,1986-12-29,Spokane,USA,WA
8475663,Eddie Lack,20152016,CAR,G,1988-01-05,Norrtalje,SWE,NA
8477496,Elias Lindholm,20152016,CAR,C,1994-12-02,Boden,SWE,NA
8470595,Eric Staal,20152016,CAR,C,1984-10-29,Thunder Bay,CAN,ON
8476958,Jaccob Slavin,20152016,CAR,D,1994-05-01,Denver,USA,CO
8470222,James Wisniewski,20152016,CAR,D,1984-02-21,Canton,USA,MI
8469508,Jay McClement,20152016,CAR,C,1983-03-02,Kingston,CAN,ON
8475784,Jeff Skinner,20152016,CAR,L,1992-05-16,Toronto,CAN,ON
8475807,Joakim Nordstrom,20152016,CAR,L,1992-02-25,Stockholm,SWE,NA
8468639,John-Michael Liles,20152016,CAR,D,1980-11-25,Indianapolis,USA,IN
8473533,Jordan Staal,20152016,CAR,C,1988-09-10,Thunder Bay,CAN,ON
8475753,Justin Faulk,20152016,CAR,D,1992-03-20,South St. Paul,USA,MN
8471346,Kris Versteeg,20152016,CAR,R,1986-05-13,Lethbridge,CAN,AB
8474661,Michal Jordan,20152016,CAR,D,1990-07-17,Zlin,CZE,NA
8471804,Nathan Gerbe,20152016,CAR,L,1987-07-24,Oxford,USA,MI
8478396,Noah Hanifin,20152016,CAR,D,1997-01-25,Boston,USA,MA
8477887,Patrick Brown,20152016,CAR,C,1992-05-29,Bloomfield Hills,USA,MI
8476858,Phillip Di Giuseppe,20152016,CAR,L,1993-10-09,Toronto,CAN,ON
8474062,Riley Nash,20152016,CAR,C,1989-05-09,Consort,CAN,AB
8468493,Ron Hainsey,20152016,CAR,D,1981-03-24,Bolton,USA,CT
8476465,Ryan Murphy,20152016,CAR,D,1993-03-31,Aurora,CAN,ON
8477566,Sergey Tolchinsky,20152016,CAR,L,1995-02-03,Moscow,RUS,NA
8476953,Trevor Carrick,20152016,CAR,D,1994-07-04,Stouffville,CAN,ON
8476437,Victor Rask,20152016,CAR,C,1993-03-01,Leksand,SWE,NA
8477505,Alexander Wennberg,20152016,CBJ,C,1994-09-22,Stockholm,SWE,NA
8473550,Andrew Bodnarchuk,20152016,CBJ,D,1988-07-11,Drumheller,CAN,AB
8476341,Anton Forsberg,20152016,CBJ,G,1992-11-27,Härnösand,SWE,NA
8476432,Boone Jenner,20152016,CBJ,C,1993-06-15,Dorchester,CAN,ON
8471273,Brandon Dubinsky,20152016,CBJ,C,1986-04-29,Anchorage,USA,AK
8476438,Brandon Saad,20152016,CBJ,L,1992-10-27,Pittsburgh,USA,PA
8474715,Cam Atkinson,20152016,CBJ,R,1989-06-05,Riverside,USA,CT
8474597,Cody Goloubef,20152016,CBJ,D,1989-11-30,Mississauga,CAN,ON
8470147,Curtis McElhinney,20152016,CBJ,G,1983-05-23,London,CAN,ON
8474774,Dalton Prout,20152016,CBJ,D,1990-03-13,Kingsville,CAN,ON
8470920,David Clarkson,20152016,CBJ,R,1984-03-31,Toronto,CAN,ON
8475233,David Savard,20152016,CBJ,D,1990-10-22,St-Hyacinthe,CAN,QC
8478567,Dean Kukan,20152016,CBJ,D,1993-07-08,Volketswil,CHE,NA
8469492,Fedor Tyutin,20152016,CBJ,D,1983-07-19,Izhevsk,RUS,NA
8470169,Gregory Campbell,20152016,CBJ,C,1983-12-17,London,CAN,ON
8471677,Jack Johnson,20152016,CBJ,D,1987-01-13,Indianapolis,USA,IN
8471766,Jared Boll,20152016,CBJ,R,1986-05-13,Charlotte,USA,NC
8475829,John Ramage,20152016,CBJ,D,1991-02-07,Mississauga,CAN,ON
8476914,Joonas Korpisalo,20152016,CBJ,G,1994-04-28,Pori,FIN,NA
8476981,Josh Anderson,20152016,CBJ,R,1994-05-07,Burlington,CAN,ON
8473992,Justin Falk,20152016,CBJ,D,1988-10-11,Snowflake,CAN,MB
8477510,Kerby Rychel,20152016,CBJ,L,1994-10-07,Torrance,USA,CA
8475246,Kevin Connauton,20152016,CBJ,D,1990-02-23,Edmonton,CAN,AB
8478541,Markus Hannikainen,20152016,CBJ,L,1993-03-26,Helsinki,FIN,NA
8474685,Matt Calvert,20152016,CBJ,L,1989-12-24,Brandon,CAN,MB
8475808,Michael Chaput,20152016,CBJ,C,1992-04-09,Ile Bizard,CAN,QC
8476394,Michael Paliotta,20152016,CBJ,D,1993-04-06,Westport,USA,CT
8473422,Nick Foligno,20152016,CBJ,L,1987-10-31,Buffalo,USA,NY
8477416,Oliver Bjorkstrand,20152016,CBJ,R,1995-04-10,Herning,DNK,NA
8471504,Rene Bourque,20152016,CBJ,R,1981-12-10,Lac La Biche,CAN,AB
8475793,Ryan Johansen,20152016,CBJ,C,1992-07-31,Vancouver,CAN,BC
8476850,Ryan Murray,20152016,CBJ,D,1993-09-27,Regina,CAN,SK
8468486,Scott Hartnell,20152016,CBJ,L,1982-04-18,Regina,CAN,SK
8475683,Sergei Bobrovsky,20152016,CBJ,G,1988-09-20,Novokuznetsk,RUS,NA
8477495,Seth Jones,20152016,CBJ,D,1994-10-03,Arlington,USA,TX
8477947,Sonny Milano,20152016,CBJ,L,1996-05-12,Massapequa,USA,NY
8476448,William Karlsson,20152016,CBJ,C,1993-01-08,Marsta,SWE,NA
8475650,Brandon Bollig,20152016,CGY,L,1987-01-31,St. Charles,USA,MO
8476967,Brett Kulak,20152016,CGY,D,1994-01-06,Edmonton,CAN,AB
8470877,David Jones,20152016,CGY,R,1984-08-10,Guelph,CAN,ON
8469770,Dennis Wideman,20152016,CGY,D,1983-03-20,Kitchener,CAN,ON
8474683,Derek Grant,20152016,CGY,C,1990-04-20,Abbotsford,CAN,BC
8468674,Deryk Engelland,20152016,CGY,D,1982-04-03,Edmonton,CAN,AB
8476462,Dougie Hamilton,20152016,CGY,D,1993-06-17,Toronto,CAN,ON
8475213,Drew Shore,20152016,CGY,C,1991-01-29,Denver,USA,CO
8477486,Emile Poirier,20152016,CGY,L,1994-12-14,Montréal,CAN,QC
8475878,Freddie Hamilton,20152016,CGY,C,1992-01-01,Toronto,CAN,ON
8477903,Garnet Hathaway,20152016,CGY,R,1991-11-23,Naples,USA,FL
8477445,Hunter Shinkaruk,20152016,CGY,C,1994-10-13,Calgary,CAN,AB
8478562,Jakub Nakladal,20152016,CGY,D,1987-12-30,Hradec Kralove,CZE,NA
8470201,Jiri Hudler,20152016,CGY,C,1984-01-04,Olomouc,CZE,NA
8474577,Joe Colborne,20152016,CGY,C,1990-01-30,Calgary,CAN,AB
8476346,Johnny Gaudreau,20152016,CGY,L,1993-08-13,Salem,USA,NJ
8473972,Jonas Hiller,20152016,CGY,G,1982-02-12,Felben Wellhausen,CHE,NA
8475299,Joni Ortio,20152016,CGY,G,1991-04-16,Turku,FIN,NA
8477591,Josh Jooris,20152016,CGY,C,1990-07-14,Burlington,CAN,ON
8476279,Jyrki Jokipakka,20152016,CGY,D,1991-08-20,Tampere,FIN,NA
8471403,Karri Ramo,20152016,CGY,G,1986-07-01,Asikkala,FIN,NA
8475844,Kenny Agostino,20152016,CGY,L,1992-04-30,Morristown,USA,NJ
8471729,Kris Russell,20152016,CGY,D,1987-05-02,Caroline,CAN,AB
8471222,Ladislav Smid,20152016,CGY,D,1986-02-01,Frydlant,CZE,NA
8474642,Lance Bouma,20152016,CGY,C,1990-03-25,Provost,CAN,AB
8470966,Mark Giordano,20152016,CGY,D,1983-10-03,Toronto,CAN,ON
8476440,Markus Granlund,20152016,CGY,C,1993-04-16,Oulu,FIN,NA
8471664,Mason Raymond,20152016,CGY,L,1985-09-17,Cochrane,CAN,AB
8470162,Matt Stajan,20152016,CGY,C,1983-12-19,Mississauga,CAN,ON
8473564,Michael Frolik,20152016,CGY,R,1988-02-17,Kladno,CZE,NA
8475907,Micheal Ferland,20152016,CGY,L,1992-04-20,Swan River,CAN,MB
8474150,Mikael Backlund,20152016,CGY,C,1989-03-17,Vasteras,SWE,NA
8473404,Niklas Backstrom,20152016,CGY,G,1978-02-13,Helsinki,FIN,NA
8478430,Oliver Kylington,20152016,CGY,D,1997-05-19,Stockholm,SWE,NA
8476890,Patrick Sieloff,20152016,CGY,D,1994-05-15,Ann Arbor,USA,MI
8477935,Sam Bennett,20152016,CGY,C,1996-06-20,Holland Landing,CAN,ON
8477497,Sean Monahan,20152016,CGY,C,1994-10-12,Brampton,CAN,ON
8474673,TJ Brodie,20152016,CGY,D,1990-06-07,Chatham,CAN,ON
8476505,Turner Elson,20152016,CGY,L,1992-09-13,New Westminster,CAN,BC
8476452,Tyler Wotherspoon,20152016,CGY,D,1993-03-12,Burnaby,CAN,BC
8471956,Andrew Desjardins,20152016,CHI,L,1986-07-27,Lively,CAN,ON
8471217,Andrew Ladd,20152016,CHI,L,1985-12-12,Maple Ridge,CAN,BC
8476381,Andrew Shaw,20152016,CHI,R,1991-07-20,Belleville,CAN,ON
8473573,Artem Anisimov,20152016,CHI,C,1988-05-24,Yaroslavl,RUS,NA
8478550,Artemi Panarin,20152016,CHI,L,1991-10-30,Korkino,RUS,NA
8474850,Brandon Mashinter,20152016,CHI,L,1988-09-20,Bradford,CAN,ON
8470607,Brent Seabrook,20152016,CHI,D,1985-04-20,Richmond,CAN,BC
8471254,Bryan Bickell,20152016,CHI,L,1986-03-09,Bowmanville,CAN,ON
8469555,Christian Ehrhoff,20152016,CHI,D,1982-07-06,Moers,DEU,NA
8470645,Corey Crawford,20152016,CHI,G,1984-12-31,Montréal,CAN,QC
8474668,Dale Weise,20152016,CHI,R,1988-08-05,Winnipeg,CAN,MB
8475182,David Rundblad,20152016,CHI,D,1990-10-08,Lycksele,SWE,NA
8477929,Dennis Rasmussen,20152016,CHI,C,1990-07-03,Vasteras,SWE,NA
8470281,Duncan Keith,20152016,CHI,D,1983-07-16,Winnipeg,CAN,MB
8476979,Erik Gustafsson,20152016,CHI,D,1992-03-14,Nynashamn,SWE,NA
8478137,Jiri Sekac,20152016,CHI,L,1992-06-10,Kladno,CZE,NA
8473604,Jonathan Toews,20152016,CHI,C,1988-04-29,Winnipeg,CAN,MB
8478393,Kyle Baun,20152016,CHI,R,1992-05-04,Toronto,CAN,ON
8475323,Marcus Kruger,20152016,CHI,C,1990-05-27,Stockholm,SWE,NA
8466148,Marian Hossa,20152016,CHI,R,1979-01-12,Stará Lubovna,SVK,NA
8476471,Mark McNeill,20152016,CHI,R,1993-02-22,Langley,CAN,BC
8477448,Marko Dano,20152016,CHI,R,1994-11-30,Eisenstadt,AUT,NA
8468038,Michael Leighton,20152016,CHI,G,1981-05-19,Petrolia,CAN,ON
8465058,Michal Rozsival,20152016,CHI,D,1978-09-03,Vlasim,CZE,NA
8471769,Niklas Hjalmarsson,20152016,CHI,D,1987-06-06,Eksjo,SWE,NA
8474141,Patrick Kane,20152016,CHI,R,1988-11-19,Buffalo,USA,NY
8476479,Phillip Danault,20152016,CHI,C,1993-02-24,Victoriaville,CAN,QC
8475209,Richard Panik,20152016,CHI,R,1991-02-07,Martin,SVK,NA
8467452,Rob Scuderi,20152016,CHI,D,1978-12-30,Syosset,USA,NY
8476116,Ryan Garbutt,20152016,CHI,L,1985-08-12,Edmonton,CAN,AB
8477451,Ryan Hartman,20152016,CHI,L,1994-09-20,Hilton Head Island,USA,SC
8474152,Scott Darling,20152016,CHI,G,1988-12-22,Newport News,USA,VA
8478528,Tanner Kero,20152016,CHI,C,1992-07-24,Hancock,USA,MI
8476882,Teuvo Teravainen,20152016,CHI,C,1994-09-11,Helsinki,FIN,NA
8470039,Tomas Fleischmann,20152016,CHI,L,1984-05-16,Koprivnice,CZE,NA
8470110,Trevor Daley,20152016,CHI,D,1983-10-09,Toronto,CAN,ON
8477845,Trevor van Riemsdyk,20152016,CHI,D,1991-07-24,Middletown,USA,NJ
8477300,Viktor Svedberg,20152016,CHI,D,1991-05-24,Gothenburg,SWE,NA
8474588,Viktor Tikhonov,20152016,CHI,R,1988-05-12,Riga,LVA,NA
8476994,Vinnie Hinostroza,20152016,CHI,L,1994-04-03,Chicago,USA,IL
8467338,Alex Tanguay,20152016,COL,L,1979-11-21,Ste-Justine,CAN,QC
8478561,Andreas Martinsen,20152016,COL,L,1990-06-13,Bærum,NOR,NA
8475461,Andrew Agozzino,20152016,COL,L,1991-01-03,Kleinburg,CAN,ON
8473550,Andrew Bodnarchuk,20152016,COL,D,1988-07-11,Drumheller,CAN,AB
8476043,Ben Street,20152016,COL,C,1987-02-13,Coquitlam,CAN,BC
8471260,Blake Comeau,20152016,COL,L,1986-02-18,Meadow Lake,CAN,SK
8477916,Borna Rendulic,20152016,COL,R,1992-03-25,Zagreb,HRV,NA
8467331,Brad Stuart,20152016,COL,D,1979-11-06,Rocky Mountain House,CAN,AB
8475759,Brandon Gormley,20152016,COL,D,1992-02-18,Murray River,CAN,PE
8475717,Calvin Pickard,20152016,COL,G,1992-04-15,Moncton,CAN,NB
8471262,Carl Soderberg,20152016,COL,C,1985-10-12,Malmo,SWE,NA
8477453,Chris Bigras,20152016,COL,D,1995-02-22,Orillia,CAN,ON
8475780,Chris Wagner,20152016,COL,R,1991-05-27,Walpole,USA,MA
8471657,Cody McLeod,20152016,COL,L,1984-06-26,Binscarth,CAN,MB
8477902,Dennis Everberg,20152016,COL,R,1991-12-31,Vasteras,SWE,NA
8475199,Eric Gelinas,20152016,COL,D,1991-05-08,Vanier,CAN,ON
8473446,Erik Johnson,20152016,COL,D,1988-03-21,Bloomington,USA,MN
8467400,Francois Beauchemin,20152016,COL,D,1980-06-04,Sorel,CAN,QC
8476455,Gabriel Landeskog,20152016,COL,L,1992-11-23,Stockholm,SWE,NA
8471681,Jack Skille,20152016,COL,R,1987-05-19,Madison,USA,WI
8462042,Jarome Iginla,20152016,COL,R,1977-07-01,Edmonton,CAN,AB
8470750,John Mitchell,20152016,COL,C,1985-01-22,Oakville,CAN,ON
8475168,Matt Duchene,20152016,COL,C,1991-01-16,Haliburton,CAN,ON
8476888,Mikhail Grigorenko,20152016,COL,C,1994-05-16,Khabarovsk,RUS,NA
8474571,Mikkel Boedker,20152016,COL,L,1989-12-16,Brondby,DNK,NA
8478420,Mikko Rantanen,20152016,COL,R,1996-10-29,Nousiainen,FIN,NA
8470317,Nate Guenin,20152016,COL,D,1982-12-10,Aliquippa,USA,PA
8477492,Nathan MacKinnon,20152016,COL,C,1995-09-01,Halifax,CAN,NS
8474207,Nick Holden,20152016,COL,D,1987-05-15,St. Albert,CAN,AB
8477507,Nikita Zadorov,20152016,COL,D,1995-04-16,Moscow,RUS,NA
8473499,Reto Berra,20152016,COL,G,1987-01-03,Bülach,CHE,NA
8477914,Roman Will,20152016,COL,G,1992-05-22,Plzen,CZE,NA
8473575,Semyon Varlamov,20152016,COL,G,1988-04-27,Samara,RUS,NA
8473574,Shawn Matthias,20152016,COL,C,1988-02-19,Mississauga,CAN,ON
8475197,Tyson Barrie,20152016,COL,D,1991-07-26,Victoria,CAN,BC
8474743,Zach Redmond,20152016,COL,D,1988-07-26,Traverse City,USA,MI
8469466,Ales Hemsky,20152016,DAL,R,1983-08-13,Pardubice,CZE,NA
8471274,Alex Goligoski,20152016,DAL,D,1985-07-30,Grand Rapids,USA,MN
8474849,Antoine Roussel,20152016,DAL,L,1989-11-21,Roubaix,FRA,NA
8474550,Antti Niemi,20152016,DAL,G,1983-08-29,Vantaa,FIN,NA
8476439,Brett Ritchie,20152016,DAL,R,1993-07-01,Orangeville,CAN,ON
8475236,Cody Eakin,20152016,DAL,C,1991-05-24,Winnipeg,CAN,MB
8474098,Colton Sceviour,20152016,DAL,C,1989-04-20,Red Deer,CAN,AB
8475310,Curtis McKenzie,20152016,DAL,L,1991-02-22,Golden,CAN,BC
8476913,Devin Shore,20152016,DAL,C,1994-07-19,Ajax,CAN,ON
8476902,Esa Lindell,20152016,DAL,D,1994-05-23,Vantaa,FIN,NA
8473994,Jamie Benn,20152016,DAL,L,1989-07-18,Victoria,CAN,BC
8476467,Jamie Oleksiak,20152016,DAL,D,1992-12-21,Toronto,CAN,ON
8474218,Jason Demers,20152016,DAL,D,1988-06-09,Dorval,CAN,QC
8477450,Jason Dickinson,20152016,DAL,C,1995-07-04,Georgetown,CAN,ON
8469455,Jason Spezza,20152016,DAL,C,1983-06-13,Toronto,CAN,ON
8475906,John Klingberg,20152016,DAL,D,1992-08-14,Gothenburg,SWE,NA
8469665,Johnny Oduya,20152016,DAL,D,1981-10-01,Stockholm,SWE,NA
8474818,Jordie Benn,20152016,DAL,D,1987-07-26,Victoria,CAN,BC
8476279,Jyrki Jokipakka,20152016,DAL,D,1991-08-20,Tampere,FIN,NA
8470140,Kari Lehtonen,20152016,DAL,G,1983-11-16,Helsinki,FIN,NA
8471729,Kris Russell,20152016,DAL,D,1987-05-02,Caroline,CAN,AB
8477406,Mattias Janmark,20152016,DAL,C,1992-12-08,Danderyd,SWE,NA
8470622,Patrick Eaves,20152016,DAL,R,1984-05-01,Calgary,CAN,AB
8469544,Patrick Sharp,20152016,DAL,L,1981-12-27,Winnipeg,CAN,MB
8475747,Patrik Nemeth,20152016,DAL,D,1992-02-08,Stockholm,SWE,NA
8476889,Radek Faksa,20152016,DAL,C,1994-01-09,Vitkov,CZE,NA
8475730,Stephen Johns,20152016,DAL,D,1992-04-18,Ellwood City,USA,PA
8468635,Travis Moen,20152016,DAL,L,1982-04-06,Stewart Valley,CAN,SK
8475794,Tyler Seguin,20152016,DAL,C,1992-01-31,Brampton,CAN,ON
8477501,Valeri Nichushkin,20152016,DAL,R,1995-03-04,Chelyabinsk,RUS,NA
8469759,Vernon Fiddler,20152016,DAL,C,1980-05-09,Edmonton,CAN,AB
8476289,Alexey Marchenko,20152016,DET,D,1992-01-02,Moscow,RUS,NA
8476960,Andreas Athanasiou,20152016,DET,L,1994-08-06,Woodbridge,CAN,ON
8477511,Anthony Mantha,20152016,DET,R,1994-09-16,Longueuil,CAN,QC
8467389,Brad Richards,20152016,DET,C,1980-05-02,Murray Harbour,CAN,PE
8474090,Brendan Smith,20152016,DET,D,1989-02-08,Mimico,CAN,ON
8477215,Danny DeKeyser,20152016,DET,D,1990-03-07,Detroit,USA,MI
8471794,Darren Helm,20152016,DET,L,1987-01-21,St. Andrews,CAN,MB
8470778,Drew Miller,20152016,DET,L,1984-02-17,Dover,USA,NJ
8477946,Dylan Larkin,20152016,DET,C,1996-07-30,Waterford,USA,MI
8474025,Eric Tangradi,20152016,DET,L,1989-02-10,Philadelphia,USA,PA
8474679,Gustav Nyquist,20152016,DET,R,1989-09-01,Halmstad,SWE,NA
8468083,Henrik Zetterberg,20152016,DET,C,1980-10-09,Njurunda,SWE,NA
8471693,Jakub Kindl,20152016,DET,D,1987-02-10,Sumperk,CZE,NA
8470657,Jimmy Howard,20152016,DET,G,1984-03-26,Syracuse,USA,NY
8474168,Joakim Andersson,20152016,DET,C,1989-02-05,Munkedal,SWE,NA
8471309,Johan Franzen,20152016,DET,R,1979-12-23,Vetlanda,SWE,NA
8470318,Jonathan Ericsson,20152016,DET,D,1984-03-02,Karlskrona,SWE,NA
8471716,Justin Abdelkader,20152016,DET,L,1987-02-25,Muskegon,USA,MI
8470724,Kyle Quincey,20152016,DET,D,1985-08-12,Kitchener,CAN,ON
8475157,Landon Ferraro,20152016,DET,C,1991-08-08,Trail,CAN,BC
8476822,Luke Glendening,20152016,DET,C,1989-04-28,Grand Rapids,USA,MI
8471242,Mike Green,20152016,DET,D,1985-10-12,Calgary,CAN,AB
8468509,Niklas Kronwall,20152016,DET,D,1981-01-12,Stockholm,SWE,NA
8467514,Pavel Datsyuk,20152016,DET,C,1978-07-20,Sverdlovsk,RUS,NA
8475852,Petr Mrazek,20152016,DET,G,1992-02-14,Ostrava,CZE,NA
8475772,Riley Sheahan,20152016,DET,C,1991-12-07,St. Catharines,CAN,ON
8475800,Teemu Pulkkinen,20152016,DET,L,1992-01-02,Vantaa,FIN,NA
8476430,Tomas Jurco,20152016,DET,R,1992-12-28,Kosice,SVK,NA
8477931,Tomas Nosek,20152016,DET,L,1992-09-01,Pardubice,CZE,NA
8475193,Tomas Tatar,20152016,DET,L,1990-12-01,Ilava,SVK,NA
8476443,Xavier Ouellet,20152016,DET,D,1993-07-29,Bayonne,FRA,NA
8476431,Adam Clendening,20152016,EDM,D,1992-10-26,Niagara Falls,USA,NY
8471490,Adam Cracknell,20152016,EDM,R,1985-07-15,Prince Albert,CAN,SK
8471385,Adam Pardy,20152016,EDM,D,1984-03-29,Bonavista,CAN,NL
8475195,Anders Nilsson,20152016,EDM,G,1990-03-19,Lulea,SWE,NA
8471284,Andrej Sekera,20152016,EDM,D,1986-06-08,Bojnice,SVK,NA
8466333,Andrew Ference,20152016,EDM,D,1979-03-17,Edmonton,CAN,AB
8477249,Andrew Miller,20152016,EDM,R,1988-09-18,Bloomfield Hills,USA,MI
8475165,Anton Lander,20152016,EDM,C,1991-04-24,Sundsvall,SWE,NA
8477415,Anton Slepyshev,20152016,EDM,L,1994-05-13,Penza,RUS,NA
8471678,Benoit Pouliot,20152016,EDM,L,1986-09-29,Alfred,CAN,ON
8476779,Brad Hunt,20152016,EDM,D,1988-08-24,Maple Ridge,CAN,BC
8475869,Brandon Davidson,20152016,EDM,D,1991-08-21,Taber,CAN,AB
8475660,Cam Talbot,20152016,EDM,G,1987-07-05,Caledonia,CAN,ON
8478402,Connor McDavid,20152016,EDM,C,1997-01-13,Richmond Hill,CAN,ON
8477498,Darnell Nurse,20152016,EDM,D,1995-02-04,Hamilton,CAN,ON
8473468,Eric Gryba,20152016,EDM,D,1988-04-14,Saskatoon,CAN,SK
8476852,Griffin Reinhart,20152016,EDM,D,1994-01-24,North Vancouver,CAN,BC
8476336,Iiro Pakarinen,20152016,EDM,R,1991-08-25,Loviisa,FIN,NA
8474586,Jordan Eberle,20152016,EDM,R,1990-05-15,Regina,CAN,SK
8477851,Jordan Oesterle,20152016,EDM,D,1992-06-25,Dearborn Heights,USA,MI
8476915,Jujhar Khaira,20152016,EDM,L,1994-08-13,Surrey,CAN,BC
8474602,Justin Schultz,20152016,EDM,D,1990-07-06,Kelowna,CAN,BC
8476316,Laurent Brossoit,20152016,EDM,G,1993-03-23,Port Alberni,CAN,BC
8471232,Lauri Korpikoski,20152016,EDM,L,1986-07-28,Turku,FIN,NA
8477934,Leon Draisaitl,20152016,EDM,C,1995-10-27,Cologne,DEU,NA
8473989,Luke Gazdic,20152016,EDM,L,1989-07-25,Toronto,CAN,ON
8471816,Mark Fayne,20152016,EDM,D,1987-05-15,Nashua,USA,NH
8473914,Mark Letestu,20152016,EDM,C,1985-02-04,Elk Point,CAN,AB
8468611,Matt Hendricks,20152016,EDM,L,1981-06-17,Blaine,USA,MN
8476855,Nail Yakupov,20152016,EDM,R,1993-10-06,Nizhnekamsk,RUS,NA
8471348,Nikita Nikitin,20152016,EDM,D,1986-06-16,Omsk,RUS,NA
8476472,Oscar Klefbom,20152016,EDM,D,1993-07-20,Karlstad,SWE,NA
8474034,Patrick Maroon,20152016,EDM,L,1988-04-23,St. Louis,USA,MO
8473970,Rob Klinkhammer,20152016,EDM,L,1986-08-12,Lethbridge,CAN,AB
8476454,Ryan Nugent-Hopkins,20152016,EDM,C,1993-04-12,Burnaby,CAN,BC
8475791,Taylor Hall,20152016,EDM,L,1991-11-14,Calgary,CAN,AB
8473962,Teddy Purcell,20152016,EDM,R,1985-09-08,St. John's,CAN,NL
8475178,Zack Kassian,20152016,EDM,R,1991-01-24,Windsor,CAN,ON
8477932,Aaron Ekblad,20152016,FLA,D,1996-02-07,Windsor,CAN,ON
8471219,Al Montoya,20152016,FLA,G,1985-02-13,Chicago,USA,IL
8477493,Aleksander Barkov,20152016,FLA,C,1995-09-02,Tampere,FIN,NA
8475755,Alexander Petrovic,20152016,FLA,D,1992-03-03,Edmonton,CAN,AB
8475204,Brandon Pirri,20152016,FLA,C,1991-04-10,Toronto,CAN,ON
8474698,Brent Regner,20152016,FLA,D,1989-05-17,Westlock,CAN,AB
8466285,Brian Campbell,20152016,FLA,D,1979-05-23,Strathroy,CAN,ON
8475736,Connor Brickley,20152016,FLA,C,1992-02-25,Everett,USA,MA
8475260,Corban Knight,20152016,FLA,C,1990-09-10,Oliver,CAN,BC
8471245,Dave Bolland,20152016,FLA,C,1986-06-05,Mimico,CAN,ON
8468001,Derek MacKenzie,20152016,FLA,C,1981-06-11,Sudbury,CAN,ON
8475179,Dmitry Kulikov,20152016,FLA,D,1990-10-29,Lipetsk,RUS,NA
8475153,Dylan Olsen,20152016,FLA,D,1991-01-03,Salt Lake City,USA,UT
8475790,Erik Gudbranson,20152016,FLA,D,1992-01-07,Ottawa,CAN,ON
8475253,Garrett Wilson,20152016,FLA,L,1991-03-16,Barrie,CAN,ON
8475735,Greg McKegg,20152016,FLA,C,1992-06-17,St. Thomas,CAN,ON
8471693,Jakub Kindl,20152016,FLA,D,1987-02-10,Sumperk,CZE,NA
8448208,Jaromir Jagr,20152016,FLA,R,1972-02-15,Kladno,CZE,NA
8470201,Jiri Hudler,20152016,FLA,R,1984-01-04,Olomouc,CZE,NA
8475756,John McFarland,20152016,FLA,L,1992-04-02,Richmond Hill,CAN,ON
8476456,Jonathan Huberdeau,20152016,FLA,L,1993-06-04,Saint-Jerome,CAN,QC
8469638,Jussi Jokinen,20152016,FLA,L,1983-04-01,Kalajoki,FIN,NA
8476415,Kyle Rau,20152016,FLA,C,1992-10-24,Eden Prairie,USA,MN
8476400,Logan Shaw,20152016,FLA,R,1992-10-05,Glace Bay,CAN,NS
8476875,Mike Matheson,20152016,FLA,D,1994-02-27,Pointe-Claire,CAN,QC
8475760,Nick Bjugstad,20152016,FLA,C,1992-07-17,Minneapolis,USA,MN
8475769,Quinton Howden,20152016,FLA,C,1992-01-21,Winnipeg,CAN,MB
8475191,Reilly Smith,20152016,FLA,R,1991-04-01,Mimico,CAN,ON
8466141,Roberto Luongo,20152016,FLA,G,1979-04-04,Montréal,CAN,QC
8476428,Rocco Grimaldi,20152016,FLA,C,1993-02-08,Anaheim,USA,CA
8465978,Shawn Thornton,20152016,FLA,L,1977-07-23,Oshawa,CAN,ON
8474000,Steven Kampfer,20152016,FLA,D,1988-09-24,Ann Arbor,USA,MI
8473962,Teddy Purcell,20152016,FLA,R,1985-09-08,St. John's,CAN,NL
8476389,Vincent Trocheck,20152016,FLA,C,1993-07-11,Pittsburgh,USA,PA
8465185,Willie Mitchell,20152016,FLA,D,1977-04-23,Port McNeill,CAN,BC
8474166,Alec Martinez,20152016,LAK,D,1987-07-26,Rochester Hills,USA,MI
8476404,Andy Andreoff,20152016,LAK,L,1991-05-17,Pickering,CAN,ON
8471685,Anze Kopitar,20152016,LAK,C,1987-08-24,Jesenice,SVN,NA
8475188,Brayden McNabb,20152016,LAK,D,1991-01-21,Davidson,CAN,SK
8469555,Christian Ehrhoff,20152016,LAK,D,1982-07-06,Moers,DEU,NA
8475762,Derek Forbort,20152016,LAK,D,1992-03-04,Duluth,USA,MN
8474563,Drew Doughty,20152016,LAK,D,1989-12-08,London,CAN,ON
8470606,Dustin Brown,20152016,LAK,R,1984-11-04,Ithaca,USA,NY
8474100,Dwight King,20152016,LAK,L,1989-07-05,Meadow Lake,CAN,SK
8474162,Jake Muzzin,20152016,LAK,D,1989-02-21,Woodstock,CAN,ON
8473571,Jamie McBain,20152016,LAK,D,1988-02-25,Edina,USA,MN
8470604,Jeff Carter,20152016,LAK,C,1985-01-01,London,CAN,ON
8471240,Jeff Schultz,20152016,LAK,D,1986-02-25,Calgary,CAN,AB
8473523,Jhonas Enroth,20152016,LAK,G,1988-06-25,Stockholm,SWE,NA
8471734,Jonathan Quick,20152016,LAK,G,1986-01-21,Milford,USA,CT
8475325,Jordan Nolan,20152016,LAK,C,1989-06-23,"Garden River, First Nations",CAN,ON
8475738,Jordan Weal,20152016,LAK,C,1992-04-15,North Vancouver,CAN,BC
8475857,Kevin Gravel,20152016,LAK,D,1992-03-06,Kingsford,USA,MI
8471346,Kris Versteeg,20152016,LAK,R,1986-05-13,Lethbridge,CAN,AB
8475160,Kyle Clifford,20152016,LAK,L,1991-01-13,Ayr,CAN,ON
8474568,Luke Schenn,20152016,LAK,D,1989-11-02,Saskatoon,CAN,SK
8468483,Marian Gaborik,20152016,LAK,R,1982-02-14,Trencin,SVK,NA
8470121,Matt Greene,20152016,LAK,D,1983-05-13,Grand Ledge,USA,MI
8476352,Michael Mersch,20152016,LAK,L,1992-10-02,Park Ridge,USA,IL
8473473,Milan Lucic,20152016,LAK,L,1988-06-07,Vancouver,CAN,BC
8475343,Nic Dowd,20152016,LAK,C,1990-05-27,Huntsville,USA,AL
8476406,Nicholas Shore,20152016,LAK,C,1992-09-26,Denver,USA,CO
8469514,Peter Budaj,20152016,LAK,G,1982-09-18,Banská Bystrica,SVK,NA
8467452,Rob Scuderi,20152016,LAK,D,1978-12-30,Syosset,USA,NY
8476871,Tanner Pearson,20152016,LAK,L,1992-08-10,Kitchener,CAN,ON
8473453,Trevor Lewis,20152016,LAK,C,1987-01-08,Salt Lake City,USA,UT
8475726,Tyler Toffoli,20152016,LAK,R,1992-04-24,Scarborough,CAN,ON
8467329,Vincent Lecavalier,20152016,LAK,C,1980-04-21,Ile Bizard,CAN,QC
8475757,Brett Bulmer,20152016,MIN,R,1992-04-26,Prince George,CAN,BC
8475745,Charlie Coyle,20152016,MIN,C,1992-03-02,East Weymouth,USA,MA
8470871,Chris Porter,20152016,MIN,L,1984-05-29,Toronto,CAN,ON
8477850,Christian Folin,20152016,MIN,D,1991-02-09,Gothenburg,SWE,NA
8477006,Christoph Bertschy,20152016,MIN,C,1994-04-05,Fribourg,CHE,NA
8475311,Darcy Kuemper,20152016,MIN,G,1990-05-05,Saskatoon,CAN,SK
8470877,David Jones,20152016,MIN,R,1984-08-10,Guelph,CAN,ON
8471227,Devan Dubnyk,20152016,MIN,G,1986-05-04,Regina,CAN,SK
8475287,Erik Haula,20152016,MIN,C,1991-03-23,Pori,FIN,NA
8477467,Gustav Olofsson,20152016,MIN,D,1994-12-01,Boras,SWE,NA
8474716,Jared Spurgeon,20152016,MIN,D,1989-11-29,Edmonton,CAN,AB
8468526,Jarret Stoll,20152016,MIN,C,1982-06-24,Melville,CAN,SK
8469506,Jason Pominville,20152016,MIN,R,1982-11-30,Repentigny,CAN,QC
8475722,Jason Zucker,20152016,MIN,L,1992-01-16,Newport Beach,USA,CA
8476463,Jonas Brodin,20152016,MIN,D,1993-07-12,Karlstad,SWE,NA
8475147,Jordan Schroeder,20152016,MIN,C,1990-09-29,Lakeville,USA,MN
8476235,Justin Fontaine,20152016,MIN,R,1987-11-06,Bonnyville,CAN,AB
8476545,Kurtis Gabriel,20152016,MIN,R,1993-04-20,Newmarket,CAN,ON
8474618,Marco Scandella,20152016,MIN,D,1990-02-23,Montréal,CAN,QC
8476856,Mathew Dumba,20152016,MIN,D,1994-07-25,Regina,CAN,SK
8477923,Michael Keranen,20152016,MIN,L,1990-01-04,Stockholm,SWE,NA
8475798,Mikael Granlund,20152016,MIN,R,1992-02-26,Oulu,FIN,NA
8476422,Mike Reilly,20152016,MIN,D,1993-07-13,Chicago,USA,IL
8469459,Mikko Koivu,20152016,MIN,C,1983-03-12,Turku,FIN,NA
8475613,Nate Prosser,20152016,MIN,D,1986-05-07,Elk River,USA,MN
8475799,Nino Niederreiter,20152016,MIN,R,1992-09-08,Chur,CHE,NA
8473646,Ryan Carter,20152016,MIN,L,1983-08-03,White Bear Lake,USA,MN
8470600,Ryan Suter,20152016,MIN,D,1985-01-21,Madison,USA,WI
8470598,Thomas Vanek,20152016,MIN,L,1984-01-19,Vienna,AUT,NA
8476344,Tyler Graovac,20152016,MIN,C,1993-04-27,Brampton,CAN,ON
8470729,Tyson Strachan,20152016,MIN,D,1984-10-30,Melfort,CAN,SK
8474610,Zac Dalpe,20152016,MIN,C,1989-11-01,Paris,CAN,ON
8470610,Zach Parise,20152016,MIN,L,1984-07-28,Minneapolis,USA,MN
8476851,Alex Galchenyuk,20152016,MTL,L,1994-02-12,Milwaukee,USA,WI
8470120,Alexander Semin,20152016,MTL,R,1984-03-03,Krasnojarsk,RUS,NA
8471296,Alexei Emelin,20152016,MTL,D,1986-04-25,Togliatti,RUS,NA
8467496,Andrei Markov,20152016,MTL,D,1978-12-20,Voskresensk,RUS,NA
8475681,Ben Scrivens,20152016,MTL,G,1986-09-11,Spruce Grove,CAN,AB
8475848,Brendan Gallagher,20152016,MTL,R,1992-05-06,Edmonton,CAN,AB
8478004,Brett Lernout,20152016,MTL,D,1995-09-24,Winnipeg,CAN,MB
8476808,Brian Flynn,20152016,MTL,C,1988-07-26,Lynnfield,USA,MA
8473431,Bud Holloway,20152016,MTL,C,1988-03-01,Wapella,CAN,SK
8471679,Carey Price,20152016,MTL,G,1987-08-16,Anahim Lake,CAN,BC
8476948,Charles Hudon,20152016,MTL,L,1994-06-23,Alma,CAN,QC
8479292,Charlie Lindgren,20152016,MTL,G,1993-12-18,Lakeville,USA,MN
8475749,Christian Thomas,20152016,MTL,L,1992-05-26,Toronto,CAN,ON
8474668,Dale Weise,20152016,MTL,R,1988-08-05,Winnipeg,CAN,MB
8477901,Daniel Carr,20152016,MTL,L,1991-11-01,Sherwood Park,CAN,AB
8476379,Darren Dietz,20152016,MTL,D,1993-07-17,Medicine Hat,CAN,AB
8471976,David Desharnais,20152016,MTL,C,1986-09-14,Laurier-Station,CAN,QC
8475758,Devante Smith-Pelly,20152016,MTL,R,1992-06-14,Scarborough,CAN,ON
8474682,Dustin Tokarski,20152016,MTL,G,1989-09-16,Watson,CAN,SK
8474688,Greg Pateryn,20152016,MTL,D,1990-06-20,Sterling Heights,USA,MI
8477455,Jacob de la Rose,20152016,MTL,L,1995-05-20,Arvika,SWE,NA
8475797,Jarred Tinordi,20152016,MTL,D,1992-02-20,Millersville,USA,MD
8473507,Jeff Petry,20152016,MTL,D,1987-12-09,Ann Arbor,USA,MI
8477810,Joel Hanley,20152016,MTL,D,1991-06-08,Keswick,CAN,ON
8473722,John Scott,20152016,MTL,L,1982-09-26,Edmonton,CAN,AB
8474189,Lars Eller,20152016,MTL,C,1989-05-08,Rodovre,DNK,NA
8476451,Lucas Lessio,20152016,MTL,L,1993-01-23,Maple,CAN,ON
8474717,Mark Barberio,20152016,MTL,D,1990-03-23,Montréal,CAN,QC
8474157,Max Pacioretty,20152016,MTL,L,1988-11-20,New Canaan,USA,CT
8477446,Michael McCarron,20152016,MTL,R,1995-03-07,Grosse Pointe,USA,MI
8471371,Mike Brown,20152016,MTL,R,1985-06-24,Chicago,USA,IL
8477237,Mike Condon,20152016,MTL,G,1990-04-27,Holliston,USA,MA
8475782,Morgan Ellis,20152016,MTL,D,1992-04-30,Summerside,CAN,PE
8476470,Nathan Beaulieu,20152016,MTL,D,1992-12-05,Strathroy,CAN,ON
8474056,P.K. Subban,20152016,MTL,D,1989-05-13,Toronto,CAN,ON
8474038,Paul Byron,20152016,MTL,L,1989-04-27,Ottawa,CAN,ON
8476479,Phillip Danault,20152016,MTL,C,1993-02-24,Victoriaville,CAN,QC
8478963,Ryan Johnston,20152016,MTL,D,1992-02-14,Sudbury,CAN,ON
8476870,Stefan Matteau,20152016,MTL,C,1994-02-23,Chicago,USA,IL
8477413,Sven Andrighetto,20152016,MTL,R,1993-03-21,Zurich,CHE,NA
8470104,Tom Gilbert,20152016,MTL,D,1983-01-10,Bloomington,USA,MN
8470039,Tomas Fleischmann,20152016,MTL,L,1984-05-16,Koprivnice,CZE,NA
8469521,Tomas Plekanec,20152016,MTL,C,1982-10-31,Kladno,CZE,NA
8471338,Torrey Mitchell,20152016,MTL,C,1985-01-30,Greenfield Park,CAN,QC
8473658,Victor Bartley,20152016,MTL,D,1988-02-17,Ottawa,CAN,ON
8474641,Adam Henrique,20152016,NJD,C,1990-02-06,Brantford,CAN,ON
8476457,Adam Larsson,20152016,NJD,D,1992-11-12,Skelleftea,SWE,NA
8472382,Andy Greene,20152016,NJD,D,1982-10-30,Trenton,USA,MI
8476370,Blake Pietila,20152016,NJD,L,1993-02-20,Milford,USA,MI
8476769,Bobby Farnham,20152016,NJD,L,1989-01-21,North Andover,USA,MA
8476772,Brian O'Neill,20152016,NJD,R,1988-06-01,Yardley,USA,PA
8471239,Cory Schneider,20152016,NJD,G,1986-03-18,Marblehead,USA,MA
8476923,Damon Severson,20152016,NJD,D,1994-08-07,Melville,CAN,SK
8473673,David Schlemko,20152016,NJD,D,1987-05-07,Edmonton,CAN,AB
8474660,David Warsofsky,20152016,NJD,D,1990-05-30,Marshfield,USA,MA
8475758,Devante Smith-Pelly,20152016,NJD,R,1992-06-14,Scarborough,CAN,ON
8475199,Eric Gelinas,20152016,NJD,D,1991-05-08,Vanier,CAN,ON
8475185,Jacob Josefson,20152016,NJD,C,1991-03-02,Stockholm,SWE,NA
8474024,Jim O'Brien,20152016,NJD,C,1989-01-29,Maplewood,USA,MN
8473482,Jiri Tlusty,20152016,NJD,L,1988-03-16,Slany,CZE,NA
8475186,John Moore,20152016,NJD,D,1990-11-19,Winnetka,USA,IL
8475750,Jon Merrill,20152016,NJD,D,1992-02-03,Oklahoma City,USA,OK
8469547,Jordin Tootoo,20152016,NJD,R,1983-02-02,Churchill,CAN,MB
8477010,Joseph Blandisi,20152016,NJD,L,1994-07-18,Markham,CAN,ON
8476234,Keith Kinkaid,20152016,NJD,G,1989-07-04,Farmingville,USA,NY
8475151,Kyle Palmieri,20152016,NJD,R,1991-02-01,Smithtown,USA,NY
8470740,Lee Stempniak,20152016,NJD,R,1983-02-04,West Seneca,USA,NY
8471752,Marc-Andre Gragnani,20152016,NJD,D,1987-03-11,Montréal,CAN,QC
8469500,Michael Cammalleri,20152016,NJD,L,1982-06-08,Toronto,CAN,ON
8476209,Mike Sislo,20152016,NJD,R,1988-01-20,Superior,USA,WI
8477425,Miles Wood,20152016,NJD,L,1995-09-13,Buffalo,USA,NY
8460542,Patrik Elias,20152016,NJD,C,1976-04-13,Trebic,CZE,NA
8476200,Paul Thompson,20152016,NJD,R,1988-11-30,Methuen,USA,MA
8478401,Pavel Zacha,20152016,NJD,C,1997-04-06,Brno,CZE,NA
8476423,Reid Boucher,20152016,NJD,L,1993-09-08,Lansing,USA,MI
8475809,Scott Wedgewood,20152016,NJD,G,1992-08-14,Brampton,CAN,ON
8478566,Sergey Kalinin,20152016,NJD,C,1991-03-17,Omsk,RUS,NA
8475274,Seth Helgeson,20152016,NJD,D,1990-10-08,Faribault,USA,MN
8476870,Stefan Matteau,20152016,NJD,L,1994-02-23,Chicago,USA,IL
8472410,Stephen Gionta,20152016,NJD,C,1983-10-09,Rochester,USA,NY
8477463,Steven Santini,20152016,NJD,D,1995-03-07,Bronxville,USA,NY
8471233,Travis Zajac,20152016,NJD,C,1985-05-13,Winnipeg,CAN,MB
8469462,Tuomo Ruutu,20152016,NJD,L,1983-02-16,Vantaa,FIN,NA
8471311,Tyler Kennedy,20152016,NJD,C,1986-07-15,Sault Ste. Marie,CAN,ON
8478584,Vojtech Mozik,20152016,NJD,D,1992-12-26,Prague,CZE,NA
8471186,Yann Danis,20152016,NJD,G,1981-06-21,Lafontaine,CAN,QC
8475868,Anthony Bitetto,20152016,NSH,D,1990-07-15,Island Park,USA,NY
8475766,Austin Watson,20152016,NSH,L,1992-01-13,Ann Arbor,USA,MI
8467890,Barret Jackman,20152016,NSH,D,1981-03-05,Trail,CAN,BC
8475714,Calle Jarnkrok,20152016,NSH,C,1991-09-25,Gavle,SWE,NA
8475622,Carter Hutton,20152016,NSH,G,1985-12-19,Thunder Bay,CAN,ON
8471760,Cody Bass,20152016,NSH,C,1987-01-07,Owen Sound,CAN,ON
8474570,Cody Hodgson,20152016,NSH,C,1990-02-18,Toronto,CAN,ON
8474569,Colin Wilson,20152016,NSH,L,1989-10-20,Greenwich,USA,CT
8476925,Colton Sissons,20152016,NSH,C,1993-11-05,North Vancouver,CAN,BC
8470714,Corey Potter,20152016,NSH,D,1984-01-05,Lansing,USA,MI
8475225,Craig Smith,20152016,NSH,R,1989-09-05,Madison,USA,WI
8470180,Eric Nystrom,20152016,NSH,L,1983-02-14,Syosset,USA,NY
8476887,Filip Forsberg,20152016,NSH,L,1994-08-13,Ostervala,SWE,NA
8475268,Gabriel Bourque,20152016,NSH,R,1990-09-23,Rimouski,CAN,QC
8471707,James Neal,20152016,NSH,R,1987-09-03,Whitby,CAN,ON
8477424,Juuse Saros,20152016,NSH,G,1995-04-19,Forssa,FIN,NA
8477942,Kevin Fiala,20152016,NSH,L,1996-07-22,St. Gallen,CHE,NA
8475218,Mattias Ekholm,20152016,NSH,D,1990-05-24,Borlange,SWE,NA
8476447,Miikka Salomaki,20152016,NSH,R,1993-03-09,Raahe,FIN,NA
8467370,Mike Fisher,20152016,NSH,C,1980-06-05,Peterborough,CAN,ON
8467371,Mike Ribeiro,20152016,NSH,C,1980-02-10,Montréal,CAN,QC
8468700,Paul Gaustad,20152016,NSH,C,1982-02-03,Fargo,USA,ND
8471469,Pekka Rinne,20152016,NSH,G,1982-11-03,Kempele,FIN,NA
8475774,Petter Granberg,20152016,NSH,D,1992-08-27,Gallivare,SWE,NA
8476857,Pontus Aberg,20152016,NSH,L,1993-09-23,Stockholm,SWE,NA
8474600,Roman Josi,20152016,NSH,D,1990-06-01,Bern,CHE,NA
8475176,Ryan Ellis,20152016,NSH,D,1991-01-03,Hamilton,CAN,ON
8475793,Ryan Johansen,20152016,NSH,C,1992-07-31,Vancouver,CAN,BC
8477495,Seth Jones,20152016,NSH,D,1994-10-03,Arlington,USA,TX
8470642,Shea Weber,20152016,NSH,D,1985-08-14,Sicamous,CAN,BC
8475206,Stefan Elliott,20152016,NSH,D,1991-01-30,Vancouver,CAN,BC
8473658,Victor Bartley,20152016,NSH,D,1988-02-17,Ottawa,CAN,ON
8478042,Viktor Arvidsson,20152016,NSH,R,1993-04-08,Skelleftea,SWE,NA
8476917,Adam Pelech,20152016,NYI,D,1994-08-16,Toronto,CAN,ON
8476409,Alan Quine,20152016,NYI,C,1993-02-25,Belleville,CAN,ON
8475314,Anders Lee,20152016,NYI,L,1990-07-03,Edina,USA,MN
8471996,Bracken Kearns,20152016,NYI,C,1981-05-12,North Vancouver,CAN,BC
8473565,Brian Strait,20152016,NYI,D,1988-01-04,Waltham,USA,MA
8475754,Brock Nelson,20152016,NYI,C,1991-10-15,Warroad,USA,MN
8473504,Cal Clutterbuck,20152016,NYI,R,1987-11-18,Welland,CAN,ON
8475177,Calvin de Haan,20152016,NYI,D,1991-05-09,Carp,CAN,ON
8475231,Casey Cizikas,20152016,NYI,C,1991-02-27,Toronto,CAN,ON
8476444,Christopher Gibson,20152016,NYI,G,1992-12-27,Karkkila,FIN,NA
8460720,Eric Boulton,20152016,NYI,L,1976-08-17,Halifax,CAN,NS
8470144,Frans Nielsen,20152016,NYI,C,1984-04-24,Herning,DNK,NA
8475234,J-F Berube,20152016,NYI,G,1991-07-13,Repentigny,CAN,QC
8470860,Jaroslav Halak,20152016,NYI,G,1985-05-13,Bratislava,SVK,NA
8475166,John Tavares,20152016,NYI,C,1990-09-20,Mississauga,CAN,ON
8470187,Johnny Boychuk,20152016,NYI,D,1984-01-19,Edmonton,CAN,AB
8474573,Josh Bailey,20152016,NYI,R,1989-10-02,Bowmanville,CAN,ON
8473449,Kyle Okposo,20152016,NYI,R,1988-04-16,St. Paul,USA,MN
8469623,Marek Zidlicky,20152016,NYI,D,1977-02-03,Most,CZE,NA
8474709,Matt Martin,20152016,NYI,L,1989-05-08,Windsor,CAN,ON
8471362,Mikhail Grabovski,20152016,NYI,C,1984-01-31,Potsdam,DEU,NA
8475181,Nick Leddy,20152016,NYI,D,1991-03-20,Eden Prairie,USA,MN
8473579,Nikolay Kulemin,20152016,NYI,L,1986-07-14,Magnitogorsk,RUS,NA
8477527,Ross Johnston,20152016,NYI,L,1994-02-18,Charlottetown,CAN,PE
8477506,Ryan Pulock,20152016,NYI,D,1994-10-06,Dauphin,CAN,MB
8476458,Ryan Strome,20152016,NYI,R,1993-07-11,Mississauga,CAN,ON
8476429,Scott Mayfield,20152016,NYI,D,1992-10-14,St. Louis,USA,MO
8476386,Shane Prince,20152016,NYI,L,1992-11-16,Rochester,USA,NY
8470609,Steve Bernier,20152016,NYI,R,1985-03-31,Quebec City,CAN,QC
8475192,Taylor Beck,20152016,NYI,L,1991-05-13,St. Catharines,CAN,ON
8471306,Thomas Greiss,20152016,NYI,G,1986-01-29,Fussen,DEU,NA
8474066,Thomas Hickey,20152016,NYI,D,1989-02-08,Calgary,CAN,AB
8474612,Travis Hamonic,20152016,NYI,D,1990-08-16,St. Malo,CAN,MB
8477293,Antti Raanta,20152016,NYR,G,1989-05-12,Rauma,FIN,NA
8476869,Brady Skjei,20152016,NYR,D,1994-03-26,Lakeville,USA,MN
8475184,Chris Kreider,20152016,NYR,L,1991-04-30,Boxford,USA,MA
8473589,Chris Summers,20152016,NYR,D,1988-02-05,Ann Arbor,USA,MI
8467096,Dan Boyle,20152016,NYR,D,1976-07-12,Ottawa,CAN,ON
8471958,Dan Girardi,20152016,NYR,D,1984-04-29,Welland,CAN,ON
8470230,Daniel Paille,20152016,NYR,L,1984-04-15,Welland,CAN,ON
8474613,Derek Stepan,20152016,NYR,C,1990-06-18,Hastings,USA,MN
8473544,Derick Brassard,20152016,NYR,C,1987-09-22,Hull,CAN,QC
8468575,Dominic Moore,20152016,NYR,C,1980-08-03,Thornhill,CAN,ON
8475795,Dylan McIlrath,20152016,NYR,D,1992-04-20,Winnipeg,CAN,MB
8475770,Emerson Etem,20152016,NYR,R,1992-06-16,Long Beach,USA,CA
8470595,Eric Staal,20152016,NYR,C,1984-10-29,Thunder Bay,CAN,ON
8468685,Henrik Lundqvist,20152016,NYR,G,1982-03-02,Are,SWE,NA
8476468,J.T. Miller,20152016,NYR,L,1993-03-14,East Palestine,USA,OH
8468526,Jarret Stoll,20152016,NYR,C,1982-06-24,Melville,CAN,SK
8477126,Jayson Megna,20152016,NYR,C,1990-02-01,Fort Lauderdale,USA,FL
8475855,Jesper Fast,20152016,NYR,R,1991-12-02,Nassjo,SWE,NA
8471735,Keith Yandle,20152016,NYR,D,1986-09-09,Boston,USA,MA
8475763,Kevin Hayes,20152016,NYR,C,1992-05-08,Dorchester,USA,MA
8470630,Kevin Klein,20152016,NYR,D,1984-12-13,Kitchener,CAN,ON
8476433,Magnus Hellberg,20152016,NYR,G,1991-04-04,Uppsala,SWE,NA
8471686,Marc Staal,20152016,NYR,D,1987-01-13,Thunder Bay,CAN,ON
8475949,Marek Hrivik,20152016,NYR,L,1991-08-28,Cadca,SVK,NA
8475692,Mats Zuccarello,20152016,NYR,R,1987-09-01,Oslo,NOR,NA
8475715,Oscar Lindberg,20152016,NYR,C,1991-10-29,Skelleftea,SWE,NA
8476244,Raphael Diaz,20152016,NYR,D,1986-01-09,Baar,CHE,NA
8470041,Rick Nash,20152016,NYR,R,1984-06-16,Brampton,CAN,ON
8474151,Ryan McDonagh,20152016,NYR,D,1989-06-13,St. Paul,USA,MN
8470854,Tanner Glass,20152016,NYR,L,1983-11-29,Regina,CAN,SK
8473537,Viktor Stalberg,20152016,NYR,L,1986-01-17,Gothenburg,SWE,NA
8475163,Alex Chiasson,20152016,OTT,R,1990-10-01,Montréal,CAN,QC
8477202,Andrew Hammond,20152016,OTT,G,1988-02-11,Surrey,CAN,BC
8477433,Ben Harpur,20152016,OTT,D,1995-01-12,Hamilton,CAN,ON
8471676,Bobby Ryan,20152016,OTT,R,1987-03-17,Cherry Hill,USA,NJ
8477210,Buddy Robinson,20152016,OTT,R,1991-09-30,Bellmawr,USA,NJ
8476904,Chris Driedger,20152016,OTT,G,1994-05-18,Winnipeg,CAN,MB
8467493,Chris Neil,20152016,OTT,R,1979-06-18,Flesherton,CAN,ON
8475227,Chris Wideman,20152016,OTT,D,1990-01-07,St. Louis,USA,MO
8470667,Clarke MacArthur,20152016,OTT,L,1985-04-06,Lloydminster,CAN,AB
8476879,Cody Ceci,20152016,OTT,D,1993-12-21,Ottawa,CAN,ON
8471862,Colin Greening,20152016,OTT,L,1986-03-09,St. John's,CAN,NL
8467950,Craig Anderson,20152016,OTT,G,1981-05-21,Park Ridge,USA,IL
8477508,Curtis Lazar,20152016,OTT,R,1995-02-02,Salmon Arm,CAN,BC
8475661,Dave Dziurzynski,20152016,OTT,L,1989-10-06,Lloydminster,CAN,AB
8470602,Dion Phaneuf,20152016,OTT,D,1985-04-10,Edmonton,CAN,AB
8474578,Erik Karlsson,20152016,OTT,D,1990-05-31,Landsbro,SWE,NA
8476368,Fredrik Claesson,20152016,OTT,D,1992-11-24,Stockholm,SWE,NA
8475174,Jared Cowen,20152016,OTT,D,1991-01-25,Saskatoon,CAN,SK
8476419,Jean-Gabriel Pageau,20152016,OTT,C,1992-11-11,Ottawa,CAN,ON
8474068,Kyle Turris,20152016,OTT,C,1989-08-14,New Westminster,CAN,BC
8470760,Marc Methot,20152016,OTT,D,1985-06-21,Ottawa,CAN,ON
8474697,Mark Borowiecki,20152016,OTT,D,1989-07-12,Ottawa,CAN,ON
8475913,Mark Stone,20152016,OTT,R,1992-05-13,Winnipeg,CAN,MB
8476477,Matt Puempel,20152016,OTT,L,1993-01-24,Windsor,CAN,ON
8478559,Matthew O'Connor,20152016,OTT,G,1992-02-14,Sault Ste. Marie,CAN,ON
8476323,Max McCormick,20152016,OTT,L,1992-05-01,De Pere,USA,WI
8474497,Michael Kostka,20152016,OTT,D,1985-11-28,Etobicoke,CAN,ON
8476459,Mika Zibanejad,20152016,OTT,C,1993-04-18,Stockholm,SWE,NA
8474884,Mike Hoffman,20152016,OTT,L,1989-11-24,Kitchener,CAN,ON
8470599,Milan Michalek,20152016,OTT,L,1984-12-07,Jindrichuv Hradec,CZE,NA
8477426,Nick Paul,20152016,OTT,L,1995-03-20,Mississauga,CAN,ON
8474605,Patrick Wiercioch,20152016,OTT,D,1990-09-12,Burnaby,CAN,BC
8475321,Phil Varone,20152016,OTT,C,1990-12-04,Vaughan,CAN,ON
8476288,Ryan Dzingel,20152016,OTT,L,1992-03-09,Wheaton,USA,IL
8467351,Scott Gomez,20152016,OTT,C,1979-12-23,Anchorage,USA,AK
8476386,Shane Prince,20152016,OTT,L,1992-11-16,Rochester,USA,NY
8474250,Zack Smith,20152016,OTT,L,1988-04-05,Maple Creek,CAN,SK
8473584,Andrew MacDonald,20152016,PHI,D,1986-09-07,Judique,CAN,NS
8475430,Brandon Manning,20152016,PHI,D,1990-06-04,Prince George,CAN,BC
8475170,Brayden Schenn,20152016,PHI,C,1991-08-22,Saskatoon,CAN,SK
8471762,Chris VandeVelde,20152016,PHI,C,1987-03-15,Moorhead,USA,MN
8473512,Claude Giroux,20152016,PHI,C,1988-01-12,Hearst,CAN,ON
8470644,Colin McDonald,20152016,PHI,R,1984-09-30,Wethersfield,USA,CT
8478563,Evgeny Medvedev,20152016,PHI,D,1982-08-27,Chelyabinsk,RUS,NA
8474161,Jakub Voracek,20152016,PHI,R,1989-08-15,Kladno,CZE,NA
8475738,Jordan Weal,20152016,PHI,C,1992-04-15,North Vancouver,CAN,BC
8474568,Luke Schenn,20152016,PHI,D,1989-11-02,Saskatoon,CAN,SK
8468309,Mark Streit,20152016,PHI,D,1977-12-11,Bern,CHE,NA
8476177,Matt Read,20152016,PHI,R,1986-06-14,Ilderton,CAN,ON
8474584,Michael Del Zotto,20152016,PHI,D,1990-06-24,Stouffville,CAN,ON
8477290,Michael Raffl,20152016,PHI,L,1988-12-01,Villach,AUT,NA
8473607,Michal Neuvirth,20152016,PHI,G,1988-03-23,Ústí nad Labem,CZE,NA
8476393,Nick Cousins,20152016,PHI,C,1993-07-20,Belleville,CAN,ON
8468513,Nick Schultz,20152016,PHI,D,1982-08-25,Strasbourg,CAN,SK
8477930,Pierre-Edouard Bellemare,20152016,PHI,L,1985-03-06,Le Blanc-Mesnil,FRA,NA
8469469,R.J. Umberger,20152016,PHI,C,1982-05-03,Pittsburgh,USA,PA
8475462,Radko Gudas,20152016,PHI,D,1990-06-05,Prague,CZE,NA
8473466,Ryan White,20152016,PHI,C,1988-03-17,Brandon,CAN,MB
8474040,Sam Gagner,20152016,PHI,C,1989-08-10,London,CAN,ON
8476872,Scott Laughton,20152016,PHI,C,1994-05-30,Oakville,CAN,ON
8476461,Sean Couturier,20152016,PHI,C,1992-12-07,Phoenix,USA,AZ
8476906,Shayne Gostisbehere,20152016,PHI,D,1993-04-20,Pembroke Pines,USA,FL
8473461,Steve Mason,20152016,PHI,G,1988-05-29,Oakville,CAN,ON
8476955,Taylor Leier,20152016,PHI,L,1994-02-15,Saskatoon,CAN,SK
8467329,Vincent Lecavalier,20152016,PHI,C,1980-04-21,Ile Bizard,CAN,QC
8474190,Wayne Simmonds,20152016,PHI,R,1988-08-26,Scarborough,CAN,ON
8476431,Adam Clendening,20152016,PIT,D,1992-10-26,Niagara Falls,USA,NY
8475761,Beau Bennett,20152016,PIT,R,1991-11-27,Gardena,USA,CA
8473933,Ben Lovejoy,20152016,PIT,D,1984-02-20,Concord,USA,NH
8476769,Bobby Farnham,20152016,PIT,R,1989-01-21,North Andover,USA,MA
8475208,Brian Dumoulin,20152016,PIT,D,1991-09-06,Biddeford,USA,ME
8475810,Bryan Rust,20152016,PIT,R,1992-05-11,Pontiac,USA,MI
8474176,Carl Hagelin,20152016,PIT,L,1988-08-23,Sodertalje,SWE,NA
8470543,Chris Kunitz,20152016,PIT,L,1979-09-26,Regina,CAN,SK
8477839,Conor Sheary,20152016,PIT,L,1992-06-08,Winchester,USA,MA
8478466,Daniel Sprong,20152016,PIT,R,1997-03-17,Amsterdam,NLD,NA
8474102,David Perron,20152016,PIT,L,1988-05-28,Sherbrooke,CAN,QC
8474660,David Warsofsky,20152016,PIT,D,1990-05-30,Marshfield,USA,MA
8476884,Derrick Pouliot,20152016,PIT,D,1994-01-16,Estevan,CAN,SK
8478866,Dominik Simon,20152016,PIT,C,1994-08-08,Prague,CZE,NA
8470611,Eric Fehr,20152016,PIT,C,1985-09-07,Winkler,CAN,MB
8471215,Evgeni Malkin,20152016,PIT,C,1986-07-31,Magnitogorsk,RUS,NA
8474013,Ian Cole,20152016,PIT,D,1989-02-21,Ann Arbor,USA,MI
8473553,Jeff Zatkoff,20152016,PIT,G,1987-06-09,Detroit,USA,MI
8476326,Josh Archibald,20152016,PIT,R,1992-10-06,Regina,CAN,SK
8474602,Justin Schultz,20152016,PIT,D,1990-07-06,Kelowna,CAN,BC
8476147,Kael Mouillierat,20152016,PIT,L,1987-12-09,Edmonton,CAN,AB
8471331,Kevin Porter,20152016,PIT,C,1986-03-12,Detroit,USA,MI
8471724,Kris Letang,20152016,PIT,D,1987-04-24,Montréal,CAN,QC
8470594,Marc-Andre Fleury,20152016,PIT,G,1984-11-28,Sorel,CAN,QC
8464989,Matt Cullen,20152016,PIT,C,1976-11-02,Virginia,USA,MN
8476899,Matt Murray,20152016,PIT,G,1994-05-25,Thunder Bay,CAN,ON
8474009,Nick Bonino,20152016,PIT,C,1988-04-20,Hartford,USA,CT
8476874,Olli Maatta,20152016,PIT,D,1994-08-22,Jyväskylä,FIN,NA
8476897,Oskar Sundqvist,20152016,PIT,C,1994-03-23,Boden,SWE,NA
8466393,Pascal Dupuis,20152016,PIT,R,1979-04-07,Laval,CAN,QC
8471887,Patric Hornqvist,20152016,PIT,R,1987-01-01,Sollentuna,SWE,NA
8473548,Phil Kessel,20152016,PIT,R,1987-10-02,Madison,USA,WI
8467452,Rob Scuderi,20152016,PIT,D,1978-12-30,Syosset,USA,NY
8476293,Scott Wilson,20152016,PIT,L,1992-04-24,Oakville,CAN,ON
8478928,Sergei Plotnikov,20152016,PIT,L,1990-06-03,Komsomolsk,RUS,NA
8471675,Sidney Crosby,20152016,PIT,C,1987-08-07,Cole Harbour,CAN,NS
8475832,Tom Kuhnhackl,20152016,PIT,R,1992-01-21,Landshut,DEU,NA
8473542,Tom Sestito,20152016,PIT,L,1987-09-28,Rome,USA,NY
8470110,Trevor Daley,20152016,PIT,D,1983-10-09,Toronto,CAN,ON
8471774,Alex Stalock,20152016,SJS,G,1987-07-28,Saint Paul,USA,MN
8476624,Barclay Goodrow,20152016,SJS,R,1993-02-26,Toronto,CAN,ON
8474727,Ben Smith,20152016,SJS,R,1988-07-11,Winston-Salem,USA,NC
8475455,Brenden Dillon,20152016,SJS,D,1990-11-13,New Westminster,CAN,BC
8470613,Brent Burns,20152016,SJS,D,1985-03-09,Barrie,CAN,ON
8474516,Bryan Lerg,20152016,SJS,C,1986-01-20,Livonia,USA,MI
8476919,Chris Tierney,20152016,SJS,C,1994-07-01,Keswick,CAN,ON
8464977,Dainius Zubrus,20152016,SJS,C,1978-06-16,Elektrenai,LTU,NA
8476331,Dylan DeMelo,20152016,SJS,D,1993-05-01,London,CAN,ON
8473503,James Reimer,20152016,SJS,G,1988-03-15,Morweena,CAN,MB
8470794,Joe Pavelski,20152016,SJS,C,1984-07-11,Plover,USA,WI
8466138,Joe Thornton,20152016,SJS,C,1979-07-02,London,CAN,ON
8468208,Joel Ward,20152016,SJS,R,1980-12-02,North York,CAN,ON
8473562,John McCarthy,20152016,SJS,L,1986-08-09,Boston,USA,MA
8475820,Joonas Donskoi,20152016,SJS,R,1992-04-13,Raahe,FIN,NA
8474027,Justin Braun,20152016,SJS,D,1987-02-10,Minneapolis,USA,MN
8474053,Logan Couture,20152016,SJS,C,1989-03-28,Guelph,CAN,ON
8471709,Marc-Edouard Vlasic,20152016,SJS,D,1987-03-30,Montréal,CAN,QC
8474889,Martin Jones,20152016,SJS,G,1990-01-10,North Vancouver,CAN,BC
8476442,Matt Nieto,20152016,SJS,L,1992-11-05,Long Beach,USA,CA
8476807,Matt Tennyson,20152016,SJS,D,1990-04-23,Minneapolis,USA,MN
8477922,Melker Karlsson,20152016,SJS,C,1990-07-18,Lycksele,SWE,NA
8474230,Micheal Haley,20152016,SJS,C,1986-03-30,Guelph,CAN,ON
8471371,Mike Brown,20152016,SJS,R,1985-06-24,Chicago,USA,IL
8477509,Mirco Mueller,20152016,SJS,D,1995-03-21,Winterthur,CHE,NA
8474096,Nick Spaling,20152016,SJS,C,1988-09-19,Palmerston,CAN,ON
8477958,Nikolay Goldobin,20152016,SJS,L,1995-10-07,Moscow,RUS,NA
8466139,Patrick Marleau,20152016,SJS,L,1979-09-15,Aneroid,CAN,SK
8468542,Paul Martin,20152016,SJS,D,1981-03-05,Minneapolis,USA,MN
8471392,Roman Polak,20152016,SJS,D,1986-04-28,Ostrava,CZE,NA
8477846,Ryan Carpenter,20152016,SJS,C,1991-01-18,Oviedo,USA,FL
8476881,Tomas Hertl,20152016,SJS,C,1993-11-12,Praha,CZE,NA
8474739,Tommy Wingels,20152016,SJS,C,1988-04-12,Evanston,USA,IL
8474565,Alex Pietrangelo,20152016,STL,D,1990-01-18,King City,CAN,ON
8470257,Alexander Steen,20152016,STL,L,1984-03-01,Winnipeg,CAN,MB
8475195,Anders Nilsson,20152016,STL,G,1990-03-19,Lulea,SWE,NA
8470378,Andre Benoit,20152016,STL,D,1984-01-06,St. Albert,CAN,ON
8470880,Brian Elliott,20152016,STL,G,1985-04-09,Newmarket,CAN,ON
8474125,Carl Gunnarsson,20152016,STL,D,1986-11-09,Orebro,SWE,NA
8471761,Chris Butler,20152016,STL,D,1986-10-27,St. Louis,USA,MO
8476892,Colton Parayko,20152016,STL,D,1993-05-12,St. Albert,CAN,AB
8470655,David Backes,20152016,STL,C,1984-05-01,Minneapolis,USA,MN
8476436,Dmitrij Jaskin,20152016,STL,R,1993-03-23,Omsk,RUS,NA
8475768,Jaden Schwartz,20152016,STL,L,1992-06-25,Wilcox,CAN,SK
8474596,Jake Allen,20152016,STL,G,1990-08-07,Fredericton,CAN,NB
8470151,Jay Bouwmeester,20152016,STL,D,1983-09-27,Edmonton,CAN,AB
8476819,Jeremy Welsh,20152016,STL,C,1988-04-30,Bayfield,CAN,ON
8476441,Joel Edmundson,20152016,STL,D,1993-06-28,Brandon,CAN,MB
8476412,Jordan Binnington,20152016,STL,G,1993-07-11,Richmond Hill,CAN,ON
8475150,Jordan Caron,20152016,STL,R,1990-11-02,Sayabec,CAN,QC
8474627,Jori Lehtera,20152016,STL,C,1987-12-23,Helsinki,FIN,NA
8474031,Kevin Shattenkirk,20152016,STL,D,1989-01-29,New Rochelle,USA,NY
8470803,Kyle Brodziak,20152016,STL,C,1984-05-25,St. Paul,CAN,AB
8475175,Magnus Paajarvi,20152016,STL,L,1991-04-12,Norrkoping,SWE,NA
8467899,Martin Havlat,20152016,STL,R,1981-04-19,Mlada Boleslav,CZE,NA
8473534,Patrik Berglund,20152016,STL,C,1988-06-02,Västerås,SWE,NA
8471669,Paul Stastny,20152016,STL,C,1985-12-27,Quebec City,CAN,QC
8476989,Petteri Lindbohm,20152016,STL,D,1993-09-23,Helsinki,FIN,NA
8477831,Pheonix Copley,20152016,STL,G,1992-01-18,North Pole,USA,AK
8477952,Robby Fabbri,20152016,STL,C,1996-01-22,Mississauga,CAN,ON
8474145,Robert Bortuzzo,20152016,STL,D,1989-03-18,Thunder Bay,CAN,ON
8471817,Ryan Reaves,20152016,STL,R,1987-01-20,Winnipeg,CAN,MB
8467351,Scott Gomez,20152016,STL,C,1979-12-23,Anchorage,USA,AK
8470105,Scottie Upshall,20152016,STL,R,1983-10-07,Fort McMurray,CAN,AB
8468505,Steve Ott,20152016,STL,C,1982-08-19,Summerside,CAN,PE
8471426,Troy Brouwer,20152016,STL,R,1985-08-17,Vancouver,CAN,BC
8476427,Ty Rattie,20152016,STL,R,1993-02-05,Calgary,CAN,AB
8475765,Vladimir Tarasenko,20152016,STL,R,1991-12-13,Yaroslavl,RUS,NA
8473986,Alex Killorn,20152016,TBL,L,1989-09-14,Halifax,CAN,NS
8476883,Andrei Vasilevskiy,20152016,TBL,G,1994-07-25,Tyumen,RUS,NA
8477205,Andrej Sustr,20152016,TBL,D,1990-11-29,Plzen,CZE,NA
8471873,Anton Stralman,20152016,TBL,D,1986-08-01,Tibro,SWE,NA
8471750,Ben Bishop,20152016,TBL,G,1986-11-21,Denver,USA,CO
8470601,Braydon Coburn,20152016,TBL,D,1985-02-27,Shaunavon,CAN,SK
8470619,Brian Boyle,20152016,TBL,C,1984-12-18,Hingham,USA,MA
8476975,Cedric Paquette,20152016,TBL,C,1993-08-13,Gaspe,CAN,QC
8473588,Erik Condra,20152016,TBL,R,1986-08-06,Trenton,USA,MI
8476806,JT Brown,20152016,TBL,R,1990-07-02,Burnsville,USA,MN
8474520,Jason Garrison,20152016,TBL,D,1984-11-13,White Rock,CAN,BC
8477326,Joel Vermin,20152016,TBL,R,1992-02-05,Bern,CHE,NA
8477494,Jonathan Drouin,20152016,TBL,L,1995-03-28,Ste-Agathe,CAN,QC
8476539,Jonathan Marchessault,20152016,TBL,C,1990-12-27,Cap-Rouge,CAN,QC
8477356,Kristers Gudlevskis,20152016,TBL,G,1992-07-31,Aizkraukle,LVA,NA
8474722,Luke Witkowski,20152016,TBL,R,1990-04-14,Holland,USA,MI
8470640,Matt Carle,20152016,TBL,D,1984-09-25,Anchorage,USA,AK
8475060,Matt Taormina,20152016,TBL,D,1986-10-20,Warren,USA,MI
8471916,Mike Angelidis,20152016,TBL,L,1985-06-27,Woodbridge,CAN,ON
8471663,Mike Blunden,20152016,TBL,R,1986-12-15,Toronto,CAN,ON
8476453,Nikita Kucherov,20152016,TBL,R,1993-06-17,Maykop,RUS,NA
8476300,Nikita Nesterov,20152016,TBL,D,1993-03-28,Chelyabinsk,RUS,NA
8476292,Ondrej Palat,20152016,TBL,L,1991-03-28,Frydek-Mistek,CZE,NA
8471339,Ryan Callahan,20152016,TBL,R,1985-03-21,Rochester,USA,NY
8476886,Slater Koekkoek,20152016,TBL,D,1994-02-18,Winchester,CAN,ON
8474564,Steven Stamkos,20152016,TBL,C,1990-02-07,Markham,CAN,ON
8475775,Tye McGinn,20152016,TBL,L,1990-07-29,Fergus,CAN,ON
8474870,Tyler Johnson,20152016,TBL,C,1990-07-29,Spokane,USA,WA
8470047,Valtteri Filppula,20152016,TBL,C,1984-03-20,Vantaa,FIN,NA
8475167,Victor Hedman,20152016,TBL,D,1990-12-18,Ornskoldsvik,SWE,NA
8476480,Vladislav Namestnikov,20152016,TBL,C,1992-11-22,Zhukovskiy,RUS,NA
8476826,Yanni Gourde,20152016,TBL,C,1991-12-15,Saint-Narcisse,CAN,QC
8474638,Andrew Campbell,20152016,TOR,D,1988-02-04,Caledonia,CAN,ON
8474727,Ben Smith,20152016,TOR,R,1988-07-11,Winston-Salem,USA,NC
8468504,Brad Boyes,20152016,TOR,R,1982-04-17,Mississauga,CAN,ON
8476894,Brendan Leipsic,20152016,TOR,L,1994-05-19,Winnipeg,CAN,MB
8469639,Brooks Laich,20152016,TOR,C,1983-06-23,Wawota,CAN,SK
8475278,Byron Froese,20152016,TOR,C,1991-03-12,Winkler,CAN,MB
8471862,Colin Greening,20152016,TOR,C,1986-03-09,St. John's,CAN,NL
8477015,Connor Brown,20152016,TOR,R,1994-01-14,Toronto,CAN,ON
8476941,Connor Carrick,20152016,TOR,D,1994-04-13,Orland Park,USA,IL
8471476,Daniel Winnik,20152016,TOR,C,1985-03-06,Toronto,CAN,ON
8470602,Dion Phaneuf,20152016,TOR,D,1985-04-10,Edmonton,CAN,AB
8476302,Frank Corrado,20152016,TOR,D,1993-03-26,Toronto,CAN,ON
8477512,Frederik Gauthier,20152016,TOR,C,1995-04-26,Laval,CAN,QC
8476343,Garret Sparks,20152016,TOR,G,1993-06-28,Elmhurst,USA,IL
8474581,Jake Gardiner,20152016,TOR,D,1990-07-04,Minnetonka,USA,MN
8473503,James Reimer,20152016,TOR,G,1988-03-15,Morweena,CAN,MB
8474037,James van Riemsdyk,20152016,TOR,L,1989-05-04,Middletown,USA,NJ
8470207,Joffrey Lupul,20152016,TOR,L,1983-09-23,Fort Saskatchewan,CAN,AB
8473541,Jonathan Bernier,20152016,TOR,G,1988-08-07,Laval,CAN,QC
8476410,Josh Leivo,20152016,TOR,L,1993-05-26,Innisfil,CAN,ON
8477953,Kasperi Kapanen,20152016,TOR,R,1996-07-23,Kuopio,FIN,NA
8473463,Leo Komarov,20152016,TOR,C,1987-01-23,Narva,EST,NA
8476062,Mark Arcobello,20152016,TOR,R,1988-08-12,Milford,USA,CT
8475716,Martin Marincin,20152016,TOR,D,1992-02-18,Kosice,SVK,NA
8471436,Matt Hunwick,20152016,TOR,D,1985-05-21,Warren,USA,MI
8473546,Michael Grabner,20152016,TOR,R,1987-10-05,Villach,AUT,NA
8470599,Milan Michalek,20152016,TOR,L,1984-12-07,Jindrichuv Hradec,CZE,NA
8476853,Morgan Rielly,20152016,TOR,D,1994-03-09,Vancouver,CAN,BC
8475172,Nazem Kadri,20152016,TOR,C,1990-10-06,London,CAN,ON
8474096,Nick Spaling,20152016,TOR,C,1988-09-19,Palmerston,CAN,ON
8478373,Nikita Soshnikov,20152016,TOR,R,1993-10-14,Nizhny Tagil,RUS,NA
8469707,PA Parenteau,20152016,TOR,R,1983-03-24,Hull,CAN,QC
8475180,Peter Holland,20152016,TOR,C,1991-01-14,Toronto,CAN,ON
8471733,Rich Clune,20152016,TOR,L,1987-04-25,Toronto,CAN,ON
8477642,Rinat Valiev,20152016,TOR,D,1995-05-11,Nizhnekamsk,RUS,NA
8471392,Roman Polak,20152016,TOR,D,1986-04-28,Ostrava,CZE,NA
8475842,Sam Carrick,20152016,TOR,C,1992-02-04,Markham,CAN,ON
8476449,Scott Harrington,20152016,TOR,D,1993-03-10,Kingston,CAN,ON
8473574,Shawn Matthias,20152016,TOR,C,1988-02-19,Mississauga,CAN,ON
8476478,Stuart Percy,20152016,TOR,D,1993-05-18,Oakville,CAN,ON
8474113,TJ Brennan,20152016,TOR,D,1989-04-03,Willingboro,USA,NJ
8477427,Tobias Lindberg,20152016,TOR,R,1995-07-22,Stockholm,SWE,NA
8475098,Tyler Bozak,20152016,TOR,C,1986-03-19,Regina,CAN,SK
8477033,Viktor Loov,20152016,TOR,D,1992-11-16,Sodertalje,SWE,NA
8477939,William Nylander,20152016,TOR,R,1996-05-01,Calgary,CAN,AB
8475786,Zach Hyman,20152016,TOR,L,1992-06-09,Toronto,CAN,ON
8471490,Adam Cracknell,20152016,VAN,R,1985-07-15,Prince Albert,CAN,SK
8473415,Alex Biega,20152016,VAN,D,1988-04-04,Montréal,CAN,QC
8475836,Alex Friesen,20152016,VAN,C,1991-01-30,St. Catharines,CAN,ON
8471303,Alexander Edler,20152016,VAN,D,1986-04-21,Ostersund,SWE,NA
8470358,Alexandre Burrows,20152016,VAN,R,1981-04-11,Pincourt,CAN,QC
8476414,Alexandre Grenier,20152016,VAN,R,1991-09-05,Laval,CAN,QC
8476388,Andrey Pedan,20152016,VAN,D,1993-07-03,Kaunas,LTU,NA
8477018,Ben Hutton,20152016,VAN,D,1993-04-20,Brockville,CAN,ON
8477500,Bo Horvat,20152016,VAN,C,1995-04-05,London,CAN,ON
8471283,Brandon Prust,20152016,VAN,L,1984-03-16,London,CAN,ON
8474091,Brandon Sutter,20152016,VAN,C,1989-02-14,Huntington,USA,NY
8476867,Brendan Gaunce,20152016,VAN,C,1994-03-25,Sudbury,CAN,ON
8470274,Chris Higgins,20152016,VAN,L,1983-06-02,Smithtown,USA,NY
8475690,Chris Tanev,20152016,VAN,D,1989-12-20,Toronto,CAN,ON
8469465,Dan Hamhuis,20152016,VAN,D,1982-12-13,Smithers,CAN,BC
8467875,Daniel Sedin,20152016,VAN,L,1980-09-26,Ornskoldsvik,SWE,NA
8473432,Derek Dorsett,20152016,VAN,R,1986-12-20,Kindersley,CAN,SK
8475770,Emerson Etem,20152016,VAN,R,1992-06-16,Long Beach,USA,CA
8467876,Henrik Sedin,20152016,VAN,C,1980-09-26,Ornskoldsvik,SWE,NA
8477445,Hunter Shinkaruk,20152016,VAN,C,1994-10-13,Calgary,CAN,AB
8474593,Jacob Markstrom,20152016,VAN,G,1990-01-31,Gavle,SWE,NA
8477937,Jake Virtanen,20152016,VAN,R,1996-08-17,Langley,CAN,BC
8471498,Jannik Hansen,20152016,VAN,R,1986-03-15,Rødovre,DNK,NA
8477955,Jared McCann,20152016,VAN,C,1996-05-31,Stratford,CAN,ON
8475223,Linden Vey,20152016,VAN,R,1991-07-17,Wakaw,CAN,SK
8474579,Luca Sbisa,20152016,VAN,D,1990-01-30,Ozieri,ITA,NA
8476440,Markus Granlund,20152016,VAN,C,1993-04-16,Oulu,FIN,NA
8474749,Matt Bartkowski,20152016,VAN,D,1988-06-04,Pittsburgh,USA,PA
8477816,Michael Zalewski,20152016,VAN,L,1992-08-18,New Hartford,USA,NY
8477997,Nikita Tryamkin,20152016,VAN,D,1994-08-30,Yekaterinburg,RUS,NA
8468085,Radim Vrbata,20152016,VAN,R,1981-06-13,Mlada Boleslav,CZE,NA
8473614,Richard Bachman,20152016,VAN,G,1987-07-25,Salt Lake City,USA,UT
8477589,Ronalds Kenins,20152016,VAN,L,1991-02-28,Riga,LVA,NA
8468011,Ryan Miller,20152016,VAN,G,1980-07-17,East Lansing,USA,MI
8476466,Sven Baertschi,20152016,VAN,L,1992-10-05,Bern,CHE,NA
8476166,Taylor Fedun,20152016,VAN,D,1988-06-04,Edmonton,CAN,AB
8474134,Yannick Weber,20152016,VAN,D,1988-09-23,Morges,CHE,NA
8476392,Adam Lowry,20152016,WPG,C,1993-03-29,St. Louis,USA,MO
8471385,Adam Pardy,20152016,WPG,D,1984-03-29,Bonavista,CAN,NL
8475788,Alexander Burmistrov,20152016,WPG,C,1991-10-21,Kazan,RUS,NA
8477429,Andrew Copp,20152016,WPG,C,1994-07-08,Ann Arbor,USA,MI
8471217,Andrew Ladd,20152016,WPG,L,1985-12-12,Maple Ridge,CAN,BC
8474061,Anthony Peluso,20152016,WPG,R,1989-04-18,North York,CAN,ON
8475279,Ben Chiarot,20152016,WPG,D,1991-05-09,Hamilton,CAN,ON
8471218,Blake Wheeler,20152016,WPG,R,1986-08-31,Plymouth,USA,MN
8479293,Brandon Tanev,20152016,WPG,L,1991-12-31,Toronto,CAN,ON
8473412,Bryan Little,20152016,WPG,C,1987-11-12,Edmonton,CAN,AB
8478029,Chase De Leo,20152016,WPG,C,1995-10-25,La Mirada,USA,CA
8469501,Chris Thorburn,20152016,WPG,R,1983-06-03,Sault Ste. Marie,CAN,ON
8476945,Connor Hellebuyck,20152016,WPG,G,1993-05-19,Commerce,USA,MI
8471226,Drew Stafford,20152016,WPG,R,1985-10-30,Milwaukee,USA,WI
8470834,Dustin Byfuglien,20152016,WPG,D,1985-03-27,Roseau,USA,MN
8477076,JC Lipon,20152016,WPG,R,1993-07-10,Regina,CAN,SK
8476885,Jacob Trouba,20152016,WPG,D,1994-02-26,Rochester,USA,MI
8476469,Joel Armia,20152016,WPG,R,1993-05-31,Pori,FIN,NA
8477504,Josh Morrissey,20152016,WPG,D,1995-03-28,Calgary,CAN,AB
8475815,Julian Melchiori,20152016,WPG,D,1991-12-06,Richmond Hill,CAN,ON
8476460,Mark Scheifele,20152016,WPG,C,1993-03-15,Kitchener,CAN,ON
8470614,Mark Stuart,20152016,WPG,D,1984-04-27,Rochester,USA,MN
8477448,Marko Dano,20152016,WPG,C,1994-11-30,Eisenstadt,AUT,NA
8473618,Mathieu Perreault,20152016,WPG,L,1988-01-05,Drummondville,CAN,QC
8474094,Matt Halischuk,20152016,WPG,R,1988-06-01,Toronto,CAN,ON
8474636,Michael Hutchinson,20152016,WPG,G,1990-03-02,Barrie,CAN,ON
8477464,Nic Petan,20152016,WPG,L,1995-03-22,Delta,CAN,BC
8477940,Nikolaj Ehlers,20152016,WPG,L,1996-02-14,Aalborg,DNK,NA
8471715,Ondrej Pavelec,20152016,WPG,G,1987-08-31,Kladno,CZE,NA
8474616,Patrice Cormier,20152016,WPG,C,1990-06-14,Moncton,CAN,NB
8474074,Paul Postma,20152016,WPG,D,1989-02-22,Red Deer,CAN,AB
8476910,Scott Kosmachuk,20152016,WPG,R,1994-01-24,Richmond Hill,CAN,ON
8470828,Toby Enstrom,20152016,WPG,D,1984-11-05,Nordingra,SWE,NA
8474574,Tyler Myers,20152016,WPG,D,1990-02-01,Houston,USA,TX
8474604,Aaron Ness,20152016,WSH,D,1990-05-18,Roseau,USA,MN
8471214,Alex Ovechkin,20152016,WSH,L,1985-09-17,Moscow,RUS,NA
8477444,Andre Burakovsky,20152016,WSH,L,1995-02-09,Klagenfurt,AUT,NA
8474651,Braden Holtby,20152016,WSH,G,1989-09-16,Lloydminster,CAN,SK
8469639,Brooks Laich,20152016,WSH,C,1983-06-23,Wawota,CAN,SK
8468498,Brooks Orpik,20152016,WSH,D,1980-09-26,San Francisco,USA,CA
8476905,Chandler Stephenson,20152016,WSH,C,1994-04-22,Saskatoon,CAN,SK
8475161,Chris Brown,20152016,WSH,C,1991-02-03,Flower Mound,USA,TX
8476941,Connor Carrick,20152016,WSH,D,1994-04-13,Orland Park,USA,IL
8471476,Daniel Winnik,20152016,WSH,L,1985-03-06,Toronto,CAN,ON
8475200,Dmitry Orlov,20152016,WSH,D,1991-07-23,Novokuznetsk,RUS,NA
8475744,Evgeny Kuznetsov,20152016,WSH,C,1992-05-19,Chelyabinsk,RUS,NA
8466251,Jason Chimera,20152016,WSH,L,1979-05-02,Edmonton,CAN,AB
8474291,Jay Beagle,20152016,WSH,C,1985-10-16,Calgary,CAN,AB
8474590,John Carlson,20152016,WSH,D,1990-01-10,Natick,USA,MA
8468508,Justin Williams,20152016,WSH,R,1981-10-04,Cobourg,CAN,ON
8473991,Karl Alzner,20152016,WSH,D,1988-09-24,Burnaby,CAN,BC
8475149,Marcus Johansson,20152016,WSH,L,1990-10-06,Landskrona,SWE,NA
8471702,Matt Niskanen,20152016,WSH,D,1986-12-06,Virginia,USA,MN
8475247,Michael Latta,20152016,WSH,C,1991-05-25,Kitchener,CAN,ON
8470617,Mike Richards,20152016,WSH,C,1985-02-11,Kenora,CAN,ON
8473426,Mike Weber,20152016,WSH,D,1987-12-16,Pittsburgh,USA,PA
8477220,Nate Schmidt,20152016,WSH,D,1991-07-16,St. Cloud,USA,MN
8473563,Nicklas Backstrom,20152016,WSH,C,1987-11-23,Gavle,SWE,NA
8474008,Paul Carey,20152016,WSH,C,1988-09-24,Boston,USA,MA
8475831,Philipp Grubauer,20152016,WSH,G,1991-11-25,Rosenheim,DEU,NA
8475598,Ryan Stanton,20152016,WSH,D,1989-07-20,St. Albert,CAN,AB
8474744,Sean Collins,20152016,WSH,C,1988-12-29,Saskatoon,CAN,SK
8475816,Stanislav Galiev,20152016,WSH,R,1992-01-17,Moscow,RUS,NA
8471698,T.J. Oshie,20152016,WSH,R,1986-12-23,Everett,USA,WA
8471710,Taylor Chorney,20152016,WSH,D,1987-04-27,Thunder Bay,CAN,ON
8476880,Tom Wilson,20152016,WSH,R,1994-03-29,Toronto,CAN,ON
8475119,Zach Sill,20152016,WSH,C,1988-05-24,Truro,CAN,NS
8471699,Andrew Cogliano,20162017,ANA,L,1987-06-14,Toronto,CAN,ON
8468535,Antoine Vermette,20162017,ANA,C,1982-07-20,St. Agapit,CAN,QC
8477986,Brandon Montour,20162017,ANA,D,1994-04-11,Brantford,CAN,ON
8475764,Cam Fowler,20162017,ANA,D,1991-12-05,Windsor,CAN,ON
8475780,Chris Wagner,20162017,ANA,C,1991-05-27,Walpole,USA,MA
8470886,Clayton Stoner,20162017,ANA,D,1985-02-19,Port McNeill,CAN,BC
8470621,Corey Perry,20162017,ANA,R,1985-05-16,Peterborough,CAN,ON
8474130,Corey Tropp,20162017,ANA,R,1989-07-25,Grosse Pointe Woods,USA,MI
8474682,Dustin Tokarski,20162017,ANA,G,1989-09-16,Watson,CAN,SK
8475770,Emerson Etem,20162017,ANA,L,1992-06-16,Long Beach,USA,CA
8476854,Hampus Lindholm,20162017,ANA,D,1994-01-20,Helsingborg,SWE,NA
8478491,Jacob Larsson,20162017,ANA,D,1997-04-29,Ljungby,SWE,NA
8475164,Jakob Silfverberg,20162017,ANA,R,1990-10-13,Gavle,SWE,NA
8471766,Jared Boll,20162017,ANA,R,1986-05-13,Charlotte,USA,NC
8477034,Jaycob Megna,20162017,ANA,D,1992-12-10,Plantation,USA,FL
8476434,John Gibson,20162017,ANA,G,1993-07-14,Pittsburgh,USA,PA
8473541,Jonathan Bernier,20162017,ANA,G,1988-08-07,Laval,CAN,QC
8476390,Joseph Cramarossa,20162017,ANA,L,1992-10-26,Markham,CAN,ON
8476312,Josh Manson,20162017,ANA,D,1991-10-07,Hinsdale,USA,IL
8479290,Kalle Kossila,20162017,ANA,C,1993-04-14,Kauniainen,FIN,NA
8469598,Kevin Bieksa,20162017,ANA,D,1981-06-16,Grimsby,CAN,ON
8473560,Korbinian Holzer,20162017,ANA,D,1988-02-16,Munich,DEU,NA
8476400,Logan Shaw,20162017,ANA,C,1992-10-05,Glace Bay,CAN,NS
8471664,Mason Raymond,20162017,ANA,L,1985-09-17,Cochrane,CAN,AB
8475958,Michael Sgarbossa,20162017,ANA,C,1992-07-25,Campbellville,CAN,ON
8470775,Nate Thompson,20162017,ANA,C,1984-10-05,Anchorage,USA,AK
8477941,Nick Ritchie,20162017,ANA,L,1995-12-05,Orangeville,CAN,ON
8477466,Nick Sorensen,20162017,ANA,R,1994-10-23,Farevejle,DNK,NA
8476866,Nicolas Kerdiles,20162017,ANA,L,1994-01-11,Lewisville,USA,TX
8478131,Ondrej Kase,20162017,ANA,R,1995-11-08,Kadan,CZE,NA
8470622,Patrick Eaves,20162017,ANA,R,1984-05-01,Calgary,CAN,AB
8476483,Rickard Rakell,20162017,ANA,L,1993-05-05,Sundbyberg,SWE,NA
8476116,Ryan Garbutt,20162017,ANA,C,1985-08-12,Edmonton,CAN,AB
8470612,Ryan Getzlaf,20162017,ANA,C,1985-05-10,Regina,CAN,SK
8470616,Ryan Kesler,20162017,ANA,C,1984-08-31,Livonia,USA,MI
8475222,Sami Vatanen,20162017,ANA,D,1991-06-03,Jyväskylä,FIN,NA
8477447,Shea Theodore,20162017,ANA,D,1995-08-03,Aldergrove,CAN,BC
8475155,Simon Despres,20162017,ANA,D,1991-07-27,Laval,CAN,QC
8476474,Stefan Noesen,20162017,ANA,R,1993-02-12,Plano,USA,TX
8471274,Alex Goligoski,20162017,ARI,D,1985-07-30,Grand Rapids,USA,MN
8475788,Alexander Burmistrov,20162017,ARI,C,1991-10-21,Kazan,RUS,NA
8477407,Anthony Duclair,20162017,ARI,L,1995-08-26,Pointe-Claire,CAN,QC
8470755,Brad Richardson,20162017,ARI,C,1985-02-04,Belleville,CAN,ON
8477943,Brendan Perlini,20162017,ARI,L,1996-04-27,Guildford,GBR,NA
8477989,Christian Dvorak,20162017,ARI,C,1996-02-02,Palos,USA,IL
8478432,Christian Fischer,20162017,ARI,R,1997-04-15,Chicago,USA,IL
8479343,Clayton Keller,20162017,ARI,R,1998-07-29,Chesterfield,USA,MO
8476473,Connor Murphy,20162017,ARI,D,1993-03-26,Dublin,USA,OH
8478440,Dylan Strome,20162017,ARI,C,1997-03-07,Mississauga,CAN,ON
8479345,Jakob Chychrun,20162017,ARI,D,1998-03-31,Boca Raton,USA,FL
8473571,Jamie McBain,20162017,ARI,D,1988-02-25,Edina,USA,MN
8473465,Jamie McGinn,20162017,ARI,L,1988-08-05,Fergus,CAN,ON
8476921,Jordan Martinook,20162017,ARI,L,1992-07-25,Brandon,CAN,MB
8477591,Josh Jooris,20162017,ARI,R,1990-07-14,Burlington,CAN,ON
8471251,Justin Peters,20162017,ARI,G,1986-08-30,Blyth,CAN,ON
8475246,Kevin Connauton,20162017,ARI,D,1990-02-23,Edmonton,CAN,AB
8477460,Laurent Dauphin,20162017,ARI,C,1995-03-27,Repentigny,CAN,QC
8478474,Lawson Crouse,20162017,ARI,L,1997-06-23,Mt. Brydges,CAN,ON
8475839,Louis Domingue,20162017,ARI,G,1992-03-06,St-Hyacinthe,CAN,QC
8474568,Luke Schenn,20162017,ARI,D,1989-11-02,Saskatoon,CAN,SK
8476986,Marek Langhamer,20162017,ARI,G,1994-07-22,Moravska Trebova,CZE,NA
8471691,Martin Hanzal,20162017,ARI,C,1987-02-20,Pisek,CZE,NA
8477503,Max Domi,20162017,ARI,L,1995-03-02,Winnipeg,CAN,MB
8474628,Michael Stone,20162017,ARI,D,1990-06-07,Winnipeg,CAN,MB
8469608,Mike Smith,20162017,ARI,G,1982-03-22,Kingston,CAN,ON
8475171,Oliver Ekman-Larsson,20162017,ARI,D,1991-07-17,Karlskrona,SWE,NA
8475180,Peter Holland,20162017,ARI,C,1991-01-14,Toronto,CAN,ON
8468085,Radim Vrbata,20162017,ARI,R,1981-06-13,Mlada Boleslav,CZE,NA
8473466,Ryan White,20162017,ARI,C,1988-03-17,Brandon,CAN,MB
8462038,Shane Doan,20162017,ARI,R,1976-10-10,Halkirk,CAN,AB
8475800,Teemu Pulkkinen,20162017,ARI,L,1992-01-02,Vantaa,FIN,NA
8476356,Tobias Rieder,20162017,ARI,R,1993-01-10,Landshut,DEU,NA
8477950,Tony DeAngelo,20162017,ARI,D,1995-10-24,Sewell,USA,NJ
8477715,Tyler Gaudet,20162017,ARI,C,1993-04-04,Hamilton,CAN,ON
8469760,Zbynek Michalek,20162017,ARI,D,1982-12-23,Jindrichuv Hradec,CZE,NA
8471717,Adam McQuaid,20162017,BOS,D,1986-10-12,Charlottetown,CAN,PE
8477320,Anton Blidh,20162017,BOS,L,1995-03-14,Molnlycke,SWE,NA
8471418,Anton Khudobin,20162017,BOS,G,1986-05-07,Ust-Kamenogorsk,KAZ,NA
8478512,Austin Czarnik,20162017,BOS,C,1992-12-12,Detroit,USA,MI
8473419,Brad Marchand,20162017,BOS,L,1988-05-11,Halifax,CAN,NS
8478443,Brandon Carlo,20162017,BOS,D,1996-11-26,Colorado Springs,USA,CO
8479325,Charlie McAvoy,20162017,BOS,D,1997-12-21,Long Beach,USA,NY
8476525,Colin Miller,20162017,BOS,D,1992-10-29,Sault Ste. Marie,CAN,ON
8478046,Danton Heinen,20162017,BOS,C,1995-07-05,Langley,CAN,BC
8470655,David Backes,20162017,BOS,R,1984-05-01,Minneapolis,USA,MN
8471276,David Krejci,20162017,BOS,C,1986-04-28,Sternberk,CZE,NA
8477956,David Pastrnak,20162017,BOS,R,1996-05-25,Havirov,CZE,NA
8468575,Dominic Moore,20162017,BOS,C,1980-08-03,Thornhill,CAN,ON
8471226,Drew Stafford,20162017,BOS,R,1985-10-30,Milwaukee,USA,WI
8478366,Frank Vatrano,20162017,BOS,C,1994-03-14,East Longmeadow,USA,MA
8478417,Jakob Forsbacka Karlsson,20162017,BOS,C,1996-10-31,Stockholm,SWE,NA
8474625,Jimmy Hayes,20162017,BOS,R,1989-11-21,Dorchester,USA,MA
8476476,Joe Morrow,20162017,BOS,D,1992-12-09,Edmonton,CAN,AB
8468639,John-Michael Liles,20162017,BOS,D,1980-11-25,Indianapolis,USA,IN
8476191,Kevan Miller,20162017,BOS,D,1987-11-15,Los Angeles,USA,CA
8476876,Malcolm Subban,20162017,BOS,G,1993-12-21,Toronto,CAN,ON
8473492,Matt Beleskey,20162017,BOS,L,1988-06-07,Windsor,CAN,ON
8476891,Matt Grzelcyk,20162017,BOS,D,1994-01-05,Charlestown,USA,MA
8478569,Noel Acciari,20162017,BOS,C,1991-12-01,Johnston,USA,RI
8470638,Patrice Bergeron,20162017,BOS,C,1985-07-24,L'Ancienne-Lorette,CAN,QC
8477417,Peter Cehlarik,20162017,BOS,L,1995-08-02,Zilina,SVK,NA
8474062,Riley Nash,20162017,BOS,C,1989-05-09,Consort,CAN,AB
8476303,Rob O'Gara,20162017,BOS,D,1993-07-06,Massapequa,USA,NY
8475727,Ryan Spooner,20162017,BOS,C,1992-01-30,Ottawa,CAN,ON
8476374,Sean Kuraly,20162017,BOS,C,1993-01-20,Niagara Falls,USA,NY
8477213,Tim Schaller,20162017,BOS,C,1990-11-16,Merrimack,USA,NH
8474019,Tommy Cross,20162017,BOS,D,1989-09-12,Hartford,USA,CT
8476792,Torey Krug,20162017,BOS,D,1991-04-12,Livonia,USA,MI
8471695,Tuukka Rask,20162017,BOS,G,1987-03-10,Savonlinna,FIN,NA
8475876,Zane McIntyre,20162017,BOS,G,1992-08-20,Grand Forks,USA,ND
8465009,Zdeno Chara,20162017,BOS,D,1977-03-18,Trencin,SVK,NA
8479423,Alex Nylander,20162017,BUF,R,1998-03-02,Calgary,CAN,AB
8475195,Anders Nilsson,20162017,BUF,G,1990-03-19,Lulea,SWE,NA
8477041,Brady Austin,20162017,BUF,D,1993-06-16,Bobcaygeon,CAN,ON
8478425,Brendan Guhle,20162017,BUF,D,1997-07-29,Edmonton,CAN,AB
8467407,Brian Gionta,20162017,BUF,R,1979-01-18,Rochester,USA,NY
8480083,C.J. Smith,20162017,BUF,L,1994-12-01,Des Moines,USA,IA
8471811,Cal O'Reilly,20162017,BUF,C,1986-09-30,Toronto,CAN,ON
8479268,Casey Nelson,20162017,BUF,D,1992-07-18,Wisconsin Rapids,USA,WI
8471742,Cody Franson,20162017,BUF,D,1987-08-08,Sicamous,CAN,BC
8476766,Cole Schneider,20162017,BUF,L,1990-08-26,Williamsville,USA,NY
8474683,Derek Grant,20162017,BUF,C,1990-04-20,Abbotsford,CAN,BC
8475179,Dmitry Kulikov,20162017,BUF,D,1990-10-29,Lipetsk,RUS,NA
8475982,Erik Burgdoerfer,20162017,BUF,D,1988-12-11,Abington,USA,PA
8478542,Evan Rodrigues,20162017,BUF,L,1993-07-28,Toronto,CAN,ON
8475169,Evander Kane,20162017,BUF,L,1991-08-02,Vancouver,CAN,BC
8477392,Hudson Fasching,20162017,BUF,R,1995-07-28,Apple Valley,USA,MN
8478403,Jack Eichel,20162017,BUF,C,1996-10-28,North Chelmsford,USA,MA
8476931,Jake McCabe,20162017,BUF,D,1993-10-12,Eau Claire,USA,WI
8475728,Johan Larsson,20162017,BUF,C,1992-07-25,Lau,SWE,NA
8470324,Josh Gorges,20162017,BUF,D,1984-08-14,Kelowna,CAN,BC
8477473,Justin Bailey,20162017,BUF,R,1995-07-01,Buffalo,USA,NY
8473992,Justin Falk,20162017,BUF,D,1988-10-11,Snowflake,CAN,MB
8473449,Kyle Okposo,20162017,BUF,R,1988-04-16,St. Paul,USA,MN
8476999,Linus Ullmark,20162017,BUF,G,1993-07-31,Lugnvik,SWE,NA
8475220,Marcus Foligno,20162017,BUF,L,1991-08-10,Buffalo,USA,NY
8470852,Matt Moulson,20162017,BUF,L,1983-11-01,North York,CAN,ON
8477491,Nick Baptiste,20162017,BUF,R,1995-08-04,Ottawa,CAN,ON
8475235,Nicolas Deslauriers,20162017,BUF,L,1991-02-22,LaSalle,CAN,QC
8477499,Rasmus Ristolainen,20162017,BUF,D,1994-10-27,Turku,FIN,NA
8475215,Robin Lehner,20162017,BUF,G,1991-07-24,Gothenburg,SWE,NA
8475158,Ryan O'Reilly,20162017,BUF,C,1991-02-07,Clinton,CAN,ON
8477933,Sam Reinhart,20162017,BUF,R,1995-11-06,West Vancouver,CAN,BC
8477391,Sean Malone,20162017,BUF,C,1995-04-30,Buffalo,USA,NY
8476166,Taylor Fedun,20162017,BUF,D,1988-06-04,Edmonton,CAN,AB
8474589,Tyler Ennis,20162017,BUF,L,1989-10-06,Edmonton,CAN,AB
8477478,William Carrier,20162017,BUF,L,1994-12-20,LaSalle,CAN,QC
8474567,Zach Bogosian,20162017,BUF,D,1990-07-15,Massena,USA,NY
8476878,Zemgus Girgensons,20162017,BUF,L,1994-01-05,Riga,LVA,NA
8477968,Alex Nedeljkovic,20162017,CAR,G,1996-01-07,Parma,USA,OH
8475250,Andrej Nestrasil,20162017,CAR,C,1991-02-22,Prague,CZE,NA
8479249,Andrew Poturalski,20162017,CAR,C,1994-01-14,Williamsville,USA,NY
8477488,Brett Pesce,20162017,CAR,D,1994-11-15,Tarrytown,USA,NY
8476934,Brock McGinn,20162017,CAR,L,1994-02-02,Fergus,CAN,ON
8471254,Bryan Bickell,20162017,CAR,L,1986-03-09,Bowmanville,CAN,ON
8470320,Cam Ward,20162017,CAR,G,1984-02-29,Saskatoon,CAN,SK
8478585,Derek Ryan,20162017,CAR,C,1986-12-29,Spokane,USA,WA
8475663,Eddie Lack,20162017,CAR,G,1988-01-05,Norrtalje,SWE,NA
8477496,Elias Lindholm,20162017,CAR,C,1994-12-02,Boden,SWE,NA
8476958,Jaccob Slavin,20162017,CAR,D,1994-05-01,Denver,USA,CO
8478562,Jakub Nakladal,20162017,CAR,D,1987-12-30,Hradec Kralove,CZE,NA
8469508,Jay McClement,20162017,CAR,C,1983-03-02,Kingston,CAN,ON
8475784,Jeff Skinner,20162017,CAR,L,1992-05-16,Toronto,CAN,ON
8475807,Joakim Nordstrom,20162017,CAR,L,1992-02-25,Stockholm,SWE,NA
8473533,Jordan Staal,20162017,CAR,C,1988-09-10,Thunder Bay,CAN,ON
8479115,Jorge Alves,20162017,CAR,G,1979-01-30,Boston,USA,MA
8475753,Justin Faulk,20162017,CAR,D,1992-03-20,South St. Paul,USA,MN
8476403,Klas Dahlbeck,20162017,CAR,D,1991-07-06,Katrineholm,SWE,NA
8470740,Lee Stempniak,20162017,CAR,R,1983-02-04,West Seneca,USA,NY
8478027,Lucas Wallmark,20162017,CAR,C,1995-09-05,Umea,SWE,NA
8476924,Martin Frk,20162017,CAR,R,1993-10-05,Pelhrimov,CZE,NA
8476807,Matt Tennyson,20162017,CAR,D,1990-04-23,Minneapolis,USA,MN
8468038,Michael Leighton,20162017,CAR,G,1981-05-19,Petrolia,CAN,ON
8478396,Noah Hanifin,20162017,CAR,D,1997-01-25,Boston,USA,MA
8477887,Patrick Brown,20162017,CAR,C,1992-05-29,Bloomfield Hills,USA,MI
8476858,Phillip Di Giuseppe,20162017,CAR,L,1993-10-09,Toronto,CAN,ON
8468493,Ron Hainsey,20162017,CAR,D,1981-03-24,Bolton,USA,CT
8476465,Ryan Murphy,20162017,CAR,D,1993-03-31,Aurora,CAN,ON
8478427,Sebastian Aho,20162017,CAR,C,1997-07-26,Rauma,FIN,NA
8477566,Sergey Tolchinsky,20162017,CAR,L,1995-02-03,Moscow,RUS,NA
8476882,Teuvo Teravainen,20162017,CAR,L,1994-09-11,Helsinki,FIN,NA
8476427,Ty Rattie,20162017,CAR,R,1993-02-05,Calgary,CAN,AB
8477458,Valentin Zykov,20162017,CAR,R,1995-05-15,St. Petersburg,RUS,NA
8476437,Victor Rask,20162017,CAR,C,1993-03-01,Leksand,SWE,NA
8473537,Viktor Stalberg,20162017,CAR,L,1986-01-17,Gothenburg,SWE,NA
8477505,Alexander Wennberg,20162017,CBJ,C,1994-09-22,Stockholm,SWE,NA
8476341,Anton Forsberg,20162017,CBJ,G,1992-11-27,Härnösand,SWE,NA
8476432,Boone Jenner,20162017,CBJ,C,1993-06-15,Dorchester,CAN,ON
8471273,Brandon Dubinsky,20162017,CBJ,C,1986-04-29,Anchorage,USA,AK
8476438,Brandon Saad,20162017,CBJ,L,1992-10-27,Pittsburgh,USA,PA
8474715,Cam Atkinson,20162017,CBJ,R,1989-06-05,Riverside,USA,CT
8470147,Curtis McElhinney,20162017,CBJ,G,1983-05-23,London,CAN,ON
8474774,Dalton Prout,20162017,CBJ,D,1990-03-13,Kingsville,CAN,ON
8475233,David Savard,20162017,CBJ,D,1990-10-22,St-Hyacinthe,CAN,QC
8478506,Gabriel Carlsson,20162017,CBJ,D,1997-01-02,Orebro,SWE,NA
8471677,Jack Johnson,20162017,CBJ,D,1987-01-13,Indianapolis,USA,IN
8476914,Joonas Korpisalo,20162017,CBJ,G,1994-04-28,Pori,FIN,NA
8476981,Josh Anderson,20162017,CBJ,R,1994-05-07,Burlington,CAN,ON
8470724,Kyle Quincey,20162017,CBJ,D,1985-08-12,Kitchener,CAN,ON
8471232,Lauri Korpikoski,20162017,CBJ,L,1986-07-28,Turku,FIN,NA
8476310,Lukas Sedlak,20162017,CBJ,C,1993-02-25,České Budějovice,CZE,NA
8478541,Markus Hannikainen,20162017,CBJ,L,1993-03-26,Helsinki,FIN,NA
8478906,Markus Nutivaara,20162017,CBJ,D,1994-06-06,Oulu,FIN,NA
8474685,Matt Calvert,20162017,CBJ,L,1989-12-24,Brandon,CAN,MB
8473422,Nick Foligno,20162017,CBJ,L,1987-10-31,Buffalo,USA,NY
8477416,Oliver Bjorkstrand,20162017,CBJ,R,1995-04-10,Herning,DNK,NA
8476850,Ryan Murray,20162017,CBJ,D,1993-09-27,Regina,CAN,SK
8474040,Sam Gagner,20162017,CBJ,C,1989-08-10,London,CAN,ON
8476449,Scott Harrington,20162017,CBJ,D,1993-03-10,Kingston,CAN,ON
8468486,Scott Hartnell,20162017,CBJ,L,1982-04-18,Regina,CAN,SK
8475683,Sergei Bobrovsky,20162017,CBJ,G,1988-09-20,Novokuznetsk,RUS,NA
8477495,Seth Jones,20162017,CBJ,D,1994-10-03,Arlington,USA,TX
8477947,Sonny Milano,20162017,CBJ,L,1996-05-12,Massapequa,USA,NY
8476391,T.J. Tynan,20162017,CBJ,C,1992-02-25,Orland Park,USA,IL
8476448,William Karlsson,20162017,CBJ,C,1993-01-08,Marsta,SWE,NA
8478460,Zach Werenski,20162017,CBJ,D,1997-07-19,Grosse Pointe,USA,MI
8475163,Alex Chiasson,20162017,CGY,R,1990-10-01,Montréal,CAN,QC
8476967,Brett Kulak,20162017,CGY,D,1994-01-06,Edmonton,CAN,AB
8470880,Brian Elliott,20162017,CGY,G,1985-04-09,Newmarket,CAN,ON
8473434,Chad Johnson,20162017,CGY,G,1986-06-10,Saskatoon,CAN,SK
8477508,Curtis Lazar,20162017,CGY,C,1995-02-02,Salmon Arm,CAN,BC
8479496,David Rittich,20162017,CGY,G,1992-08-19,Jihlava,CZE,NA
8469770,Dennis Wideman,20162017,CGY,D,1983-03-20,Kitchener,CAN,ON
8468674,Deryk Engelland,20162017,CGY,D,1982-04-03,Edmonton,CAN,AB
8476462,Dougie Hamilton,20162017,CGY,D,1993-06-17,Toronto,CAN,ON
8475878,Freddie Hamilton,20162017,CGY,C,1992-01-01,Toronto,CAN,ON
8477903,Garnet Hathaway,20162017,CGY,R,1991-11-23,Naples,USA,FL
8477445,Hunter Shinkaruk,20162017,CGY,C,1994-10-13,Calgary,CAN,AB
8476346,Johnny Gaudreau,20162017,CGY,L,1993-08-13,Salem,USA,NJ
8476903,Jon Gillies,20162017,CGY,G,1994-01-22,Concord,USA,NH
8476279,Jyrki Jokipakka,20162017,CGY,D,1991-08-20,Tampere,FIN,NA
8471346,Kris Versteeg,20162017,CGY,R,1986-05-13,Lethbridge,CAN,AB
8474642,Lance Bouma,20162017,CGY,C,1990-03-25,Provost,CAN,AB
8475223,Linden Vey,20162017,CGY,R,1991-07-17,Wakaw,CAN,SK
8470966,Mark Giordano,20162017,CGY,D,1983-10-03,Toronto,CAN,ON
8476873,Mark Jankowski,20162017,CGY,C,1994-09-13,Hamilton,CAN,ON
8474749,Matt Bartkowski,20162017,CGY,D,1988-06-04,Pittsburgh,USA,PA
8470162,Matt Stajan,20162017,CGY,C,1983-12-19,Mississauga,CAN,ON
8479314,Matthew Tkachuk,20162017,CGY,L,1997-12-11,Scottsdale,USA,AZ
8473564,Michael Frolik,20162017,CGY,R,1988-02-17,Kladno,CZE,NA
8474628,Michael Stone,20162017,CGY,D,1990-06-07,Winnipeg,CAN,MB
8475907,Micheal Ferland,20162017,CGY,L,1992-04-20,Swan River,CAN,MB
8474150,Mikael Backlund,20162017,CGY,C,1989-03-17,Vasteras,SWE,NA
8471269,Nicklas Grossmann,20162017,CGY,D,1985-01-22,Stockholm,SWE,NA
8478397,Rasmus Andersson,20162017,CGY,D,1996-10-27,Malmo,SWE,NA
8477935,Sam Bennett,20162017,CGY,C,1996-06-20,Holland Landing,CAN,ON
8477497,Sean Monahan,20162017,CGY,C,1994-10-12,Brampton,CAN,ON
8474673,TJ Brodie,20162017,CGY,D,1990-06-07,Chatham,CAN,ON
8471426,Troy Brouwer,20162017,CGY,R,1985-08-17,Vancouver,CAN,BC
8476452,Tyler Wotherspoon,20162017,CGY,D,1993-03-12,Burnaby,CAN,BC
8471956,Andrew Desjardins,20162017,CHI,L,1986-07-27,Lively,CAN,ON
8473573,Artem Anisimov,20162017,CHI,C,1988-05-24,Yaroslavl,RUS,NA
8478550,Artemi Panarin,20162017,CHI,L,1991-10-30,Korkino,RUS,NA
8470607,Brent Seabrook,20162017,CHI,D,1985-04-20,Richmond,CAN,BC
8466285,Brian Campbell,20162017,CHI,D,1979-05-23,Strathroy,CAN,ON
8470645,Corey Crawford,20162017,CHI,G,1984-12-31,Montréal,CAN,QC
8477929,Dennis Rasmussen,20162017,CHI,C,1990-07-03,Vasteras,SWE,NA
8470281,Duncan Keith,20162017,CHI,D,1983-07-16,Winnipeg,CAN,MB
8478055,Gustav Forsling,20162017,CHI,D,1996-06-12,Linkoping,SWE,NA
8477401,John Hayden,20162017,CHI,R,1995-02-14,Chicago,USA,IL
8469665,Johnny Oduya,20162017,CHI,D,1981-10-01,Stockholm,SWE,NA
8473604,Jonathan Toews,20162017,CHI,C,1988-04-29,Winnipeg,CAN,MB
8469547,Jordin Tootoo,20162017,CHI,R,1983-02-02,Churchill,CAN,MB
8475323,Marcus Kruger,20162017,CHI,C,1990-05-27,Stockholm,SWE,NA
8466148,Marian Hossa,20162017,CHI,R,1979-01-12,Stará Lubovna,SVK,NA
8479482,Michal Kempny,20162017,CHI,D,1990-09-08,Hodonin,CZE,NA
8465058,Michal Rozsival,20162017,CHI,D,1978-09-03,Vlasim,CZE,NA
8477951,Nick Schmaltz,20162017,CHI,C,1996-02-23,Madison,USA,WI
8471769,Niklas Hjalmarsson,20162017,CHI,D,1987-06-06,Eksjo,SWE,NA
8474141,Patrick Kane,20162017,CHI,R,1988-11-19,Buffalo,USA,NY
8475209,Richard Panik,20162017,CHI,R,1991-02-07,Martin,SVK,NA
8477451,Ryan Hartman,20162017,CHI,L,1994-09-20,Hilton Head Island,USA,SC
8474152,Scott Darling,20162017,CHI,G,1988-12-22,Newport News,USA,VA
8476805,Spencer Abbott,20162017,CHI,L,1988-04-30,Hamilton,CAN,ON
8478528,Tanner Kero,20162017,CHI,C,1992-07-24,Hancock,USA,MI
8476430,Tomas Jurco,20162017,CHI,L,1992-12-28,Kosice,SVK,NA
8477845,Trevor van Riemsdyk,20162017,CHI,D,1991-07-24,Middletown,USA,NJ
8477353,Tyler Motte,20162017,CHI,L,1995-03-10,St. Clair,USA,MI
8476994,Vinnie Hinostroza,20162017,CHI,L,1994-04-03,Chicago,USA,IL
8478421,A.J. Greer,20162017,COL,L,1996-12-14,Joliette,CAN,QC
8478561,Andreas Martinsen,20162017,COL,L,1990-06-13,Bærum,NOR,NA
8478073,Anton Lindholm,20162017,COL,D,1994-11-29,Skelleftea,SWE,NA
8474727,Ben Smith,20162017,COL,R,1988-07-11,Winston-Salem,USA,NC
8471260,Blake Comeau,20162017,COL,L,1986-02-18,Meadow Lake,CAN,SK
8475717,Calvin Pickard,20162017,COL,G,1992-04-15,Moncton,CAN,NB
8471262,Carl Soderberg,20162017,COL,C,1985-10-12,Malmo,SWE,NA
8474597,Cody Goloubef,20162017,COL,D,1989-11-30,Mississauga,CAN,ON
8471657,Cody McLeod,20162017,COL,L,1984-06-26,Binscarth,CAN,MB
8476464,Duncan Siemens,20162017,COL,D,1993-09-07,Edmonton,CAN,AB
8475199,Eric Gelinas,20162017,COL,D,1991-05-08,Vanier,CAN,ON
8473446,Erik Johnson,20162017,COL,D,1988-03-21,Bloomington,USA,MN
8469492,Fedor Tyutin,20162017,COL,D,1983-07-19,Izhevsk,RUS,NA
8467400,Francois Beauchemin,20162017,COL,D,1980-06-04,Sorel,CAN,QC
8475268,Gabriel Bourque,20162017,COL,L,1990-09-23,Rimouski,CAN,QC
8476455,Gabriel Landeskog,20162017,COL,L,1992-11-23,Stockholm,SWE,NA
8477456,J.T. Compher,20162017,COL,C,1995-04-08,Northbrook,USA,IL
8462042,Jarome Iginla,20162017,COL,R,1977-07-01,Edmonton,CAN,AB
8474092,Jeremy Smith,20162017,COL,G,1989-04-13,Dearborn,USA,MI
8474577,Joe Colborne,20162017,COL,C,1990-01-30,Calgary,CAN,AB
8470750,John Mitchell,20162017,COL,C,1985-01-22,Oakville,CAN,ON
8474717,Mark Barberio,20162017,COL,D,1990-03-23,Montréal,CAN,QC
8475168,Matt Duchene,20162017,COL,C,1991-01-16,Haliburton,CAN,ON
8476442,Matt Nieto,20162017,COL,L,1992-11-05,Long Beach,USA,CA
8476888,Mikhail Grigorenko,20162017,COL,C,1994-05-16,Khabarovsk,RUS,NA
8478420,Mikko Rantanen,20162017,COL,R,1996-10-29,Nousiainen,FIN,NA
8477492,Nathan MacKinnon,20162017,COL,C,1995-09-01,Halifax,CAN,NS
8477507,Nikita Zadorov,20162017,COL,D,1995-04-16,Moscow,RUS,NA
8474605,Patrick Wiercioch,20162017,COL,D,1990-09-12,Burnaby,CAN,BC
8471504,Rene Bourque,20162017,COL,R,1981-12-10,Lac La Biche,CAN,AB
8476428,Rocco Grimaldi,20162017,COL,C,1993-02-08,Anaheim,USA,CA
8476511,Samuel Henley,20162017,COL,C,1993-07-25,Val-d'Or,CAN,QC
8473575,Semyon Varlamov,20162017,COL,G,1988-04-27,Samara,RUS,NA
8477484,Spencer Martin,20162017,COL,G,1995-06-08,Oakville,CAN,ON
8477413,Sven Andrighetto,20162017,COL,R,1993-03-21,Zurich,CHE,NA
8475197,Tyson Barrie,20162017,COL,D,1991-07-26,Victoria,CAN,BC
8479370,Tyson Jost,20162017,COL,C,1998-03-14,St. Albert,CAN,AB
8471490,Adam Cracknell,20162017,DAL,R,1985-07-15,Prince Albert,CAN,SK
8469466,Ales Hemsky,20162017,DAL,R,1983-08-13,Pardubice,CZE,NA
8474849,Antoine Roussel,20162017,DAL,L,1989-11-21,Roubaix,FRA,NA
8474550,Antti Niemi,20162017,DAL,G,1983-08-29,Vantaa,FIN,NA
8476439,Brett Ritchie,20162017,DAL,R,1993-07-01,Orangeville,CAN,ON
8475236,Cody Eakin,20162017,DAL,C,1991-05-24,Winnipeg,CAN,MB
8475310,Curtis McKenzie,20162017,DAL,L,1991-02-22,Golden,CAN,BC
8469465,Dan Hamhuis,20162017,DAL,D,1982-12-13,Smithers,CAN,BC
8478495,Denis Gurianov,20162017,DAL,R,1997-06-07,Togliatti,RUS,NA
8476913,Devin Shore,20162017,DAL,C,1994-07-19,Ajax,CAN,ON
8476902,Esa Lindell,20162017,DAL,D,1994-05-23,Vantaa,FIN,NA
8476966,Gemel Smith,20162017,DAL,C,1994-04-16,Toronto,CAN,ON
8474688,Greg Pateryn,20162017,DAL,D,1990-06-20,Sterling Heights,USA,MI
8473994,Jamie Benn,20162017,DAL,L,1989-07-18,Victoria,CAN,BC
8476467,Jamie Oleksiak,20162017,DAL,D,1992-12-21,Toronto,CAN,ON
8477450,Jason Dickinson,20162017,DAL,C,1995-07-04,Georgetown,CAN,ON
8469455,Jason Spezza,20162017,DAL,C,1983-06-13,Toronto,CAN,ON
8470201,Jiri Hudler,20162017,DAL,R,1984-01-04,Olomouc,CZE,NA
8475906,John Klingberg,20162017,DAL,D,1992-08-14,Gothenburg,SWE,NA
8469665,Johnny Oduya,20162017,DAL,D,1981-10-01,Stockholm,SWE,NA
8474818,Jordie Benn,20162017,DAL,D,1987-07-26,Victoria,CAN,BC
8477945,Julius Honka,20162017,DAL,D,1995-12-03,Jyväskylä,FIN,NA
8475413,Justin Dowling,20162017,DAL,C,1990-10-01,Calgary,CAN,AB
8470140,Kari Lehtonen,20162017,DAL,G,1983-11-16,Helsinki,FIN,NA
8471232,Lauri Korpikoski,20162017,DAL,L,1986-07-28,Turku,FIN,NA
8476471,Mark McNeill,20162017,DAL,C,1993-02-22,Langley,CAN,BC
8470622,Patrick Eaves,20162017,DAL,R,1984-05-01,Calgary,CAN,AB
8469544,Patrick Sharp,20162017,DAL,L,1981-12-27,Winnipeg,CAN,MB
8475747,Patrik Nemeth,20162017,DAL,D,1992-02-08,Stockholm,SWE,NA
8476889,Radek Faksa,20162017,DAL,C,1994-01-09,Vitkov,CZE,NA
8477461,Remi Elie,20162017,DAL,L,1995-04-16,Cornwall,CAN,ON
8475730,Stephen Johns,20162017,DAL,D,1992-04-18,Ellwood City,USA,PA
8475794,Tyler Seguin,20162017,DAL,C,1992-01-31,Brampton,CAN,ON
8476289,Alexey Marchenko,20162017,DET,D,1992-01-02,Moscow,RUS,NA
8476960,Andreas Athanasiou,20162017,DET,L,1994-08-06,Woodbridge,CAN,ON
8477511,Anthony Mantha,20162017,DET,R,1994-09-16,Longueuil,CAN,QC
8476043,Ben Street,20162017,DET,C,1987-02-13,Coquitlam,CAN,BC
8474090,Brendan Smith,20162017,DET,D,1989-02-08,Mimico,CAN,ON
8474873,Brian Lashoff,20162017,DET,D,1990-07-16,Albany,USA,NY
8479252,Dan Renouf,20162017,DET,D,1994-06-01,Pickering,CAN,ON
8477215,Danny DeKeyser,20162017,DET,D,1990-03-07,Detroit,USA,MI
8471794,Darren Helm,20162017,DET,L,1987-01-21,St. Andrews,CAN,MB
8470778,Drew Miller,20162017,DET,L,1984-02-17,Dover,USA,NJ
8477946,Dylan Larkin,20162017,DET,C,1996-07-30,Waterford,USA,MI
8478431,Evgeny Svechnikov,20162017,DET,R,1996-10-31,Yuzhno-Sakhalinsk,RUS,NA
8470144,Frans Nielsen,20162017,DET,C,1984-04-24,Herning,DNK,NA
8474679,Gustav Nyquist,20162017,DET,R,1989-09-01,Halmstad,SWE,NA
8468083,Henrik Zetterberg,20162017,DET,C,1980-10-09,Njurunda,SWE,NA
8477225,Jared Coreau,20162017,DET,G,1991-11-05,Perth,CAN,ON
8470657,Jimmy Howard,20162017,DET,G,1984-03-26,Syracuse,USA,NY
8470318,Jonathan Ericsson,20162017,DET,D,1984-03-02,Karlskrona,SWE,NA
8471716,Justin Abdelkader,20162017,DET,L,1987-02-25,Muskegon,USA,MI
8476822,Luke Glendening,20162017,DET,C,1989-04-28,Grand Rapids,USA,MI
8478371,Matt Lorito,20162017,DET,L,1990-07-03,Oakville,CAN,ON
8471242,Mike Green,20162017,DET,D,1985-10-12,Calgary,CAN,AB
8475296,Mitch Callahan,20162017,DET,R,1991-08-17,Whittier,USA,CA
8475324,Nick Jensen,20162017,DET,D,1990-09-21,Rogers,USA,MN
8468509,Niklas Kronwall,20162017,DET,D,1981-01-12,Stockholm,SWE,NA
8475852,Petr Mrazek,20162017,DET,G,1992-02-14,Ostrava,CZE,NA
8475772,Riley Sheahan,20162017,DET,C,1991-12-07,St. Catharines,CAN,ON
8476418,Robbie Russo,20162017,DET,D,1993-02-15,Westmont,USA,IL
8476450,Ryan Sproul,20162017,DET,D,1993-01-13,Mississauga,CAN,ON
8468505,Steve Ott,20162017,DET,C,1982-08-19,Summerside,CAN,PE
8470598,Thomas Vanek,20162017,DET,L,1984-01-19,Vienna,AUT,NA
8476430,Tomas Jurco,20162017,DET,R,1992-12-28,Kosice,SVK,NA
8477931,Tomas Nosek,20162017,DET,L,1992-09-01,Pardubice,CZE,NA
8475193,Tomas Tatar,20162017,DET,L,1990-12-01,Ilava,SVK,NA
8477479,Tyler Bertuzzi,20162017,DET,L,1995-02-24,Sudbury,CAN,ON
8476443,Xavier Ouellet,20162017,DET,D,1993-07-29,Bayonne,FRA,NA
8476457,Adam Larsson,20162017,EDM,D,1992-11-12,Skelleftea,SWE,NA
8471284,Andrej Sekera,20162017,EDM,D,1986-06-08,Bojnice,SVK,NA
8475165,Anton Lander,20162017,EDM,C,1991-04-24,Sundsvall,SWE,NA
8477415,Anton Slepyshev,20162017,EDM,L,1994-05-13,Penza,RUS,NA
8471678,Benoit Pouliot,20162017,EDM,L,1986-09-29,Alfred,CAN,ON
8475869,Brandon Davidson,20162017,EDM,D,1991-08-21,Taber,CAN,AB
8475660,Cam Talbot,20162017,EDM,G,1987-07-05,Caledonia,CAN,ON
8478402,Connor McDavid,20162017,EDM,C,1997-01-13,Richmond Hill,CAN,ON
8477498,Darnell Nurse,20162017,EDM,D,1995-02-04,Hamilton,CAN,ON
8471976,David Desharnais,20162017,EDM,C,1986-09-14,Laurier-Station,CAN,QC
8476416,Dillon Simpson,20162017,EDM,D,1993-02-10,Edmonton,CAN,AB
8479465,Drake Caggiula,20162017,EDM,L,1994-06-20,Pickering,CAN,ON
8473468,Eric Gryba,20162017,EDM,D,1988-04-14,Saskatoon,CAN,SK
8476852,Griffin Reinhart,20162017,EDM,D,1994-01-24,North Vancouver,CAN,BC
8476336,Iiro Pakarinen,20162017,EDM,R,1991-08-25,Loviisa,FIN,NA
8479344,Jesse Puljujarvi,20162017,EDM,R,1998-05-07,Alvkarleby,SWE,NA
8475361,Jonas Gustavsson,20162017,EDM,G,1984-10-24,Danderyd,SWE,NA
8474586,Jordan Eberle,20162017,EDM,R,1990-05-15,Regina,CAN,SK
8477851,Jordan Oesterle,20162017,EDM,D,1992-06-25,Dearborn Heights,USA,MI
8476915,Jujhar Khaira,20162017,EDM,L,1994-08-13,Surrey,CAN,BC
8471729,Kris Russell,20162017,EDM,D,1987-05-02,Caroline,CAN,AB
8476316,Laurent Brossoit,20162017,EDM,G,1993-03-23,Port Alberni,CAN,BC
8477934,Leon Draisaitl,20162017,EDM,C,1995-10-27,Cologne,DEU,NA
8471816,Mark Fayne,20162017,EDM,D,1987-05-15,Nashua,USA,NH
8473914,Mark Letestu,20162017,EDM,C,1985-02-04,Elk Point,CAN,AB
8476988,Matt Benning,20162017,EDM,D,1994-05-25,Edmonton,CAN,AB
8468611,Matt Hendricks,20162017,EDM,L,1981-06-17,Blaine,USA,MN
8473473,Milan Lucic,20162017,EDM,L,1988-06-07,Vancouver,CAN,BC
8476472,Oscar Klefbom,20162017,EDM,D,1993-07-20,Karlstad,SWE,NA
8474034,Patrick Maroon,20162017,EDM,L,1988-04-23,St. Louis,USA,MO
8476454,Ryan Nugent-Hopkins,20162017,EDM,C,1993-04-12,Burnaby,CAN,BC
8475192,Taylor Beck,20162017,EDM,L,1991-05-13,St. Catharines,CAN,ON
8475752,Tyler Pitlick,20162017,EDM,R,1991-11-01,Minneapolis,USA,MN
8475178,Zack Kassian,20162017,EDM,R,1991-01-24,Windsor,CAN,ON
8477932,Aaron Ekblad,20162017,FLA,D,1996-02-07,Windsor,CAN,ON
8477493,Aleksander Barkov,20162017,FLA,C,1995-09-02,Tampere,FIN,NA
8475755,Alexander Petrovic,20162017,FLA,D,1992-03-03,Edmonton,CAN,AB
8474098,Colton Sceviour,20162017,FLA,C,1989-04-20,Red Deer,CAN,AB
8478843,Denis Malgin,20162017,FLA,C,1997-01-18,Olten,CHE,NA
8468001,Derek MacKenzie,20162017,FLA,C,1981-06-11,Sudbury,CAN,ON
8475795,Dylan McIlrath,20162017,FLA,D,1992-04-20,Winnipeg,CAN,MB
8475735,Greg McKegg,20162017,FLA,C,1992-06-17,St. Thomas,CAN,ON
8477452,Ian McCoshen,20162017,FLA,D,1995-08-05,Anaheim,USA,CA
8471693,Jakub Kindl,20162017,FLA,D,1987-02-10,Sumperk,CZE,NA
8473503,James Reimer,20162017,FLA,G,1988-03-15,Morweena,CAN,MB
8477955,Jared McCann,20162017,FLA,C,1996-05-31,Stratford,CAN,ON
8448208,Jaromir Jagr,20162017,FLA,R,1972-02-15,Kladno,CZE,NA
8474218,Jason Demers,20162017,FLA,D,1988-06-09,Dorval,CAN,QC
8476456,Jonathan Huberdeau,20162017,FLA,L,1993-06-04,Saint-Jerome,CAN,QC
8476539,Jonathan Marchessault,20162017,FLA,C,1990-12-27,Cap-Rouge,CAN,QC
8469638,Jussi Jokinen,20162017,FLA,L,1983-04-01,Kalajoki,FIN,NA
8471735,Keith Yandle,20162017,FLA,D,1986-09-09,Boston,USA,MA
8476415,Kyle Rau,20162017,FLA,C,1992-10-24,Eden Prairie,USA,MN
8477346,MacKenzie Weegar,20162017,FLA,D,1994-01-07,Ottawa,CAN,ON
8475796,Mark Pysyk,20162017,FLA,D,1992-01-11,Sherwood Park,CAN,AB
8475958,Michael Sgarbossa,20162017,FLA,C,1992-07-25,Campbellville,CAN,ON
8476875,Mike Matheson,20162017,FLA,D,1994-02-27,Pointe-Claire,CAN,QC
8475760,Nick Bjugstad,20162017,FLA,C,1992-07-17,Minneapolis,USA,MN
8476200,Paul Thompson,20162017,FLA,R,1988-11-30,Methuen,USA,MA
8475191,Reilly Smith,20162017,FLA,R,1991-04-01,Mimico,CAN,ON
8473499,Reto Berra,20162017,FLA,G,1987-01-03,Bülach,CHE,NA
8466141,Roberto Luongo,20162017,FLA,G,1979-04-04,Montréal,CAN,QC
8476495,Seth Griffith,20162017,FLA,C,1993-01-04,Wallaceburg,CAN,ON
8475597,Shane Harper,20162017,FLA,R,1989-02-01,Valencia,USA,CA
8465978,Shawn Thornton,20162017,FLA,L,1977-07-23,Oshawa,CAN,ON
8474000,Steven Kampfer,20162017,FLA,D,1988-09-24,Ann Arbor,USA,MI
8470598,Thomas Vanek,20162017,FLA,L,1984-01-19,Vienna,AUT,NA
8476389,Vincent Trocheck,20162017,FLA,C,1993-07-11,Pittsburgh,USA,PA
8477960,Adrian Kempe,20162017,LAK,R,1996-09-13,Kramfors,SWE,NA
8474166,Alec Martinez,20162017,LAK,D,1987-07-26,Rochester Hills,USA,MI
8476404,Andy Andreoff,20162017,LAK,L,1991-05-17,Pickering,CAN,ON
8471685,Anze Kopitar,20162017,LAK,C,1987-08-24,Jesenice,SVN,NA
8471750,Ben Bishop,20162017,LAK,G,1986-11-21,Denver,USA,CO
8475188,Brayden McNabb,20162017,LAK,D,1991-01-21,Davidson,CAN,SK
8475762,Derek Forbort,20162017,LAK,D,1992-03-04,Duluth,USA,MN
8471682,Devin Setoguchi,20162017,LAK,R,1987-01-01,Taber,CAN,AB
8474563,Drew Doughty,20162017,LAK,D,1989-12-08,London,CAN,ON
8470606,Dustin Brown,20162017,LAK,R,1984-11-04,Ithaca,USA,NY
8474100,Dwight King,20162017,LAK,L,1989-07-05,Meadow Lake,CAN,SK
8475789,Jack Campbell,20162017,LAK,G,1992-01-09,Port Huron,USA,MI
8474162,Jake Muzzin,20162017,LAK,D,1989-02-21,Woodstock,CAN,ON
8462042,Jarome Iginla,20162017,LAK,R,1977-07-01,Edmonton,CAN,AB
8470604,Jeff Carter,20162017,LAK,C,1985-01-01,London,CAN,ON
8473553,Jeff Zatkoff,20162017,LAK,G,1987-06-09,Detroit,USA,MI
8471734,Jonathan Quick,20162017,LAK,G,1986-01-21,Milford,USA,CT
8477380,Jonny Brodzinski,20162017,LAK,L,1993-06-19,Ham Lake,USA,MN
8475325,Jordan Nolan,20162017,LAK,C,1989-06-23,"Garden River, First Nations",CAN,ON
8475857,Kevin Gravel,20162017,LAK,D,1992-03-06,Kingsford,USA,MI
8475160,Kyle Clifford,20162017,LAK,L,1991-01-13,Ayr,CAN,ON
8468483,Marian Gaborik,20162017,LAK,R,1982-02-14,Trencin,SVK,NA
8470121,Matt Greene,20162017,LAK,D,1983-05-13,Grand Ledge,USA,MI
8475343,Nic Dowd,20162017,LAK,C,1990-05-27,Huntsville,USA,AL
8476406,Nicholas Shore,20162017,LAK,C,1992-09-26,Denver,USA,CO
8476983,Paul LaDue,20162017,LAK,D,1992-09-06,Grand Forks,USA,ND
8469514,Peter Budaj,20162017,LAK,G,1982-09-18,Banská Bystrica,SVK,NA
8476871,Tanner Pearson,20162017,LAK,L,1992-08-10,Kitchener,CAN,ON
8473962,Teddy Purcell,20162017,LAK,L,1985-09-08,St. John's,CAN,NL
8470104,Tom Gilbert,20162017,LAK,D,1983-01-10,Bloomington,USA,MN
8473453,Trevor Lewis,20162017,LAK,C,1987-01-08,Salt Lake City,USA,UT
8475726,Tyler Toffoli,20162017,LAK,R,1992-04-24,Scarborough,CAN,ON
8471774,Alex Stalock,20162017,MIN,G,1987-07-28,Saint Paul,USA,MN
8477949,Alex Tuch,20162017,MIN,R,1996-05-10,Syracuse,USA,NY
8475745,Charlie Coyle,20162017,MIN,C,1992-03-02,East Weymouth,USA,MA
8473485,Chris Stewart,20162017,MIN,R,1987-10-30,Toronto,CAN,ON
8477850,Christian Folin,20162017,MIN,D,1991-02-09,Gothenburg,SWE,NA
8477006,Christoph Bertschy,20162017,MIN,C,1994-04-05,Fribourg,CHE,NA
8475311,Darcy Kuemper,20162017,MIN,G,1990-05-05,Saskatoon,CAN,SK
8471227,Devan Dubnyk,20162017,MIN,G,1986-05-04,Regina,CAN,SK
8470595,Eric Staal,20162017,MIN,C,1984-10-29,Thunder Bay,CAN,ON
8475287,Erik Haula,20162017,MIN,C,1991-03-23,Pori,FIN,NA
8477467,Gustav Olofsson,20162017,MIN,D,1994-12-01,Boras,SWE,NA
8474716,Jared Spurgeon,20162017,MIN,D,1989-11-29,Edmonton,CAN,AB
8469506,Jason Pominville,20162017,MIN,R,1982-11-30,Repentigny,CAN,QC
8475722,Jason Zucker,20162017,MIN,L,1992-01-16,Newport Beach,USA,CA
8478493,Joel Eriksson Ek,20162017,MIN,C,1997-01-29,Karlstad,SWE,NA
8476463,Jonas Brodin,20162017,MIN,D,1993-07-12,Karlstad,SWE,NA
8475147,Jordan Schroeder,20162017,MIN,C,1990-09-29,Lakeville,USA,MN
8476545,Kurtis Gabriel,20162017,MIN,R,1993-04-20,Newmarket,CAN,ON
8474618,Marco Scandella,20162017,MIN,D,1990-02-23,Montréal,CAN,QC
8471691,Martin Hanzal,20162017,MIN,C,1987-02-20,Pisek,CZE,NA
8476856,Mathew Dumba,20162017,MIN,D,1994-07-25,Regina,CAN,SK
8475798,Mikael Granlund,20162017,MIN,R,1992-02-26,Oulu,FIN,NA
8476422,Mike Reilly,20162017,MIN,D,1993-07-13,Chicago,USA,IL
8469459,Mikko Koivu,20162017,MIN,C,1983-03-12,Turku,FIN,NA
8475613,Nate Prosser,20162017,MIN,D,1986-05-07,Elk River,USA,MN
8475799,Nino Niederreiter,20162017,MIN,R,1992-09-08,Chur,CHE,NA
8476219,Patrick Cannone,20162017,MIN,C,1986-08-09,Bayport,USA,NY
8470600,Ryan Suter,20162017,MIN,D,1985-01-21,Madison,USA,WI
8473466,Ryan White,20162017,MIN,C,1988-03-17,Brandon,CAN,MB
8475800,Teemu Pulkkinen,20162017,MIN,L,1992-01-02,Vantaa,FIN,NA
8476344,Tyler Graovac,20162017,MIN,C,1993-04-27,Brampton,CAN,ON
8474610,Zac Dalpe,20162017,MIN,C,1989-11-01,Paris,CAN,ON
8470610,Zach Parise,20162017,MIN,L,1984-07-28,Minneapolis,USA,MN
8476619,Zack Mitchell,20162017,MIN,R,1993-01-07,Orangeville,CAN,ON
8471219,Al Montoya,20162017,MTL,G,1985-02-13,Chicago,USA,IL
8476851,Alex Galchenyuk,20162017,MTL,L,1994-02-12,Milwaukee,USA,WI
8471228,Alexander Radulov,20162017,MTL,R,1986-07-05,Nizhny Tagil,RUS,NA
8471296,Alexei Emelin,20162017,MTL,D,1986-04-25,Togliatti,RUS,NA
8478561,Andreas Martinsen,20162017,MTL,L,1990-06-13,Bærum,NOR,NA
8467496,Andrei Markov,20162017,MTL,D,1978-12-20,Voskresensk,RUS,NA
8476381,Andrew Shaw,20162017,MTL,R,1991-07-20,Belleville,CAN,ON
8477476,Artturi Lehkonen,20162017,MTL,L,1995-07-04,Piikkio,FIN,NA
8476769,Bobby Farnham,20162017,MTL,R,1989-01-21,North Andover,USA,MA
8475869,Brandon Davidson,20162017,MTL,D,1991-08-21,Taber,CAN,AB
8475848,Brendan Gallagher,20162017,MTL,R,1992-05-06,Edmonton,CAN,AB
8478004,Brett Lernout,20162017,MTL,D,1995-09-24,Winnipeg,CAN,MB
8476808,Brian Flynn,20162017,MTL,C,1988-07-26,Lynnfield,USA,MA
8471679,Carey Price,20162017,MTL,G,1987-08-16,Anahim Lake,CAN,BC
8476948,Charles Hudon,20162017,MTL,L,1994-06-23,Alma,CAN,QC
8479292,Charlie Lindgren,20162017,MTL,G,1993-12-18,Lakeville,USA,MN
8474052,Chris Terry,20162017,MTL,L,1989-04-07,Brampton,CAN,ON
8477901,Daniel Carr,20162017,MTL,L,1991-11-01,Sherwood Park,CAN,AB
8471976,David Desharnais,20162017,MTL,C,1986-09-14,Laurier-Station,CAN,QC
8474100,Dwight King,20162017,MTL,L,1989-07-05,Meadow Lake,CAN,SK
8474688,Greg Pateryn,20162017,MTL,D,1990-06-20,Sterling Heights,USA,MI
8477455,Jacob de la Rose,20162017,MTL,L,1995-05-20,Arvika,SWE,NA
8473507,Jeff Petry,20162017,MTL,D,1987-12-09,Ann Arbor,USA,MI
8477810,Joel Hanley,20162017,MTL,D,1991-06-08,Keswick,CAN,ON
8474818,Jordie Benn,20162017,MTL,D,1987-07-26,Victoria,CAN,BC
8474717,Mark Barberio,20162017,MTL,D,1990-03-23,Montréal,CAN,QC
8474157,Max Pacioretty,20162017,MTL,L,1988-11-20,New Canaan,USA,CT
8477446,Michael McCarron,20162017,MTL,R,1995-03-07,Grosse Pointe,USA,MI
8479410,Mikhail Sergachev,20162017,MTL,D,1998-06-25,Nizhnekamsk,RUS,NA
8476470,Nathan Beaulieu,20162017,MTL,D,1992-12-05,Strathroy,CAN,ON
8476300,Nikita Nesterov,20162017,MTL,D,1993-03-28,Chelyabinsk,RUS,NA
8477957,Nikita Scherbak,20162017,MTL,R,1995-12-30,Moscow,RUS,NA
8474038,Paul Byron,20162017,MTL,L,1989-04-27,Ottawa,CAN,ON
8476479,Phillip Danault,20162017,MTL,C,1993-02-24,Victoriaville,CAN,QC
8478963,Ryan Johnston,20162017,MTL,D,1992-02-14,Sudbury,CAN,ON
8470642,Shea Weber,20162017,MTL,D,1985-08-14,Sicamous,CAN,BC
8468505,Steve Ott,20162017,MTL,C,1982-08-19,Summerside,CAN,PE
8477413,Sven Andrighetto,20162017,MTL,R,1993-03-21,Zurich,CHE,NA
8469521,Tomas Plekanec,20162017,MTL,C,1982-10-31,Kladno,CZE,NA
8471338,Torrey Mitchell,20162017,MTL,C,1985-01-30,Greenfield Park,CAN,QC
8474743,Zach Redmond,20162017,MTL,D,1988-07-26,Traverse City,USA,MI
8474641,Adam Henrique,20162017,NJD,C,1990-02-06,Brantford,CAN,ON
8472382,Andy Greene,20162017,NJD,D,1982-10-30,Trenton,USA,MI
8475761,Beau Bennett,20162017,NJD,R,1991-11-27,Gardena,USA,CA
8473933,Ben Lovejoy,20162017,NJD,D,1984-02-20,Concord,USA,NH
8476526,Ben Thomson,20162017,NJD,L,1993-01-16,Brampton,CAN,ON
8476399,Blake Coleman,20162017,NJD,C,1991-11-28,Plano,USA,TX
8476370,Blake Pietila,20162017,NJD,L,1993-02-20,Milford,USA,MI
8478480,Blake Speers,20162017,NJD,C,1997-01-02,Sault Ste. Marie,CAN,ON
8471239,Cory Schneider,20162017,NJD,G,1986-03-18,Marblehead,USA,MA
8474774,Dalton Prout,20162017,NJD,D,1990-03-13,Kingsville,CAN,ON
8476923,Damon Severson,20162017,NJD,D,1994-08-07,Melville,CAN,SK
8475758,Devante Smith-Pelly,20162017,NJD,R,1992-06-14,Scarborough,CAN,ON
8475185,Jacob Josefson,20162017,NJD,C,1991-03-02,Stockholm,SWE,NA
8475186,John Moore,20162017,NJD,D,1990-11-19,Winnetka,USA,IL
8477961,John Quenneville,20162017,NJD,C,1996-04-16,Edmonton,CAN,AB
8475750,Jon Merrill,20162017,NJD,D,1992-02-03,Oklahoma City,USA,OK
8477010,Joseph Blandisi,20162017,NJD,L,1994-07-18,Markham,CAN,ON
8476798,Karl Stollery,20162017,NJD,D,1987-11-21,Camrose,CAN,AB
8476234,Keith Kinkaid,20162017,NJD,G,1989-07-04,Farmingville,USA,NY
8479291,Kevin Rooney,20162017,NJD,C,1993-05-21,Canton,USA,MA
8475151,Kyle Palmieri,20162017,NJD,R,1991-02-01,Smithtown,USA,NY
8470724,Kyle Quincey,20162017,NJD,D,1985-08-12,Kitchener,CAN,ON
8473989,Luke Gazdic,20162017,NJD,L,1989-07-25,Toronto,CAN,ON
8469500,Michael Cammalleri,20162017,NJD,L,1982-06-08,Toronto,CAN,ON
8480081,Michael Kapla,20162017,NJD,D,1994-09-19,Eau Claire,USA,WI
8477425,Miles Wood,20162017,NJD,L,1995-09-13,Buffalo,USA,NY
8479250,Nick Lappin,20162017,NJD,R,1992-11-01,Geneva,USA,IL
8469707,PA Parenteau,20162017,NJD,R,1983-03-24,Hull,CAN,QC
8478401,Pavel Zacha,20162017,NJD,C,1997-04-06,Brno,CZE,NA
8476423,Reid Boucher,20162017,NJD,L,1993-09-08,Lansing,USA,MI
8478566,Sergey Kalinin,20162017,NJD,C,1991-03-17,Omsk,RUS,NA
8475274,Seth Helgeson,20162017,NJD,D,1990-10-08,Faribault,USA,MN
8476474,Stefan Noesen,20162017,NJD,R,1993-02-12,Plano,USA,TX
8477463,Steven Santini,20162017,NJD,D,1995-03-07,Bronxville,USA,NY
8475791,Taylor Hall,20162017,NJD,L,1991-11-14,Calgary,CAN,AB
8471233,Travis Zajac,20162017,NJD,C,1985-05-13,Winnipeg,CAN,MB
8469759,Vernon Fiddler,20162017,NJD,L,1980-05-09,Edmonton,CAN,AB
8479483,Yohann Auvitu,20162017,NJD,D,1989-07-27,Ivry-sur-Seine,FRA,NA
8471385,Adam Pardy,20162017,NSH,D,1984-03-29,Bonavista,CAN,NL
8478851,Alexandre Carrier,20162017,NSH,D,1996-10-08,Quebec City,CAN,QC
8475868,Anthony Bitetto,20162017,NSH,D,1990-07-15,Island Park,USA,NY
8475766,Austin Watson,20162017,NSH,L,1992-01-13,Ann Arbor,USA,MI
8476779,Brad Hunt,20162017,NSH,D,1988-08-24,Maple Ridge,CAN,BC
8475714,Calle Jarnkrok,20162017,NSH,C,1991-09-25,Gavle,SWE,NA
8471760,Cody Bass,20162017,NSH,C,1987-01-07,Owen Sound,CAN,ON
8471657,Cody McLeod,20162017,NSH,L,1984-06-26,Binscarth,CAN,MB
8474569,Colin Wilson,20162017,NSH,L,1989-10-20,Greenwich,USA,CT
8476925,Colton Sissons,20162017,NSH,C,1993-11-05,North Vancouver,CAN,BC
8475225,Craig Smith,20162017,NSH,R,1989-09-05,Madison,USA,WI
8474683,Derek Grant,20162017,NSH,C,1990-04-20,Abbotsford,CAN,BC
8476887,Filip Forsberg,20162017,NSH,L,1994-08-13,Ostervala,SWE,NA
8477919,Frederick Gaudreau,20162017,NSH,C,1993-05-01,Bromont,CAN,QC
8476158,Harry Zolnierczyk,20162017,NSH,L,1987-09-01,Toronto,CAN,ON
8471707,James Neal,20162017,NSH,R,1987-09-03,Whitby,CAN,ON
8477424,Juuse Saros,20162017,NSH,G,1995-04-19,Forssa,FIN,NA
8477942,Kevin Fiala,20162017,NSH,L,1996-07-22,St. Gallen,CHE,NA
8476992,Marek Mazanec,20162017,NSH,G,1991-07-18,Pisek,CZE,NA
8470640,Matt Carle,20162017,NSH,D,1984-09-25,Anchorage,USA,AK
8475625,Matt Irwin,20162017,NSH,D,1987-11-29,Victoria,CAN,BC
8475218,Mattias Ekholm,20162017,NSH,D,1990-05-24,Borlange,SWE,NA
8476447,Miikka Salomaki,20162017,NSH,R,1993-03-09,Raahe,FIN,NA
8467370,Mike Fisher,20162017,NSH,C,1980-06-05,Peterborough,CAN,ON
8475436,Mike Liambas,20162017,NSH,L,1989-02-16,Toronto,CAN,ON
8467371,Mike Ribeiro,20162017,NSH,C,1980-02-10,Montréal,CAN,QC
8474056,P.K. Subban,20162017,NSH,D,1989-05-13,Toronto,CAN,ON
8469707,PA Parenteau,20162017,NSH,R,1983-03-24,Hull,CAN,QC
8471469,Pekka Rinne,20162017,NSH,G,1982-11-03,Kempele,FIN,NA
8475774,Petter Granberg,20162017,NSH,D,1992-08-27,Gallivare,SWE,NA
8476857,Pontus Aberg,20162017,NSH,L,1993-09-23,Stockholm,SWE,NA
8476423,Reid Boucher,20162017,NSH,C,1993-09-08,Lansing,USA,MI
8474600,Roman Josi,20162017,NSH,D,1990-06-01,Bern,CHE,NA
8475176,Ryan Ellis,20162017,NSH,D,1991-01-03,Hamilton,CAN,ON
8475793,Ryan Johansen,20162017,NSH,C,1992-07-31,Vancouver,CAN,BC
8473942,Trevor Smith,20162017,NSH,C,1985-02-08,Ottawa,CAN,ON
8469759,Vernon Fiddler,20162017,NSH,C,1980-05-09,Edmonton,CAN,AB
8478042,Viktor Arvidsson,20162017,NSH,R,1993-04-08,Skelleftea,SWE,NA
8477973,Vladislav Kamenev,20162017,NSH,L,1996-08-12,Orsk,RUS,NA
8474134,Yannick Weber,20162017,NSH,D,1988-09-23,Morges,CHE,NA
8476917,Adam Pelech,20162017,NYI,D,1994-08-16,Toronto,CAN,ON
8476409,Alan Quine,20162017,NYI,C,1993-02-25,Belleville,CAN,ON
8475314,Anders Lee,20162017,NYI,L,1990-07-03,Edina,USA,MN
8471217,Andrew Ladd,20162017,NYI,L,1985-12-12,Maple Ridge,CAN,BC
8478463,Anthony Beauvillier,20162017,NYI,L,1997-06-08,Sorel-Tracy,CAN,QC
8471996,Bracken Kearns,20162017,NYI,C,1981-05-12,North Vancouver,CAN,BC
8475754,Brock Nelson,20162017,NYI,C,1991-10-15,Warroad,USA,MN
8473504,Cal Clutterbuck,20162017,NYI,R,1987-11-18,Welland,CAN,ON
8475177,Calvin de Haan,20162017,NYI,D,1991-05-09,Carp,CAN,ON
8475231,Casey Cizikas,20162017,NYI,C,1991-02-27,Toronto,CAN,ON
8477881,Connor Jones,20162017,NYI,C,1990-08-16,Montrose,CAN,BC
8469619,Dennis Seidenberg,20162017,NYI,D,1981-07-18,Schwenningen,DEU,NA
8475234,J-F Berube,20162017,NYI,G,1991-07-13,Repentigny,CAN,QC
8470860,Jaroslav Halak,20162017,NYI,G,1985-05-13,Bratislava,SVK,NA
8466251,Jason Chimera,20162017,NYI,L,1979-05-02,Edmonton,CAN,AB
8475166,John Tavares,20162017,NYI,C,1990-09-20,Mississauga,CAN,ON
8470187,Johnny Boychuk,20162017,NYI,D,1984-01-19,Edmonton,CAN,AB
8474573,Josh Bailey,20162017,NYI,R,1989-10-02,Bowmanville,CAN,ON
8477959,Joshua Ho-Sang,20162017,NYI,R,1996-01-22,Toronto,CAN,ON
8478445,Mathew Barzal,20162017,NYI,C,1997-05-26,Coquitlam,CAN,BC
8475181,Nick Leddy,20162017,NYI,D,1991-03-20,Eden Prairie,USA,MN
8473579,Nikolay Kulemin,20162017,NYI,L,1986-07-14,Magnitogorsk,RUS,NA
8477506,Ryan Pulock,20162017,NYI,D,1994-10-06,Dauphin,CAN,MB
8476458,Ryan Strome,20162017,NYI,R,1993-07-11,Mississauga,CAN,ON
8476429,Scott Mayfield,20162017,NYI,D,1992-10-14,St. Louis,USA,MO
8476386,Shane Prince,20162017,NYI,L,1992-11-16,Rochester,USA,NY
8472410,Stephen Gionta,20162017,NYI,C,1983-10-09,Rochester,USA,NY
8471306,Thomas Greiss,20162017,NYI,G,1986-01-29,Fussen,DEU,NA
8474066,Thomas Hickey,20162017,NYI,D,1989-02-08,Calgary,CAN,AB
8474612,Travis Hamonic,20162017,NYI,D,1990-08-16,St. Malo,CAN,MB
8476431,Adam Clendening,20162017,NYR,D,1992-10-26,Niagara Falls,USA,NY
8477293,Antti Raanta,20162017,NYR,G,1989-05-12,Rauma,FIN,NA
8476922,Boo Nieves,20162017,NYR,C,1994-01-23,Syracuse,USA,NY
8476869,Brady Skjei,20162017,NYR,D,1994-03-26,Lakeville,USA,MN
8475204,Brandon Pirri,20162017,NYR,R,1991-04-10,Toronto,CAN,ON
8474090,Brendan Smith,20162017,NYR,D,1989-02-08,Mimico,CAN,ON
8475184,Chris Kreider,20162017,NYR,L,1991-04-30,Boxford,USA,MA
8471958,Dan Girardi,20162017,NYR,D,1984-04-29,Welland,CAN,ON
8474613,Derek Stepan,20162017,NYR,C,1990-06-18,Hastings,USA,MN
8475795,Dylan McIlrath,20162017,NYR,D,1992-04-20,Winnipeg,CAN,MB
8468685,Henrik Lundqvist,20162017,NYR,G,1982-03-02,Are,SWE,NA
8476468,J.T. Miller,20162017,NYR,L,1993-03-14,East Palestine,USA,OH
8475855,Jesper Fast,20162017,NYR,R,1991-12-02,Nassjo,SWE,NA
8476918,Jimmy Vesey,20162017,NYR,L,1993-05-26,Boston,USA,MA
8477591,Josh Jooris,20162017,NYR,C,1990-07-14,Burlington,CAN,ON
8475763,Kevin Hayes,20162017,NYR,C,1992-05-08,Dorchester,USA,MA
8470630,Kevin Klein,20162017,NYR,D,1984-12-13,Kitchener,CAN,ON
8476433,Magnus Hellberg,20162017,NYR,G,1991-04-04,Uppsala,SWE,NA
8471686,Marc Staal,20162017,NYR,D,1987-01-13,Thunder Bay,CAN,ON
8475949,Marek Hrivik,20162017,NYR,L,1991-08-28,Cadca,SVK,NA
8475692,Mats Zuccarello,20162017,NYR,R,1987-09-01,Oslo,NOR,NA
8476477,Matt Puempel,20162017,NYR,L,1993-01-24,Windsor,CAN,ON
8473546,Michael Grabner,20162017,NYR,R,1987-10-05,Villach,AUT,NA
8476459,Mika Zibanejad,20162017,NYR,C,1993-04-18,Stockholm,SWE,NA
8474207,Nick Holden,20162017,NYR,D,1987-05-15,St. Albert,CAN,AB
8476482,Nicklas Jensen,20162017,NYR,R,1993-03-06,Herning,DNK,NA
8475715,Oscar Lindberg,20162017,NYR,C,1991-10-29,Skelleftea,SWE,NA
8477402,Pavel Buchnevich,20162017,NYR,R,1995-04-17,Cherepovets,RUS,NA
8470041,Rick Nash,20162017,NYR,R,1984-06-16,Brampton,CAN,ON
8474151,Ryan McDonagh,20162017,NYR,D,1989-06-13,St. Paul,USA,MN
8474000,Steven Kampfer,20162017,NYR,D,1988-09-24,Ann Arbor,USA,MI
8470854,Tanner Glass,20162017,NYR,L,1983-11-29,Regina,CAN,SK
8475192,Taylor Beck,20162017,NYR,L,1991-05-13,St. Catharines,CAN,ON
8470358,Alexandre Burrows,20162017,OTT,R,1981-04-11,Pincourt,CAN,QC
8477971,Andreas Englund,20162017,OTT,D,1996-01-21,Stockholm,SWE,NA
8477202,Andrew Hammond,20162017,OTT,G,1988-02-11,Surrey,CAN,BC
8477433,Ben Harpur,20162017,OTT,D,1995-01-12,Hamilton,CAN,ON
8471676,Bobby Ryan,20162017,OTT,R,1987-03-17,Cherry Hill,USA,NJ
8477210,Buddy Robinson,20162017,OTT,R,1991-09-30,Bellmawr,USA,NJ
8478376,Casey Bailey,20162017,OTT,R,1991-10-27,Anchorage,USA,AK
8476904,Chris Driedger,20162017,OTT,G,1994-05-18,Winnipeg,CAN,MB
8467967,Chris Kelly,20162017,OTT,C,1980-11-11,Toronto,CAN,ON
8467493,Chris Neil,20162017,OTT,R,1979-06-18,Flesherton,CAN,ON
8475227,Chris Wideman,20162017,OTT,D,1990-01-07,St. Louis,USA,MO
8474018,Christopher DiDomenico,20162017,OTT,L,1989-02-20,Toronto,CAN,ON
8470667,Clarke MacArthur,20162017,OTT,L,1985-04-06,Lloydminster,CAN,AB
8476879,Cody Ceci,20162017,OTT,D,1993-12-21,Ottawa,CAN,ON
8478400,Colin White,20162017,OTT,C,1997-01-30,Boston,USA,MA
8467950,Craig Anderson,20162017,OTT,G,1981-05-21,Park Ridge,USA,IL
8477508,Curtis Lazar,20162017,OTT,R,1995-02-02,Salmon Arm,CAN,BC
8473544,Derick Brassard,20162017,OTT,C,1987-09-22,Hull,CAN,QC
8470602,Dion Phaneuf,20162017,OTT,D,1985-04-10,Edmonton,CAN,AB
8474578,Erik Karlsson,20162017,OTT,D,1990-05-31,Landsbro,SWE,NA
8476368,Fredrik Claesson,20162017,OTT,D,1992-11-24,Stockholm,SWE,NA
8476419,Jean-Gabriel Pageau,20162017,OTT,C,1992-11-11,Ottawa,CAN,ON
8476279,Jyrki Jokipakka,20162017,OTT,D,1991-08-20,Tampere,FIN,NA
8474068,Kyle Turris,20162017,OTT,C,1989-08-14,New Westminster,CAN,BC
8470760,Marc Methot,20162017,OTT,D,1985-06-21,Ottawa,CAN,ON
8474697,Mark Borowiecki,20162017,OTT,D,1989-07-12,Ottawa,CAN,ON
8475913,Mark Stone,20162017,OTT,R,1992-05-13,Winnipeg,CAN,MB
8476477,Matt Puempel,20162017,OTT,L,1993-01-24,Windsor,CAN,ON
8476323,Max McCormick,20162017,OTT,L,1992-05-01,De Pere,USA,WI
8471663,Mike Blunden,20162017,OTT,R,1986-12-15,Toronto,CAN,ON
8477237,Mike Condon,20162017,OTT,G,1990-04-27,Holliston,USA,MA
8474884,Mike Hoffman,20162017,OTT,L,1989-11-24,Kitchener,CAN,ON
8477426,Nick Paul,20162017,OTT,L,1995-03-20,Mississauga,CAN,ON
8475321,Phil Varone,20162017,OTT,C,1990-12-04,Vaughan,CAN,ON
8476288,Ryan Dzingel,20162017,OTT,L,1992-03-09,Wheaton,USA,IL
8478469,Thomas Chabot,20162017,OTT,D,1997-01-30,Sainte-Marie,CAN,QC
8471768,Tom Pyatt,20162017,OTT,L,1987-02-14,Thunder Bay,CAN,ON
8474739,Tommy Wingels,20162017,OTT,C,1988-04-12,Evanston,USA,IL
8473537,Viktor Stalberg,20162017,OTT,L,1986-01-17,Gothenburg,SWE,NA
8474250,Zack Smith,20162017,OTT,L,1988-04-05,Maple Creek,CAN,SK
8473584,Andrew MacDonald,20162017,PHI,D,1986-09-07,Judique,CAN,NS
8476932,Anthony Stolarz,20162017,PHI,G,1994-01-20,Edison,USA,NJ
8470159,Boyd Gordon,20162017,PHI,C,1983-10-19,Unity,CAN,SK
8475430,Brandon Manning,20162017,PHI,D,1990-06-04,Prince George,CAN,BC
8475170,Brayden Schenn,20162017,PHI,C,1991-08-22,Saskatoon,CAN,SK
8471762,Chris VandeVelde,20162017,PHI,C,1987-03-15,Moorhead,USA,MN
8473512,Claude Giroux,20162017,PHI,C,1988-01-12,Hearst,CAN,ON
8470644,Colin McDonald,20162017,PHI,R,1984-09-30,Wethersfield,USA,CT
8474668,Dale Weise,20162017,PHI,R,1988-08-05,Winnipeg,CAN,MB
8478500,Ivan Provorov,20162017,PHI,D,1997-01-13,Yaroslavl,RUS,NA
8474161,Jakub Voracek,20162017,PHI,R,1989-08-15,Kladno,CZE,NA
8475738,Jordan Weal,20162017,PHI,C,1992-04-15,North Vancouver,CAN,BC
8468309,Mark Streit,20162017,PHI,D,1977-12-11,Bern,CHE,NA
8476177,Matt Read,20162017,PHI,R,1986-06-14,Ilderton,CAN,ON
8474584,Michael Del Zotto,20162017,PHI,D,1990-06-24,Stouffville,CAN,ON
8477290,Michael Raffl,20162017,PHI,L,1988-12-01,Villach,AUT,NA
8473607,Michal Neuvirth,20162017,PHI,G,1988-03-23,Ústí nad Labem,CZE,NA
8480087,Mike Vecchione,20162017,PHI,C,1993-02-25,Saugus,USA,MA
8476393,Nick Cousins,20162017,PHI,C,1993-07-20,Belleville,CAN,ON
8468513,Nick Schultz,20162017,PHI,D,1982-08-25,Strasbourg,CAN,SK
8477930,Pierre-Edouard Bellemare,20162017,PHI,L,1985-03-06,Le Blanc-Mesnil,FRA,NA
8475462,Radko Gudas,20162017,PHI,D,1990-06-05,Prague,CZE,NA
8477462,Robert Hagg,20162017,PHI,D,1995-02-08,Uppsala,SWE,NA
8479648,Roman Lyubimov,20162017,PHI,L,1992-01-06,Tver,RUS,NA
8477502,Samuel Morin,20162017,PHI,L,1995-07-12,Lac-Beauport,CAN,QC
8476872,Scott Laughton,20162017,PHI,C,1994-05-30,Oakville,CAN,ON
8476461,Sean Couturier,20162017,PHI,C,1992-12-07,Phoenix,USA,AZ
8476906,Shayne Gostisbehere,20162017,PHI,D,1993-04-20,Pembroke Pines,USA,FL
8473461,Steve Mason,20162017,PHI,G,1988-05-29,Oakville,CAN,ON
8476955,Taylor Leier,20162017,PHI,L,1994-02-15,Saskatoon,CAN,SK
8478439,Travis Konecny,20162017,PHI,R,1997-03-11,London,CAN,ON
8470047,Valtteri Filppula,20162017,PHI,C,1984-03-20,Vantaa,FIN,NA
8474190,Wayne Simmonds,20162017,PHI,R,1988-08-26,Scarborough,CAN,ON
8475208,Brian Dumoulin,20162017,PIT,D,1991-09-06,Biddeford,USA,ME
8475810,Bryan Rust,20162017,PIT,R,1992-05-11,Pontiac,USA,MI
8474611,Cameron Gaunce,20162017,PIT,D,1990-03-19,Sudbury,CAN,ON
8474176,Carl Hagelin,20162017,PIT,L,1988-08-23,Sodertalje,SWE,NA
8477240,Carter Rowney,20162017,PIT,R,1989-05-10,Grande Prairie,CAN,AB
8477244,Chad Ruhwedel,20162017,PIT,D,1990-05-07,San Diego,USA,CA
8470543,Chris Kunitz,20162017,PIT,L,1979-09-26,Regina,CAN,SK
8477839,Conor Sheary,20162017,PIT,L,1992-06-08,Winchester,USA,MA
8474660,David Warsofsky,20162017,PIT,D,1990-05-30,Marshfield,USA,MA
8476884,Derrick Pouliot,20162017,PIT,D,1994-01-16,Estevan,CAN,SK
8478866,Dominik Simon,20162017,PIT,C,1994-08-08,Prague,CZE,NA
8470611,Eric Fehr,20162017,PIT,C,1985-09-07,Winkler,CAN,MB
8471215,Evgeni Malkin,20162017,PIT,C,1986-07-31,Magnitogorsk,RUS,NA
8476302,Frank Corrado,20162017,PIT,D,1993-03-26,Toronto,CAN,ON
8474013,Ian Cole,20162017,PIT,D,1989-02-21,Ann Arbor,USA,MI
8477404,Jake Guentzel,20162017,PIT,L,1994-10-06,Omaha,USA,NE
8477520,Jean-Sebastien Dea,20162017,PIT,C,1994-02-08,Laval,CAN,QC
8476326,Josh Archibald,20162017,PIT,R,1992-10-06,Regina,CAN,SK
8474602,Justin Schultz,20162017,PIT,D,1990-07-06,Kelowna,CAN,BC
8471331,Kevin Porter,20162017,PIT,C,1986-03-12,Detroit,USA,MI
8471724,Kris Letang,20162017,PIT,D,1987-04-24,Montréal,CAN,QC
8470594,Marc-Andre Fleury,20162017,PIT,G,1984-11-28,Sorel,CAN,QC
8468309,Mark Streit,20162017,PIT,D,1977-12-11,Bern,CHE,NA
8464989,Matt Cullen,20162017,PIT,C,1976-11-02,Virginia,USA,MN
8476899,Matt Murray,20162017,PIT,G,1994-05-25,Thunder Bay,CAN,ON
8477237,Mike Condon,20162017,PIT,G,1990-04-27,Holliston,USA,MA
8474009,Nick Bonino,20162017,PIT,C,1988-04-20,Hartford,USA,CT
8476874,Olli Maatta,20162017,PIT,D,1994-08-22,Jyväskylä,FIN,NA
8476897,Oskar Sundqvist,20162017,PIT,C,1994-03-23,Boden,SWE,NA
8471887,Patric Hornqvist,20162017,PIT,R,1987-01-01,Sollentuna,SWE,NA
8473548,Phil Kessel,20162017,PIT,R,1987-10-02,Madison,USA,WI
8468493,Ron Hainsey,20162017,PIT,D,1981-03-24,Bolton,USA,CT
8476293,Scott Wilson,20162017,PIT,L,1992-04-24,Oakville,CAN,ON
8471675,Sidney Crosby,20162017,PIT,C,1987-08-07,Cole Harbour,CAN,NS
8476162,Steve Oleksy,20162017,PIT,D,1986-02-04,Chesterfield,USA,MI
8475832,Tom Kuhnhackl,20162017,PIT,R,1992-01-21,Landshut,DEU,NA
8473542,Tom Sestito,20162017,PIT,L,1987-09-28,Rome,USA,NY
8470110,Trevor Daley,20162017,PIT,D,1983-10-09,Toronto,CAN,ON
8477465,Tristan Jarry,20162017,PIT,G,1995-04-29,Surrey,CAN,BC
8477180,Aaron Dell,20162017,SJS,G,1989-05-04,Airdrie,CAN,AB
8476624,Barclay Goodrow,20162017,SJS,R,1993-02-26,Toronto,CAN,ON
8475455,Brenden Dillon,20162017,SJS,D,1990-11-13,New Westminster,CAN,BC
8470613,Brent Burns,20162017,SJS,D,1985-03-09,Barrie,CAN,ON
8476919,Chris Tierney,20162017,SJS,C,1994-07-01,Keswick,CAN,ON
8476982,Danny O'Regan,20162017,SJS,C,1994-01-30,Berlin,DEU,NA
8473673,David Schlemko,20162017,SJS,D,1987-05-07,Edmonton,CAN,AB
8476331,Dylan DeMelo,20162017,SJS,D,1993-05-01,London,CAN,ON
8471498,Jannik Hansen,20162017,SJS,R,1986-03-15,Rødovre,DNK,NA
8470794,Joe Pavelski,20162017,SJS,C,1984-07-11,Plover,USA,WI
8466138,Joe Thornton,20162017,SJS,C,1979-07-02,London,CAN,ON
8468208,Joel Ward,20162017,SJS,R,1980-12-02,North York,CAN,ON
8475820,Joonas Donskoi,20162017,SJS,R,1992-04-13,Raahe,FIN,NA
8474027,Justin Braun,20162017,SJS,D,1987-02-10,Minneapolis,USA,MN
8478099,Kevin Labanc,20162017,SJS,R,1995-12-12,Brooklyn,USA,NY
8474053,Logan Couture,20162017,SJS,C,1989-03-28,Guelph,CAN,ON
8471709,Marc-Edouard Vlasic,20162017,SJS,D,1987-03-30,Montréal,CAN,QC
8475834,Marcus Sorensen,20162017,SJS,L,1992-04-07,Sodertalje,SWE,NA
8474889,Martin Jones,20162017,SJS,G,1990-01-10,North Vancouver,CAN,BC
8476442,Matt Nieto,20162017,SJS,L,1992-11-05,Long Beach,USA,CA
8477922,Melker Karlsson,20162017,SJS,C,1990-07-18,Lycksele,SWE,NA
8474230,Micheal Haley,20162017,SJS,C,1986-03-30,Guelph,CAN,ON
8474571,Mikkel Boedker,20162017,SJS,L,1989-12-16,Brondby,DNK,NA
8477509,Mirco Mueller,20162017,SJS,D,1995-03-21,Winterthur,CHE,NA
8477958,Nikolay Goldobin,20162017,SJS,L,1995-10-07,Moscow,RUS,NA
8466139,Patrick Marleau,20162017,SJS,L,1979-09-15,Aneroid,CAN,SK
8468542,Paul Martin,20162017,SJS,D,1981-03-05,Minneapolis,USA,MN
8477846,Ryan Carpenter,20162017,SJS,C,1991-01-18,Oviedo,USA,FL
8475841,Tim Heed,20162017,SJS,D,1991-01-27,Gothenburg,SWE,NA
8478414,Timo Meier,20162017,SJS,R,1996-10-08,Herisau,CHE,NA
8476881,Tomas Hertl,20162017,SJS,C,1993-11-12,Praha,CZE,NA
8474739,Tommy Wingels,20162017,SJS,C,1988-04-12,Evanston,USA,IL
8474565,Alex Pietrangelo,20162017,STL,D,1990-01-18,King City,CAN,ON
8470257,Alexander Steen,20162017,STL,L,1984-03-01,Winnipeg,CAN,MB
8476779,Brad Hunt,20162017,STL,D,1988-08-24,Maple Ridge,CAN,BC
8474125,Carl Gunnarsson,20162017,STL,D,1986-11-09,Orebro,SWE,NA
8475622,Carter Hutton,20162017,STL,G,1985-12-19,Thunder Bay,CAN,ON
8471761,Chris Butler,20162017,STL,D,1986-10-27,St. Louis,USA,MO
8476892,Colton Parayko,20162017,STL,D,1993-05-12,St. Albert,CAN,AB
8474102,David Perron,20162017,STL,L,1988-05-28,Sherbrooke,CAN,QC
8476436,Dmitrij Jaskin,20162017,STL,R,1993-03-23,Omsk,RUS,NA
8477964,Ivan Barbashev,20162017,STL,C,1995-12-14,Moscow,RUS,NA
8475768,Jaden Schwartz,20162017,STL,L,1992-06-25,Wilcox,CAN,SK
8474596,Jake Allen,20162017,STL,G,1990-08-07,Fredericton,CAN,NB
8470151,Jay Bouwmeester,20162017,STL,D,1983-09-27,Edmonton,CAN,AB
8476441,Joel Edmundson,20162017,STL,D,1993-06-28,Brandon,CAN,MB
8476877,Jordan Schmaltz,20162017,STL,D,1993-10-08,Madison,USA,WI
8474627,Jori Lehtera,20162017,STL,C,1987-12-23,Helsinki,FIN,NA
8475844,Kenny Agostino,20162017,STL,L,1992-04-30,Morristown,USA,NJ
8474031,Kevin Shattenkirk,20162017,STL,D,1989-01-29,New Rochelle,USA,NY
8470803,Kyle Brodziak,20162017,STL,C,1984-05-25,St. Paul,CAN,AB
8475175,Magnus Paajarvi,20162017,STL,L,1991-04-12,Norrkoping,SWE,NA
8476855,Nail Yakupov,20162017,STL,R,1993-10-06,Nizhnekamsk,RUS,NA
8473534,Patrik Berglund,20162017,STL,C,1988-06-02,Västerås,SWE,NA
8471669,Paul Stastny,20162017,STL,C,1985-12-27,Quebec City,CAN,QC
8476989,Petteri Lindbohm,20162017,STL,D,1993-09-23,Helsinki,FIN,NA
8477831,Pheonix Copley,20162017,STL,G,1992-01-18,North Pole,USA,AK
8477952,Robby Fabbri,20162017,STL,C,1996-01-22,Mississauga,CAN,ON
8474145,Robert Bortuzzo,20162017,STL,D,1989-03-18,Thunder Bay,CAN,ON
8471817,Ryan Reaves,20162017,STL,R,1987-01-20,Winnipeg,CAN,MB
8470105,Scottie Upshall,20162017,STL,R,1983-10-07,Fort McMurray,CAN,AB
8476427,Ty Rattie,20162017,STL,R,1993-02-05,Calgary,CAN,AB
8471743,Vladimir Sobotka,20162017,STL,L,1987-07-02,Trebic,CZE,NA
8475765,Vladimir Tarasenko,20162017,STL,R,1991-12-13,Yaroslavl,RUS,NA
8475263,Wade Megan,20162017,STL,C,1990-07-22,Canton,USA,NY
8477482,Zachary Sanford,20162017,STL,L,1994-11-09,Salem,USA,MA
8477454,Adam Erne,20162017,TBL,L,1995-04-20,New Haven,USA,CT
8473986,Alex Killorn,20162017,TBL,L,1989-09-14,Halifax,CAN,NS
8476883,Andrei Vasilevskiy,20162017,TBL,G,1994-07-25,Tyumen,RUS,NA
8477205,Andrej Sustr,20162017,TBL,D,1990-11-29,Plzen,CZE,NA
8471873,Anton Stralman,20162017,TBL,D,1986-08-01,Tibro,SWE,NA
8471750,Ben Bishop,20162017,TBL,G,1986-11-21,Denver,USA,CO
8478010,Brayden Point,20162017,TBL,C,1996-03-13,Calgary,CAN,AB
8470601,Braydon Coburn,20162017,TBL,D,1985-02-27,Shaunavon,CAN,SK
8470619,Brian Boyle,20162017,TBL,C,1984-12-18,Hingham,USA,MA
8475278,Byron Froese,20162017,TBL,C,1991-03-12,Winkler,CAN,MB
8476975,Cedric Paquette,20162017,TBL,C,1993-08-13,Gaspe,CAN,QC
8476195,Cory Conacher,20162017,TBL,C,1989-12-14,Burlington,CAN,ON
8473588,Erik Condra,20162017,TBL,R,1986-08-06,Trenton,USA,MI
8475254,Gabriel Dumont,20162017,TBL,C,1990-10-06,Degelis,CAN,QC
8475735,Greg McKegg,20162017,TBL,C,1992-06-17,St. Thomas,CAN,ON
8476806,JT Brown,20162017,TBL,R,1990-07-02,Burnsville,USA,MN
8477009,Jake Dotchin,20162017,TBL,D,1994-03-24,Cambridge,CAN,ON
8474520,Jason Garrison,20162017,TBL,D,1984-11-13,White Rock,CAN,BC
8477326,Joel Vermin,20162017,TBL,R,1992-02-05,Bern,CHE,NA
8477494,Jonathan Drouin,20162017,TBL,L,1995-03-28,Ste-Agathe,CAN,QC
8477356,Kristers Gudlevskis,20162017,TBL,G,1992-07-31,Aizkraukle,LVA,NA
8474722,Luke Witkowski,20162017,TBL,R,1990-04-14,Holland,USA,MI
8476285,Matthew Peca,20162017,TBL,C,1993-04-27,Petawawa,CAN,ON
8475739,Michael Bournival,20162017,TBL,L,1992-05-31,Shawinigan,CAN,QC
8476453,Nikita Kucherov,20162017,TBL,R,1993-06-17,Maykop,RUS,NA
8476300,Nikita Nesterov,20162017,TBL,D,1993-03-28,Chelyabinsk,RUS,NA
8476292,Ondrej Palat,20162017,TBL,L,1991-03-28,Frydek-Mistek,CZE,NA
8469514,Peter Budaj,20162017,TBL,G,1982-09-18,Banská Bystrica,SVK,NA
8471339,Ryan Callahan,20162017,TBL,R,1985-03-21,Rochester,USA,NY
8476886,Slater Koekkoek,20162017,TBL,D,1994-02-18,Winchester,CAN,ON
8474564,Steven Stamkos,20162017,TBL,C,1990-02-07,Markham,CAN,ON
8476911,Tanner Richard,20162017,TBL,C,1993-04-06,Markham,CAN,ON
8474870,Tyler Johnson,20162017,TBL,C,1990-07-29,Spokane,USA,WA
8470047,Valtteri Filppula,20162017,TBL,C,1984-03-20,Vantaa,FIN,NA
8475167,Victor Hedman,20162017,TBL,D,1990-12-18,Ornskoldsvik,SWE,NA
8476480,Vladislav Namestnikov,20162017,TBL,C,1992-11-22,Zhukovskiy,RUS,NA
8476826,Yanni Gourde,20162017,TBL,C,1991-12-15,Saint-Narcisse,CAN,QC
8476289,Alexey Marchenko,20162017,TOR,D,1992-01-02,Moscow,RUS,NA
8477312,Antoine Bibeau,20162017,TOR,G,1994-05-01,Victoriaville,CAN,QC
8479318,Auston Matthews,20162017,TOR,C,1997-09-17,San Ramon,USA,CA
8474727,Ben Smith,20162017,TOR,R,1988-07-11,Winston-Salem,USA,NC
8470619,Brian Boyle,20162017,TOR,C,1984-12-18,Hingham,USA,MA
8475278,Byron Froese,20162017,TOR,C,1991-03-12,Winkler,CAN,MB
8477015,Connor Brown,20162017,TOR,R,1994-01-14,Toronto,CAN,ON
8476941,Connor Carrick,20162017,TOR,D,1994-04-13,Orland Park,USA,IL
8470147,Curtis McElhinney,20162017,TOR,G,1983-05-23,London,CAN,ON
8470611,Eric Fehr,20162017,TOR,C,1985-09-07,Winkler,CAN,MB
8476302,Frank Corrado,20162017,TOR,D,1993-03-26,Toronto,CAN,ON
8475883,Frederik Andersen,20162017,TOR,G,1989-10-02,Herning,DNK,NA
8477512,Frederik Gauthier,20162017,TOR,C,1995-04-26,Laval,CAN,QC
8474581,Jake Gardiner,20162017,TOR,D,1990-07-04,Minnetonka,USA,MN
8474037,James van Riemsdyk,20162017,TOR,L,1989-05-04,Middletown,USA,NJ
8473523,Jhonas Enroth,20162017,TOR,G,1988-06-25,Stockholm,SWE,NA
8476410,Josh Leivo,20162017,TOR,L,1993-05-26,Innisfil,CAN,ON
8477953,Kasperi Kapanen,20162017,TOR,R,1996-07-23,Kuopio,FIN,NA
8473463,Leo Komarov,20162017,TOR,C,1987-01-23,Narva,EST,NA
8475716,Martin Marincin,20162017,TOR,D,1992-02-18,Kosice,SVK,NA
8471436,Matt Hunwick,20162017,TOR,D,1985-05-21,Warren,USA,MI
8474709,Matt Martin,20162017,TOR,L,1989-05-08,Windsor,CAN,ON
8470599,Milan Michalek,20162017,TOR,L,1984-12-07,Jindrichuv Hradec,CZE,NA
8478483,Mitch Marner,20162017,TOR,R,1997-05-05,Markham,CAN,ON
8476853,Morgan Rielly,20162017,TOR,D,1994-03-09,Vancouver,CAN,BC
8475172,Nazem Kadri,20162017,TOR,C,1990-10-06,London,CAN,ON
8478373,Nikita Soshnikov,20162017,TOR,R,1993-10-14,Nizhny Tagil,RUS,NA
8479458,Nikita Zaitsev,20162017,TOR,D,1991-10-29,Moscow,RUS,NA
8475180,Peter Holland,20162017,TOR,C,1991-01-14,Toronto,CAN,ON
8471392,Roman Polak,20162017,TOR,D,1986-04-28,Ostrava,CZE,NA
8476495,Seth Griffith,20162017,TOR,C,1993-01-04,Wallaceburg,CAN,ON
8475098,Tyler Bozak,20162017,TOR,C,1986-03-19,Regina,CAN,SK
8477939,William Nylander,20162017,TOR,R,1996-05-01,Calgary,CAN,AB
8475786,Zach Hyman,20162017,TOR,L,1992-06-09,Toronto,CAN,ON
8473415,Alex Biega,20162017,VAN,D,1988-04-04,Montréal,CAN,QC
8471303,Alexander Edler,20162017,VAN,D,1986-04-21,Ostersund,SWE,NA
8470358,Alexandre Burrows,20162017,VAN,R,1981-04-11,Pincourt,CAN,QC
8476414,Alexandre Grenier,20162017,VAN,R,1991-09-05,Laval,CAN,QC
8475210,Anton Rodin,20162017,VAN,R,1990-11-21,Stockholm,SWE,NA
8477018,Ben Hutton,20162017,VAN,D,1993-04-20,Brockville,CAN,ON
8477500,Bo Horvat,20162017,VAN,C,1995-04-05,London,CAN,ON
8477916,Borna Rendulic,20162017,VAN,C,1992-03-25,Zagreb,HRV,NA
8474091,Brandon Sutter,20162017,VAN,C,1989-02-14,Huntington,USA,NY
8476867,Brendan Gaunce,20162017,VAN,C,1994-03-25,Sudbury,CAN,ON
8478444,Brock Boeser,20162017,VAN,R,1997-02-25,Burnsville,USA,MN
8475690,Chris Tanev,20162017,VAN,D,1989-12-20,Toronto,CAN,ON
8467875,Daniel Sedin,20162017,VAN,L,1980-09-26,Ornskoldsvik,SWE,NA
8473432,Derek Dorsett,20162017,VAN,R,1986-12-20,Kindersley,CAN,SK
8475213,Drew Shore,20162017,VAN,C,1991-01-29,Denver,USA,CO
8475790,Erik Gudbranson,20162017,VAN,D,1992-01-07,Ottawa,CAN,ON
8477091,Evan McEneny,20162017,VAN,D,1994-05-22,Hamilton,CAN,ON
8479969,Griffen Molino,20162017,VAN,C,1994-01-21,Trenton,USA,MI
8467876,Henrik Sedin,20162017,VAN,C,1980-09-26,Ornskoldsvik,SWE,NA
8471681,Jack Skille,20162017,VAN,R,1987-05-19,Madison,USA,WI
8474593,Jacob Markstrom,20162017,VAN,G,1990-01-31,Gavle,SWE,NA
8477937,Jake Virtanen,20162017,VAN,R,1996-08-17,Langley,CAN,BC
8471498,Jannik Hansen,20162017,VAN,R,1986-03-15,Rødovre,DNK,NA
8477126,Jayson Megna,20162017,VAN,C,1990-02-01,Fort Lauderdale,USA,FL
8476390,Joseph Cramarossa,20162017,VAN,C,1992-10-26,Markham,CAN,ON
8476425,Joseph LaBate,20162017,VAN,C,1993-04-16,Burnsville,USA,MN
8470626,Loui Eriksson,20162017,VAN,L,1985-07-17,Gothenburg,SWE,NA
8474579,Luca Sbisa,20162017,VAN,D,1990-01-30,Ozieri,ITA,NA
8476440,Markus Granlund,20162017,VAN,C,1993-04-16,Oulu,FIN,NA
8475808,Michael Chaput,20162017,VAN,C,1992-04-09,Ile Bizard,CAN,QC
8477816,Michael Zalewski,20162017,VAN,L,1992-08-18,New Hartford,USA,NY
8477997,Nikita Tryamkin,20162017,VAN,D,1994-08-30,Yekaterinburg,RUS,NA
8477958,Nikolay Goldobin,20162017,VAN,R,1995-10-07,Moscow,RUS,NA
8474707,Philip Larsen,20162017,VAN,D,1989-12-07,Esbjerg,DNK,NA
8476423,Reid Boucher,20162017,VAN,C,1993-09-08,Lansing,USA,MI
8473614,Richard Bachman,20162017,VAN,G,1987-07-25,Salt Lake City,USA,UT
8468011,Ryan Miller,20162017,VAN,G,1980-07-17,East Lansing,USA,MI
8476466,Sven Baertschi,20162017,VAN,L,1992-10-05,Bern,CHE,NA
8479442,Troy Stecher,20162017,VAN,D,1994-04-07,Richmond,CAN,BC
8476392,Adam Lowry,20162017,WPG,C,1993-03-29,St. Louis,USA,MO
8475788,Alexander Burmistrov,20162017,WPG,C,1991-10-21,Kazan,RUS,NA
8477429,Andrew Copp,20162017,WPG,C,1994-07-08,Ann Arbor,USA,MI
8475279,Ben Chiarot,20162017,WPG,D,1991-05-09,Hamilton,CAN,ON
8471218,Blake Wheeler,20162017,WPG,R,1986-08-31,Plymouth,USA,MN
8479293,Brandon Tanev,20162017,WPG,L,1991-12-31,Toronto,CAN,ON
8473565,Brian Strait,20162017,WPG,D,1988-01-04,Waltham,USA,MA
8473412,Bryan Little,20162017,WPG,C,1987-11-12,Edmonton,CAN,AB
8469501,Chris Thorburn,20162017,WPG,R,1983-06-03,Sault Ste. Marie,CAN,ON
8476945,Connor Hellebuyck,20162017,WPG,G,1993-05-19,Commerce,USA,MI
8471226,Drew Stafford,20162017,WPG,R,1985-10-30,Milwaukee,USA,WI
8470834,Dustin Byfuglien,20162017,WPG,D,1985-03-27,Roseau,USA,MN
8477480,Eric Comrie,20162017,WPG,G,1995-07-06,Edmonton,CAN,AB
8478458,Jack Roslovic,20162017,WPG,C,1997-01-29,Columbus,USA,OH
8476885,Jacob Trouba,20162017,WPG,D,1994-02-26,Rochester,USA,MI
8476469,Joel Armia,20162017,WPG,R,1993-05-31,Pori,FIN,NA
8477504,Josh Morrissey,20162017,WPG,D,1995-03-28,Calgary,CAN,AB
8475815,Julian Melchiori,20162017,WPG,D,1991-12-06,Richmond Hill,CAN,ON
8478398,Kyle Connor,20162017,WPG,L,1996-12-09,Shelby Township,USA,MI
8476460,Mark Scheifele,20162017,WPG,C,1993-03-15,Kitchener,CAN,ON
8470614,Mark Stuart,20162017,WPG,D,1984-04-27,Rochester,USA,MN
8477448,Marko Dano,20162017,WPG,C,1994-11-30,Eisenstadt,AUT,NA
8473618,Mathieu Perreault,20162017,WPG,L,1988-01-05,Drummondville,CAN,QC
8474636,Michael Hutchinson,20162017,WPG,G,1990-03-02,Barrie,CAN,ON
8478031,Nelson Nogier,20162017,WPG,D,1996-05-27,Saskatoon,CAN,SK
8477464,Nic Petan,20162017,WPG,L,1995-03-22,Delta,CAN,BC
8477940,Nikolaj Ehlers,20162017,WPG,L,1996-02-14,Aalborg,DNK,NA
8471715,Ondrej Pavelec,20162017,WPG,G,1987-08-31,Kladno,CZE,NA
8479339,Patrik Laine,20162017,WPG,R,1998-04-19,Tampere,FIN,NA
8474074,Paul Postma,20162017,WPG,D,1989-02-22,Red Deer,CAN,AB
8475769,Quinton Howden,20162017,WPG,C,1992-01-21,Winnipeg,CAN,MB
8473574,Shawn Matthias,20162017,WPG,L,1988-02-19,Mississauga,CAN,ON
8470828,Toby Enstrom,20162017,WPG,D,1984-11-05,Nordingra,SWE,NA
8474574,Tyler Myers,20162017,WPG,D,1990-02-01,Houston,USA,TX
8474604,Aaron Ness,20162017,WSH,D,1990-05-18,Roseau,USA,MN
8471214,Alex Ovechkin,20162017,WSH,L,1985-09-17,Moscow,RUS,NA
8477444,Andre Burakovsky,20162017,WSH,L,1995-02-09,Klagenfurt,AUT,NA
8474651,Braden Holtby,20162017,WSH,G,1989-09-16,Lloydminster,CAN,SK
8475792,Brett Connolly,20162017,WSH,R,1992-05-02,Campbell River,CAN,BC
8468498,Brooks Orpik,20162017,WSH,D,1980-09-26,San Francisco,USA,CA
8476905,Chandler Stephenson,20162017,WSH,C,1994-04-22,Saskatoon,CAN,SK
8471476,Daniel Winnik,20162017,WSH,L,1985-03-06,Toronto,CAN,ON
8475200,Dmitry Orlov,20162017,WSH,D,1991-07-23,Novokuznetsk,RUS,NA
8475744,Evgeny Kuznetsov,20162017,WSH,C,1992-05-19,Chelyabinsk,RUS,NA
8475291,Garrett Mitchell,20162017,WSH,R,1991-09-02,Regina,CAN,SK
8477944,Jakub Vrana,20162017,WSH,L,1996-02-28,Prague,CZE,NA
8474291,Jay Beagle,20162017,WSH,C,1985-10-16,Calgary,CAN,AB
8474590,John Carlson,20162017,WSH,D,1990-01-10,Natick,USA,MA
8468508,Justin Williams,20162017,WSH,R,1981-10-04,Cobourg,CAN,ON
8473991,Karl Alzner,20162017,WSH,D,1988-09-24,Burnaby,CAN,BC
8474031,Kevin Shattenkirk,20162017,WSH,D,1989-01-29,New Rochelle,USA,NY
8474189,Lars Eller,20162017,WSH,C,1989-05-08,Rodovre,DNK,NA
8477070,Liam O'Brien,20162017,WSH,C,1994-07-29,Halifax,CAN,NS
8475149,Marcus Johansson,20162017,WSH,L,1990-10-06,Landskrona,SWE,NA
8471702,Matt Niskanen,20162017,WSH,D,1986-12-06,Virginia,USA,MN
8477220,Nate Schmidt,20162017,WSH,D,1991-07-16,St. Cloud,USA,MN
8473563,Nicklas Backstrom,20162017,WSH,C,1987-11-23,Gavle,SWE,NA
8474008,Paul Carey,20162017,WSH,C,1988-09-24,Boston,USA,MA
8475831,Philipp Grubauer,20162017,WSH,G,1991-11-25,Rosenheim,DEU,NA
8477003,Riley Barber,20162017,WSH,R,1994-02-07,Pittsburgh,USA,PA
8471698,T.J. Oshie,20162017,WSH,R,1986-12-23,Everett,USA,WA
8471710,Taylor Chorney,20162017,WSH,D,1987-04-27,Thunder Bay,CAN,ON
8476880,Tom Wilson,20162017,WSH,R,1994-03-29,Toronto,CAN,ON
8477482,Zachary Sanford,20162017,WSH,C,1994-11-09,Salem,USA,MA
8474641,Adam Henrique,20172018,ANA,C,1990-02-06,Brantford,CAN,ON
8471699,Andrew Cogliano,20172018,ANA,L,1987-06-14,Toronto,CAN,ON
8476407,Andy Welinski,20172018,ANA,D,1993-04-27,Duluth,USA,MN
8468535,Antoine Vermette,20172018,ANA,C,1982-07-20,St. Agapit,CAN,QC
8477986,Brandon Montour,20172018,ANA,D,1994-04-11,Brantford,CAN,ON
8475764,Cam Fowler,20172018,ANA,D,1991-12-05,Windsor,CAN,ON
8467967,Chris Kelly,20172018,ANA,C,1980-11-11,Toronto,CAN,ON
8475780,Chris Wagner,20172018,ANA,C,1991-05-27,Walpole,USA,MA
8470621,Corey Perry,20172018,ANA,R,1985-05-16,Peterborough,CAN,ON
8477929,Dennis Rasmussen,20172018,ANA,C,1990-07-03,Vasteras,SWE,NA
8474683,Derek Grant,20172018,ANA,C,1990-04-20,Abbotsford,CAN,BC
8467400,Francois Beauchemin,20172018,ANA,D,1980-06-04,Sorel,CAN,QC
8479613,Giovanni Fiore,20172018,ANA,L,1996-08-13,Laval,CAN,QC
8476854,Hampus Lindholm,20172018,ANA,D,1994-01-20,Helsingborg,SWE,NA
8476806,JT Brown,20172018,ANA,R,1990-07-02,Burnsville,USA,MN
8475164,Jakob Silfverberg,20172018,ANA,R,1990-10-13,Gavle,SWE,NA
8471766,Jared Boll,20172018,ANA,R,1986-05-13,Charlotte,USA,NC
8466251,Jason Chimera,20172018,ANA,L,1979-05-02,Edmonton,CAN,AB
8477034,Jaycob Megna,20172018,ANA,D,1992-12-10,Plantation,USA,FL
8476434,John Gibson,20172018,ANA,G,1993-07-14,Pittsburgh,USA,PA
8477010,Joseph Blandisi,20172018,ANA,C,1994-07-18,Markham,CAN,ON
8476312,Josh Manson,20172018,ANA,D,1991-10-07,Hinsdale,USA,IL
8479290,Kalle Kossila,20172018,ANA,C,1993-04-14,Kauniainen,FIN,NA
8469598,Kevin Bieksa,20172018,ANA,D,1981-06-16,Grimsby,CAN,ON
8476971,Kevin Roy,20172018,ANA,L,1993-05-20,Greenfield Park,CAN,QC
8473560,Korbinian Holzer,20172018,ANA,D,1988-02-16,Munich,DEU,NA
8476400,Logan Shaw,20172018,ANA,C,1992-10-05,Glace Bay,CAN,NS
8477969,Marcus Pettersson,20172018,ANA,D,1996-05-08,Skelleftea,SWE,NA
8475436,Mike Liambas,20172018,ANA,L,1989-02-16,Toronto,CAN,ON
8477941,Nick Ritchie,20172018,ANA,L,1995-12-05,Orangeville,CAN,ON
8476866,Nicolas Kerdiles,20172018,ANA,L,1994-01-11,Lewisville,USA,TX
8478131,Ondrej Kase,20172018,ANA,R,1995-11-08,Kadan,CZE,NA
8470622,Patrick Eaves,20172018,ANA,R,1984-05-01,Calgary,CAN,AB
8473499,Reto Berra,20172018,ANA,G,1987-01-03,Bülach,CHE,NA
8476483,Rickard Rakell,20172018,ANA,L,1993-05-05,Sundbyberg,SWE,NA
8470612,Ryan Getzlaf,20172018,ANA,C,1985-05-10,Regina,CAN,SK
8470616,Ryan Kesler,20172018,ANA,C,1984-08-31,Livonia,USA,MI
8468011,Ryan Miller,20172018,ANA,G,1980-07-17,East Lansing,USA,MI
8475222,Sami Vatanen,20172018,ANA,D,1991-06-03,Jyväskylä,FIN,NA
8478873,Troy Terry,20172018,ANA,R,1997-09-10,Denver,USA,CO
8476431,Adam Clendening,20172018,ARI,D,1992-10-26,Niagara Falls,USA,NY
8478499,Adin Hill,20172018,ARI,G,1996-05-11,Comox,CAN,BC
8471274,Alex Goligoski,20172018,ARI,D,1985-07-30,Grand Rapids,USA,MN
8477407,Anthony Duclair,20172018,ARI,L,1995-08-26,Pointe-Claire,CAN,QC
8477293,Antti Raanta,20172018,ARI,G,1989-05-12,Rauma,FIN,NA
8470755,Brad Richardson,20172018,ARI,C,1985-02-04,Belleville,CAN,ON
8477943,Brendan Perlini,20172018,ARI,L,1996-04-27,Guildford,GBR,NA
8477989,Christian Dvorak,20172018,ARI,C,1996-02-02,Palos,USA,IL
8478432,Christian Fischer,20172018,ARI,R,1997-04-15,Chicago,USA,IL
8479343,Clayton Keller,20172018,ARI,R,1998-07-29,Chesterfield,USA,MO
8477541,Dakota Mermis,20172018,ARI,D,1994-01-05,Alton,USA,IL
8475311,Darcy Kuemper,20172018,ARI,G,1990-05-05,Saskatoon,CAN,SK
8474613,Derek Stepan,20172018,ARI,C,1990-06-18,Hastings,USA,MN
8478440,Dylan Strome,20172018,ARI,C,1997-03-07,Mississauga,CAN,ON
8475878,Freddie Hamilton,20172018,ARI,C,1992-01-01,Toronto,CAN,ON
8479345,Jakob Chychrun,20172018,ARI,D,1998-03-31,Boca Raton,USA,FL
8474218,Jason Demers,20172018,ARI,D,1988-06-09,Dorval,CAN,QC
8477810,Joel Hanley,20172018,ARI,D,1991-06-08,Keswick,CAN,ON
8476921,Jordan Martinook,20172018,ARI,L,1992-07-25,Brandon,CAN,MB
8476326,Josh Archibald,20172018,ARI,R,1992-10-06,Regina,CAN,SK
8475246,Kevin Connauton,20172018,ARI,D,1990-02-23,Edmonton,CAN,AB
8478476,Kyle Capobianco,20172018,ARI,D,1997-08-13,Mississauga,CAN,ON
8477460,Laurent Dauphin,20172018,ARI,C,1995-03-27,Repentigny,CAN,QC
8478474,Lawson Crouse,20172018,ARI,L,1997-06-23,Mt. Brydges,CAN,ON
8475839,Louis Domingue,20172018,ARI,G,1992-03-06,St-Hyacinthe,CAN,QC
8474568,Luke Schenn,20172018,ARI,D,1989-11-02,Saskatoon,CAN,SK
8476986,Marek Langhamer,20172018,ARI,G,1994-07-22,Moravska Trebova,CZE,NA
8474131,Mario Kempe,20172018,ARI,R,1988-09-19,Kramfors,SWE,NA
8477503,Max Domi,20172018,ARI,L,1995-03-02,Winnipeg,CAN,MB
8476393,Nick Cousins,20172018,ARI,C,1993-07-20,Belleville,CAN,ON
8478447,Nick Merkley,20172018,ARI,R,1997-05-23,Calgary,CAN,AB
8471769,Niklas Hjalmarsson,20172018,ARI,D,1987-06-06,Eksjo,SWE,NA
8475171,Oliver Ekman-Larsson,20172018,ARI,D,1991-07-17,Karlskrona,SWE,NA
8475209,Richard Panik,20172018,ARI,R,1991-02-07,Martin,SVK,NA
8475809,Scott Wedgewood,20172018,ARI,G,1992-08-14,Brampton,CAN,ON
8476356,Tobias Rieder,20172018,ARI,R,1993-01-10,Landshut,DEU,NA
8477634,Trevor Murphy,20172018,ARI,D,1995-07-17,Windsor,CAN,ON
8474736,Zac Rinaldo,20172018,ARI,C,1990-06-15,Mississauga,CAN,ON
8471717,Adam McQuaid,20172018,BOS,D,1986-10-12,Charlottetown,CAN,PE
8478075,Anders Bjork,20172018,BOS,L,1996-08-05,Mequon,USA,WI
8477320,Anton Blidh,20172018,BOS,L,1995-03-14,Molnlycke,SWE,NA
8471418,Anton Khudobin,20172018,BOS,G,1986-05-07,Ust-Kamenogorsk,KAZ,NA
8478512,Austin Czarnik,20172018,BOS,C,1992-12-12,Detroit,USA,MI
8473419,Brad Marchand,20172018,BOS,L,1988-05-11,Halifax,CAN,NS
8478443,Brandon Carlo,20172018,BOS,D,1996-11-26,Colorado Springs,USA,CO
8467407,Brian Gionta,20172018,BOS,R,1979-01-18,Rochester,USA,NY
8479325,Charlie McAvoy,20172018,BOS,D,1997-12-21,Long Beach,USA,NY
8477529,Colby Cave,20172018,BOS,C,1994-12-26,Battleford,CAN,SK
8478046,Danton Heinen,20172018,BOS,C,1995-07-05,Langley,CAN,BC
8470655,David Backes,20172018,BOS,R,1984-05-01,Minneapolis,USA,MN
8471276,David Krejci,20172018,BOS,C,1986-04-28,Sternberk,CZE,NA
8477956,David Pastrnak,20172018,BOS,R,1996-05-25,Havirov,CZE,NA
8478366,Frank Vatrano,20172018,BOS,C,1994-03-14,East Longmeadow,USA,MA
8478498,Jake DeBrusk,20172018,BOS,L,1996-10-17,Edmonton,CAN,AB
8475224,Jordan Szwarz,20172018,BOS,R,1991-05-14,Burlington,CAN,ON
8475844,Kenny Agostino,20172018,BOS,L,1992-04-30,Morristown,USA,NJ
8476191,Kevan Miller,20172018,BOS,D,1987-11-15,Los Angeles,USA,CA
8473492,Matt Beleskey,20172018,BOS,L,1988-06-07,Windsor,CAN,ON
8476891,Matt Grzelcyk,20172018,BOS,D,1994-01-05,Charlestown,USA,MA
8474207,Nick Holden,20172018,BOS,D,1987-05-15,St. Albert,CAN,AB
8478569,Noel Acciari,20172018,BOS,C,1991-12-01,Johnston,USA,RI
8470638,Patrice Bergeron,20172018,BOS,C,1985-07-24,L'Ancienne-Lorette,CAN,QC
8474074,Paul Postma,20172018,BOS,D,1989-02-22,Red Deer,CAN,AB
8477417,Peter Cehlarik,20172018,BOS,L,1995-08-02,Zilina,SVK,NA
8470041,Rick Nash,20172018,BOS,L,1984-06-16,Brampton,CAN,ON
8474062,Riley Nash,20172018,BOS,C,1989-05-09,Consort,CAN,AB
8476303,Rob O'Gara,20172018,BOS,D,1993-07-06,Massapequa,USA,NY
8477987,Ryan Donato,20172018,BOS,C,1996-04-09,Boston,USA,MA
8475727,Ryan Spooner,20172018,BOS,C,1992-01-30,Ottawa,CAN,ON
8476374,Sean Kuraly,20172018,BOS,C,1993-01-20,Niagara Falls,USA,NY
8477213,Tim Schaller,20172018,BOS,C,1990-11-16,Merrimack,USA,NH
8474739,Tommy Wingels,20172018,BOS,C,1988-04-12,Evanston,USA,IL
8476792,Torey Krug,20172018,BOS,D,1991-04-12,Livonia,USA,MI
8471695,Tuukka Rask,20172018,BOS,G,1987-03-10,Savonlinna,FIN,NA
8465009,Zdeno Chara,20172018,BOS,D,1977-03-18,Trencin,SVK,NA
8476330,Adam Wilcox,20172018,BUF,G,1992-11-26,South St. Paul,USA,MN
8479423,Alex Nylander,20172018,BUF,R,1998-03-02,Calgary,CAN,AB
8471678,Benoit Pouliot,20172018,BUF,L,1986-09-29,Alfred,CAN,ON
8478425,Brendan Guhle,20172018,BUF,D,1997-07-29,Edmonton,CAN,AB
8479999,Casey Mittelstadt,20172018,BUF,C,1998-11-22,Eden Prairie,USA,MN
8479268,Casey Nelson,20172018,BUF,D,1992-07-18,Wisconsin Rapids,USA,WI
8473434,Chad Johnson,20172018,BUF,G,1986-06-10,Saskatoon,CAN,SK
8476982,Danny O'Regan,20172018,BUF,C,1994-01-30,Berlin,DEU,NA
8478542,Evan Rodrigues,20172018,BUF,L,1993-07-28,Toronto,CAN,ON
8475169,Evander Kane,20172018,BUF,L,1991-08-02,Vancouver,CAN,BC
8477392,Hudson Fasching,20172018,BUF,R,1995-07-28,Apple Valley,USA,MN
8478403,Jack Eichel,20172018,BUF,C,1996-10-28,North Chelmsford,USA,MA
8475185,Jacob Josefson,20172018,BUF,C,1991-03-02,Stockholm,SWE,NA
8476931,Jake McCabe,20172018,BUF,D,1993-10-12,Eau Claire,USA,WI
8469506,Jason Pominville,20172018,BUF,R,1982-11-30,Repentigny,CAN,QC
8475728,Johan Larsson,20172018,BUF,C,1992-07-25,Lau,SWE,NA
8475325,Jordan Nolan,20172018,BUF,C,1989-06-23,"Garden River, First Nations",CAN,ON
8470324,Josh Gorges,20172018,BUF,D,1984-08-14,Kelowna,CAN,BC
8477473,Justin Bailey,20172018,BUF,R,1995-07-01,Buffalo,USA,NY
8473992,Justin Falk,20172018,BUF,D,1988-10-11,Snowflake,CAN,MB
8479304,Kyle Criscuolo,20172018,BUF,C,1992-05-05,Southampton,USA,NJ
8473449,Kyle Okposo,20172018,BUF,R,1988-04-16,St. Paul,USA,MN
8476999,Linus Ullmark,20172018,BUF,G,1993-07-31,Lugnvik,SWE,NA
8474618,Marco Scandella,20172018,BUF,D,1990-02-23,Montréal,CAN,QC
8470852,Matt Moulson,20172018,BUF,L,1983-11-01,North York,CAN,ON
8476807,Matt Tennyson,20172018,BUF,D,1990-04-23,Minneapolis,USA,MN
8476470,Nathan Beaulieu,20172018,BUF,D,1992-12-05,Strathroy,CAN,ON
8477491,Nick Baptiste,20172018,BUF,R,1995-08-04,Ottawa,CAN,ON
8477499,Rasmus Ristolainen,20172018,BUF,D,1994-10-27,Turku,FIN,NA
8475215,Robin Lehner,20172018,BUF,G,1991-07-24,Gothenburg,SWE,NA
8475158,Ryan O'Reilly,20172018,BUF,C,1991-02-07,Clinton,CAN,ON
8477933,Sam Reinhart,20172018,BUF,R,1995-11-06,West Vancouver,CAN,BC
8476293,Scott Wilson,20172018,BUF,L,1992-04-24,Oakville,CAN,ON
8476495,Seth Griffith,20172018,BUF,C,1993-01-04,Wallaceburg,CAN,ON
8476166,Taylor Fedun,20172018,BUF,D,1988-06-04,Edmonton,CAN,AB
8479755,Victor Antipin,20172018,BUF,D,1992-12-06,Ust-Kamenogorsk,KAZ,NA
8474567,Zach Bogosian,20172018,BUF,D,1990-07-15,Massena,USA,NY
8474743,Zach Redmond,20172018,BUF,D,1988-07-26,Traverse City,USA,MI
8476878,Zemgus Girgensons,20172018,BUF,L,1994-01-05,Riga,LVA,NA
8477488,Brett Pesce,20172018,CAR,D,1994-11-15,Tarrytown,USA,NY
8476934,Brock McGinn,20172018,CAR,L,1994-02-02,Fergus,CAN,ON
8470320,Cam Ward,20172018,CAR,G,1984-02-29,Saskatoon,CAN,SK
8478585,Derek Ryan,20172018,CAR,C,1986-12-29,Spokane,USA,WA
8477496,Elias Lindholm,20172018,CAR,C,1994-12-02,Boden,SWE,NA
8477938,Haydn Fleury,20172018,CAR,D,1996-07-08,Carlyle,CAN,SK
8476958,Jaccob Slavin,20172018,CAR,D,1994-05-01,Denver,USA,CO
8479511,Janne Kuokkanen,20172018,CAR,L,1998-05-25,Oulunsalo,FIN,NA
8475784,Jeff Skinner,20172018,CAR,L,1992-05-16,Toronto,CAN,ON
8475807,Joakim Nordstrom,20172018,CAR,L,1992-02-25,Stockholm,SWE,NA
8473533,Jordan Staal,20172018,CAR,C,1988-09-10,Thunder Bay,CAN,ON
8477591,Josh Jooris,20172018,CAR,R,1990-07-14,Burlington,CAN,ON
8475753,Justin Faulk,20172018,CAR,D,1992-03-20,South St. Paul,USA,MN
8468508,Justin Williams,20172018,CAR,R,1981-10-04,Cobourg,CAN,ON
8476403,Klas Dahlbeck,20172018,CAR,D,1991-07-06,Katrineholm,SWE,NA
8470740,Lee Stempniak,20172018,CAR,R,1983-02-04,West Seneca,USA,NY
8478027,Lucas Wallmark,20172018,CAR,C,1995-09-05,Umea,SWE,NA
8475323,Marcus Kruger,20172018,CAR,C,1990-05-27,Stockholm,SWE,NA
8480039,Martin Necas,20172018,CAR,C,1999-01-15,Nove Mesto na Morave,CZE,NA
8478462,Nicolas Roy,20172018,CAR,C,1997-02-05,Amos,CAN,QC
8478396,Noah Hanifin,20172018,CAR,D,1997-01-25,Boston,USA,MA
8476858,Phillip Di Giuseppe,20172018,CAR,L,1993-10-09,Toronto,CAN,ON
8477981,Roland McKeown,20172018,CAR,D,1996-01-20,Listowel,CAN,ON
8474152,Scott Darling,20172018,CAR,G,1988-12-22,Newport News,USA,VA
8478427,Sebastian Aho,20172018,CAR,C,1997-07-26,Rauma,FIN,NA
8476882,Teuvo Teravainen,20172018,CAR,L,1994-09-11,Helsinki,FIN,NA
8476953,Trevor Carrick,20172018,CAR,D,1994-07-04,Stouffville,CAN,ON
8477845,Trevor van Riemsdyk,20172018,CAR,D,1991-07-24,Middletown,USA,NJ
8477458,Valentin Zykov,20172018,CAR,R,1995-05-15,St. Petersburg,RUS,NA
8476437,Victor Rask,20172018,CAR,C,1993-03-01,Leksand,SWE,NA
8477998,Warren Foegele,20172018,CAR,L,1996-04-01,Markham,CAN,ON
8476283,Alex Broadhurst,20172018,CBJ,C,1993-03-07,New Lenox,USA,IL
8477505,Alexander Wennberg,20172018,CBJ,C,1994-09-22,Stockholm,SWE,NA
8478550,Artemi Panarin,20172018,CBJ,L,1991-10-30,Korkino,RUS,NA
8476432,Boone Jenner,20172018,CBJ,C,1993-06-15,Dorchester,CAN,ON
8471273,Brandon Dubinsky,20172018,CBJ,C,1986-04-29,Anchorage,USA,AK
8474715,Cam Atkinson,20172018,CBJ,R,1989-06-05,Riverside,USA,CT
8475233,David Savard,20172018,CBJ,D,1990-10-22,St-Hyacinthe,CAN,QC
8478567,Dean Kukan,20172018,CBJ,D,1993-07-08,Volketswil,CHE,NA
8480762,Eric Robinson,20172018,CBJ,L,1995-06-14,Bellmawr,USA,NJ
8478506,Gabriel Carlsson,20172018,CBJ,D,1997-01-02,Orebro,SWE,NA
8474013,Ian Cole,20172018,CBJ,D,1989-02-21,Ann Arbor,USA,MI
8471677,Jack Johnson,20172018,CBJ,D,1987-01-13,Indianapolis,USA,IN
8476914,Joonas Korpisalo,20172018,CBJ,G,1994-04-28,Pori,FIN,NA
8475147,Jordan Schroeder,20172018,CBJ,L,1990-09-29,Lakeville,USA,MN
8476981,Josh Anderson,20172018,CBJ,R,1994-05-07,Burlington,CAN,ON
8469638,Jussi Jokinen,20172018,CBJ,L,1983-04-01,Kalajoki,FIN,NA
8476310,Lukas Sedlak,20172018,CBJ,C,1993-02-25,České Budějovice,CZE,NA
8473914,Mark Letestu,20172018,CBJ,C,1985-02-04,Elk Point,CAN,AB
8478541,Markus Hannikainen,20172018,CBJ,L,1993-03-26,Helsinki,FIN,NA
8478906,Markus Nutivaara,20172018,CBJ,D,1994-06-06,Oulu,FIN,NA
8474685,Matt Calvert,20172018,CBJ,L,1989-12-24,Brandon,CAN,MB
8471804,Nathan Gerbe,20172018,CBJ,C,1987-07-24,Oxford,USA,MI
8473422,Nick Foligno,20172018,CBJ,L,1987-10-31,Buffalo,USA,NY
8477416,Oliver Bjorkstrand,20172018,CBJ,R,1995-04-10,Herning,DNK,NA
8479400,Pierre-Luc Dubois,20172018,CBJ,C,1998-06-24,Ste-Agathe-des-Monts,CAN,QC
8476850,Ryan Murray,20172018,CBJ,D,1993-09-27,Regina,CAN,SK
8476449,Scott Harrington,20172018,CBJ,D,1993-03-10,Kingston,CAN,ON
8475683,Sergei Bobrovsky,20172018,CBJ,G,1988-09-20,Novokuznetsk,RUS,NA
8477495,Seth Jones,20172018,CBJ,D,1994-10-03,Arlington,USA,TX
8477947,Sonny Milano,20172018,CBJ,L,1996-05-12,Massapequa,USA,NY
8471710,Taylor Chorney,20172018,CBJ,D,1987-04-27,Thunder Bay,CAN,ON
8470598,Thomas Vanek,20172018,CBJ,L,1984-01-19,Vienna,AUT,NA
8477353,Tyler Motte,20172018,CBJ,C,1995-03-10,St. Clair,USA,MI
8474610,Zac Dalpe,20172018,CBJ,C,1989-11-01,Paris,CAN,ON
8478460,Zach Werenski,20172018,CBJ,D,1997-07-19,Grosse Pointe,USA,MI
8478233,Andrew Mangiapane,20172018,CGY,L,1996-04-04,Toronto,CAN,ON
8476967,Brett Kulak,20172018,CGY,D,1994-01-06,Edmonton,CAN,AB
8473485,Chris Stewart,20172018,CGY,R,1987-10-30,Toronto,CAN,ON
8477508,Curtis Lazar,20172018,CGY,C,1995-02-02,Salmon Arm,CAN,BC
8479496,David Rittich,20172018,CGY,G,1992-08-19,Jihlava,CZE,NA
8476462,Dougie Hamilton,20172018,CGY,D,1993-06-17,Toronto,CAN,ON
8475663,Eddie Lack,20172018,CGY,G,1988-01-05,Norrtalje,SWE,NA
8475878,Freddie Hamilton,20172018,CGY,C,1992-01-01,Toronto,CAN,ON
8477903,Garnet Hathaway,20172018,CGY,R,1991-11-23,Naples,USA,FL
8448208,Jaromir Jagr,20172018,CGY,R,1972-02-15,Kladno,CZE,NA
8476346,Johnny Gaudreau,20172018,CGY,L,1993-08-13,Salem,USA,NJ
8476903,Jon Gillies,20172018,CGY,G,1994-01-22,Concord,USA,NH
8471346,Kris Versteeg,20172018,CGY,R,1986-05-13,Lethbridge,CAN,AB
8475949,Marek Hrivik,20172018,CGY,L,1991-08-28,Cadca,SVK,NA
8470966,Mark Giordano,20172018,CGY,D,1983-10-03,Toronto,CAN,ON
8476873,Mark Jankowski,20172018,CGY,C,1994-09-13,Hamilton,CAN,ON
8474749,Matt Bartkowski,20172018,CGY,D,1988-06-04,Pittsburgh,USA,PA
8470162,Matt Stajan,20172018,CGY,C,1983-12-19,Mississauga,CAN,ON
8479314,Matthew Tkachuk,20172018,CGY,L,1997-12-11,Scottsdale,USA,AZ
8473564,Michael Frolik,20172018,CGY,R,1988-02-17,Kladno,CZE,NA
8474628,Michael Stone,20172018,CGY,D,1990-06-07,Winnipeg,CAN,MB
8475907,Micheal Ferland,20172018,CGY,L,1992-04-20,Swan River,CAN,MB
8474150,Mikael Backlund,20172018,CGY,C,1989-03-17,Vasteras,SWE,NA
8469608,Mike Smith,20172018,CGY,G,1982-03-22,Kingston,CAN,ON
8477449,Morgan Klimchuk,20172018,CGY,L,1995-03-02,Regina,CAN,SK
8476406,Nicholas Shore,20172018,CGY,C,1992-09-26,Denver,USA,CO
8478397,Rasmus Andersson,20172018,CGY,D,1996-10-27,Malmo,SWE,NA
8479066,Ryan Lomberg,20172018,CGY,L,1994-12-09,Richmond Hill,CAN,ON
8477935,Sam Bennett,20172018,CGY,C,1996-06-20,Holland Landing,CAN,ON
8477497,Sean Monahan,20172018,CGY,C,1994-10-12,Brampton,CAN,ON
8480330,Spencer Foo,20172018,CGY,R,1994-05-19,St. Albert,CAN,AB
8474673,TJ Brodie,20172018,CGY,D,1990-06-07,Chatham,CAN,ON
8470854,Tanner Glass,20172018,CGY,L,1983-11-29,Regina,CAN,SK
8474612,Travis Hamonic,20172018,CGY,D,1990-08-16,St. Malo,CAN,MB
8471426,Troy Brouwer,20172018,CGY,R,1985-08-17,Vancouver,CAN,BC
8479337,Alex DeBrincat,20172018,CHI,L,1997-12-18,Farmington Hills,USA,MI
8478561,Andreas Martinsen,20172018,CHI,L,1990-06-13,Bærum,NOR,NA
8477407,Anthony Duclair,20172018,CHI,L,1995-08-26,Pointe-Claire,CAN,QC
8476341,Anton Forsberg,20172018,CHI,G,1992-11-27,Härnösand,SWE,NA
8473573,Artem Anisimov,20172018,CHI,C,1988-05-24,Yaroslavl,RUS,NA
8479595,Blake Hillman,20172018,CHI,D,1996-01-26,Elk River,USA,MN
8476438,Brandon Saad,20172018,CHI,L,1992-10-27,Pittsburgh,USA,PA
8470607,Brent Seabrook,20172018,CHI,D,1985-04-20,Richmond,CAN,BC
8477472,Carl Dahlstrom,20172018,CHI,D,1995-01-28,Stockholm,SWE,NA
8471742,Cody Franson,20172018,CHI,D,1987-08-08,Sicamous,CAN,BC
8480420,Collin Delia,20172018,CHI,G,1994-06-20,Rancho Cucamonga,USA,CA
8476473,Connor Murphy,20172018,CHI,D,1993-03-26,Dublin,USA,OH
8470645,Corey Crawford,20172018,CHI,G,1984-12-31,Montréal,CAN,QC
8480144,David Kampf,20172018,CHI,C,1995-01-12,Chomutov,CZE,NA
8470281,Duncan Keith,20172018,CHI,D,1983-07-16,Winnipeg,CAN,MB
8478106,Dylan Sikura,20172018,CHI,R,1995-06-01,Aurora,CAN,ON
8476979,Erik Gustafsson,20172018,CHI,D,1992-03-14,Nynashamn,SWE,NA
8478055,Gustav Forsling,20172018,CHI,D,1996-06-12,Linkoping,SWE,NA
8475234,J-F Berube,20172018,CHI,G,1991-07-13,Repentigny,CAN,QC
8480172,Jan Rutta,20172018,CHI,D,1990-07-29,Pisek,CZE,NA
8471301,Jeff Glass,20172018,CHI,G,1985-11-19,Calgary,CAN,AB
8477401,John Hayden,20172018,CHI,R,1995-02-14,Chicago,USA,IL
8473604,Jonathan Toews,20172018,CHI,C,1988-04-29,Winnipeg,CAN,MB
8477851,Jordan Oesterle,20172018,CHI,D,1992-06-25,Dearborn Heights,USA,MI
8474642,Lance Bouma,20172018,CHI,L,1990-03-25,Provost,CAN,AB
8478146,Matthew Highmore,20172018,CHI,C,1996-02-27,Halifax,CAN,NS
8479482,Michal Kempny,20172018,CHI,D,1990-09-08,Hodonin,CZE,NA
8477951,Nick Schmaltz,20172018,CHI,C,1996-02-23,Madison,USA,WI
8474141,Patrick Kane,20172018,CHI,R,1988-11-19,Buffalo,USA,NY
8469544,Patrick Sharp,20172018,CHI,L,1981-12-27,Winnipeg,CAN,MB
8475209,Richard Panik,20172018,CHI,R,1991-02-07,Martin,SVK,NA
8477451,Ryan Hartman,20172018,CHI,L,1994-09-20,Hilton Head Island,USA,SC
8479138,Scott Foster,20172018,CHI,G,1982-01-17,Sarnia,CAN,ON
8478528,Tanner Kero,20172018,CHI,C,1992-07-24,Hancock,USA,MI
8476430,Tomas Jurco,20172018,CHI,L,1992-12-28,Kosice,SVK,NA
8474739,Tommy Wingels,20172018,CHI,R,1988-04-12,Evanston,USA,IL
8480153,Victor Ejdsell,20172018,CHI,C,1995-06-06,Karlstad,SWE,NA
8476994,Vinnie Hinostroza,20172018,CHI,L,1994-04-03,Chicago,USA,IL
8478421,A.J. Greer,20172018,COL,L,1996-12-14,Joliette,CAN,QC
8477021,Alexander Kerfoot,20172018,COL,C,1994-08-11,Vancouver,CAN,BC
8478842,Andrei Mironov,20172018,COL,D,1994-07-29,Moscow,RUS,NA
8477202,Andrew Hammond,20172018,COL,G,1988-02-11,Surrey,CAN,BC
8478073,Anton Lindholm,20172018,COL,D,1994-11-29,Skelleftea,SWE,NA
8471260,Blake Comeau,20172018,COL,L,1986-02-18,Meadow Lake,CAN,SK
8471262,Carl Soderberg,20172018,COL,C,1985-10-12,Malmo,SWE,NA
8477453,Chris Bigras,20172018,COL,D,1995-02-22,Orillia,CAN,ON
8474569,Colin Wilson,20172018,COL,C,1989-10-20,Greenwich,USA,CT
8474660,David Warsofsky,20172018,COL,D,1990-05-30,Marshfield,USA,MA
8476952,Dominic Toninato,20172018,COL,C,1994-03-09,Duluth,USA,MN
8476464,Duncan Siemens,20172018,COL,D,1993-09-07,Edmonton,CAN,AB
8473446,Erik Johnson,20172018,COL,D,1988-03-21,Bloomington,USA,MN
8475268,Gabriel Bourque,20172018,COL,L,1990-09-23,Rimouski,CAN,QC
8476455,Gabriel Landeskog,20172018,COL,L,1992-11-23,Stockholm,SWE,NA
8477456,J.T. Compher,20172018,COL,C,1995-04-08,Northbrook,USA,IL
8473541,Jonathan Bernier,20172018,COL,G,1988-08-07,Laval,CAN,QC
8475729,Mark Alt,20172018,COL,D,1991-10-18,Kansas City,USA,MO
8474717,Mark Barberio,20172018,COL,D,1990-03-23,Montréal,CAN,QC
8475168,Matt Duchene,20172018,COL,C,1991-01-16,Haliburton,CAN,ON
8476442,Matt Nieto,20172018,COL,L,1992-11-05,Long Beach,USA,CA
8478420,Mikko Rantanen,20172018,COL,R,1996-10-29,Nousiainen,FIN,NA
8476855,Nail Yakupov,20172018,COL,R,1993-10-06,Nizhnekamsk,RUS,NA
8477492,Nathan MacKinnon,20172018,COL,C,1995-09-01,Halifax,CAN,NS
8477507,Nikita Zadorov,20172018,COL,D,1995-04-16,Moscow,RUS,NA
8475747,Patrik Nemeth,20172018,COL,D,1992-02-08,Stockholm,SWE,NA
8476428,Rocco Grimaldi,20172018,COL,C,1993-02-08,Anaheim,USA,CA
8479398,Samuel Girard,20172018,COL,D,1998-05-12,Roberval,CAN,QC
8473575,Semyon Varlamov,20172018,COL,G,1988-04-27,Samara,RUS,NA
8477413,Sven Andrighetto,20172018,COL,R,1993-03-21,Zurich,CHE,NA
8475197,Tyson Barrie,20172018,COL,D,1991-07-26,Victoria,CAN,BC
8479370,Tyson Jost,20172018,COL,C,1998-03-14,St. Albert,CAN,AB
8477973,Vladislav Kamenev,20172018,COL,C,1996-08-12,Orsk,RUS,NA
8471490,Adam Cracknell,20172018,DAL,R,1985-07-15,Prince Albert,CAN,SK
8471228,Alexander Radulov,20172018,DAL,R,1986-07-05,Nizhny Tagil,RUS,NA
8474849,Antoine Roussel,20172018,DAL,L,1989-11-21,Roubaix,FRA,NA
8471750,Ben Bishop,20172018,DAL,G,1986-11-21,Denver,USA,CO
8476439,Brett Ritchie,20172018,DAL,R,1993-07-01,Orangeville,CAN,ON
8475310,Curtis McKenzie,20172018,DAL,L,1991-02-22,Golden,CAN,BC
8469465,Dan Hamhuis,20172018,DAL,D,1982-12-13,Smithers,CAN,BC
8476913,Devin Shore,20172018,DAL,C,1994-07-19,Ajax,CAN,ON
8477471,Dillon Heatherington,20172018,DAL,D,1995-05-09,Calgary,CAN,AB
8476902,Esa Lindell,20172018,DAL,D,1994-05-23,Vantaa,FIN,NA
8476966,Gemel Smith,20172018,DAL,C,1994-04-16,Toronto,CAN,ON
8474688,Greg Pateryn,20172018,DAL,D,1990-06-20,Sterling Heights,USA,MI
8473994,Jamie Benn,20172018,DAL,L,1989-07-18,Victoria,CAN,BC
8476467,Jamie Oleksiak,20172018,DAL,D,1992-12-21,Toronto,CAN,ON
8477450,Jason Dickinson,20172018,DAL,C,1995-07-04,Georgetown,CAN,ON
8469455,Jason Spezza,20172018,DAL,C,1983-06-13,Toronto,CAN,ON
8475906,John Klingberg,20172018,DAL,D,1992-08-14,Gothenburg,SWE,NA
8477945,Julius Honka,20172018,DAL,D,1995-12-03,Jyväskylä,FIN,NA
8470140,Kari Lehtonen,20172018,DAL,G,1983-11-16,Helsinki,FIN,NA
8470760,Marc Methot,20172018,DAL,D,1985-06-21,Ottawa,CAN,ON
8471691,Martin Hanzal,20172018,DAL,C,1987-02-20,Pisek,CZE,NA
8477406,Mattias Janmark,20172018,DAL,C,1992-12-08,Danderyd,SWE,NA
8470093,Mike McKenna,20172018,DAL,G,1983-04-11,St. Louis,USA,MO
8476889,Radek Faksa,20172018,DAL,C,1994-01-09,Vitkov,CZE,NA
8477461,Remi Elie,20172018,DAL,L,1995-04-16,Cornwall,CAN,ON
8475730,Stephen Johns,20172018,DAL,D,1992-04-18,Ellwood City,USA,PA
8475752,Tyler Pitlick,20172018,DAL,C,1991-11-01,Minneapolis,USA,MN
8475794,Tyler Seguin,20172018,DAL,C,1992-01-31,Brampton,CAN,ON
8476960,Andreas Athanasiou,20172018,DET,L,1994-08-06,Woodbridge,CAN,ON
8477511,Anthony Mantha,20172018,DET,R,1994-09-16,Longueuil,CAN,QC
8474873,Brian Lashoff,20172018,DET,D,1990-07-16,Albany,USA,NY
8477215,Danny DeKeyser,20172018,DET,D,1990-03-07,Detroit,USA,MI
8471794,Darren Helm,20172018,DET,L,1987-01-21,St. Andrews,CAN,MB
8471266,David Booth,20172018,DET,L,1984-11-24,Detroit,USA,MI
8477994,Dominic Turgeon,20172018,DET,C,1996-02-25,Pointe-Claire,CAN,QC
8477946,Dylan Larkin,20172018,DET,C,1996-07-30,Waterford,USA,MI
8478431,Evgeny Svechnikov,20172018,DET,R,1996-10-31,Yuzhno-Sakhalinsk,RUS,NA
8470144,Frans Nielsen,20172018,DET,C,1984-04-24,Herning,DNK,NA
8474679,Gustav Nyquist,20172018,DET,R,1989-09-01,Halmstad,SWE,NA
8468083,Henrik Zetterberg,20172018,DET,C,1980-10-09,Njurunda,SWE,NA
8477225,Jared Coreau,20172018,DET,G,1991-11-05,Perth,CAN,ON
8470657,Jimmy Howard,20172018,DET,G,1984-03-26,Syracuse,USA,NY
8478176,Joe Hicketts,20172018,DET,D,1996-05-04,Kamloops,CAN,BC
8470318,Jonathan Ericsson,20172018,DET,D,1984-03-02,Karlskrona,SWE,NA
8471716,Justin Abdelkader,20172018,DET,L,1987-02-25,Muskegon,USA,MI
8476822,Luke Glendening,20172018,DET,C,1989-04-28,Grand Rapids,USA,MI
8474722,Luke Witkowski,20172018,DET,D,1990-04-14,Holland,USA,MI
8476924,Martin Frk,20172018,DET,R,1993-10-05,Pelhrimov,CZE,NA
8471242,Mike Green,20172018,DET,D,1985-10-12,Calgary,CAN,AB
8475324,Nick Jensen,20172018,DET,D,1990-09-21,Rogers,USA,MN
8468509,Niklas Kronwall,20172018,DET,D,1981-01-12,Stockholm,SWE,NA
8475852,Petr Mrazek,20172018,DET,G,1992-02-14,Ostrava,CZE,NA
8475772,Riley Sheahan,20172018,DET,C,1991-12-07,St. Catharines,CAN,ON
8476293,Scott Wilson,20172018,DET,C,1992-04-24,Oakville,CAN,ON
8475193,Tomas Tatar,20172018,DET,L,1990-12-01,Ilava,SVK,NA
8470110,Trevor Daley,20172018,DET,D,1983-10-09,Toronto,CAN,ON
8477479,Tyler Bertuzzi,20172018,DET,L,1995-02-24,Sudbury,CAN,ON
8476443,Xavier Ouellet,20172018,DET,D,1993-07-29,Bayonne,FRA,NA
8476457,Adam Larsson,20172018,EDM,D,1992-11-12,Skelleftea,SWE,NA
8471219,Al Montoya,20172018,EDM,G,1985-02-13,Chicago,USA,IL
8471284,Andrej Sekera,20172018,EDM,D,1986-06-08,Bojnice,SVK,NA
8477415,Anton Slepyshev,20172018,EDM,L,1994-05-13,Penza,RUS,NA
8474089,Brad Malone,20172018,EDM,C,1989-05-20,Miramichi,CAN,NB
8475869,Brandon Davidson,20172018,EDM,D,1991-08-21,Taber,CAN,AB
8475660,Cam Talbot,20172018,EDM,G,1987-07-05,Caledonia,CAN,ON
8478402,Connor McDavid,20172018,EDM,C,1997-01-13,Richmond Hill,CAN,ON
8477498,Darnell Nurse,20172018,EDM,D,1995-02-04,Hamilton,CAN,ON
8479465,Drake Caggiula,20172018,EDM,L,1994-06-20,Pickering,CAN,ON
8473468,Eric Gryba,20172018,EDM,D,1988-04-14,Saskatoon,CAN,SK
8478451,Ethan Bear,20172018,EDM,D,1997-06-26,Regina,CAN,SK
8476336,Iiro Pakarinen,20172018,EDM,R,1991-08-25,Loviisa,FIN,NA
8479344,Jesse Puljujarvi,20172018,EDM,R,1998-05-07,Alvkarleby,SWE,NA
8476915,Jujhar Khaira,20172018,EDM,L,1994-08-13,Surrey,CAN,BC
8469638,Jussi Jokinen,20172018,EDM,L,1983-04-01,Kalajoki,FIN,NA
8479977,Kailer Yamamoto,20172018,EDM,R,1998-09-29,Spokane,USA,WA
8476397,Keegan Lowe,20172018,EDM,D,1993-03-29,Greenwich,USA,CT
8471729,Kris Russell,20172018,EDM,D,1987-05-02,Caroline,CAN,AB
8476316,Laurent Brossoit,20172018,EDM,G,1993-03-23,Port Alberni,CAN,BC
8477934,Leon Draisaitl,20172018,EDM,C,1995-10-27,Cologne,DEU,NA
8473914,Mark Letestu,20172018,EDM,C,1985-02-04,Elk Point,CAN,AB
8476988,Matt Benning,20172018,EDM,D,1994-05-25,Edmonton,CAN,AB
8469500,Michael Cammalleri,20172018,EDM,L,1982-06-08,Toronto,CAN,ON
8473473,Milan Lucic,20172018,EDM,L,1988-06-07,Vancouver,CAN,BC
8477573,Nathan Walker,20172018,EDM,L,1994-02-07,Cardiff,GBR,NA
8476472,Oscar Klefbom,20172018,EDM,D,1993-07-20,Karlstad,SWE,NA
8474034,Patrick Maroon,20172018,EDM,L,1988-04-23,St. Louis,USA,MO
8476857,Pontus Aberg,20172018,EDM,L,1993-09-23,Stockholm,SWE,NA
8476454,Ryan Nugent-Hopkins,20172018,EDM,C,1993-04-12,Burnaby,CAN,BC
8476458,Ryan Strome,20172018,EDM,C,1993-07-11,Mississauga,CAN,ON
8476427,Ty Rattie,20172018,EDM,R,1993-02-05,Calgary,CAN,AB
8479483,Yohann Auvitu,20172018,EDM,D,1989-07-27,Ivry-sur-Seine,FRA,NA
8475178,Zack Kassian,20172018,EDM,R,1991-01-24,Windsor,CAN,ON
8477932,Aaron Ekblad,20172018,FLA,D,1996-02-07,Windsor,CAN,ON
8477493,Aleksander Barkov,20172018,FLA,C,1995-09-02,Tampere,FIN,NA
8475755,Alexander Petrovic,20172018,FLA,D,1992-03-03,Edmonton,CAN,AB
8474550,Antti Niemi,20172018,FLA,G,1983-08-29,Vantaa,FIN,NA
8476322,Chase Balisy,20172018,FLA,C,1992-02-02,Fullerton,USA,CA
8474098,Colton Sceviour,20172018,FLA,C,1989-04-20,Red Deer,CAN,AB
8475736,Connor Brickley,20172018,FLA,C,1992-02-25,Everett,USA,MA
8477583,Curtis Valk,20172018,FLA,C,1993-02-08,Medicine Hat,CAN,AB
8478843,Denis Malgin,20172018,FLA,C,1997-01-18,Olten,CHE,NA
8468001,Derek MacKenzie,20172018,FLA,C,1981-06-11,Sudbury,CAN,ON
8478211,Dryden Hunt,20172018,FLA,L,1995-11-24,Cranbrook,CAN,BC
8474149,Evgenii Dadonov,20172018,FLA,R,1989-03-12,Chelyabinsk,RUS,NA
8478366,Frank Vatrano,20172018,FLA,C,1994-03-14,East Longmeadow,USA,MA
8474667,Harri Sateri,20172018,FLA,G,1989-12-29,Toijala,FIN,NA
8479404,Henrik Borgstrom,20172018,FLA,C,1997-08-06,Helsinki,FIN,NA
8480164,Henrik Haapala,20172018,FLA,L,1994-02-28,Lempaala,FIN,NA
8477452,Ian McCoshen,20172018,FLA,D,1995-08-05,Anaheim,USA,CA
8473503,James Reimer,20172018,FLA,G,1988-03-15,Morweena,CAN,MB
8473465,Jamie McGinn,20172018,FLA,L,1988-08-05,Fergus,CAN,ON
8477955,Jared McCann,20172018,FLA,C,1996-05-31,Stratford,CAN,ON
8476456,Jonathan Huberdeau,20172018,FLA,L,1993-06-04,Saint-Jerome,CAN,QC
8471735,Keith Yandle,20172018,FLA,D,1986-09-09,Boston,USA,MA
8477346,MacKenzie Weegar,20172018,FLA,D,1994-01-07,Ottawa,CAN,ON
8475796,Mark Pysyk,20172018,FLA,D,1992-01-11,Sherwood Park,CAN,AB
8479553,Maxim Mamin,20172018,FLA,C,1995-01-13,Moscow,RUS,NA
8474230,Micheal Haley,20172018,FLA,C,1986-03-30,Guelph,CAN,ON
8476875,Mike Matheson,20172018,FLA,D,1994-02-27,Pointe-Claire,CAN,QC
8475760,Nick Bjugstad,20172018,FLA,C,1992-07-17,Minneapolis,USA,MN
8480015,Owen Tippett,20172018,FLA,R,1999-02-16,Peterborough,CAN,ON
8468085,Radim Vrbata,20172018,FLA,R,1981-06-13,Mlada Boleslav,CZE,NA
8466141,Roberto Luongo,20172018,FLA,G,1979-04-04,Montréal,CAN,QC
8476389,Vincent Trocheck,20172018,FLA,C,1993-07-11,Pittsburgh,USA,PA
8477960,Adrian Kempe,20172018,LAK,R,1996-09-13,Kramfors,SWE,NA
8474166,Alec Martinez,20172018,LAK,D,1987-07-26,Rochester Hills,USA,MI
8480113,Alex Iafallo,20172018,LAK,L,1993-12-21,Eden,USA,NY
8476020,Andrew Crescenzi,20172018,LAK,C,1992-07-29,Thornhill,CAN,ON
8476404,Andy Andreoff,20172018,LAK,L,1991-05-17,Pickering,CAN,ON
8471685,Anze Kopitar,20172018,LAK,C,1987-08-24,Jesenice,SVN,NA
8469639,Brooks Laich,20172018,LAK,C,1983-06-23,Wawota,CAN,SK
8477850,Christian Folin,20172018,LAK,D,1991-02-09,Gothenburg,SWE,NA
8480771,Daniel Brickley,20172018,LAK,D,1995-03-30,Sandy,USA,UT
8475311,Darcy Kuemper,20172018,LAK,G,1990-05-05,Saskatoon,CAN,SK
8475762,Derek Forbort,20172018,LAK,D,1992-03-04,Duluth,USA,MN
8470602,Dion Phaneuf,20172018,LAK,D,1985-04-10,Edmonton,CAN,AB
8474563,Drew Doughty,20172018,LAK,D,1989-12-08,London,CAN,ON
8470606,Dustin Brown,20172018,LAK,R,1984-11-04,Ithaca,USA,NY
8475789,Jack Campbell,20172018,LAK,G,1992-01-09,Port Huron,USA,MI
8474162,Jake Muzzin,20172018,LAK,D,1989-02-21,Woodstock,CAN,ON
8470604,Jeff Carter,20172018,LAK,C,1985-01-01,London,CAN,ON
8471734,Jonathan Quick,20172018,LAK,G,1986-01-21,Milford,USA,CT
8477380,Jonny Brodzinski,20172018,LAK,L,1993-06-19,Ham Lake,USA,MN
8469638,Jussi Jokinen,20172018,LAK,L,1983-04-01,Kalajoki,FIN,NA
8477428,Justin Auger,20172018,LAK,R,1994-05-14,Kitchener,CAN,ON
8475857,Kevin Gravel,20172018,LAK,D,1992-03-06,Kingsford,USA,MI
8477073,Kurtis MacDermid,20172018,LAK,D,1994-03-25,Sauble Beach,CAN,ON
8475160,Kyle Clifford,20172018,LAK,L,1991-01-13,Ayr,CAN,ON
8468483,Marian Gaborik,20172018,LAK,R,1982-02-14,Trencin,SVK,NA
8478020,Michael Amadio,20172018,LAK,C,1996-05-13,Sault Ste. Marie,CAN,ON
8469500,Michael Cammalleri,20172018,LAK,C,1982-06-08,Toronto,CAN,ON
8470775,Nate Thompson,20172018,LAK,C,1984-10-05,Anchorage,USA,AK
8475343,Nic Dowd,20172018,LAK,C,1990-05-27,Huntsville,USA,AL
8476406,Nicholas Shore,20172018,LAK,C,1992-09-26,Denver,USA,CO
8480147,Oscar Fantenberg,20172018,LAK,D,1991-10-07,Ljunby,SWE,NA
8476983,Paul LaDue,20172018,LAK,D,1992-09-06,Grand Forks,USA,ND
8476871,Tanner Pearson,20172018,LAK,L,1992-08-10,Kitchener,CAN,ON
8476356,Tobias Rieder,20172018,LAK,C,1993-01-10,Landshut,DEU,NA
8471338,Torrey Mitchell,20172018,LAK,C,1985-01-30,Greenfield Park,CAN,QC
8473453,Trevor Lewis,20172018,LAK,C,1987-01-08,Salt Lake City,USA,UT
8475726,Tyler Toffoli,20172018,LAK,R,1992-04-24,Scarborough,CAN,ON
8471774,Alex Stalock,20172018,MIN,G,1987-07-28,Saint Paul,USA,MN
8471811,Cal O'Reilly,20172018,MIN,C,1986-09-30,Toronto,CAN,ON
8477369,Carson Soucy,20172018,MIN,D,1994-07-27,Viking,CAN,AB
8475745,Charlie Coyle,20172018,MIN,C,1992-03-02,East Weymouth,USA,MA
8473485,Chris Stewart,20172018,MIN,R,1987-10-30,Toronto,CAN,ON
8477006,Christoph Bertschy,20172018,MIN,C,1994-04-05,Fribourg,CHE,NA
8471476,Daniel Winnik,20172018,MIN,L,1985-03-06,Toronto,CAN,ON
8471227,Devan Dubnyk,20172018,MIN,G,1986-05-04,Regina,CAN,SK
8470595,Eric Staal,20172018,MIN,C,1984-10-29,Thunder Bay,CAN,ON
8477467,Gustav Olofsson,20172018,MIN,D,1994-12-01,Boras,SWE,NA
8474716,Jared Spurgeon,20172018,MIN,D,1989-11-29,Edmonton,CAN,AB
8475722,Jason Zucker,20172018,MIN,L,1992-01-16,Newport Beach,USA,CA
8478493,Joel Eriksson Ek,20172018,MIN,C,1997-01-29,Karlstad,SWE,NA
8476463,Jonas Brodin,20172018,MIN,D,1993-07-12,Karlstad,SWE,NA
8478413,Jordan Greenway,20172018,MIN,L,1997-02-16,Canton,USA,NY
8480082,Justin Kloos,20172018,MIN,C,1993-11-30,Lakeville,USA,MN
8470724,Kyle Quincey,20172018,MIN,D,1985-08-12,Kitchener,CAN,ON
8476415,Kyle Rau,20172018,MIN,C,1992-10-24,Eden Prairie,USA,MN
8475157,Landon Ferraro,20172018,MIN,C,1991-08-08,Trail,CAN,BC
8478011,Louie Belpedio,20172018,MIN,D,1996-05-14,Skokie,USA,IL
8479316,Luke Kunin,20172018,MIN,C,1997-12-04,Chesterfield,USA,MO
8475220,Marcus Foligno,20172018,MIN,L,1991-08-10,Buffalo,USA,NY
8476856,Mathew Dumba,20172018,MIN,D,1994-07-25,Regina,CAN,SK
8464989,Matt Cullen,20172018,MIN,C,1976-11-02,Virginia,USA,MN
8475798,Mikael Granlund,20172018,MIN,R,1992-02-26,Oulu,FIN,NA
8476422,Mike Reilly,20172018,MIN,D,1993-07-13,Chicago,USA,IL
8469459,Mikko Koivu,20172018,MIN,C,1983-03-12,Turku,FIN,NA
8475613,Nate Prosser,20172018,MIN,D,1986-05-07,Elk River,USA,MN
8476372,Nick Seeler,20172018,MIN,D,1993-06-03,Eden Prairie,USA,MN
8475799,Nino Niederreiter,20172018,MIN,R,1992-09-08,Chur,CHE,NA
8476465,Ryan Murphy,20172018,MIN,D,1993-03-31,Aurora,CAN,ON
8470600,Ryan Suter,20172018,MIN,D,1985-01-21,Madison,USA,WI
8474589,Tyler Ennis,20172018,MIN,L,1989-10-06,Edmonton,CAN,AB
8470610,Zach Parise,20172018,MIN,L,1984-07-28,Minneapolis,USA,MN
8476619,Zack Mitchell,20172018,MIN,R,1993-01-07,Orangeville,CAN,ON
8471219,Al Montoya,20172018,MTL,G,1985-02-13,Chicago,USA,IL
8469466,Ales Hemsky,20172018,MTL,R,1983-08-13,Pardubice,CZE,NA
8476851,Alex Galchenyuk,20172018,MTL,L,1994-02-12,Milwaukee,USA,WI
8476381,Andrew Shaw,20172018,MTL,R,1991-07-20,Belleville,CAN,ON
8474550,Antti Niemi,20172018,MTL,G,1983-08-29,Vantaa,FIN,NA
8477476,Artturi Lehkonen,20172018,MTL,L,1995-07-04,Piikkio,FIN,NA
8475869,Brandon Davidson,20172018,MTL,D,1991-08-21,Taber,CAN,AB
8475848,Brendan Gallagher,20172018,MTL,R,1992-05-06,Edmonton,CAN,AB
8478004,Brett Lernout,20172018,MTL,D,1995-09-24,Winnipeg,CAN,MB
8475278,Byron Froese,20172018,MTL,C,1991-03-12,Winkler,CAN,MB
8471679,Carey Price,20172018,MTL,G,1987-08-16,Anahim Lake,CAN,BC
8476948,Charles Hudon,20172018,MTL,L,1994-06-23,Alma,CAN,QC
8479292,Charlie Lindgren,20172018,MTL,G,1993-12-18,Lakeville,USA,MN
8477901,Daniel Carr,20172018,MTL,L,1991-11-01,Sherwood Park,CAN,AB
8473673,David Schlemko,20172018,MTL,D,1987-05-07,Edmonton,CAN,AB
8477455,Jacob de la Rose,20172018,MTL,L,1995-05-20,Arvika,SWE,NA
8480143,Jakub Jerabek,20172018,MTL,D,1991-05-12,Pilsen,CZE,NA
8473507,Jeff Petry,20172018,MTL,D,1987-12-09,Ann Arbor,USA,MI
8476476,Joe Morrow,20172018,MTL,D,1992-12-09,Edmonton,CAN,AB
8477494,Jonathan Drouin,20172018,MTL,L,1995-03-28,Ste-Agathe,CAN,QC
8474818,Jordie Benn,20172018,MTL,D,1987-07-26,Victoria,CAN,BC
8473991,Karl Alzner,20172018,MTL,D,1988-09-24,Burnaby,CAN,BC
8477510,Kerby Rychel,20172018,MTL,L,1994-10-07,Torrance,USA,CA
8476400,Logan Shaw,20172018,MTL,R,1992-10-05,Glace Bay,CAN,NS
8468309,Mark Streit,20172018,MTL,D,1977-12-11,Bern,CHE,NA
8474157,Max Pacioretty,20172018,MTL,L,1988-11-20,New Canaan,USA,CT
8477446,Michael McCarron,20172018,MTL,R,1995-03-07,Grosse Pointe,USA,MI
8476422,Mike Reilly,20172018,MTL,D,1993-07-13,Chicago,USA,IL
8475235,Nicolas Deslauriers,20172018,MTL,L,1991-02-22,LaSalle,CAN,QC
8477957,Nikita Scherbak,20172018,MTL,R,1995-12-30,Moscow,RUS,NA
8478454,Noah Juulsen,20172018,MTL,D,1997-04-02,Surrey,CAN,BC
8474038,Paul Byron,20172018,MTL,L,1989-04-27,Ottawa,CAN,ON
8476479,Phillip Danault,20172018,MTL,C,1993-02-24,Victoriaville,CAN,QC
8477642,Rinat Valiev,20172018,MTL,D,1995-05-11,Nizhnekamsk,RUS,NA
8470642,Shea Weber,20172018,MTL,D,1985-08-14,Sicamous,CAN,BC
8469521,Tomas Plekanec,20172018,MTL,C,1982-10-31,Kladno,CZE,NA
8471338,Torrey Mitchell,20172018,MTL,C,1985-01-30,Greenfield Park,CAN,QC
8479376,Victor Mete,20172018,MTL,D,1998-06-07,Woodbridge,CAN,ON
8474641,Adam Henrique,20172018,NJD,C,1990-02-06,Brantford,CAN,ON
8472382,Andy Greene,20172018,NJD,D,1982-10-30,Trenton,USA,MI
8473933,Ben Lovejoy,20172018,NJD,D,1984-02-20,Concord,USA,NH
8476399,Blake Coleman,20172018,NJD,C,1991-11-28,Plano,USA,TX
8476370,Blake Pietila,20172018,NJD,L,1993-02-20,Milford,USA,MI
8470619,Brian Boyle,20172018,NJD,C,1984-12-18,Hingham,USA,MA
8476207,Brian Gibbons,20172018,NJD,L,1988-02-26,Braintree,USA,MA
8471239,Cory Schneider,20172018,NJD,G,1986-03-18,Marblehead,USA,MA
8474774,Dalton Prout,20172018,NJD,D,1990-03-13,Kingsville,CAN,ON
8476923,Damon Severson,20172018,NJD,D,1994-08-07,Melville,CAN,SK
8471226,Drew Stafford,20172018,NJD,R,1985-10-30,Milwaukee,USA,WI
8475663,Eddie Lack,20172018,NJD,G,1988-01-05,Norrtalje,SWE,NA
8479407,Jesper Bratt,20172018,NJD,L,1998-07-30,Stockholm,SWE,NA
8474625,Jimmy Hayes,20172018,NJD,R,1989-11-21,Dorchester,USA,MA
8475186,John Moore,20172018,NJD,D,1990-11-19,Winnetka,USA,IL
8477961,John Quenneville,20172018,NJD,C,1996-04-16,Edmonton,CAN,AB
8476234,Keith Kinkaid,20172018,NJD,G,1989-07-04,Farmingville,USA,NY
8478965,Kenneth Appleby,20172018,NJD,G,1995-04-10,North Bay,CAN,ON
8479291,Kevin Rooney,20172018,NJD,C,1993-05-21,Canton,USA,MA
8475151,Kyle Palmieri,20172018,NJD,R,1991-02-01,Smithtown,USA,NY
8475149,Marcus Johansson,20172018,NJD,L,1990-10-06,Landskrona,SWE,NA
8473546,Michael Grabner,20172018,NJD,R,1987-10-05,Villach,AUT,NA
8477425,Miles Wood,20172018,NJD,L,1995-09-13,Buffalo,USA,NY
8477509,Mirco Mueller,20172018,NJD,D,1995-03-21,Winterthur,CHE,NA
8479250,Nick Lappin,20172018,NJD,R,1992-11-01,Geneva,USA,IL
8480002,Nico Hischier,20172018,NJD,C,1999-01-04,Brig,CHE,NA
8474034,Patrick Maroon,20172018,NJD,L,1988-04-23,St. Louis,USA,MO
8478401,Pavel Zacha,20172018,NJD,C,1997-04-06,Brno,CZE,NA
8475222,Sami Vatanen,20172018,NJD,D,1991-06-03,Jyväskylä,FIN,NA
8476474,Stefan Noesen,20172018,NJD,R,1993-02-12,Plano,USA,TX
8477463,Steven Santini,20172018,NJD,D,1995-03-07,Bronxville,USA,NY
8475791,Taylor Hall,20172018,NJD,L,1991-11-14,Calgary,CAN,AB
8471233,Travis Zajac,20172018,NJD,C,1985-05-13,Winnipeg,CAN,MB
8477355,Will Butcher,20172018,NJD,D,1995-01-06,Sun Prairie,USA,WI
8471296,Alexei Emelin,20172018,NSH,D,1986-04-25,Togliatti,RUS,NA
8475868,Anthony Bitetto,20172018,NSH,D,1990-07-15,Island Park,USA,NY
8475766,Austin Watson,20172018,NSH,L,1992-01-13,Ann Arbor,USA,MI
8475714,Calle Jarnkrok,20172018,NSH,C,1991-09-25,Gavle,SWE,NA
8471657,Cody McLeod,20172018,NSH,L,1984-06-26,Binscarth,CAN,MB
8476925,Colton Sissons,20172018,NSH,C,1993-11-05,North Vancouver,CAN,BC
8475225,Craig Smith,20172018,NSH,R,1989-09-05,Madison,USA,WI
8480009,Eeli Tolvanen,20172018,NSH,R,1999-04-22,Vihti,FIN,NA
8476887,Filip Forsberg,20172018,NSH,L,1994-08-13,Ostervala,SWE,NA
8477919,Frederick Gaudreau,20172018,NSH,C,1993-05-01,Bromont,CAN,QC
8477424,Juuse Saros,20172018,NSH,G,1995-04-19,Forssa,FIN,NA
8477942,Kevin Fiala,20172018,NSH,L,1996-07-22,St. Gallen,CHE,NA
8474068,Kyle Turris,20172018,NSH,C,1989-08-14,New Westminster,CAN,BC
8475625,Matt Irwin,20172018,NSH,D,1987-11-29,Victoria,CAN,BC
8475218,Mattias Ekholm,20172018,NSH,D,1990-05-24,Borlange,SWE,NA
8476447,Miikka Salomaki,20172018,NSH,R,1993-03-09,Raahe,FIN,NA
8467370,Mike Fisher,20172018,NSH,C,1980-06-05,Peterborough,CAN,ON
8474009,Nick Bonino,20172018,NSH,C,1988-04-20,Hartford,USA,CT
8474056,P.K. Subban,20172018,NSH,D,1989-05-13,Toronto,CAN,ON
8471469,Pekka Rinne,20172018,NSH,G,1982-11-03,Kempele,FIN,NA
8476857,Pontus Aberg,20172018,NSH,L,1993-09-23,Stockholm,SWE,NA
8474600,Roman Josi,20172018,NSH,D,1990-06-01,Bern,CHE,NA
8475176,Ryan Ellis,20172018,NSH,D,1991-01-03,Hamilton,CAN,ON
8477451,Ryan Hartman,20172018,NSH,R,1994-09-20,Hilton Head Island,USA,SC
8475793,Ryan Johansen,20172018,NSH,C,1992-07-31,Vancouver,CAN,BC
8479398,Samuel Girard,20172018,NSH,D,1998-05-12,Roberval,CAN,QC
8468486,Scott Hartnell,20172018,NSH,L,1982-04-18,Regina,CAN,SK
8478042,Viktor Arvidsson,20172018,NSH,R,1993-04-08,Skelleftea,SWE,NA
8474134,Yannick Weber,20172018,NSH,D,1988-09-23,Morges,CHE,NA
8476917,Adam Pelech,20172018,NYI,D,1994-08-16,Toronto,CAN,ON
8476409,Alan Quine,20172018,NYI,C,1993-02-25,Belleville,CAN,ON
8475314,Anders Lee,20172018,NYI,L,1990-07-03,Edina,USA,MN
8471217,Andrew Ladd,20172018,NYI,L,1985-12-12,Maple Ridge,CAN,BC
8478463,Anthony Beauvillier,20172018,NYI,L,1997-06-08,Sorel-Tracy,CAN,QC
8475869,Brandon Davidson,20172018,NYI,D,1991-08-21,Taber,CAN,AB
8475754,Brock Nelson,20172018,NYI,C,1991-10-15,Warroad,USA,MN
8473504,Cal Clutterbuck,20172018,NYI,R,1987-11-18,Welland,CAN,ON
8475177,Calvin de Haan,20172018,NYI,D,1991-05-09,Carp,CAN,ON
8475231,Casey Cizikas,20172018,NYI,C,1991-02-27,Toronto,CAN,ON
8475780,Chris Wagner,20172018,NYI,R,1991-05-27,Walpole,USA,MA
8476444,Christopher Gibson,20172018,NYI,G,1992-12-27,Karkkila,FIN,NA
8469619,Dennis Seidenberg,20172018,NYI,D,1981-07-18,Schwenningen,DEU,NA
8470860,Jaroslav Halak,20172018,NYI,G,1985-05-13,Bratislava,SVK,NA
8466251,Jason Chimera,20172018,NYI,L,1979-05-02,Edmonton,CAN,AB
8475166,John Tavares,20172018,NYI,C,1990-09-20,Mississauga,CAN,ON
8470187,Johnny Boychuk,20172018,NYI,D,1984-01-19,Edmonton,CAN,AB
8474586,Jordan Eberle,20172018,NYI,R,1990-05-15,Regina,CAN,SK
8474573,Josh Bailey,20172018,NYI,R,1989-10-02,Bowmanville,CAN,ON
8477959,Joshua Ho-Sang,20172018,NYI,R,1996-01-22,Toronto,CAN,ON
8478445,Mathew Barzal,20172018,NYI,C,1997-05-26,Coquitlam,CAN,BC
8477936,Michael Dal Colle,20172018,NYI,L,1996-06-20,Woodbridge,CAN,ON
8475181,Nick Leddy,20172018,NYI,D,1991-03-20,Eden Prairie,USA,MN
8473579,Nikolay Kulemin,20172018,NYI,L,1986-07-14,Magnitogorsk,RUS,NA
8477527,Ross Johnston,20172018,NYI,L,1994-02-18,Charlottetown,CAN,PE
8477506,Ryan Pulock,20172018,NYI,D,1994-10-06,Dauphin,CAN,MB
8476429,Scott Mayfield,20172018,NYI,D,1992-10-14,St. Louis,USA,MO
8480222,Sebastian Aho,20172018,NYI,D,1996-02-17,Umea,SWE,NA
8476386,Shane Prince,20172018,NYI,L,1992-11-16,Rochester,USA,NY
8470609,Steve Bernier,20172018,NYI,R,1985-03-31,Quebec City,CAN,QC
8479206,Tanner Fritz,20172018,NYI,C,1991-08-20,Grande Prairie,CAN,AB
8471306,Thomas Greiss,20172018,NYI,G,1986-01-29,Fussen,DEU,NA
8474066,Thomas Hickey,20172018,NYI,D,1989-02-08,Calgary,CAN,AB
8471490,Adam Cracknell,20172018,NYR,R,1985-07-15,Prince Albert,CAN,SK
8480382,Alexandar Georgiev,20172018,NYR,G,1996-02-10,Ruse,BGR,NA
8476922,Boo Nieves,20172018,NYR,C,1994-01-23,Syracuse,USA,NY
8476869,Brady Skjei,20172018,NYR,D,1994-03-26,Lakeville,USA,MN
8477990,Brandon Halverson,20172018,NYR,G,1996-03-29,Traverse City,USA,MI
8474090,Brendan Smith,20172018,NYR,D,1989-02-08,Mimico,CAN,ON
8475184,Chris Kreider,20172018,NYR,L,1991-04-30,Boxford,USA,MA
8471657,Cody McLeod,20172018,NYR,L,1984-06-26,Binscarth,CAN,MB
8476401,Daniel Catenacci,20172018,NYR,C,1993-03-09,Richmond Hill,CAN,ON
8471976,David Desharnais,20172018,NYR,C,1986-09-14,Laurier-Station,CAN,QC
8480078,Filip Chytil,20172018,NYR,C,1999-09-05,Kromeriz,CZE,NA
8468685,Henrik Lundqvist,20172018,NYR,G,1982-03-02,Are,SWE,NA
8476468,J.T. Miller,20172018,NYR,L,1993-03-14,East Palestine,USA,OH
8475855,Jesper Fast,20172018,NYR,R,1991-12-02,Nassjo,SWE,NA
8476918,Jimmy Vesey,20172018,NYR,L,1993-05-26,Boston,USA,MA
8477337,John Gilmour,20172018,NYR,D,1993-05-17,Montréal,CAN,QC
8475763,Kevin Hayes,20172018,NYR,C,1992-05-08,Dorchester,USA,MA
8474031,Kevin Shattenkirk,20172018,NYR,D,1989-01-29,New Rochelle,USA,NY
8480072,Lias Andersson,20172018,NYR,C,1998-10-13,Smogen,SWE,NA
8471686,Marc Staal,20172018,NYR,D,1987-01-13,Thunder Bay,CAN,ON
8475692,Mats Zuccarello,20172018,NYR,R,1987-09-01,Oslo,NOR,NA
8473492,Matt Beleskey,20172018,NYR,L,1988-06-07,Windsor,CAN,ON
8473546,Michael Grabner,20172018,NYR,R,1987-10-05,Villach,AUT,NA
8476459,Mika Zibanejad,20172018,NYR,C,1993-04-18,Stockholm,SWE,NA
8480145,Neal Pionk,20172018,NYR,D,1995-07-29,Omaha,USA,NE
8474207,Nick Holden,20172018,NYR,D,1987-05-15,St. Albert,CAN,AB
8471715,Ondrej Pavelec,20172018,NYR,G,1987-08-31,Kladno,CZE,NA
8474008,Paul Carey,20172018,NYR,C,1988-09-24,Boston,USA,MA
8477402,Pavel Buchnevich,20172018,NYR,R,1995-04-17,Cherepovets,RUS,NA
8475180,Peter Holland,20172018,NYR,C,1991-01-14,Toronto,CAN,ON
8470041,Rick Nash,20172018,NYR,R,1984-06-16,Brampton,CAN,ON
8476303,Rob O'Gara,20172018,NYR,D,1993-07-06,Massapequa,USA,NY
8474151,Ryan McDonagh,20172018,NYR,D,1989-06-13,St. Paul,USA,MN
8475727,Ryan Spooner,20172018,NYR,C,1992-01-30,Ottawa,CAN,ON
8476450,Ryan Sproul,20172018,NYR,D,1993-01-13,Mississauga,CAN,ON
8476396,Steven Fogarty,20172018,NYR,C,1993-04-19,Chambersburg,USA,PA
8474000,Steven Kampfer,20172018,NYR,D,1988-09-24,Ann Arbor,USA,MI
8477950,Tony DeAngelo,20172018,NYR,D,1995-10-24,Sewell,USA,NJ
8479968,Vinni Lettieri,20172018,NYR,R,1995-02-06,Excelsior,USA,MN
8476480,Vladislav Namestnikov,20172018,NYR,C,1992-11-22,Zhukovskiy,RUS,NA
8480029,Alex Formenton,20172018,OTT,L,1999-09-13,Barrie,CAN,ON
8470358,Alexandre Burrows,20172018,OTT,R,1981-04-11,Pincourt,CAN,QC
8477971,Andreas Englund,20172018,OTT,D,1996-01-21,Stockholm,SWE,NA
8477433,Ben Harpur,20172018,OTT,D,1995-01-12,Hamilton,CAN,ON
8475328,Ben Sexton,20172018,OTT,C,1991-06-06,Ottawa,CAN,ON
8471676,Bobby Ryan,20172018,OTT,R,1987-03-17,Cherry Hill,USA,NJ
8475227,Chris Wideman,20172018,OTT,D,1990-01-07,St. Louis,USA,MO
8478868,Christian Jaros,20172018,OTT,D,1996-04-02,Kosice,SVK,NA
8478846,Christian Wolanin,20172018,OTT,D,1995-03-17,Quebec City,CAN,QC
8474018,Christopher DiDomenico,20172018,OTT,L,1989-02-20,Toronto,CAN,ON
8476879,Cody Ceci,20172018,OTT,D,1993-12-21,Ottawa,CAN,ON
8478400,Colin White,20172018,OTT,C,1997-01-30,Boston,USA,MA
8467950,Craig Anderson,20172018,OTT,G,1981-05-21,Park Ridge,USA,IL
8471433,Daniel Taylor,20172018,OTT,G,1986-04-28,Plymouth,GBR,NA
8473544,Derick Brassard,20172018,OTT,C,1987-09-22,Hull,CAN,QC
8470602,Dion Phaneuf,20172018,OTT,D,1985-04-10,Edmonton,CAN,AB
8475982,Erik Burgdoerfer,20172018,OTT,D,1988-12-11,Abington,USA,PA
8474578,Erik Karlsson,20172018,OTT,D,1990-05-31,Landsbro,SWE,NA
8478488,Filip Chlapik,20172018,OTT,C,1997-06-03,Prague,CZE,NA
8476368,Fredrik Claesson,20172018,OTT,D,1992-11-24,Stockholm,SWE,NA
8475254,Gabriel Dumont,20172018,OTT,C,1990-10-06,Degelis,CAN,QC
8478268,Jack Rodewald,20172018,OTT,R,1994-02-14,Calgary,CAN,AB
8476419,Jean-Gabriel Pageau,20172018,OTT,C,1992-11-11,Ottawa,CAN,ON
8474024,Jim O'Brien,20172018,OTT,C,1989-01-29,Maplewood,USA,MN
8469665,Johnny Oduya,20172018,OTT,D,1981-10-01,Stockholm,SWE,NA
8474068,Kyle Turris,20172018,OTT,C,1989-08-14,New Westminster,CAN,BC
8479366,Logan Brown,20172018,OTT,C,1998-03-05,Raleigh,USA,NC
8475175,Magnus Paajarvi,20172018,OTT,L,1991-04-12,Norrkoping,SWE,NA
8468483,Marian Gaborik,20172018,OTT,R,1982-02-14,Trencin,SVK,NA
8474697,Mark Borowiecki,20172018,OTT,D,1989-07-12,Ottawa,CAN,ON
8475913,Mark Stone,20172018,OTT,R,1992-05-13,Winnipeg,CAN,MB
8475168,Matt Duchene,20172018,OTT,C,1991-01-16,Haliburton,CAN,ON
8476323,Max McCormick,20172018,OTT,L,1992-05-01,De Pere,USA,WI
8471663,Mike Blunden,20172018,OTT,R,1986-12-15,Toronto,CAN,ON
8477237,Mike Condon,20172018,OTT,G,1990-04-27,Holliston,USA,MA
8474884,Mike Hoffman,20172018,OTT,L,1989-11-24,Kitchener,CAN,ON
8470775,Nate Thompson,20172018,OTT,C,1984-10-05,Anchorage,USA,AK
8476406,Nicholas Shore,20172018,OTT,C,1992-09-26,Denver,USA,CO
8477426,Nick Paul,20172018,OTT,L,1995-03-20,Mississauga,CAN,ON
8476890,Patrick Sieloff,20172018,OTT,D,1994-05-15,Ann Arbor,USA,MI
8476288,Ryan Dzingel,20172018,OTT,L,1992-03-09,Wheaton,USA,IL
8478469,Thomas Chabot,20172018,OTT,D,1997-01-30,Sainte-Marie,CAN,QC
8471768,Tom Pyatt,20172018,OTT,L,1987-02-14,Thunder Bay,CAN,ON
8474250,Zack Smith,20172018,OTT,L,1988-04-05,Maple Creek,CAN,SK
8479312,Alex Lyon,20172018,PHI,G,1992-12-09,Baudette,USA,MN
8473584,Andrew MacDonald,20172018,PHI,D,1986-09-07,Judique,CAN,NS
8475430,Brandon Manning,20172018,PHI,D,1990-06-04,Prince George,CAN,BC
8470880,Brian Elliott,20172018,PHI,G,1985-04-09,Newmarket,CAN,ON
8473512,Claude Giroux,20172018,PHI,C,1988-01-12,Hearst,CAN,ON
8474668,Dale Weise,20172018,PHI,R,1988-08-05,Winnipeg,CAN,MB
8478365,Danick Martel,20172018,PHI,L,1994-12-12,Drummondville,CAN,QC
8478500,Ivan Provorov,20172018,PHI,D,1997-01-13,Yaroslavl,RUS,NA
8474161,Jakub Voracek,20172018,PHI,R,1989-08-15,Kladno,CZE,NA
8469665,Johnny Oduya,20172018,PHI,D,1981-10-01,Stockholm,SWE,NA
8475738,Jordan Weal,20172018,PHI,C,1992-04-15,North Vancouver,CAN,BC
8474627,Jori Lehtera,20172018,PHI,C,1987-12-23,Helsinki,FIN,NA
8475729,Mark Alt,20172018,PHI,D,1991-10-18,Kansas City,USA,MO
8476177,Matt Read,20172018,PHI,R,1986-06-14,Ilderton,CAN,ON
8477290,Michael Raffl,20172018,PHI,L,1988-12-01,Villach,AUT,NA
8473607,Michal Neuvirth,20172018,PHI,G,1988-03-23,Ústí nad Labem,CZE,NA
8479974,Nolan Patrick,20172018,PHI,C,1998-09-19,Winnipeg,CAN,MB
8478067,Oskar Lindblom,20172018,PHI,L,1996-08-15,Gavle,SWE,NA
8475852,Petr Mrazek,20172018,PHI,G,1992-02-14,Ostrava,CZE,NA
8475462,Radko Gudas,20172018,PHI,D,1990-06-05,Prague,CZE,NA
8477462,Robert Hagg,20172018,PHI,D,1995-02-08,Uppsala,SWE,NA
8477502,Samuel Morin,20172018,PHI,L,1995-07-12,Lac-Beauport,CAN,QC
8476872,Scott Laughton,20172018,PHI,C,1994-05-30,Oakville,CAN,ON
8476461,Sean Couturier,20172018,PHI,C,1992-12-07,Phoenix,USA,AZ
8476906,Shayne Gostisbehere,20172018,PHI,D,1993-04-20,Pembroke Pines,USA,FL
8476955,Taylor Leier,20172018,PHI,L,1994-02-15,Saskatoon,CAN,SK
8478439,Travis Konecny,20172018,PHI,R,1997-03-11,London,CAN,ON
8477948,Travis Sanheim,20172018,PHI,D,1996-03-29,Elkhorn,CAN,MB
8477399,Tyrell Goulbourne,20172018,PHI,L,1994-01-26,Edmonton,CAN,AB
8470047,Valtteri Filppula,20172018,PHI,C,1984-03-20,Vantaa,FIN,NA
8474190,Wayne Simmonds,20172018,PHI,R,1988-08-26,Scarborough,CAN,ON
8473440,Will O'Neill,20172018,PHI,D,1988-04-28,Boston,USA,MA
8474550,Antti Niemi,20172018,PIT,G,1983-08-29,Vantaa,FIN,NA
8475208,Brian Dumoulin,20172018,PIT,D,1991-09-06,Biddeford,USA,ME
8475810,Bryan Rust,20172018,PIT,R,1992-05-11,Pontiac,USA,MI
8474176,Carl Hagelin,20172018,PIT,L,1988-08-23,Sodertalje,SWE,NA
8477240,Carter Rowney,20172018,PIT,R,1989-05-10,Grande Prairie,CAN,AB
8479193,Casey DeSmith,20172018,PIT,G,1991-08-13,Rochester,USA,NH
8477244,Chad Ruhwedel,20172018,PIT,D,1990-05-07,San Diego,USA,CA
8477839,Conor Sheary,20172018,PIT,L,1992-06-08,Winchester,USA,MA
8478466,Daniel Sprong,20172018,PIT,R,1997-03-17,Amsterdam,NLD,NA
8473544,Derick Brassard,20172018,PIT,C,1987-09-22,Hull,CAN,QC
8478866,Dominik Simon,20172018,PIT,C,1994-08-08,Prague,CZE,NA
8471215,Evgeni Malkin,20172018,PIT,C,1986-07-31,Magnitogorsk,RUS,NA
8476302,Frank Corrado,20172018,PIT,D,1993-03-26,Toronto,CAN,ON
8475735,Greg McKegg,20172018,PIT,C,1992-06-17,St. Thomas,CAN,ON
8474013,Ian Cole,20172018,PIT,D,1989-02-21,Ann Arbor,USA,MI
8477404,Jake Guentzel,20172018,PIT,L,1994-10-06,Omaha,USA,NE
8476467,Jamie Oleksiak,20172018,PIT,D,1992-12-21,Toronto,CAN,ON
8477520,Jean-Sebastien Dea,20172018,PIT,C,1994-02-08,Laval,CAN,QC
8476326,Josh Archibald,20172018,PIT,R,1992-10-06,Regina,CAN,SK
8477591,Josh Jooris,20172018,PIT,R,1990-07-14,Burlington,CAN,ON
8474602,Justin Schultz,20172018,PIT,D,1990-07-06,Kelowna,CAN,BC
8471724,Kris Letang,20172018,PIT,D,1987-04-24,Montréal,CAN,QC
8471436,Matt Hunwick,20172018,PIT,D,1985-05-21,Warren,USA,MI
8476899,Matt Murray,20172018,PIT,G,1994-05-25,Thunder Bay,CAN,ON
8476874,Olli Maatta,20172018,PIT,D,1994-08-22,Jyväskylä,FIN,NA
8471887,Patric Hornqvist,20172018,PIT,R,1987-01-01,Sollentuna,SWE,NA
8473548,Phil Kessel,20172018,PIT,R,1987-10-02,Madison,USA,WI
8475772,Riley Sheahan,20172018,PIT,C,1991-12-07,St. Catharines,CAN,ON
8471817,Ryan Reaves,20172018,PIT,R,1987-01-20,Winnipeg,CAN,MB
8476293,Scott Wilson,20172018,PIT,L,1992-04-24,Oakville,CAN,ON
8471675,Sidney Crosby,20172018,PIT,C,1987-08-07,Cole Harbour,CAN,NS
8475832,Tom Kuhnhackl,20172018,PIT,R,1992-01-21,Landshut,DEU,NA
8477465,Tristan Jarry,20172018,PIT,G,1995-04-29,Surrey,CAN,BC
8475902,Zach Trotman,20172018,PIT,D,1990-08-26,Carmel,USA,IN
8479944,Zachary Aston-Reese,20172018,PIT,L,1994-08-10,Staten Island,USA,NY
8477180,Aaron Dell,20172018,SJS,G,1989-05-04,Airdrie,CAN,AB
8476624,Barclay Goodrow,20172018,SJS,R,1993-02-26,Toronto,CAN,ON
8475455,Brenden Dillon,20172018,SJS,D,1990-11-13,New Westminster,CAN,BC
8470613,Brent Burns,20172018,SJS,D,1985-03-09,Barrie,CAN,ON
8476919,Chris Tierney,20172018,SJS,C,1994-07-01,Keswick,CAN,ON
8476982,Danny O'Regan,20172018,SJS,C,1994-01-30,Berlin,DEU,NA
8476331,Dylan DeMelo,20172018,SJS,D,1993-05-01,London,CAN,ON
8479580,Dylan Gambrell,20172018,SJS,C,1996-08-26,Bonney Lake,USA,WA
8470611,Eric Fehr,20172018,SJS,C,1985-09-07,Winkler,CAN,MB
8475169,Evander Kane,20172018,SJS,L,1991-08-02,Vancouver,CAN,BC
8471498,Jannik Hansen,20172018,SJS,R,1986-03-15,Rødovre,DNK,NA
8477046,Joakim Ryan,20172018,SJS,D,1993-06-17,Rumson,USA,NJ
8470794,Joe Pavelski,20172018,SJS,C,1984-07-11,Plover,USA,WI
8466138,Joe Thornton,20172018,SJS,C,1979-07-02,London,CAN,ON
8468208,Joel Ward,20172018,SJS,R,1980-12-02,North York,CAN,ON
8475820,Joonas Donskoi,20172018,SJS,R,1992-04-13,Raahe,FIN,NA
8474027,Justin Braun,20172018,SJS,D,1987-02-10,Minneapolis,USA,MN
8478099,Kevin Labanc,20172018,SJS,R,1995-12-12,Brooklyn,USA,NY
8474053,Logan Couture,20172018,SJS,C,1989-03-28,Guelph,CAN,ON
8471709,Marc-Edouard Vlasic,20172018,SJS,D,1987-03-30,Montréal,CAN,QC
8475834,Marcus Sorensen,20172018,SJS,L,1992-04-07,Sodertalje,SWE,NA
8474889,Martin Jones,20172018,SJS,G,1990-01-10,North Vancouver,CAN,BC
8477922,Melker Karlsson,20172018,SJS,C,1990-07-18,Lycksele,SWE,NA
8474571,Mikkel Boedker,20172018,SJS,L,1989-12-16,Brondby,DNK,NA
8468542,Paul Martin,20172018,SJS,D,1981-03-05,Minneapolis,USA,MN
8477846,Ryan Carpenter,20172018,SJS,C,1991-01-18,Oviedo,USA,FL
8475841,Tim Heed,20172018,SJS,D,1991-01-27,Gothenburg,SWE,NA
8478414,Timo Meier,20172018,SJS,R,1996-10-08,Herisau,CHE,NA
8476881,Tomas Hertl,20172018,SJS,C,1993-11-12,Praha,CZE,NA
8474565,Alex Pietrangelo,20172018,STL,D,1990-01-18,King City,CAN,ON
8470257,Alexander Steen,20172018,STL,L,1984-03-01,Winnipeg,CAN,MB
8475761,Beau Bennett,20172018,STL,R,1991-11-27,Gardena,USA,CA
8475170,Brayden Schenn,20172018,STL,C,1991-08-22,Saskatoon,CAN,SK
8474125,Carl Gunnarsson,20172018,STL,D,1986-11-09,Orebro,SWE,NA
8475622,Carter Hutton,20172018,STL,G,1985-12-19,Thunder Bay,CAN,ON
8471761,Chris Butler,20172018,STL,D,1986-10-27,St. Louis,USA,MO
8469501,Chris Thorburn,20172018,STL,R,1983-06-03,Sault Ste. Marie,CAN,ON
8476892,Colton Parayko,20172018,STL,D,1993-05-12,St. Albert,CAN,AB
8476436,Dmitrij Jaskin,20172018,STL,R,1993-03-23,Omsk,RUS,NA
8477964,Ivan Barbashev,20172018,STL,C,1995-12-14,Moscow,RUS,NA
8475768,Jaden Schwartz,20172018,STL,L,1992-06-25,Wilcox,CAN,SK
8474596,Jake Allen,20172018,STL,G,1990-08-07,Fredericton,CAN,NB
8470151,Jay Bouwmeester,20172018,STL,D,1983-09-27,Edmonton,CAN,AB
8476441,Joel Edmundson,20172018,STL,D,1993-06-28,Brandon,CAN,MB
8476877,Jordan Schmaltz,20172018,STL,D,1993-10-08,Madison,USA,WI
8470803,Kyle Brodziak,20172018,STL,C,1984-05-25,St. Paul,CAN,AB
8475175,Magnus Paajarvi,20172018,STL,L,1991-04-12,Norrkoping,SWE,NA
8480761,Mitch Reinke,20172018,STL,D,1996-02-04,Stillwater,USA,MN
8475613,Nate Prosser,20172018,STL,D,1986-05-07,Elk River,USA,MN
8478373,Nikita Soshnikov,20172018,STL,R,1993-10-14,Nizhny Tagil,RUS,NA
8476897,Oskar Sundqvist,20172018,STL,C,1994-03-23,Boden,SWE,NA
8473534,Patrik Berglund,20172018,STL,C,1988-06-02,Västerås,SWE,NA
8471669,Paul Stastny,20172018,STL,C,1985-12-27,Quebec City,CAN,QC
8474145,Robert Bortuzzo,20172018,STL,D,1989-03-18,Thunder Bay,CAN,ON
8478104,Sammy Blais,20172018,STL,L,1996-06-17,Montmagny,CAN,QC
8470105,Scottie Upshall,20172018,STL,R,1983-10-07,Fort McMurray,CAN,AB
8479420,Tage Thompson,20172018,STL,C,1997-10-30,Phoenix,USA,AZ
8478407,Vince Dunn,20172018,STL,D,1996-10-29,Mississauga,CAN,ON
8471743,Vladimir Sobotka,20172018,STL,L,1987-07-02,Trebic,CZE,NA
8475765,Vladimir Tarasenko,20172018,STL,R,1991-12-13,Yaroslavl,RUS,NA
8475263,Wade Megan,20172018,STL,C,1990-07-22,Canton,USA,NY
8477454,Adam Erne,20172018,TBL,L,1995-04-20,New Haven,USA,CT
8473986,Alex Killorn,20172018,TBL,L,1989-09-14,Halifax,CAN,NS
8476883,Andrei Vasilevskiy,20172018,TBL,G,1994-07-25,Tyumen,RUS,NA
8477205,Andrej Sustr,20172018,TBL,D,1990-11-29,Plzen,CZE,NA
8478519,Anthony Cirelli,20172018,TBL,C,1997-07-15,Etobicoke,CAN,ON
8471873,Anton Stralman,20172018,TBL,D,1986-08-01,Tibro,SWE,NA
8478010,Brayden Point,20172018,TBL,C,1996-03-13,Calgary,CAN,AB
8470601,Braydon Coburn,20172018,TBL,D,1985-02-27,Shaunavon,CAN,SK
8476975,Cedric Paquette,20172018,TBL,C,1993-08-13,Gaspe,CAN,QC
8470543,Chris Kunitz,20172018,TBL,L,1979-09-26,Regina,CAN,SK
8476195,Cory Conacher,20172018,TBL,C,1989-12-14,Burlington,CAN,ON
8471958,Dan Girardi,20172018,TBL,D,1984-04-29,Welland,CAN,ON
8475254,Gabriel Dumont,20172018,TBL,C,1990-10-06,Degelis,CAN,QC
8476468,J.T. Miller,20172018,TBL,C,1993-03-14,East Palestine,USA,OH
8476806,JT Brown,20172018,TBL,R,1990-07-02,Burnsville,USA,MN
8477009,Jake Dotchin,20172018,TBL,D,1994-03-24,Cambridge,CAN,ON
8475839,Louis Domingue,20172018,TBL,G,1992-03-06,St-Hyacinthe,CAN,QC
8476285,Matthew Peca,20172018,TBL,C,1993-04-27,Petawawa,CAN,ON
8475739,Michael Bournival,20172018,TBL,L,1992-05-31,Shawinigan,CAN,QC
8479410,Mikhail Sergachev,20172018,TBL,D,1998-06-25,Nizhnekamsk,RUS,NA
8476453,Nikita Kucherov,20172018,TBL,R,1993-06-17,Maykop,RUS,NA
8476292,Ondrej Palat,20172018,TBL,L,1991-03-28,Frydek-Mistek,CZE,NA
8469514,Peter Budaj,20172018,TBL,G,1982-09-18,Banská Bystrica,SVK,NA
8471339,Ryan Callahan,20172018,TBL,R,1985-03-21,Rochester,USA,NY
8474151,Ryan McDonagh,20172018,TBL,D,1989-06-13,St. Paul,USA,MN
8476886,Slater Koekkoek,20172018,TBL,D,1994-02-18,Winchester,CAN,ON
8474564,Steven Stamkos,20172018,TBL,C,1990-02-07,Markham,CAN,ON
8474870,Tyler Johnson,20172018,TBL,C,1990-07-29,Spokane,USA,WA
8475167,Victor Hedman,20172018,TBL,D,1990-12-18,Ornskoldsvik,SWE,NA
8476480,Vladislav Namestnikov,20172018,TBL,C,1992-11-22,Zhukovskiy,RUS,NA
8476826,Yanni Gourde,20172018,TBL,C,1991-12-15,Saint-Narcisse,CAN,QC
8480158,Andreas Borgman,20172018,TOR,D,1995-06-18,Stockholm,SWE,NA
8477341,Andreas Johnsson,20172018,TOR,L,1994-11-21,Gavle,SWE,NA
8479318,Auston Matthews,20172018,TOR,C,1997-09-17,San Ramon,USA,CA
8480157,Calle Rosen,20172018,TOR,D,1994-02-02,Vaxjo,SWE,NA
8475717,Calvin Pickard,20172018,TOR,G,1992-04-15,Moncton,CAN,NB
8477015,Connor Brown,20172018,TOR,R,1994-01-14,Toronto,CAN,ON
8476941,Connor Carrick,20172018,TOR,D,1994-04-13,Orland Park,USA,IL
8470147,Curtis McElhinney,20172018,TOR,G,1983-05-23,London,CAN,ON
8468575,Dominic Moore,20172018,TOR,C,1980-08-03,Thornhill,CAN,ON
8470611,Eric Fehr,20172018,TOR,C,1985-09-07,Winkler,CAN,MB
8475883,Frederik Andersen,20172018,TOR,G,1989-10-02,Herning,DNK,NA
8477512,Frederik Gauthier,20172018,TOR,C,1995-04-26,Laval,CAN,QC
8474581,Jake Gardiner,20172018,TOR,D,1990-07-04,Minnetonka,USA,MN
8474037,James van Riemsdyk,20172018,TOR,L,1989-05-04,Middletown,USA,NJ
8476410,Josh Leivo,20172018,TOR,L,1993-05-26,Innisfil,CAN,ON
8475718,Justin Holl,20172018,TOR,D,1992-01-30,Tonka Bay,USA,MN
8477953,Kasperi Kapanen,20172018,TOR,R,1996-07-23,Kuopio,FIN,NA
8473463,Leo Komarov,20172018,TOR,C,1987-01-23,Narva,EST,NA
8475716,Martin Marincin,20172018,TOR,D,1992-02-18,Kosice,SVK,NA
8474709,Matt Martin,20172018,TOR,L,1989-05-08,Windsor,CAN,ON
8478483,Mitch Marner,20172018,TOR,R,1997-05-05,Markham,CAN,ON
8476853,Morgan Rielly,20172018,TOR,D,1994-03-09,Vancouver,CAN,BC
8475172,Nazem Kadri,20172018,TOR,C,1990-10-06,London,CAN,ON
8478373,Nikita Soshnikov,20172018,TOR,R,1993-10-14,Nizhny Tagil,RUS,NA
8479458,Nikita Zaitsev,20172018,TOR,D,1991-10-29,Moscow,RUS,NA
8466139,Patrick Marleau,20172018,TOR,C,1979-09-15,Aneroid,CAN,SK
8471392,Roman Polak,20172018,TOR,D,1986-04-28,Ostrava,CZE,NA
8468493,Ron Hainsey,20172018,TOR,D,1981-03-24,Bolton,USA,CT
8469521,Tomas Plekanec,20172018,TOR,C,1982-10-31,Kladno,CZE,NA
8478408,Travis Dermott,20172018,TOR,D,1996-12-22,Newmarket,CAN,ON
8475098,Tyler Bozak,20172018,TOR,C,1986-03-19,Regina,CAN,SK
8477939,William Nylander,20172018,TOR,R,1996-05-01,Calgary,CAN,AB
8475786,Zach Hyman,20172018,TOR,L,1992-06-09,Toronto,CAN,ON
8478874,Adam Gaudette,20172018,VAN,C,1996-10-03,Braintree,USA,MA
8473415,Alex Biega,20172018,VAN,D,1988-04-04,Montréal,CAN,QC
8475788,Alexander Burmistrov,20172018,VAN,C,1991-10-21,Kazan,RUS,NA
8471303,Alexander Edler,20172018,VAN,D,1986-04-21,Ostersund,SWE,NA
8475195,Anders Nilsson,20172018,VAN,G,1990-03-19,Lulea,SWE,NA
8477085,Ashton Sautner,20172018,VAN,D,1994-05-27,Flin Flon,CAN,MB
8477018,Ben Hutton,20172018,VAN,D,1993-04-20,Brockville,CAN,ON
8477500,Bo Horvat,20172018,VAN,C,1995-04-05,London,CAN,ON
8474091,Brandon Sutter,20172018,VAN,C,1989-02-14,Huntington,USA,NY
8476867,Brendan Gaunce,20172018,VAN,C,1994-03-25,Sudbury,CAN,ON
8476894,Brendan Leipsic,20172018,VAN,L,1994-05-19,Winnipeg,CAN,MB
8478444,Brock Boeser,20172018,VAN,R,1997-02-25,Burnsville,USA,MN
8475690,Chris Tanev,20172018,VAN,D,1989-12-20,Toronto,CAN,ON
8467875,Daniel Sedin,20172018,VAN,L,1980-09-26,Ornskoldsvik,SWE,NA
8475423,Darren Archibald,20172018,VAN,R,1990-02-09,Newmarket,CAN,ON
8473432,Derek Dorsett,20172018,VAN,R,1986-12-20,Kindersley,CAN,SK
8476884,Derrick Pouliot,20172018,VAN,D,1994-01-16,Estevan,CAN,SK
8475790,Erik Gudbranson,20172018,VAN,D,1992-01-07,Ottawa,CAN,ON
8467876,Henrik Sedin,20172018,VAN,C,1980-09-26,Ornskoldsvik,SWE,NA
8474593,Jacob Markstrom,20172018,VAN,G,1990-01-31,Gavle,SWE,NA
8477937,Jake Virtanen,20172018,VAN,R,1996-08-17,Langley,CAN,BC
8477126,Jayson Megna,20172018,VAN,C,1990-02-01,Fort Lauderdale,USA,FL
8469638,Jussi Jokinen,20172018,VAN,L,1983-04-01,Kalajoki,FIN,NA
8470626,Loui Eriksson,20172018,VAN,L,1985-07-17,Gothenburg,SWE,NA
8476440,Markus Granlund,20172018,VAN,C,1993-04-16,Oulu,FIN,NA
8475808,Michael Chaput,20172018,VAN,C,1992-04-09,Ile Bizard,CAN,QC
8474584,Michael Del Zotto,20172018,VAN,D,1990-06-24,Stouffville,CAN,ON
8475343,Nic Dowd,20172018,VAN,C,1990-05-27,Huntsville,USA,AL
8477958,Nikolay Goldobin,20172018,VAN,R,1995-10-07,Moscow,RUS,NA
8480163,Philip Holm,20172018,VAN,D,1991-12-08,Stockholm,SWE,NA
8476423,Reid Boucher,20172018,VAN,C,1993-09-08,Lansing,USA,MI
8474040,Sam Gagner,20172018,VAN,C,1989-08-10,London,CAN,ON
8476466,Sven Baertschi,20172018,VAN,L,1992-10-05,Bern,CHE,NA
8477967,Thatcher Demko,20172018,VAN,G,1995-12-08,San Diego,USA,CA
8470598,Thomas Vanek,20172018,VAN,L,1984-01-19,Vienna,AUT,NA
8479442,Troy Stecher,20172018,VAN,D,1994-04-07,Richmond,CAN,BC
8477353,Tyler Motte,20172018,VAN,C,1995-03-10,St. Clair,USA,MI
8477949,Alex Tuch,20172018,VGK,R,1996-05-10,Syracuse,USA,NY
8476779,Brad Hunt,20172018,VGK,D,1988-08-24,Maple Ridge,CAN,BC
8475204,Brandon Pirri,20172018,VGK,C,1991-04-10,Toronto,CAN,ON
8475188,Brayden McNabb,20172018,VGK,D,1991-01-21,Davidson,CAN,SK
8476894,Brendan Leipsic,20172018,VGK,L,1994-05-19,Winnipeg,CAN,MB
8475236,Cody Eakin,20172018,VGK,C,1991-05-24,Winnipeg,CAN,MB
8476525,Colin Miller,20172018,VGK,D,1992-10-29,Sault Ste. Marie,CAN,ON
8474102,David Perron,20172018,VGK,L,1988-05-28,Sherbrooke,CAN,QC
8468674,Deryk Engelland,20172018,VGK,D,1982-04-03,Edmonton,CAN,AB
8480263,Dylan Ferguson,20172018,VGK,G,1998-09-20,Lantzville,CAN,BC
8475287,Erik Haula,20172018,VGK,C,1991-03-23,Pori,FIN,NA
8471707,James Neal,20172018,VGK,L,1987-09-03,Whitby,CAN,ON
8474520,Jason Garrison,20172018,VGK,D,1984-11-13,White Rock,CAN,BC
8475750,Jon Merrill,20172018,VGK,D,1992-02-03,Oklahoma City,USA,OK
8476539,Jonathan Marchessault,20172018,VGK,R,1990-12-27,Cap-Rouge,CAN,QC
8474579,Luca Sbisa,20172018,VGK,D,1990-01-30,Ozieri,ITA,NA
8476876,Malcolm Subban,20172018,VGK,G,1993-12-21,Toronto,CAN,ON
8470594,Marc-Andre Fleury,20172018,VGK,G,1984-11-28,Sorel,CAN,QC
8476509,Maxime Lagace,20172018,VGK,G,1993-01-12,Saint-Augustin,CAN,QC
8477220,Nate Schmidt,20172018,VGK,D,1991-07-16,St. Cloud,USA,MN
8476861,Oscar Dansk,20172018,VGK,G,1994-02-28,Stockholm,SWE,NA
8475715,Oscar Lindberg,20172018,VGK,C,1991-10-29,Skelleftea,SWE,NA
8477930,Pierre-Edouard Bellemare,20172018,VGK,C,1985-03-06,Le Blanc-Mesnil,FRA,NA
8475191,Reilly Smith,20172018,VGK,R,1991-04-01,Mimico,CAN,ON
8477846,Ryan Carpenter,20172018,VGK,C,1991-01-18,Oviedo,USA,FL
8471817,Ryan Reaves,20172018,VGK,R,1987-01-20,Winnipeg,CAN,MB
8477447,Shea Theodore,20172018,VGK,D,1995-08-03,Aldergrove,CAN,BC
8476870,Stefan Matteau,20172018,VGK,C,1994-02-23,Chicago,USA,IL
8476617,Tomas Hyka,20172018,VGK,R,1993-03-23,Mlada Boleslav,CZE,NA
8477931,Tomas Nosek,20172018,VGK,L,1992-09-01,Pardubice,CZE,NA
8475193,Tomas Tatar,20172018,VGK,L,1990-12-01,Ilava,SVK,NA
8479650,Vadim Shipachyov,20172018,VGK,C,1987-03-12,Cherepovets,RUS,NA
8477478,William Carrier,20172018,VGK,L,1994-12-20,LaSalle,CAN,QC
8476448,William Karlsson,20172018,VGK,C,1993-01-08,Marsta,SWE,NA
8480727,Zach Whitecloud,20172018,VGK,D,1996-11-28,Brandon,CAN,MB
8476392,Adam Lowry,20172018,WPG,C,1993-03-29,St. Louis,USA,MO
8477429,Andrew Copp,20172018,WPG,C,1994-07-08,Ann Arbor,USA,MI
8475279,Ben Chiarot,20172018,WPG,D,1991-05-09,Hamilton,CAN,ON
8471218,Blake Wheeler,20172018,WPG,R,1986-08-31,Plymouth,USA,MN
8479293,Brandon Tanev,20172018,WPG,L,1991-12-31,Toronto,CAN,ON
8477962,Brendan Lemieux,20172018,WPG,L,1996-03-15,Denver,USA,CO
8473412,Bryan Little,20172018,WPG,C,1987-11-12,Edmonton,CAN,AB
8476945,Connor Hellebuyck,20172018,WPG,G,1993-05-19,Commerce,USA,MI
8475179,Dmitry Kulikov,20172018,WPG,D,1990-10-29,Lipetsk,RUS,NA
8470834,Dustin Byfuglien,20172018,WPG,D,1985-03-27,Roseau,USA,MN
8477480,Eric Comrie,20172018,WPG,G,1995-07-06,Edmonton,CAN,AB
8478458,Jack Roslovic,20172018,WPG,C,1997-01-29,Columbus,USA,OH
8476885,Jacob Trouba,20172018,WPG,D,1994-02-26,Rochester,USA,MI
8476476,Joe Morrow,20172018,WPG,D,1992-12-09,Edmonton,CAN,AB
8476469,Joel Armia,20172018,WPG,R,1993-05-31,Pori,FIN,NA
8477504,Josh Morrissey,20172018,WPG,D,1995-03-28,Calgary,CAN,AB
8478398,Kyle Connor,20172018,WPG,L,1996-12-09,Shelby Township,USA,MI
8476460,Mark Scheifele,20172018,WPG,C,1993-03-15,Kitchener,CAN,ON
8477448,Marko Dano,20172018,WPG,C,1994-11-30,Eisenstadt,AUT,NA
8473618,Mathieu Perreault,20172018,WPG,L,1988-01-05,Drummondville,CAN,QC
8468611,Matt Hendricks,20172018,WPG,C,1981-06-17,Blaine,USA,MN
8474636,Michael Hutchinson,20172018,WPG,G,1990-03-02,Barrie,CAN,ON
8477464,Nic Petan,20172018,WPG,L,1995-03-22,Delta,CAN,BC
8477940,Nikolaj Ehlers,20172018,WPG,L,1996-02-14,Aalborg,DNK,NA
8479339,Patrik Laine,20172018,WPG,R,1998-04-19,Tampere,FIN,NA
8471669,Paul Stastny,20172018,WPG,C,1985-12-27,Quebec City,CAN,QC
8478915,Sami Niku,20172018,WPG,D,1996-10-10,Haapavesi,FIN,NA
8473574,Shawn Matthias,20172018,WPG,L,1988-02-19,Mississauga,CAN,ON
8473461,Steve Mason,20172018,WPG,G,1988-05-29,Oakville,CAN,ON
8470828,Toby Enstrom,20172018,WPG,D,1984-11-05,Nordingra,SWE,NA
8477359,Tucker Poolman,20172018,WPG,D,1993-06-08,Dubuque,USA,IA
8474574,Tyler Myers,20172018,WPG,D,1990-02-01,Houston,USA,TX
8474604,Aaron Ness,20172018,WSH,D,1990-05-18,Roseau,USA,MN
8475163,Alex Chiasson,20172018,WSH,R,1990-10-01,Montréal,CAN,QC
8471214,Alex Ovechkin,20172018,WSH,L,1985-09-17,Moscow,RUS,NA
8477444,Andre Burakovsky,20172018,WSH,L,1995-02-09,Klagenfurt,AUT,NA
8474061,Anthony Peluso,20172018,WSH,R,1989-04-18,North York,CAN,ON
8474651,Braden Holtby,20172018,WSH,G,1989-09-16,Lloydminster,CAN,SK
8475792,Brett Connolly,20172018,WSH,R,1992-05-02,Campbell River,CAN,BC
8468498,Brooks Orpik,20172018,WSH,D,1980-09-26,San Francisco,USA,CA
8476905,Chandler Stephenson,20172018,WSH,C,1994-04-22,Saskatoon,CAN,SK
8477043,Christian Djoos,20172018,WSH,D,1994-08-06,Gothenburg,SWE,NA
8475758,Devante Smith-Pelly,20172018,WSH,R,1992-06-14,Scarborough,CAN,ON
8475200,Dmitry Orlov,20172018,WSH,D,1991-07-23,Novokuznetsk,RUS,NA
8475744,Evgeny Kuznetsov,20172018,WSH,C,1992-05-19,Chelyabinsk,RUS,NA
8480143,Jakub Jerabek,20172018,WSH,D,1991-05-12,Pilsen,CZE,NA
8477944,Jakub Vrana,20172018,WSH,L,1996-02-28,Prague,CZE,NA
8474291,Jay Beagle,20172018,WSH,C,1985-10-16,Calgary,CAN,AB
8474590,John Carlson,20172018,WSH,D,1990-01-10,Natick,USA,MA
8474189,Lars Eller,20172018,WSH,C,1989-05-08,Rodovre,DNK,NA
8477070,Liam O'Brien,20172018,WSH,C,1994-07-29,Halifax,CAN,NS
8477474,Madison Bowey,20172018,WSH,D,1995-04-22,Winnipeg,CAN,MB
8471702,Matt Niskanen,20172018,WSH,D,1986-12-06,Virginia,USA,MN
8479482,Michal Kempny,20172018,WSH,D,1990-09-08,Hodonin,CZE,NA
8477573,Nathan Walker,20172018,WSH,L,1994-02-07,Cardiff,GBR,NA
8473563,Nicklas Backstrom,20172018,WSH,C,1987-11-23,Gavle,SWE,NA
8475831,Philipp Grubauer,20172018,WSH,G,1991-11-25,Rosenheim,DEU,NA
8478063,Shane Gersich,20172018,WSH,L,1996-07-10,Chaska,USA,MN
8471698,T.J. Oshie,20172018,WSH,R,1986-12-23,Everett,USA,WA
8471710,Taylor Chorney,20172018,WSH,D,1987-04-27,Thunder Bay,CAN,ON
8476880,Tom Wilson,20172018,WSH,R,1994-03-29,Toronto,CAN,ON
8476329,Travis Boyd,20172018,WSH,C,1993-09-14,Hopkins,USA,MN
8476344,Tyler Graovac,20172018,WSH,C,1993-04-27,Brampton,CAN,ON
8471490,Adam Cracknell,20182019,ANA,R,1985-07-15,Prince Albert,CAN,SK
8474641,Adam Henrique,20182019,ANA,C,1990-02-06,Brantford,CAN,ON
8477205,Andrej Sustr,20182019,ANA,D,1990-11-29,Plzen,CZE,NA
8471699,Andrew Cogliano,20182019,ANA,L,1987-06-14,Toronto,CAN,ON
8476407,Andy Welinski,20182019,ANA,D,1993-04-27,Duluth,USA,MN
8476043,Ben Street,20182019,ANA,C,1987-02-13,Coquitlam,CAN,BC
8477986,Brandon Montour,20182019,ANA,D,1994-04-11,Brantford,CAN,ON
8478425,Brendan Guhle,20182019,ANA,D,1997-07-29,Edmonton,CAN,AB
8476207,Brian Gibbons,20182019,ANA,L,1988-02-26,Braintree,USA,MA
8475764,Cam Fowler,20182019,ANA,D,1991-12-05,Windsor,CAN,ON
8477240,Carter Rowney,20182019,ANA,C,1989-05-10,Grande Prairie,CAN,AB
8473434,Chad Johnson,20182019,ANA,G,1986-06-10,Saskatoon,CAN,SK
8478029,Chase De Leo,20182019,ANA,L,1995-10-25,La Mirada,USA,CA
8470621,Corey Perry,20182019,ANA,R,1985-05-16,Peterborough,CAN,ON
8478466,Daniel Sprong,20182019,ANA,R,1997-03-17,Amsterdam,NLD,NA
8474683,Derek Grant,20182019,ANA,C,1990-04-20,Abbotsford,CAN,BC
8476913,Devin Shore,20182019,ANA,C,1994-07-19,Ajax,CAN,ON
8476854,Hampus Lindholm,20182019,ANA,D,1994-01-20,Helsingborg,SWE,NA
8480806,Isac Lundestrom,20182019,ANA,C,1999-11-06,Gallivare,SWE,NA
8478491,Jacob Larsson,20182019,ANA,D,1997-04-29,Ljungby,SWE,NA
8477009,Jake Dotchin,20182019,ANA,D,1994-03-24,Cambridge,CAN,ON
8475164,Jakob Silfverberg,20182019,ANA,R,1990-10-13,Gavle,SWE,NA
8477034,Jaycob Megna,20182019,ANA,D,1992-12-10,Plantation,USA,FL
8476434,John Gibson,20182019,ANA,G,1993-07-14,Pittsburgh,USA,PA
8477010,Joseph Blandisi,20182019,ANA,C,1994-07-18,Markham,CAN,ON
8476312,Josh Manson,20182019,ANA,D,1991-10-07,Hinsdale,USA,IL
8479372,Joshua Mahura,20182019,ANA,D,1998-05-05,St. Albert,CAN,AB
8480082,Justin Kloos,20182019,ANA,C,1993-11-30,Lakeville,USA,MN
8479290,Kalle Kossila,20182019,ANA,C,1993-04-14,Kauniainen,FIN,NA
8479294,Kevin Boyle,20182019,ANA,G,1992-05-30,Manalapan,USA,NJ
8476971,Kevin Roy,20182019,ANA,L,1993-05-20,Greenfield Park,CAN,QC
8480748,Kiefer Sherwood,20182019,ANA,R,1995-03-31,Columbus,USA,OH
8473560,Korbinian Holzer,20182019,ANA,D,1988-02-16,Munich,DEU,NA
8474568,Luke Schenn,20182019,ANA,D,1989-11-02,Saskatoon,CAN,SK
8477969,Marcus Pettersson,20182019,ANA,D,1996-05-08,Skelleftea,SWE,NA
8479368,Max Jones,20182019,ANA,L,1998-02-17,Rochester,USA,MI
8480031,Maxime Comtois,20182019,ANA,L,1999-01-08,Longueuil,CAN,QC
8474584,Michael Del Zotto,20182019,ANA,D,1990-06-24,Stouffville,CAN,ON
8477941,Nick Ritchie,20182019,ANA,L,1995-12-05,Orangeville,CAN,ON
8478131,Ondrej Kase,20182019,ANA,R,1995-11-08,Kadan,CZE,NA
8470622,Patrick Eaves,20182019,ANA,R,1984-05-01,Calgary,CAN,AB
8476857,Pontus Aberg,20182019,ANA,L,1993-09-23,Stockholm,SWE,NA
8476483,Rickard Rakell,20182019,ANA,L,1993-05-05,Sundbyberg,SWE,NA
8470612,Ryan Getzlaf,20182019,ANA,C,1985-05-10,Regina,CAN,SK
8470616,Ryan Kesler,20182019,ANA,C,1984-08-31,Livonia,USA,MI
8468011,Ryan Miller,20182019,ANA,G,1980-07-17,East Lansing,USA,MI
8475842,Sam Carrick,20182019,ANA,C,1992-02-04,Markham,CAN,ON
8479351,Sam Steel,20182019,ANA,C,1998-02-03,Ardrossan,CAN,AB
8478873,Troy Terry,20182019,ANA,R,1997-09-10,Denver,USA,CO
8478499,Adin Hill,20182019,ARI,G,1996-05-11,Comox,CAN,BC
8476851,Alex Galchenyuk,20182019,ARI,C,1994-02-12,Milwaukee,USA,WI
8471274,Alex Goligoski,20182019,ARI,D,1985-07-30,Grand Rapids,USA,MN
8477293,Antti Raanta,20182019,ARI,G,1989-05-12,Rauma,FIN,NA
8470755,Brad Richardson,20182019,ARI,C,1985-02-04,Belleville,CAN,ON
8477943,Brendan Perlini,20182019,ARI,L,1996-04-27,Guildford,GBR,NA
8475717,Calvin Pickard,20182019,ARI,G,1992-04-15,Moncton,CAN,NB
8477989,Christian Dvorak,20182019,ARI,C,1996-02-02,Palos,USA,IL
8478432,Christian Fischer,20182019,ARI,R,1997-04-15,Chicago,USA,IL
8479343,Clayton Keller,20182019,ARI,R,1998-07-29,Chesterfield,USA,MO
8478856,Conor Garland,20182019,ARI,R,1996-03-11,Scituate,USA,MA
8477541,Dakota Mermis,20182019,ARI,D,1994-01-05,Alton,USA,IL
8475311,Darcy Kuemper,20182019,ARI,G,1990-05-05,Saskatoon,CAN,SK
8474613,Derek Stepan,20182019,ARI,C,1990-06-18,Hastings,USA,MN
8478440,Dylan Strome,20182019,ARI,C,1997-03-07,Mississauga,CAN,ON
8480112,Hunter Miska,20182019,ARI,G,1995-07-07,North Branch,USA,MN
8480950,Ilya Lyubushkin,20182019,ARI,D,1994-04-06,Moscow,RUS,NA
8479345,Jakob Chychrun,20182019,ARI,D,1998-03-31,Boca Raton,USA,FL
8474218,Jason Demers,20182019,ARI,D,1988-06-09,Dorval,CAN,QC
8477851,Jordan Oesterle,20182019,ARI,D,1992-06-25,Dearborn Heights,USA,MI
8475738,Jordan Weal,20182019,ARI,C,1992-04-15,North Vancouver,CAN,BC
8476326,Josh Archibald,20182019,ARI,R,1992-10-06,Regina,CAN,SK
8475246,Kevin Connauton,20182019,ARI,D,1990-02-23,Edmonton,CAN,AB
8478476,Kyle Capobianco,20182019,ARI,D,1997-08-13,Mississauga,CAN,ON
8477460,Laurent Dauphin,20182019,ARI,C,1995-03-27,Repentigny,CAN,QC
8478474,Lawson Crouse,20182019,ARI,L,1997-06-23,Mt. Brydges,CAN,ON
8474131,Mario Kempe,20182019,ARI,R,1988-09-19,Kramfors,SWE,NA
8478047,Michael Bunting,20182019,ARI,L,1995-09-17,Scarborough,CAN,ON
8473546,Michael Grabner,20182019,ARI,L,1987-10-05,Villach,AUT,NA
8476393,Nick Cousins,20182019,ARI,C,1993-07-20,Belleville,CAN,ON
8477951,Nick Schmaltz,20182019,ARI,C,1996-02-23,Madison,USA,WI
8471769,Niklas Hjalmarsson,20182019,ARI,D,1987-06-06,Eksjo,SWE,NA
8475171,Oliver Ekman-Larsson,20182019,ARI,D,1991-07-17,Karlskrona,SWE,NA
8475209,Richard Panik,20182019,ARI,R,1991-02-07,Martin,SVK,NA
8476994,Vinnie Hinostroza,20182019,ARI,R,1994-04-03,Chicago,USA,IL
8478075,Anders Bjork,20182019,BOS,L,1996-08-05,Mequon,USA,WI
8477320,Anton Blidh,20182019,BOS,L,1995-03-14,Molnlycke,SWE,NA
8473419,Brad Marchand,20182019,BOS,L,1988-05-11,Halifax,CAN,NS
8478443,Brandon Carlo,20182019,BOS,D,1996-11-26,Colorado Springs,USA,CO
8475745,Charlie Coyle,20182019,BOS,C,1992-03-02,East Weymouth,USA,MA
8479325,Charlie McAvoy,20182019,BOS,D,1997-12-21,Long Beach,USA,NY
8475780,Chris Wagner,20182019,BOS,R,1991-05-27,Walpole,USA,MA
8477529,Colby Cave,20182019,BOS,C,1994-12-26,Battleford,CAN,SK
8477365,Connor Clifton,20182019,BOS,D,1995-04-28,Matawan,USA,NJ
8478046,Danton Heinen,20182019,BOS,C,1995-07-05,Langley,CAN,BC
8470655,David Backes,20182019,BOS,R,1984-05-01,Minneapolis,USA,MN
8471276,David Krejci,20182019,BOS,C,1986-04-28,Sternberk,CZE,NA
8477956,David Pastrnak,20182019,BOS,R,1996-05-25,Havirov,CZE,NA
8476966,Gemel Smith,20182019,BOS,C,1994-04-16,Toronto,CAN,ON
8478498,Jake DeBrusk,20182019,BOS,L,1996-10-17,Edmonton,CAN,AB
8478417,Jakob Forsbacka Karlsson,20182019,BOS,C,1996-10-31,Stockholm,SWE,NA
8478415,Jakub Zboril,20182019,BOS,D,1997-02-21,Brno,CZE,NA
8470860,Jaroslav Halak,20182019,BOS,G,1985-05-13,Bratislava,SVK,NA
8478468,Jeremy Lauzon,20182019,BOS,D,1997-04-28,Val-d'Or,CAN,QC
8475807,Joakim Nordstrom,20182019,BOS,C,1992-02-25,Stockholm,SWE,NA
8475186,John Moore,20182019,BOS,D,1990-11-19,Winnetka,USA,IL
8480901,Karson Kuhlman,20182019,BOS,C,1995-09-26,Esko,USA,MN
8476191,Kevan Miller,20182019,BOS,D,1987-11-15,Los Angeles,USA,CA
8470740,Lee Stempniak,20182019,BOS,R,1983-02-04,West Seneca,USA,NY
8475149,Marcus Johansson,20182019,BOS,L,1990-10-06,Landskrona,SWE,NA
8476891,Matt Grzelcyk,20182019,BOS,D,1994-01-05,Charlestown,USA,MA
8478569,Noel Acciari,20182019,BOS,C,1991-12-01,Johnston,USA,RI
8470638,Patrice Bergeron,20182019,BOS,C,1985-07-24,L'Ancienne-Lorette,CAN,QC
8474008,Paul Carey,20182019,BOS,C,1988-09-24,Boston,USA,MA
8477417,Peter Cehlarik,20182019,BOS,L,1995-08-02,Zilina,SVK,NA
8477987,Ryan Donato,20182019,BOS,C,1996-04-09,Boston,USA,MA
8476374,Sean Kuraly,20182019,BOS,C,1993-01-20,Niagara Falls,USA,NY
8474000,Steven Kampfer,20182019,BOS,D,1988-09-24,Ann Arbor,USA,MI
8476792,Torey Krug,20182019,BOS,D,1991-04-12,Livonia,USA,MI
8479365,Trent Frederic,20182019,BOS,C,1998-02-11,St. Louis,USA,MO
8471695,Tuukka Rask,20182019,BOS,G,1987-03-10,Savonlinna,FIN,NA
8480001,Urho Vaakanainen,20182019,BOS,D,1999-01-01,Joensuu,FIN,NA
8478485,Zach Senyshyn,20182019,BOS,R,1997-03-30,Ottawa,CAN,ON
8465009,Zdeno Chara,20182019,BOS,D,1977-03-18,Trencin,SVK,NA
8479423,Alex Nylander,20182019,BUF,R,1998-03-02,Calgary,CAN,AB
8477986,Brandon Montour,20182019,BUF,D,1994-04-11,Brantford,CAN,ON
8478425,Brendan Guhle,20182019,BUF,D,1997-07-29,Edmonton,CAN,AB
8480083,C.J. Smith,20182019,BUF,L,1994-12-01,Des Moines,USA,IA
8475622,Carter Hutton,20182019,BUF,G,1985-12-19,Thunder Bay,CAN,ON
8479999,Casey Mittelstadt,20182019,BUF,C,1998-11-22,Eden Prairie,USA,MN
8479268,Casey Nelson,20182019,BUF,D,1992-07-18,Wisconsin Rapids,USA,WI
8477839,Conor Sheary,20182019,BUF,L,1992-06-08,Winchester,USA,MA
8476982,Danny O'Regan,20182019,BUF,C,1994-01-30,Berlin,DEU,NA
8478542,Evan Rodrigues,20182019,BUF,L,1993-07-28,Toronto,CAN,ON
8478403,Jack Eichel,20182019,BUF,C,1996-10-28,North Chelmsford,USA,MA
8476931,Jake McCabe,20182019,BUF,D,1993-10-12,Eau Claire,USA,WI
8469506,Jason Pominville,20182019,BUF,R,1982-11-30,Repentigny,CAN,QC
8475784,Jeff Skinner,20182019,BUF,L,1992-05-16,Toronto,CAN,ON
8475728,Johan Larsson,20182019,BUF,C,1992-07-25,Lau,SWE,NA
8473449,Kyle Okposo,20182019,BUF,R,1988-04-16,St. Paul,USA,MN
8480935,Lawrence Pilut,20182019,BUF,D,1995-12-30,Tingsryd,SWE,NA
8476999,Linus Ullmark,20182019,BUF,G,1993-07-31,Lugnvik,SWE,NA
8474618,Marco Scandella,20182019,BUF,D,1990-02-23,Montréal,CAN,QC
8471436,Matt Hunwick,20182019,BUF,D,1985-05-21,Warren,USA,MI
8476807,Matt Tennyson,20182019,BUF,D,1990-04-23,Minneapolis,USA,MN
8476470,Nathan Beaulieu,20182019,BUF,D,1992-12-05,Strathroy,CAN,ON
8473534,Patrik Berglund,20182019,BUF,C,1988-06-02,Västerås,SWE,NA
8480839,Rasmus Dahlin,20182019,BUF,D,2000-04-13,Lidkoping,SWE,NA
8477499,Rasmus Ristolainen,20182019,BUF,D,1994-10-27,Turku,FIN,NA
8477461,Remi Elie,20182019,BUF,L,1995-04-16,Cornwall,CAN,ON
8477933,Sam Reinhart,20182019,BUF,R,1995-11-06,West Vancouver,CAN,BC
8476293,Scott Wilson,20182019,BUF,L,1992-04-24,Oakville,CAN,ON
8479420,Tage Thompson,20182019,BUF,C,1997-10-30,Phoenix,USA,AZ
8478109,Victor Olofsson,20182019,BUF,L,1995-07-18,Ornskoldsvik,SWE,NA
8471743,Vladimir Sobotka,20182019,BUF,C,1987-07-02,Trebic,CZE,NA
8478840,Will Borgen,20182019,BUF,D,1996-12-19,Moorhead,USA,MN
8474567,Zach Bogosian,20182019,BUF,D,1990-07-15,Massena,USA,NY
8476878,Zemgus Girgensons,20182019,BUF,L,1994-01-05,Riga,LVA,NA
8478839,Aleksi Saarela,20182019,CAR,C,1997-01-07,Helsinki,FIN,NA
8477968,Alex Nedeljkovic,20182019,CAR,G,1996-01-07,Parma,USA,OH
8480830,Andrei Svechnikov,20182019,CAR,R,2000-03-26,Barnaul,RUS,NA
8477488,Brett Pesce,20182019,CAR,D,1994-11-15,Tarrytown,USA,NY
8476934,Brock McGinn,20182019,CAR,L,1994-02-02,Fergus,CAN,ON
8475177,Calvin de Haan,20182019,CAR,D,1991-05-09,Carp,CAN,ON
8478056,Clark Bishop,20182019,CAR,C,1996-03-29,St. John's,CAN,NL
8470147,Curtis McElhinney,20182019,CAR,G,1983-05-23,London,CAN,ON
8476462,Dougie Hamilton,20182019,CAR,D,1993-06-17,Toronto,CAN,ON
8475735,Greg McKegg,20182019,CAR,C,1992-06-17,St. Thomas,CAN,ON
8477938,Haydn Fleury,20182019,CAR,D,1996-07-08,Carlyle,CAN,SK
8476958,Jaccob Slavin,20182019,CAR,D,1994-05-01,Denver,USA,CO
8479402,Jake Bean,20182019,CAR,D,1998-06-09,Calgary,CAN,AB
8479511,Janne Kuokkanen,20182019,CAR,L,1998-05-25,Oulunsalo,FIN,NA
8476921,Jordan Martinook,20182019,CAR,L,1992-07-25,Brandon,CAN,MB
8473533,Jordan Staal,20182019,CAR,C,1988-09-10,Thunder Bay,CAN,ON
8475753,Justin Faulk,20182019,CAR,D,1992-03-20,South St. Paul,USA,MN
8468508,Justin Williams,20182019,CAR,R,1981-10-04,Cobourg,CAN,ON
8478027,Lucas Wallmark,20182019,CAR,C,1995-09-05,Umea,SWE,NA
8480039,Martin Necas,20182019,CAR,C,1999-01-15,Nove Mesto na Morave,CZE,NA
8475907,Micheal Ferland,20182019,CAR,L,1992-04-20,Swan River,CAN,MB
8478462,Nicolas Roy,20182019,CAR,C,1997-02-05,Amos,CAN,QC
8475799,Nino Niederreiter,20182019,CAR,R,1992-09-08,Chur,CHE,NA
8477887,Patrick Brown,20182019,CAR,C,1992-05-29,Bloomfield Hills,USA,MI
8475852,Petr Mrazek,20182019,CAR,G,1992-02-14,Ostrava,CZE,NA
8476858,Phillip Di Giuseppe,20182019,CAR,L,1993-10-09,Toronto,CAN,ON
8477357,Saku Maenalanen,20182019,CAR,R,1994-05-29,Kemi,FIN,NA
8474152,Scott Darling,20182019,CAR,G,1988-12-22,Newport News,USA,VA
8478427,Sebastian Aho,20182019,CAR,C,1997-07-26,Rauma,FIN,NA
8476882,Teuvo Teravainen,20182019,CAR,L,1994-09-11,Helsinki,FIN,NA
8476953,Trevor Carrick,20182019,CAR,D,1994-07-04,Stouffville,CAN,ON
8477845,Trevor van Riemsdyk,20182019,CAR,D,1991-07-24,Middletown,USA,NJ
8477458,Valentin Zykov,20182019,CAR,R,1995-05-15,St. Petersburg,RUS,NA
8476437,Victor Rask,20182019,CAR,C,1993-03-01,Leksand,SWE,NA
8477998,Warren Foegele,20182019,CAR,L,1996-04-01,Markham,CAN,ON
8476431,Adam Clendening,20182019,CBJ,D,1992-10-26,Niagara Falls,USA,NY
8471717,Adam McQuaid,20182019,CBJ,D,1986-10-12,Charlottetown,CAN,PE
8477505,Alexander Wennberg,20182019,CBJ,C,1994-09-22,Stockholm,SWE,NA
8480074,Alexandre Texier,20182019,CBJ,C,1999-09-13,Saint-Martin-d'Hères,FRA,NA
8477407,Anthony Duclair,20182019,CBJ,L,1995-08-26,Pointe-Claire,CAN,QC
8478550,Artemi Panarin,20182019,CBJ,L,1991-10-30,Korkino,RUS,NA
8476432,Boone Jenner,20182019,CBJ,C,1993-06-15,Dorchester,CAN,ON
8471273,Brandon Dubinsky,20182019,CBJ,C,1986-04-29,Anchorage,USA,AK
8474715,Cam Atkinson,20182019,CBJ,R,1989-06-05,Riverside,USA,CT
8475233,David Savard,20182019,CBJ,D,1990-10-22,St-Hyacinthe,CAN,QC
8478567,Dean Kukan,20182019,CBJ,D,1993-07-08,Volketswil,CHE,NA
8480762,Eric Robinson,20182019,CBJ,L,1995-06-14,Bellmawr,USA,NJ
8478506,Gabriel Carlsson,20182019,CBJ,D,1997-01-02,Orebro,SWE,NA
8476914,Joonas Korpisalo,20182019,CBJ,G,1994-04-28,Pori,FIN,NA
8476981,Josh Anderson,20182019,CBJ,R,1994-05-07,Burlington,CAN,ON
8478831,Kevin Stenlund,20182019,CBJ,C,1996-09-20,Stockholm,SWE,NA
8478949,Kole Sherwood,20182019,CBJ,R,1997-01-22,Columbus,USA,OH
8476310,Lukas Sedlak,20182019,CBJ,C,1993-02-25,České Budějovice,CZE,NA
8473914,Mark Letestu,20182019,CBJ,C,1985-02-04,Elk Point,CAN,AB
8478541,Markus Hannikainen,20182019,CBJ,L,1993-03-26,Helsinki,FIN,NA
8478906,Markus Nutivaara,20182019,CBJ,D,1994-06-06,Oulu,FIN,NA
8475168,Matt Duchene,20182019,CBJ,C,1991-01-16,Haliburton,CAN,ON
8473422,Nick Foligno,20182019,CBJ,L,1987-10-31,Buffalo,USA,NY
8477416,Oliver Bjorkstrand,20182019,CBJ,R,1995-04-10,Herning,DNK,NA
8479400,Pierre-Luc Dubois,20182019,CBJ,C,1998-06-24,Ste-Agathe-des-Monts,CAN,QC
8474062,Riley Nash,20182019,CBJ,C,1989-05-09,Consort,CAN,AB
8476288,Ryan Dzingel,20182019,CBJ,C,1992-03-09,Wheaton,USA,IL
8476850,Ryan Murray,20182019,CBJ,D,1993-09-27,Regina,CAN,SK
8476449,Scott Harrington,20182019,CBJ,D,1993-03-10,Kingston,CAN,ON
8475683,Sergei Bobrovsky,20182019,CBJ,G,1988-09-20,Novokuznetsk,RUS,NA
8477495,Seth Jones,20182019,CBJ,D,1994-10-03,Arlington,USA,TX
8477947,Sonny Milano,20182019,CBJ,L,1996-05-12,Massapequa,USA,NY
8478882,Vladislav Gavrikov,20182019,CBJ,D,1995-11-21,Yaroslavl,RUS,NA
8474610,Zac Dalpe,20182019,CBJ,C,1989-11-01,Paris,CAN,ON
8478460,Zach Werenski,20182019,CBJ,D,1997-07-19,Grosse Pointe,USA,MI
8476409,Alan Quine,20182019,CGY,C,1993-02-25,Belleville,CAN,ON
8478233,Andrew Mangiapane,20182019,CGY,L,1996-04-04,Toronto,CAN,ON
8474061,Anthony Peluso,20182019,CGY,R,1989-04-18,North York,CAN,ON
8478512,Austin Czarnik,20182019,CGY,C,1992-12-12,Detroit,USA,MI
8477508,Curtis Lazar,20182019,CGY,C,1995-02-02,Salmon Arm,CAN,BC
8474774,Dalton Prout,20182019,CGY,D,1990-03-13,Kingsville,CAN,ON
8479496,David Rittich,20182019,CGY,G,1992-08-19,Jihlava,CZE,NA
8478585,Derek Ryan,20182019,CGY,C,1986-12-29,Spokane,USA,WA
8479346,Dillon Dube,20182019,CGY,C,1998-07-20,Golden,CAN,BC
8477496,Elias Lindholm,20182019,CGY,C,1994-12-02,Boden,SWE,NA
8477903,Garnet Hathaway,20182019,CGY,R,1991-11-23,Naples,USA,FL
8471707,James Neal,20182019,CGY,L,1987-09-03,Whitby,CAN,ON
8476346,Johnny Gaudreau,20182019,CGY,L,1993-08-13,Salem,USA,NJ
8479976,Juuso Valimaki,20182019,CGY,D,1998-10-06,Tampere,FIN,NA
8477510,Kerby Rychel,20182019,CGY,L,1994-10-07,Torrance,USA,CA
8470966,Mark Giordano,20182019,CGY,D,1983-10-03,Toronto,CAN,ON
8476873,Mark Jankowski,20182019,CGY,C,1994-09-13,Hamilton,CAN,ON
8479314,Matthew Tkachuk,20182019,CGY,L,1997-12-11,Scottsdale,USA,AZ
8473564,Michael Frolik,20182019,CGY,R,1988-02-17,Kladno,CZE,NA
8474628,Michael Stone,20182019,CGY,D,1990-06-07,Winnipeg,CAN,MB
8474150,Mikael Backlund,20182019,CGY,C,1989-03-17,Vasteras,SWE,NA
8469608,Mike Smith,20182019,CGY,G,1982-03-22,Kingston,CAN,ON
8478396,Noah Hanifin,20182019,CGY,D,1997-01-25,Boston,USA,MA
8478430,Oliver Kylington,20182019,CGY,D,1997-05-19,Stockholm,SWE,NA
8480147,Oscar Fantenberg,20182019,CGY,D,1991-10-07,Ljunby,SWE,NA
8478397,Rasmus Andersson,20182019,CGY,D,1996-10-27,Malmo,SWE,NA
8479066,Ryan Lomberg,20182019,CGY,L,1994-12-09,Richmond Hill,CAN,ON
8477935,Sam Bennett,20182019,CGY,C,1996-06-20,Holland Landing,CAN,ON
8477497,Sean Monahan,20182019,CGY,C,1994-10-12,Brampton,CAN,ON
8474673,TJ Brodie,20182019,CGY,D,1990-06-07,Chatham,CAN,ON
8474612,Travis Hamonic,20182019,CGY,D,1990-08-16,St. Malo,CAN,MB
8479337,Alex DeBrincat,20182019,CHI,L,1997-12-18,Farmington Hills,USA,MI
8479657,Alexandre Fortin,20182019,CHI,L,1997-02-25,Blainville,CAN,QC
8478561,Andreas Martinsen,20182019,CHI,L,1990-06-13,Bærum,NOR,NA
8473573,Artem Anisimov,20182019,CHI,C,1988-05-24,Yaroslavl,RUS,NA
8475869,Brandon Davidson,20182019,CHI,D,1991-08-21,Taber,CAN,AB
8475430,Brandon Manning,20182019,CHI,D,1990-06-04,Prince George,CAN,BC
8476438,Brandon Saad,20182019,CHI,L,1992-10-27,Pittsburgh,USA,PA
8477943,Brendan Perlini,20182019,CHI,L,1996-04-27,Guildford,GBR,NA
8470607,Brent Seabrook,20182019,CHI,D,1985-04-20,Richmond,CAN,BC
8470320,Cam Ward,20182019,CHI,G,1984-02-29,Saskatoon,CAN,SK
8477472,Carl Dahlstrom,20182019,CHI,D,1995-01-28,Stockholm,SWE,NA
8470543,Chris Kunitz,20182019,CHI,L,1979-09-26,Regina,CAN,SK
8480420,Collin Delia,20182019,CHI,G,1994-06-20,Rancho Cucamonga,USA,CA
8476473,Connor Murphy,20182019,CHI,D,1993-03-26,Dublin,USA,OH
8470645,Corey Crawford,20182019,CHI,G,1984-12-31,Montréal,CAN,QC
8480144,David Kampf,20182019,CHI,C,1995-01-12,Chomutov,CZE,NA
8478502,Dennis Gilbert,20182019,CHI,D,1996-10-30,Buffalo,USA,NY
8480946,Dominik Kahun,20182019,CHI,C,1995-07-02,Plana,CZE,NA
8479465,Drake Caggiula,20182019,CHI,C,1994-06-20,Pickering,CAN,ON
8470281,Duncan Keith,20182019,CHI,D,1983-07-16,Winnipeg,CAN,MB
8478106,Dylan Sikura,20182019,CHI,R,1995-06-01,Aurora,CAN,ON
8478440,Dylan Strome,20182019,CHI,C,1997-03-07,Mississauga,CAN,ON
8476979,Erik Gustafsson,20182019,CHI,D,1992-03-14,Nynashamn,SWE,NA
8478055,Gustav Forsling,20182019,CHI,D,1996-06-12,Linkoping,SWE,NA
8480035,Henri Jokiharju,20182019,CHI,D,1999-06-17,Oulu,FIN,NA
8480954,Jacob Nilsson,20182019,CHI,C,1993-10-12,Morrum,SWE,NA
8480172,Jan Rutta,20182019,CHI,D,1990-07-29,Pisek,CZE,NA
8477401,John Hayden,20182019,CHI,R,1995-02-14,Chicago,USA,IL
8473604,Jonathan Toews,20182019,CHI,C,1988-04-29,Winnipeg,CAN,MB
8477366,Luke Johnson,20182019,CHI,C,1994-09-19,Grand Forks,USA,ND
8475323,Marcus Kruger,20182019,CHI,C,1990-05-27,Stockholm,SWE,NA
8477951,Nick Schmaltz,20182019,CHI,C,1996-02-23,Madison,USA,WI
8474141,Patrick Kane,20182019,CHI,R,1988-11-19,Buffalo,USA,NY
8476886,Slater Koekkoek,20182019,CHI,D,1994-02-18,Winchester,CAN,ON
8478421,A.J. Greer,20182019,COL,L,1996-12-14,Joliette,CAN,QC
8477021,Alexander Kerfoot,20182019,COL,C,1994-08-11,Vancouver,CAN,BC
8475461,Andrew Agozzino,20182019,COL,L,1991-01-03,Kleinburg,CAN,ON
8478073,Anton Lindholm,20182019,COL,D,1994-11-29,Skelleftea,SWE,NA
8480069,Cale Makar,20182019,COL,D,1998-10-30,Calgary,CAN,AB
8471262,Carl Soderberg,20182019,COL,C,1985-10-12,Malmo,SWE,NA
8474569,Colin Wilson,20182019,COL,C,1989-10-20,Greenwich,USA,CT
8473544,Derick Brassard,20182019,COL,C,1987-09-22,Hull,CAN,QC
8476952,Dominic Toninato,20182019,COL,C,1994-03-09,Duluth,USA,MN
8473446,Erik Johnson,20182019,COL,D,1988-03-21,Bloomington,USA,MN
8475268,Gabriel Bourque,20182019,COL,L,1990-09-23,Rimouski,CAN,QC
8476455,Gabriel Landeskog,20182019,COL,L,1992-11-23,Stockholm,SWE,NA
8474013,Ian Cole,20182019,COL,D,1989-02-21,Ann Arbor,USA,MI
8477456,J.T. Compher,20182019,COL,C,1995-04-08,Northbrook,USA,IL
8481186,Logan O'Connor,20182019,COL,R,1996-08-14,Missouri City,USA,TX
8475729,Mark Alt,20182019,COL,D,1991-10-18,Kansas City,USA,MO
8474717,Mark Barberio,20182019,COL,D,1990-03-23,Montréal,CAN,QC
8477448,Marko Dano,20182019,COL,C,1994-11-30,Eisenstadt,AUT,NA
8474685,Matt Calvert,20182019,COL,L,1989-12-24,Brandon,CAN,MB
8476442,Matt Nieto,20182019,COL,L,1992-11-05,Long Beach,USA,CA
8478420,Mikko Rantanen,20182019,COL,R,1996-10-29,Nousiainen,FIN,NA
8477492,Nathan MacKinnon,20182019,COL,C,1995-09-01,Halifax,CAN,NS
8477507,Nikita Zadorov,20182019,COL,D,1995-04-16,Moscow,RUS,NA
8475747,Patrik Nemeth,20182019,COL,D,1992-02-08,Stockholm,SWE,NA
8480925,Pavel Francouz,20182019,COL,G,1990-06-03,Plzen,CZE,NA
8475831,Philipp Grubauer,20182019,COL,G,1991-11-25,Rosenheim,DEU,NA
8477435,Ryan Graves,20182019,COL,D,1995-05-21,Yarmouth,CAN,NS
8479398,Samuel Girard,20182019,COL,D,1998-05-12,Roberval,CAN,QC
8473575,Semyon Varlamov,20182019,COL,G,1988-04-27,Samara,RUS,NA
8480326,Sheldon Dries,20182019,COL,C,1994-04-23,Macomb,USA,MI
8477413,Sven Andrighetto,20182019,COL,R,1993-03-21,Zurich,CHE,NA
8475197,Tyson Barrie,20182019,COL,D,1991-07-26,Victoria,CAN,BC
8479370,Tyson Jost,20182019,COL,C,1998-03-14,St. Albert,CAN,AB
8477973,Vladislav Kamenev,20182019,COL,C,1996-08-12,Orsk,RUS,NA
8471228,Alexander Radulov,20182019,DAL,R,1986-07-05,Nizhny Tagil,RUS,NA
8471699,Andrew Cogliano,20182019,DAL,C,1987-06-14,Toronto,CAN,ON
8471418,Anton Khudobin,20182019,DAL,G,1986-05-07,Ust-Kamenogorsk,KAZ,NA
8471750,Ben Bishop,20182019,DAL,G,1986-11-21,Denver,USA,CO
8479416,Ben Gleason,20182019,DAL,D,1998-03-25,Ortonville,USA,MI
8473933,Ben Lovejoy,20182019,DAL,D,1984-02-20,Concord,USA,NH
8471260,Blake Comeau,20182019,DAL,L,1986-02-18,Meadow Lake,CAN,SK
8476439,Brett Ritchie,20182019,DAL,R,1993-07-01,Orangeville,CAN,ON
8476941,Connor Carrick,20182019,DAL,D,1994-04-13,Orland Park,USA,IL
8478495,Denis Gurianov,20182019,DAL,R,1997-06-07,Togliatti,RUS,NA
8476913,Devin Shore,20182019,DAL,C,1994-07-19,Ajax,CAN,ON
8477471,Dillon Heatherington,20182019,DAL,D,1995-05-09,Calgary,CAN,AB
8473588,Erik Condra,20182019,DAL,R,1986-08-06,Trenton,USA,MI
8476902,Esa Lindell,20182019,DAL,D,1994-05-23,Vantaa,FIN,NA
8479945,Gavin Bayreuther,20182019,DAL,D,1994-05-12,Canaan,USA,NH
8476966,Gemel Smith,20182019,DAL,C,1994-04-16,Toronto,CAN,ON
8473994,Jamie Benn,20182019,DAL,L,1989-07-18,Victoria,CAN,BC
8476467,Jamie Oleksiak,20182019,DAL,D,1992-12-21,Toronto,CAN,ON
8477450,Jason Dickinson,20182019,DAL,C,1995-07-04,Georgetown,CAN,ON
8469455,Jason Spezza,20182019,DAL,C,1983-06-13,Toronto,CAN,ON
8477810,Joel Hanley,20182019,DAL,D,1991-06-08,Keswick,CAN,ON
8480769,Joel L'Esperance,20182019,DAL,R,1995-08-18,Brighton,USA,MI
8475906,John Klingberg,20182019,DAL,D,1992-08-14,Gothenburg,SWE,NA
8477945,Julius Honka,20182019,DAL,D,1995-12-03,Jyväskylä,FIN,NA
8475413,Justin Dowling,20182019,DAL,C,1990-10-01,Calgary,CAN,AB
8479016,Landon Bow,20182019,DAL,G,1995-08-24,St. Albert,CAN,AB
8470760,Marc Methot,20182019,DAL,D,1985-06-21,Ottawa,CAN,ON
8471691,Martin Hanzal,20182019,DAL,C,1987-02-20,Pisek,CZE,NA
8475692,Mats Zuccarello,20182019,DAL,C,1987-09-01,Oslo,NOR,NA
8477406,Mattias Janmark,20182019,DAL,C,1992-12-08,Danderyd,SWE,NA
8480036,Miro Heiskanen,20182019,DAL,D,1999-07-18,Espoo,FIN,NA
8476889,Radek Faksa,20182019,DAL,C,1994-01-09,Vitkov,CZE,NA
8471392,Roman Polak,20182019,DAL,D,1986-04-28,Ostrava,CZE,NA
8478449,Roope Hintz,20182019,DAL,C,1996-11-17,Tampere,FIN,NA
8476166,Taylor Fedun,20182019,DAL,D,1988-06-04,Edmonton,CAN,AB
8475752,Tyler Pitlick,20182019,DAL,C,1991-11-01,Minneapolis,USA,MN
8475794,Tyler Seguin,20182019,DAL,C,1992-01-31,Brampton,CAN,ON
8477501,Valeri Nichushkin,20182019,DAL,R,1995-03-04,Chelyabinsk,RUS,NA
8476960,Andreas Athanasiou,20182019,DET,L,1994-08-06,Woodbridge,CAN,ON
8477511,Anthony Mantha,20182019,DET,R,1994-09-16,Longueuil,CAN,QC
8474873,Brian Lashoff,20182019,DET,D,1990-07-16,Albany,USA,NY
8478036,Christoffer Ehn,20182019,DET,C,1996-04-05,Skara,SWE,NA
8477215,Danny DeKeyser,20182019,DET,D,1990-03-07,Detroit,USA,MI
8471794,Darren Helm,20182019,DET,L,1987-01-21,St. Andrews,CAN,MB
8479395,Dennis Cholowski,20182019,DET,D,1998-02-15,Langley,CAN,BC
8477994,Dominic Turgeon,20182019,DET,C,1996-02-25,Pointe-Claire,CAN,QC
8477946,Dylan Larkin,20182019,DET,C,1996-07-30,Waterford,USA,MI
8475795,Dylan McIlrath,20182019,DET,D,1992-04-20,Winnipeg,CAN,MB
8479425,Filip Hronek,20182019,DET,D,1997-11-02,Hradec Kralove,CZE,NA
8480821,Filip Zadina,20182019,DET,R,1999-11-27,Pardubice,CZE,NA
8470144,Frans Nielsen,20182019,DET,C,1984-04-24,Herning,DNK,NA
8474679,Gustav Nyquist,20182019,DET,R,1989-09-01,Halmstad,SWE,NA
8477455,Jacob de la Rose,20182019,DET,C,1995-05-20,Arvika,SWE,NA
8477865,Jake Chelios,20182019,DET,D,1991-03-08,Bloomfield Hills,USA,MI
8470657,Jimmy Howard,20182019,DET,G,1984-03-26,Syracuse,USA,NY
8478176,Joe Hicketts,20182019,DET,D,1996-05-04,Kamloops,CAN,BC
8473541,Jonathan Bernier,20182019,DET,G,1988-08-07,Laval,CAN,QC
8470318,Jonathan Ericsson,20182019,DET,D,1984-03-02,Karlskrona,SWE,NA
8471716,Justin Abdelkader,20182019,DET,L,1987-02-25,Muskegon,USA,MI
8480363,Kaden Fulcher,20182019,DET,G,1998-09-23,Brigden,CAN,ON
8480161,Libor Sulak,20182019,DET,D,1994-03-04,Pelhrimov,CZE,NA
8476822,Luke Glendening,20182019,DET,C,1989-04-28,Grand Rapids,USA,MI
8474722,Luke Witkowski,20182019,DET,D,1990-04-14,Holland,USA,MI
8477474,Madison Bowey,20182019,DET,D,1995-04-22,Winnipeg,CAN,MB
8476924,Martin Frk,20182019,DET,R,1993-10-05,Pelhrimov,CZE,NA
8476477,Matt Puempel,20182019,DET,L,1993-01-24,Windsor,CAN,ON
8479992,Michael Rasmussen,20182019,DET,C,1999-04-17,Surrey,CAN,BC
8471242,Mike Green,20182019,DET,D,1985-10-12,Calgary,CAN,AB
8475324,Nick Jensen,20182019,DET,D,1990-09-21,Rogers,USA,MN
8468509,Niklas Kronwall,20182019,DET,D,1981-01-12,Stockholm,SWE,NA
8481426,Ryan Kuffner,20182019,DET,L,1996-06-12,Ottawa,CAN,ON
8481433,Taro Hirose,20182019,DET,L,1996-06-30,Calgary,CAN,AB
8470598,Thomas Vanek,20182019,DET,L,1984-01-19,Vienna,AUT,NA
8470110,Trevor Daley,20182019,DET,D,1983-10-09,Toronto,CAN,ON
8477479,Tyler Bertuzzi,20182019,DET,L,1995-02-24,Sudbury,CAN,ON
8475263,Wade Megan,20182019,DET,C,1990-07-22,Canton,USA,NY
8476457,Adam Larsson,20182019,EDM,D,1992-11-12,Skelleftea,SWE,NA
8475163,Alex Chiasson,20182019,EDM,R,1990-10-01,Montréal,CAN,QC
8475755,Alexander Petrovic,20182019,EDM,D,1992-03-03,Edmonton,CAN,AB
8471284,Andrej Sekera,20182019,EDM,D,1986-06-08,Bojnice,SVK,NA
8476932,Anthony Stolarz,20182019,EDM,G,1994-01-20,Edison,USA,NJ
8474089,Brad Malone,20182019,EDM,C,1989-05-20,Miramichi,CAN,NB
8475430,Brandon Manning,20182019,EDM,D,1990-06-04,Prince George,CAN,BC
8478452,Caleb Jones,20182019,EDM,D,1997-06-06,Arlington,USA,TX
8475660,Cam Talbot,20182019,EDM,G,1987-07-05,Caledonia,CAN,ON
8475227,Chris Wideman,20182019,EDM,D,1990-01-07,St. Louis,USA,MO
8477529,Colby Cave,20182019,EDM,C,1994-12-26,Battleford,CAN,SK
8478402,Connor McDavid,20182019,EDM,C,1997-01-13,Richmond Hill,CAN,ON
8478442,Cooper Marody,20182019,EDM,C,1996-12-20,Brighton,USA,MI
8477498,Darnell Nurse,20182019,EDM,D,1995-02-04,Hamilton,CAN,ON
8479465,Drake Caggiula,20182019,EDM,L,1994-06-20,Pickering,CAN,ON
8480803,Evan Bouchard,20182019,EDM,D,1999-10-20,Oakville,CAN,ON
8474520,Jason Garrison,20182019,EDM,D,1984-11-13,White Rock,CAN,BC
8479344,Jesse Puljujarvi,20182019,EDM,R,1998-05-07,Alvkarleby,SWE,NA
8479970,Joseph Gambardella,20182019,EDM,C,1993-12-01,Staten Island,USA,NY
8477680,Josh Currie,20182019,EDM,R,1992-10-29,Charlottetown,CAN,PE
8476915,Jujhar Khaira,20182019,EDM,L,1994-08-13,Surrey,CAN,BC
8479977,Kailer Yamamoto,20182019,EDM,R,1998-09-29,Spokane,USA,WA
8475857,Kevin Gravel,20182019,EDM,D,1992-03-06,Kingsford,USA,MI
8471729,Kris Russell,20182019,EDM,D,1987-05-02,Caroline,CAN,AB
8470803,Kyle Brodziak,20182019,EDM,C,1984-05-25,St. Paul,CAN,AB
8477934,Leon Draisaitl,20182019,EDM,C,1995-10-27,Cologne,DEU,NA
8476988,Matt Benning,20182019,EDM,D,1994-05-25,Edmonton,CAN,AB
8475156,Mikko Koskinen,20182019,EDM,G,1988-07-18,Vantaa,FIN,NA
8473473,Milan Lucic,20182019,EDM,L,1988-06-07,Vancouver,CAN,BC
8476472,Oscar Klefbom,20182019,EDM,D,1993-07-20,Karlstad,SWE,NA
8479466,Patrick Russell,20182019,EDM,R,1993-01-04,Holte,DNK,NA
8476454,Ryan Nugent-Hopkins,20182019,EDM,C,1993-04-12,Burnaby,CAN,BC
8475727,Ryan Spooner,20182019,EDM,C,1992-01-30,Ottawa,CAN,ON
8476458,Ryan Strome,20182019,EDM,C,1993-07-11,Mississauga,CAN,ON
8474040,Sam Gagner,20182019,EDM,C,1989-08-10,London,CAN,ON
8476356,Tobias Rieder,20182019,EDM,R,1993-01-10,Landshut,DEU,NA
8476427,Ty Rattie,20182019,EDM,R,1993-02-05,Calgary,CAN,AB
8477458,Valentin Zykov,20182019,EDM,L,1995-05-15,St. Petersburg,RUS,NA
8475178,Zack Kassian,20182019,EDM,R,1991-01-24,Windsor,CAN,ON
8477932,Aaron Ekblad,20182019,FLA,D,1996-02-07,Windsor,CAN,ON
8477493,Aleksander Barkov,20182019,FLA,C,1995-09-02,Tampere,FIN,NA
8475755,Alexander Petrovic,20182019,FLA,D,1992-03-03,Edmonton,CAN,AB
8479447,Anthony Greco,20182019,FLA,R,1993-09-30,Queens,USA,NY
8480955,Bogdan Kiselevich,20182019,FLA,D,1990-02-14,Cherepovets,RUS,NA
8481442,Brady Keeper,20182019,FLA,D,1996-06-05,Cross Lake,CAN,MB
8475227,Chris Wideman,20182019,FLA,D,1990-01-07,St. Louis,USA,MO
8474098,Colton Sceviour,20182019,FLA,C,1989-04-20,Red Deer,CAN,AB
8478843,Denis Malgin,20182019,FLA,C,1997-01-18,Olten,CHE,NA
8468001,Derek MacKenzie,20182019,FLA,C,1981-06-11,Sudbury,CAN,ON
8473544,Derick Brassard,20182019,FLA,C,1987-09-22,Hull,CAN,QC
8478211,Dryden Hunt,20182019,FLA,L,1995-11-24,Cranbrook,CAN,BC
8474149,Evgenii Dadonov,20182019,FLA,R,1989-03-12,Chelyabinsk,RUS,NA
8478366,Frank Vatrano,20182019,FLA,C,1994-03-14,East Longmeadow,USA,MA
8479404,Henrik Borgstrom,20182019,FLA,C,1997-08-06,Helsinki,FIN,NA
8477452,Ian McCoshen,20182019,FLA,D,1995-08-05,Anaheim,USA,CA
8479439,Jacob MacDonald,20182019,FLA,D,1993-02-26,Portland,USA,OR
8473503,James Reimer,20182019,FLA,G,1988-03-15,Morweena,CAN,MB
8473465,Jamie McGinn,20182019,FLA,L,1988-08-05,Fergus,CAN,ON
8477955,Jared McCann,20182019,FLA,C,1996-05-31,Stratford,CAN,ON
8477963,Jayce Hawryluk,20182019,FLA,C,1996-01-01,Yorkton,CAN,SK
8476456,Jonathan Huberdeau,20182019,FLA,L,1993-06-04,Saint-Jerome,CAN,QC
8477384,Joshua Brown,20182019,FLA,D,1994-01-21,London,CAN,ON
8477996,Juho Lammikko,20182019,FLA,C,1996-01-29,Noormarkku,FIN,NA
8471735,Keith Yandle,20182019,FLA,D,1986-09-09,Boston,USA,MA
8477346,MacKenzie Weegar,20182019,FLA,D,1994-01-07,Ottawa,CAN,ON
8475796,Mark Pysyk,20182019,FLA,D,1992-01-11,Sherwood Park,CAN,AB
8479553,Maxim Mamin,20182019,FLA,C,1995-01-13,Moscow,RUS,NA
8474636,Michael Hutchinson,20182019,FLA,G,1990-03-02,Barrie,CAN,ON
8474230,Micheal Haley,20182019,FLA,C,1986-03-30,Guelph,CAN,ON
8474884,Mike Hoffman,20182019,FLA,L,1989-11-24,Kitchener,CAN,ON
8476875,Mike Matheson,20182019,FLA,D,1994-02-27,Pointe-Claire,CAN,QC
8475760,Nick Bjugstad,20182019,FLA,C,1992-07-17,Minneapolis,USA,MN
8475772,Riley Sheahan,20182019,FLA,C,1991-12-07,St. Catharines,CAN,ON
8479388,Riley Stillman,20182019,FLA,D,1998-03-09,Peterborough,CAN,ON
8466141,Roberto Luongo,20182019,FLA,G,1979-04-04,Montréal,CAN,QC
8478470,Sam Montembeault,20182019,FLA,G,1996-10-30,Becancour,CAN,QC
8471426,Troy Brouwer,20182019,FLA,R,1985-08-17,Vancouver,CAN,BC
8476389,Vincent Trocheck,20182019,FLA,C,1993-07-11,Pittsburgh,USA,PA
8477960,Adrian Kempe,20182019,LAK,R,1996-09-13,Kramfors,SWE,NA
8474166,Alec Martinez,20182019,LAK,D,1987-07-26,Rochester Hills,USA,MI
8480113,Alex Iafallo,20182019,LAK,L,1993-12-21,Eden,USA,NY
8471685,Anze Kopitar,20182019,LAK,C,1987-08-24,Jesenice,SVN,NA
8478455,Austin Wagner,20182019,LAK,L,1997-06-23,Calgary,CAN,AB
8481481,Blake Lizotte,20182019,LAK,C,1997-12-13,Lindstrom,USA,MN
8476894,Brendan Leipsic,20182019,LAK,L,1994-05-19,Winnipeg,CAN,MB
8477361,Cal Petersen,20182019,LAK,G,1994-10-19,Waterloo,USA,IA
8479336,Carl Grundstrom,20182019,LAK,R,1997-12-01,Umea,SWE,NA
8474176,Carl Hagelin,20182019,LAK,L,1988-08-23,Sodertalje,SWE,NA
8480771,Daniel Brickley,20182019,LAK,D,1995-03-30,Sandy,USA,UT
8475762,Derek Forbort,20182019,LAK,D,1992-03-04,Duluth,USA,MN
8470602,Dion Phaneuf,20182019,LAK,D,1985-04-10,Edmonton,CAN,AB
8474563,Drew Doughty,20182019,LAK,D,1989-12-08,London,CAN,ON
8470606,Dustin Brown,20182019,LAK,R,1984-11-04,Ithaca,USA,NY
8469454,Ilya Kovalchuk,20182019,LAK,L,1983-04-15,Tver,RUS,NA
8475789,Jack Campbell,20182019,LAK,G,1992-01-09,Port Huron,USA,MI
8474162,Jake Muzzin,20182019,LAK,D,1989-02-21,Woodstock,CAN,ON
8479994,Jaret Anderson-Dolan,20182019,LAK,C,1999-09-12,Calgary,CAN,AB
8470604,Jeff Carter,20182019,LAK,C,1985-01-01,London,CAN,ON
8471734,Jonathan Quick,20182019,LAK,G,1986-01-21,Milford,USA,CT
8477380,Jonny Brodzinski,20182019,LAK,L,1993-06-19,Ham Lake,USA,MN
8477073,Kurtis MacDermid,20182019,LAK,D,1994-03-25,Sauble Beach,CAN,ON
8475160,Kyle Clifford,20182019,LAK,L,1991-01-13,Ayr,CAN,ON
8479644,Matt Luff,20182019,LAK,R,1997-05-05,Oakville,CAN,ON
8478911,Matt Roy,20182019,LAK,D,1995-03-01,Detroit,USA,MI
8478020,Michael Amadio,20182019,LAK,C,1996-05-13,Sault Ste. Marie,CAN,ON
8470775,Nate Thompson,20182019,LAK,C,1984-10-05,Anchorage,USA,AK
8477957,Nikita Scherbak,20182019,LAK,R,1995-12-30,Moscow,RUS,NA
8480147,Oscar Fantenberg,20182019,LAK,D,1991-10-07,Ljunby,SWE,NA
8476983,Paul LaDue,20182019,LAK,D,1992-09-06,Grand Forks,USA,ND
8469514,Peter Budaj,20182019,LAK,G,1982-09-18,Banská Bystrica,SVK,NA
8480336,Sean Walker,20182019,LAK,D,1994-11-13,Keswick,CAN,ON
8480776,Sheldon Rempal,20182019,LAK,R,1995-08-07,Calgary,CAN,AB
8476871,Tanner Pearson,20182019,LAK,L,1992-08-10,Kitchener,CAN,ON
8473453,Trevor Lewis,20182019,LAK,C,1987-01-08,Salt Lake City,USA,UT
8475726,Tyler Toffoli,20182019,LAK,R,1992-04-24,Scarborough,CAN,ON
8471774,Alex Stalock,20182019,MIN,G,1987-07-28,Saint Paul,USA,MN
8475868,Anthony Bitetto,20182019,MIN,D,1990-07-15,Island Park,USA,NY
8476779,Brad Hunt,20182019,MIN,D,1988-08-24,Maple Ridge,CAN,BC
8475745,Charlie Coyle,20182019,MIN,C,1992-03-02,East Weymouth,USA,MA
8471227,Devan Dubnyk,20182019,MIN,G,1986-05-04,Regina,CAN,SK
8470611,Eric Fehr,20182019,MIN,C,1985-09-07,Winkler,CAN,MB
8470595,Eric Staal,20182019,MIN,C,1984-10-29,Thunder Bay,CAN,ON
8474688,Greg Pateryn,20182019,MIN,D,1990-06-20,Sterling Heights,USA,MI
8476806,JT Brown,20182019,MIN,R,1990-07-02,Burnsville,USA,MN
8474716,Jared Spurgeon,20182019,MIN,D,1989-11-29,Edmonton,CAN,AB
8475722,Jason Zucker,20182019,MIN,L,1992-01-16,Newport Beach,USA,CA
8478493,Joel Eriksson Ek,20182019,MIN,C,1997-01-29,Karlstad,SWE,NA
8476463,Jonas Brodin,20182019,MIN,D,1993-07-12,Karlstad,SWE,NA
8478413,Jordan Greenway,20182019,MIN,L,1997-02-16,Canton,USA,NY
8477942,Kevin Fiala,20182019,MIN,L,1996-07-22,St. Gallen,CHE,NA
8476415,Kyle Rau,20182019,MIN,C,1992-10-24,Eden Prairie,USA,MN
8478011,Louie Belpedio,20182019,MIN,D,1996-05-14,Skokie,USA,IL
8479316,Luke Kunin,20182019,MIN,C,1997-12-04,Chesterfield,USA,MO
8475220,Marcus Foligno,20182019,MIN,L,1991-08-10,Buffalo,USA,NY
8476856,Mathew Dumba,20182019,MIN,D,1994-07-25,Regina,CAN,SK
8474749,Matt Bartkowski,20182019,MIN,D,1988-06-04,Pittsburgh,USA,PA
8468611,Matt Hendricks,20182019,MIN,C,1981-06-17,Blaine,USA,MN
8476177,Matt Read,20182019,MIN,R,1986-06-14,Ilderton,CAN,ON
8475798,Mikael Granlund,20182019,MIN,R,1992-02-26,Oulu,FIN,NA
8469459,Mikko Koivu,20182019,MIN,C,1983-03-12,Turku,FIN,NA
8475613,Nate Prosser,20182019,MIN,D,1986-05-07,Elk River,USA,MN
8476372,Nick Seeler,20182019,MIN,D,1993-06-03,Eden Prairie,USA,MN
8481477,Nico Sturm,20182019,MIN,C,1995-05-03,Augsburg,DEU,NA
8475799,Nino Niederreiter,20182019,MIN,R,1992-09-08,Chur,CHE,NA
8476857,Pontus Aberg,20182019,MIN,L,1993-09-23,Stockholm,SWE,NA
8477987,Ryan Donato,20182019,MIN,C,1996-04-09,Boston,USA,MA
8476465,Ryan Murphy,20182019,MIN,D,1993-03-31,Aurora,CAN,ON
8470600,Ryan Suter,20182019,MIN,D,1985-01-21,Madison,USA,WI
8476437,Victor Rask,20182019,MIN,C,1993-03-01,Leksand,SWE,NA
8470610,Zach Parise,20182019,MIN,L,1984-07-28,Minneapolis,USA,MN
8476381,Andrew Shaw,20182019,MTL,R,1991-07-20,Belleville,CAN,ON
8474550,Antti Niemi,20182019,MTL,G,1983-08-29,Vantaa,FIN,NA
8477476,Artturi Lehkonen,20182019,MTL,L,1995-07-04,Piikkio,FIN,NA
8475848,Brendan Gallagher,20182019,MTL,R,1992-05-06,Edmonton,CAN,AB
8476967,Brett Kulak,20182019,MTL,D,1994-01-06,Edmonton,CAN,AB
8471679,Carey Price,20182019,MTL,G,1987-08-16,Anahim Lake,CAN,BC
8476948,Charles Hudon,20182019,MTL,L,1994-06-23,Alma,CAN,QC
8479292,Charlie Lindgren,20182019,MTL,G,1993-12-18,Lakeville,USA,MN
8477850,Christian Folin,20182019,MTL,D,1991-02-09,Gothenburg,SWE,NA
8474668,Dale Weise,20182019,MTL,R,1988-08-05,Winnipeg,CAN,MB
8473673,David Schlemko,20182019,MTL,D,1987-05-07,Edmonton,CAN,AB
8473507,Jeff Petry,20182019,MTL,D,1987-12-09,Ann Arbor,USA,MI
8480829,Jesperi Kotkaniemi,20182019,MTL,C,2000-07-06,Pori,FIN,NA
8476469,Joel Armia,20182019,MTL,R,1993-05-31,Pori,FIN,NA
8477494,Jonathan Drouin,20182019,MTL,L,1995-03-28,Ste-Agathe,CAN,QC
8475738,Jordan Weal,20182019,MTL,C,1992-04-15,North Vancouver,CAN,BC
8474818,Jordie Benn,20182019,MTL,D,1987-07-26,Victoria,CAN,BC
8473991,Karl Alzner,20182019,MTL,D,1988-09-24,Burnaby,CAN,BC
8475844,Kenny Agostino,20182019,MTL,L,1992-04-30,Morristown,USA,NJ
8476285,Matthew Peca,20182019,MTL,C,1993-04-27,Petawawa,CAN,ON
8477503,Max Domi,20182019,MTL,C,1995-03-02,Winnipeg,CAN,MB
8475808,Michael Chaput,20182019,MTL,C,1992-04-09,Ile Bizard,CAN,QC
8476422,Mike Reilly,20182019,MTL,D,1993-07-13,Chicago,USA,IL
8470775,Nate Thompson,20182019,MTL,C,1984-10-05,Anchorage,USA,AK
8475235,Nicolas Deslauriers,20182019,MTL,L,1991-02-22,LaSalle,CAN,QC
8478454,Noah Juulsen,20182019,MTL,D,1997-04-02,Surrey,CAN,BC
8474038,Paul Byron,20182019,MTL,L,1989-04-27,Ottawa,CAN,ON
8476479,Phillip Danault,20182019,MTL,C,1993-02-24,Victoriaville,CAN,QC
8480068,Ryan Poehling,20182019,MTL,C,1999-01-03,Lakeville,USA,MN
8470642,Shea Weber,20182019,MTL,D,1985-08-14,Sicamous,CAN,BC
8469521,Tomas Plekanec,20182019,MTL,C,1982-10-31,Kladno,CZE,NA
8475193,Tomas Tatar,20182019,MTL,L,1990-12-01,Ilava,SVK,NA
8479376,Victor Mete,20182019,MTL,D,1998-06-07,Woodbridge,CAN,ON
8476443,Xavier Ouellet,20182019,MTL,D,1993-07-29,Bayonne,FRA,NA
8472382,Andy Greene,20182019,NJD,D,1982-10-30,Trenton,USA,MI
8473933,Ben Lovejoy,20182019,NJD,D,1984-02-20,Concord,USA,NH
8476399,Blake Coleman,20182019,NJD,C,1991-11-28,Plano,USA,TX
8476370,Blake Pietila,20182019,NJD,L,1993-02-20,Milford,USA,MI
8479330,Brandon Gignac,20182019,NJD,C,1997-11-07,Repentigny,CAN,QC
8478881,Brett Seney,20182019,NJD,L,1996-02-28,London,CAN,ON
8470619,Brian Boyle,20182019,NJD,C,1984-12-18,Hingham,USA,MA
8478841,Colton White,20182019,NJD,D,1997-05-03,London,CAN,ON
8476941,Connor Carrick,20182019,NJD,D,1994-04-13,Orland Park,USA,IL
8471239,Cory Schneider,20182019,NJD,G,1986-03-18,Marblehead,USA,MA
8476923,Damon Severson,20182019,NJD,D,1994-08-07,Melville,CAN,SK
8471226,Drew Stafford,20182019,NJD,R,1985-10-30,Milwaukee,USA,WI
8480948,Egor Yakovlev,20182019,NJD,D,1991-09-17,Magnitogorsk,RUS,NA
8473468,Eric Gryba,20182019,NJD,D,1988-04-14,Saskatoon,CAN,SK
8474025,Eric Tangradi,20182019,NJD,L,1989-02-10,Philadelphia,USA,PA
8477520,Jean-Sebastien Dea,20182019,NJD,C,1994-02-08,Laval,CAN,QC
8479407,Jesper Bratt,20182019,NJD,L,1998-07-30,Stockholm,SWE,NA
8479315,Joey Anderson,20182019,NJD,R,1998-06-19,Roseville,USA,MN
8477961,John Quenneville,20182019,NJD,C,1996-04-16,Edmonton,CAN,AB
8477972,Josh Jacobs,20182019,NJD,D,1996-02-15,Shelby Township,USA,MI
8476234,Keith Kinkaid,20182019,NJD,G,1989-07-04,Farmingville,USA,NY
8475844,Kenny Agostino,20182019,NJD,L,1992-04-30,Morristown,USA,NJ
8479291,Kevin Rooney,20182019,NJD,C,1993-05-21,Canton,USA,MA
8476545,Kurtis Gabriel,20182019,NJD,R,1993-04-20,Newmarket,CAN,ON
8475151,Kyle Palmieri,20182019,NJD,R,1991-02-01,Smithtown,USA,NY
8478406,Mackenzie Blackwood,20182019,NJD,G,1996-12-09,Thunder Bay,CAN,ON
8475149,Marcus Johansson,20182019,NJD,L,1990-10-06,Landskrona,SWE,NA
8479415,Michael McLeod,20182019,NJD,C,1998-02-03,Mississauga,CAN,ON
8477425,Miles Wood,20182019,NJD,L,1995-09-13,Buffalo,USA,NY
8477509,Mirco Mueller,20182019,NJD,D,1995-03-21,Winterthur,CHE,NA
8479414,Nathan Bastian,20182019,NJD,R,1997-12-06,Kitchener,CAN,ON
8479250,Nick Lappin,20182019,NJD,R,1992-11-01,Geneva,USA,IL
8480002,Nico Hischier,20182019,NJD,C,1999-01-04,Brig,CHE,NA
8478401,Pavel Zacha,20182019,NJD,C,1997-04-06,Brno,CZE,NA
8476465,Ryan Murphy,20182019,NJD,D,1993-03-31,Aurora,CAN,ON
8475222,Sami Vatanen,20182019,NJD,D,1991-06-03,Jyväskylä,FIN,NA
8476474,Stefan Noesen,20182019,NJD,R,1993-02-12,Plano,USA,TX
8477463,Steven Santini,20182019,NJD,D,1995-03-07,Bronxville,USA,NY
8475791,Taylor Hall,20182019,NJD,L,1991-11-14,Calgary,CAN,AB
8471233,Travis Zajac,20182019,NJD,C,1985-05-13,Winnipeg,CAN,MB
8477355,Will Butcher,20182019,NJD,D,1995-01-06,Sun Prairie,USA,WI
8475868,Anthony Bitetto,20182019,NSH,D,1990-07-15,Island Park,USA,NY
8478409,Anthony Richard,20182019,NSH,C,1996-12-20,Trois-Rivières,CAN,QC
8475766,Austin Watson,20182019,NSH,L,1992-01-13,Ann Arbor,USA,MI
8470619,Brian Boyle,20182019,NSH,C,1984-12-18,Hingham,USA,MA
8475714,Calle Jarnkrok,20182019,NSH,C,1991-09-25,Gavle,SWE,NA
8471657,Cody McLeod,20182019,NSH,L,1984-06-26,Binscarth,CAN,MB
8476278,Colin Blackwell,20182019,NSH,C,1993-03-28,North Andover,USA,MA
8476925,Colton Sissons,20182019,NSH,C,1993-11-05,North Vancouver,CAN,BC
8475225,Craig Smith,20182019,NSH,R,1989-09-05,Madison,USA,WI
8469465,Dan Hamhuis,20182019,NSH,D,1982-12-13,Smithers,CAN,BC
8479371,Dante Fabbro,20182019,NSH,D,1998-06-20,Coquitlam,CAN,BC
8480009,Eeli Tolvanen,20182019,NSH,R,1999-04-22,Vihti,FIN,NA
8476887,Filip Forsberg,20182019,NSH,L,1994-08-13,Ostervala,SWE,NA
8477919,Frederick Gaudreau,20182019,NSH,C,1993-05-01,Bromont,CAN,QC
8477424,Juuse Saros,20182019,NSH,G,1995-04-19,Forssa,FIN,NA
8477942,Kevin Fiala,20182019,NSH,L,1996-07-22,St. Gallen,CHE,NA
8474068,Kyle Turris,20182019,NSH,C,1989-08-14,New Westminster,CAN,BC
8474659,Matt Donovan,20182019,NSH,D,1990-05-09,Edmond,USA,OK
8475625,Matt Irwin,20182019,NSH,D,1987-11-29,Victoria,CAN,BC
8475218,Mattias Ekholm,20182019,NSH,D,1990-05-24,Borlange,SWE,NA
8476447,Miikka Salomaki,20182019,NSH,R,1993-03-09,Raahe,FIN,NA
8475798,Mikael Granlund,20182019,NSH,C,1992-02-26,Oulu,FIN,NA
8474009,Nick Bonino,20182019,NSH,C,1988-04-20,Hartford,USA,CT
8474056,P.K. Subban,20182019,NSH,D,1989-05-13,Toronto,CAN,ON
8471469,Pekka Rinne,20182019,NSH,G,1982-11-03,Kempele,FIN,NA
8476858,Phillip Di Giuseppe,20182019,NSH,L,1993-10-09,Toronto,CAN,ON
8479514,Rem Pitlick,20182019,NSH,C,1997-04-02,Ottawa,CAN,ON
8476428,Rocco Grimaldi,20182019,NSH,R,1993-02-08,Anaheim,USA,CA
8474600,Roman Josi,20182019,NSH,D,1990-06-01,Bern,CHE,NA
8475176,Ryan Ellis,20182019,NSH,D,1991-01-03,Hamilton,CAN,ON
8477451,Ryan Hartman,20182019,NSH,R,1994-09-20,Hilton Head Island,USA,SC
8475793,Ryan Johansen,20182019,NSH,C,1992-07-31,Vancouver,CAN,BC
8478042,Viktor Arvidsson,20182019,NSH,R,1993-04-08,Skelleftea,SWE,NA
8474190,Wayne Simmonds,20182019,NSH,R,1988-08-26,Scarborough,CAN,ON
8474134,Yannick Weber,20182019,NSH,D,1988-09-23,Morges,CHE,NA
8474736,Zac Rinaldo,20182019,NSH,L,1990-06-15,Mississauga,CAN,ON
8476917,Adam Pelech,20182019,NYI,D,1994-08-16,Toronto,CAN,ON
8475314,Anders Lee,20182019,NYI,L,1990-07-03,Edina,USA,MN
8471217,Andrew Ladd,20182019,NYI,L,1985-12-12,Maple Ridge,CAN,BC
8478463,Anthony Beauvillier,20182019,NYI,L,1997-06-08,Sorel-Tracy,CAN,QC
8475754,Brock Nelson,20182019,NYI,C,1991-10-15,Warroad,USA,MN
8473504,Cal Clutterbuck,20182019,NYI,R,1987-11-18,Welland,CAN,ON
8475231,Casey Cizikas,20182019,NYI,C,1991-02-27,Toronto,CAN,ON
8476444,Christopher Gibson,20182019,NYI,G,1992-12-27,Karkkila,FIN,NA
8478038,Devon Toews,20182019,NYI,D,1994-02-21,Abbotsford,CAN,BC
8470187,Johnny Boychuk,20182019,NYI,D,1984-01-19,Edmonton,CAN,AB
8474586,Jordan Eberle,20182019,NYI,R,1990-05-15,Regina,CAN,SK
8474573,Josh Bailey,20182019,NYI,R,1989-10-02,Bowmanville,CAN,ON
8477959,Joshua Ho-Sang,20182019,NYI,R,1996-01-22,Toronto,CAN,ON
8473463,Leo Komarov,20182019,NYI,R,1987-01-23,Narva,EST,NA
8474579,Luca Sbisa,20182019,NYI,D,1990-01-30,Ozieri,ITA,NA
8478445,Mathew Barzal,20182019,NYI,C,1997-05-26,Coquitlam,CAN,BC
8474709,Matt Martin,20182019,NYI,L,1989-05-08,Windsor,CAN,ON
8477936,Michael Dal Colle,20182019,NYI,L,1996-06-20,Woodbridge,CAN,ON
8475181,Nick Leddy,20182019,NYI,D,1991-03-20,Eden Prairie,USA,MN
8475215,Robin Lehner,20182019,NYI,G,1991-07-24,Gothenburg,SWE,NA
8477527,Ross Johnston,20182019,NYI,L,1994-02-18,Charlottetown,CAN,PE
8477506,Ryan Pulock,20182019,NYI,D,1994-10-06,Dauphin,CAN,MB
8476429,Scott Mayfield,20182019,NYI,D,1992-10-14,St. Louis,USA,MO
8472410,Stephen Gionta,20182019,NYI,C,1983-10-09,Rochester,USA,NY
8479206,Tanner Fritz,20182019,NYI,C,1991-08-20,Grande Prairie,CAN,AB
8471306,Thomas Greiss,20182019,NYI,G,1986-01-29,Fussen,DEU,NA
8474066,Thomas Hickey,20182019,NYI,D,1989-02-08,Calgary,CAN,AB
8475832,Tom Kuhnhackl,20182019,NYI,R,1992-01-21,Landshut,DEU,NA
8470047,Valtteri Filppula,20182019,NYI,C,1984-03-20,Vantaa,FIN,NA
8471717,Adam McQuaid,20182019,NYR,D,1986-10-12,Charlottetown,CAN,PE
8480382,Alexandar Georgiev,20182019,NYR,G,1996-02-10,Ruse,BGR,NA
8476922,Boo Nieves,20182019,NYR,C,1994-01-23,Syracuse,USA,NY
8476869,Brady Skjei,20182019,NYR,D,1994-03-26,Lakeville,USA,MN
8477962,Brendan Lemieux,20182019,NYR,L,1996-03-15,Denver,USA,CO
8474090,Brendan Smith,20182019,NYR,D,1989-02-08,Mimico,CAN,ON
8479353,Brett Howden,20182019,NYR,C,1998-03-29,Calgary,CAN,AB
8475184,Chris Kreider,20182019,NYR,L,1991-04-30,Boxford,USA,MA
8471657,Cody McLeod,20182019,NYR,L,1984-06-26,Binscarth,CAN,MB
8475736,Connor Brickley,20182019,NYR,L,1992-02-25,Everett,USA,MA
8480078,Filip Chytil,20182019,NYR,C,1999-09-05,Kromeriz,CZE,NA
8476368,Fredrik Claesson,20182019,NYR,D,1992-11-24,Stockholm,SWE,NA
8468685,Henrik Lundqvist,20182019,NYR,G,1982-03-02,Are,SWE,NA
8475855,Jesper Fast,20182019,NYR,R,1991-12-02,Nassjo,SWE,NA
8476918,Jimmy Vesey,20182019,NYR,L,1993-05-26,Boston,USA,MA
8477337,John Gilmour,20182019,NYR,D,1993-05-17,Montréal,CAN,QC
8475763,Kevin Hayes,20182019,NYR,C,1992-05-08,Dorchester,USA,MA
8474031,Kevin Shattenkirk,20182019,NYR,D,1989-01-29,New Rochelle,USA,NY
8480072,Lias Andersson,20182019,NYR,C,1998-10-13,Smogen,SWE,NA
8479333,Libor Hajek,20182019,NYR,D,1998-02-04,Smrcek,CZE,NA
8471686,Marc Staal,20182019,NYR,D,1987-01-13,Thunder Bay,CAN,ON
8475692,Mats Zuccarello,20182019,NYR,R,1987-09-01,Oslo,NOR,NA
8473492,Matt Beleskey,20182019,NYR,L,1988-06-07,Windsor,CAN,ON
8476459,Mika Zibanejad,20182019,NYR,C,1993-04-18,Stockholm,SWE,NA
8480145,Neal Pionk,20182019,NYR,D,1995-07-29,Omaha,USA,NE
8477402,Pavel Buchnevich,20182019,NYR,R,1995-04-17,Cherepovets,RUS,NA
8479324,Ryan Lindgren,20182019,NYR,D,1998-02-11,Burnsville,USA,MN
8475727,Ryan Spooner,20182019,NYR,C,1992-01-30,Ottawa,CAN,ON
8476458,Ryan Strome,20182019,NYR,C,1993-07-11,Mississauga,CAN,ON
8476396,Steven Fogarty,20182019,NYR,C,1993-04-19,Chambersburg,USA,PA
8479364,Tim Gettinger,20182019,NYR,L,1998-04-14,Cleveland,USA,OH
8477950,Tony DeAngelo,20182019,NYR,D,1995-10-24,Sewell,USA,NJ
8479968,Vinni Lettieri,20182019,NYR,R,1995-02-06,Excelsior,USA,MN
8476480,Vladislav Namestnikov,20182019,NYR,C,1992-11-22,Zhukovskiy,RUS,NA
8480029,Alex Formenton,20182019,OTT,L,1999-09-13,Barrie,CAN,ON
8475195,Anders Nilsson,20182019,OTT,G,1990-03-19,Lulea,SWE,NA
8477971,Andreas Englund,20182019,OTT,D,1996-01-21,Stockholm,SWE,NA
8477407,Anthony Duclair,20182019,OTT,L,1995-08-26,Pointe-Claire,CAN,QC
8477433,Ben Harpur,20182019,OTT,D,1995-01-12,Hamilton,CAN,ON
8471676,Bobby Ryan,20182019,OTT,R,1987-03-17,Cherry Hill,USA,NJ
8480801,Brady Tkachuk,20182019,OTT,L,1999-09-16,Scottsdale,USA,AZ
8476207,Brian Gibbons,20182019,OTT,L,1988-02-26,Braintree,USA,MA
8476919,Chris Tierney,20182019,OTT,C,1994-07-01,Keswick,CAN,ON
8475227,Chris Wideman,20182019,OTT,D,1990-01-07,St. Louis,USA,MO
8478868,Christian Jaros,20182019,OTT,D,1996-04-02,Kosice,SVK,NA
8478846,Christian Wolanin,20182019,OTT,D,1995-03-17,Quebec City,CAN,QC
8476879,Cody Ceci,20182019,OTT,D,1993-12-21,Ottawa,CAN,ON
8474597,Cody Goloubef,20182019,OTT,D,1989-11-30,Mississauga,CAN,ON
8478400,Colin White,20182019,OTT,C,1997-01-30,Boston,USA,MA
8467950,Craig Anderson,20182019,OTT,G,1981-05-21,Park Ridge,USA,IL
8475423,Darren Archibald,20182019,OTT,R,1990-02-09,Newmarket,CAN,ON
8480208,Drake Batherson,20182019,OTT,R,1998-04-27,Fort Wayne,USA,IN
8476331,Dylan DeMelo,20182019,OTT,D,1993-05-01,London,CAN,ON
8480073,Erik Brannstrom,20182019,OTT,D,1999-09-02,Eksjo,SWE,NA
8475982,Erik Burgdoerfer,20182019,OTT,D,1988-12-11,Abington,USA,PA
8478488,Filip Chlapik,20182019,OTT,C,1997-06-03,Prague,CZE,NA
8478268,Jack Rodewald,20182019,OTT,R,1994-02-14,Calgary,CAN,AB
8476419,Jean-Gabriel Pageau,20182019,OTT,C,1992-11-11,Ottawa,CAN,ON
8478916,Joey Daccord,20182019,OTT,G,1996-08-19,Boston,USA,MA
8473992,Justin Falk,20182019,OTT,D,1988-10-11,Snowflake,CAN,MB
8479366,Logan Brown,20182019,OTT,C,1998-03-05,Raleigh,USA,NC
8475175,Magnus Paajarvi,20182019,OTT,L,1991-04-12,Norrkoping,SWE,NA
8477405,Marcus Hogberg,20182019,OTT,G,1994-11-25,Orebro,SWE,NA
8474697,Mark Borowiecki,20182019,OTT,D,1989-07-12,Ottawa,CAN,ON
8475913,Mark Stone,20182019,OTT,R,1992-05-13,Winnipeg,CAN,MB
8475168,Matt Duchene,20182019,OTT,C,1991-01-16,Haliburton,CAN,ON
8476323,Max McCormick,20182019,OTT,L,1992-05-01,De Pere,USA,WI
8480314,Max Veronneau,20182019,OTT,R,1995-12-12,Ottawa,CAN,ON
8479320,Maxime Lajoie,20182019,OTT,D,1997-11-05,Quebec City,CAN,QC
8477237,Mike Condon,20182019,OTT,G,1990-04-27,Holliston,USA,MA
8470093,Mike McKenna,20182019,OTT,G,1983-04-11,St. Louis,USA,MO
8474571,Mikkel Boedker,20182019,OTT,L,1989-12-16,Brondby,DNK,NA
8477426,Nick Paul,20182019,OTT,L,1995-03-20,Mississauga,CAN,ON
8475715,Oscar Lindberg,20182019,OTT,L,1991-10-29,Skelleftea,SWE,NA
8474008,Paul Carey,20182019,OTT,C,1988-09-24,Boston,USA,MA
8478870,Rudolfs Balcers,20182019,OTT,L,1997-04-08,Liepaja,LVA,NA
8476288,Ryan Dzingel,20182019,OTT,L,1992-03-09,Wheaton,USA,IL
8475206,Stefan Elliott,20182019,OTT,D,1991-01-30,Vancouver,CAN,BC
8478469,Thomas Chabot,20182019,OTT,D,1997-01-30,Sainte-Marie,CAN,QC
8471768,Tom Pyatt,20182019,OTT,L,1987-02-14,Thunder Bay,CAN,ON
8479411,Vitaly Abramov,20182019,OTT,L,1998-05-08,Chelyabinsk,RUS,NA
8474250,Zack Smith,20182019,OTT,L,1988-04-05,Maple Creek,CAN,SK
8479312,Alex Lyon,20182019,PHI,G,1992-12-09,Baudette,USA,MN
8473584,Andrew MacDonald,20182019,PHI,D,1986-09-07,Judique,CAN,NS
8476932,Anthony Stolarz,20182019,PHI,G,1994-01-20,Edison,USA,NJ
8470880,Brian Elliott,20182019,PHI,G,1985-04-09,Newmarket,CAN,ON
8475717,Calvin Pickard,20182019,PHI,G,1992-04-15,Moncton,CAN,NB
8475660,Cam Talbot,20182019,PHI,G,1987-07-05,Caledonia,CAN,ON
8479394,Carter Hart,20182019,PHI,G,1998-08-13,Sherwood Park,CAN,AB
8477850,Christian Folin,20182019,PHI,D,1991-02-09,Gothenburg,SWE,NA
8473512,Claude Giroux,20182019,PHI,C,1988-01-12,Hearst,CAN,ON
8475260,Corban Knight,20182019,PHI,C,1990-09-10,Oliver,CAN,BC
8474668,Dale Weise,20182019,PHI,R,1988-08-05,Winnipeg,CAN,MB
8478500,Ivan Provorov,20182019,PHI,D,1997-01-13,Yaroslavl,RUS,NA
8474161,Jakub Voracek,20182019,PHI,R,1989-08-15,Kladno,CZE,NA
8474037,James van Riemsdyk,20182019,PHI,L,1989-05-04,Middletown,USA,NJ
8475738,Jordan Weal,20182019,PHI,C,1992-04-15,North Vancouver,CAN,BC
8474627,Jori Lehtera,20182019,PHI,C,1987-12-23,Helsinki,FIN,NA
8477473,Justin Bailey,20182019,PHI,R,1995-07-01,Buffalo,USA,NY
8478017,Mark Friedman,20182019,PHI,D,1995-12-25,Toronto,CAN,ON
8477290,Michael Raffl,20182019,PHI,L,1988-12-01,Villach,AUT,NA
8473607,Michal Neuvirth,20182019,PHI,G,1988-03-23,Ústí nad Labem,CZE,NA
8470093,Mike McKenna,20182019,PHI,G,1983-04-11,St. Louis,USA,MO
8478844,Mikhail Vorobyev,20182019,PHI,C,1997-01-05,Ufa,RUS,NA
8477979,Nicolas Aube-Kubel,20182019,PHI,R,1996-05-10,Slave Lake,CAN,AB
8479974,Nolan Patrick,20182019,PHI,C,1998-09-19,Winnipeg,CAN,MB
8478067,Oskar Lindblom,20182019,PHI,L,1996-08-15,Gavle,SWE,NA
8475321,Phil Varone,20182019,PHI,C,1990-12-04,Vaughan,CAN,ON
8479026,Philippe Myers,20182019,PHI,D,1997-01-25,Moncton,CAN,NB
8475462,Radko Gudas,20182019,PHI,D,1990-06-05,Prague,CZE,NA
8477462,Robert Hagg,20182019,PHI,D,1995-02-08,Uppsala,SWE,NA
8477451,Ryan Hartman,20182019,PHI,R,1994-09-20,Hilton Head Island,USA,SC
8477502,Samuel Morin,20182019,PHI,L,1995-07-12,Lac-Beauport,CAN,QC
8476872,Scott Laughton,20182019,PHI,C,1994-05-30,Oakville,CAN,ON
8476461,Sean Couturier,20182019,PHI,C,1992-12-07,Phoenix,USA,AZ
8476906,Shayne Gostisbehere,20182019,PHI,D,1993-04-20,Pembroke Pines,USA,FL
8478439,Travis Konecny,20182019,PHI,R,1997-03-11,London,CAN,ON
8477948,Travis Sanheim,20182019,PHI,D,1996-03-29,Elkhorn,CAN,MB
8477399,Tyrell Goulbourne,20182019,PHI,L,1994-01-26,Edmonton,CAN,AB
8474190,Wayne Simmonds,20182019,PHI,R,1988-08-26,Scarborough,CAN,ON
8480341,Adam Johnson,20182019,PIT,C,1994-06-22,Grand Rapids,USA,MN
8475208,Brian Dumoulin,20182019,PIT,D,1991-09-06,Biddeford,USA,ME
8475810,Bryan Rust,20182019,PIT,R,1992-05-11,Pontiac,USA,MI
8474176,Carl Hagelin,20182019,PIT,L,1988-08-23,Sodertalje,SWE,NA
8479193,Casey DeSmith,20182019,PIT,G,1991-08-13,Rochester,USA,NH
8477244,Chad Ruhwedel,20182019,PIT,D,1990-05-07,San Diego,USA,CA
8478466,Daniel Sprong,20182019,PIT,R,1997-03-17,Amsterdam,NLD,NA
8474683,Derek Grant,20182019,PIT,C,1990-04-20,Abbotsford,CAN,BC
8473544,Derick Brassard,20182019,PIT,C,1987-09-22,Hull,CAN,QC
8478866,Dominik Simon,20182019,PIT,C,1994-08-08,Prague,CZE,NA
8475790,Erik Gudbranson,20182019,PIT,D,1992-01-07,Ottawa,CAN,ON
8471215,Evgeni Malkin,20182019,PIT,C,1986-07-31,Magnitogorsk,RUS,NA
8475253,Garrett Wilson,20182019,PIT,L,1991-03-16,Barrie,CAN,ON
8471677,Jack Johnson,20182019,PIT,D,1987-01-13,Indianapolis,USA,IN
8477404,Jake Guentzel,20182019,PIT,L,1994-10-06,Omaha,USA,NE
8476467,Jamie Oleksiak,20182019,PIT,D,1992-12-21,Toronto,CAN,ON
8477955,Jared McCann,20182019,PIT,L,1996-05-31,Stratford,CAN,ON
8477520,Jean-Sebastien Dea,20182019,PIT,C,1994-02-08,Laval,CAN,QC
8477010,Joseph Blandisi,20182019,PIT,C,1994-07-18,Markham,CAN,ON
8474602,Justin Schultz,20182019,PIT,D,1990-07-06,Kelowna,CAN,BC
8480945,Juuso Riikola,20182019,PIT,D,1993-11-09,Joensuu,FIN,NA
8471724,Kris Letang,20182019,PIT,D,1987-04-24,Montréal,CAN,QC
8477969,Marcus Pettersson,20182019,PIT,D,1996-05-08,Skelleftea,SWE,NA
8464989,Matt Cullen,20182019,PIT,C,1976-11-02,Virginia,USA,MN
8476899,Matt Murray,20182019,PIT,G,1994-05-25,Thunder Bay,CAN,ON
8475760,Nick Bjugstad,20182019,PIT,C,1992-07-17,Minneapolis,USA,MN
8476874,Olli Maatta,20182019,PIT,D,1994-08-22,Jyväskylä,FIN,NA
8471887,Patric Hornqvist,20182019,PIT,R,1987-01-01,Sollentuna,SWE,NA
8473548,Phil Kessel,20182019,PIT,R,1987-10-02,Madison,USA,WI
8475772,Riley Sheahan,20182019,PIT,C,1991-12-07,St. Catharines,CAN,ON
8471675,Sidney Crosby,20182019,PIT,C,1987-08-07,Cole Harbour,CAN,NS
8476871,Tanner Pearson,20182019,PIT,L,1992-08-10,Kitchener,CAN,ON
8476927,Teddy Blueger,20182019,PIT,C,1994-08-15,Riga,LVA,NA
8477465,Tristan Jarry,20182019,PIT,G,1995-04-29,Surrey,CAN,BC
8475902,Zach Trotman,20182019,PIT,D,1990-08-26,Carmel,USA,IN
8479944,Zachary Aston-Reese,20182019,PIT,L,1994-08-10,Staten Island,USA,NY
8477180,Aaron Dell,20182019,SJS,G,1989-05-04,Airdrie,CAN,AB
8480965,Antti Suomela,20182019,SJS,C,1994-03-17,Espoo,FIN,NA
8476624,Barclay Goodrow,20182019,SJS,R,1993-02-26,Toronto,CAN,ON
8475455,Brenden Dillon,20182019,SJS,D,1990-11-13,New Westminster,CAN,BC
8470613,Brent Burns,20182019,SJS,D,1985-03-09,Barrie,CAN,ON
8479580,Dylan Gambrell,20182019,SJS,C,1996-08-26,Bonney Lake,USA,WA
8474578,Erik Karlsson,20182019,SJS,D,1990-05-31,Landsbro,SWE,NA
8475169,Evander Kane,20182019,SJS,L,1991-08-02,Vancouver,CAN,BC
8474679,Gustav Nyquist,20182019,SJS,C,1989-09-01,Halmstad,SWE,NA
8478136,Jake Middleton,20182019,SJS,D,1996-01-02,Wainwright,CAN,AB
8477046,Joakim Ryan,20182019,SJS,D,1993-06-17,Rumson,USA,NJ
8470794,Joe Pavelski,20182019,SJS,C,1984-07-11,Plover,USA,WI
8466138,Joe Thornton,20182019,SJS,C,1979-07-02,London,CAN,ON
8475820,Joonas Donskoi,20182019,SJS,R,1992-04-13,Raahe,FIN,NA
8474027,Justin Braun,20182019,SJS,D,1987-02-10,Minneapolis,USA,MN
8478099,Kevin Labanc,20182019,SJS,R,1995-12-12,Brooklyn,USA,NY
8474053,Logan Couture,20182019,SJS,C,1989-03-28,Guelph,CAN,ON
8480780,Lukas Radil,20182019,SJS,C,1990-08-05,Caslav,CZE,NA
8471709,Marc-Edouard Vlasic,20182019,SJS,D,1987-03-30,Montréal,CAN,QC
8475834,Marcus Sorensen,20182019,SJS,L,1992-04-07,Sodertalje,SWE,NA
8474889,Martin Jones,20182019,SJS,G,1990-01-10,North Vancouver,CAN,BC
8477922,Melker Karlsson,20182019,SJS,C,1990-07-18,Lycksele,SWE,NA
8474230,Micheal Haley,20182019,SJS,C,1986-03-30,Guelph,CAN,ON
8480160,Radim Simek,20182019,SJS,D,1992-09-20,Mlada Boleslav,CZE,NA
8478078,Rourke Chartier,20182019,SJS,C,1996-04-03,Saskatoon,CAN,SK
8475841,Tim Heed,20182019,SJS,D,1991-01-27,Gothenburg,SWE,NA
8478414,Timo Meier,20182019,SJS,R,1996-10-08,Herisau,CHE,NA
8476881,Tomas Hertl,20182019,SJS,C,1993-11-12,Praha,CZE,NA
8474565,Alex Pietrangelo,20182019,STL,D,1990-01-18,King City,CAN,ON
8470257,Alexander Steen,20182019,STL,L,1984-03-01,Winnipeg,CAN,MB
8475170,Brayden Schenn,20182019,STL,C,1991-08-22,Saskatoon,CAN,SK
8474125,Carl Gunnarsson,20182019,STL,D,1986-11-09,Orebro,SWE,NA
8473434,Chad Johnson,20182019,STL,G,1986-06-10,Saskatoon,CAN,SK
8471761,Chris Butler,20182019,STL,D,1986-10-27,St. Louis,USA,MO
8469501,Chris Thorburn,20182019,STL,R,1983-06-03,Sault Ste. Marie,CAN,ON
8476892,Colton Parayko,20182019,STL,D,1993-05-12,St. Albert,CAN,AB
8474102,David Perron,20182019,STL,L,1988-05-28,Sherbrooke,CAN,QC
8477964,Ivan Barbashev,20182019,STL,C,1995-12-14,Moscow,RUS,NA
8475768,Jaden Schwartz,20182019,STL,L,1992-06-25,Wilcox,CAN,SK
8474596,Jake Allen,20182019,STL,G,1990-08-07,Fredericton,CAN,NB
8480143,Jakub Jerabek,20182019,STL,D,1991-05-12,Pilsen,CZE,NA
8470151,Jay Bouwmeester,20182019,STL,D,1983-09-27,Edmonton,CAN,AB
8476441,Joel Edmundson,20182019,STL,D,1993-06-28,Brandon,CAN,MB
8476412,Jordan Binnington,20182019,STL,G,1993-07-11,Richmond Hill,CAN,ON
8479385,Jordan Kyrou,20182019,STL,C,1998-05-05,Toronto,CAN,ON
8475325,Jordan Nolan,20182019,STL,C,1989-06-23,"Garden River, First Nations",CAN,ON
8476877,Jordan Schmaltz,20182019,STL,D,1993-10-08,Madison,USA,WI
8476907,Mackenzie MacEachern,20182019,STL,L,1994-03-09,Bloomfield Hills,USA,MI
8474584,Michael Del Zotto,20182019,STL,D,1990-06-24,Stouffville,CAN,ON
8478373,Nikita Soshnikov,20182019,STL,R,1993-10-14,Nizhny Tagil,RUS,NA
8476897,Oskar Sundqvist,20182019,STL,C,1994-03-23,Boden,SWE,NA
8474034,Patrick Maroon,20182019,STL,L,1988-04-23,St. Louis,USA,MO
8477952,Robby Fabbri,20182019,STL,C,1996-01-22,Mississauga,CAN,ON
8474145,Robert Bortuzzo,20182019,STL,D,1989-03-18,Thunder Bay,CAN,ON
8480023,Robert Thomas,20182019,STL,C,1999-07-02,Aurora,CAN,ON
8475158,Ryan O'Reilly,20182019,STL,C,1991-02-07,Clinton,CAN,ON
8478104,Sammy Blais,20182019,STL,L,1996-06-17,Montmagny,CAN,QC
8475098,Tyler Bozak,20182019,STL,C,1986-03-19,Regina,CAN,SK
8478407,Vince Dunn,20182019,STL,D,1996-10-29,Mississauga,CAN,ON
8475765,Vladimir Tarasenko,20182019,STL,R,1991-12-13,Yaroslavl,RUS,NA
8477482,Zachary Sanford,20182019,STL,L,1994-11-09,Salem,USA,MA
8477454,Adam Erne,20182019,TBL,L,1995-04-20,New Haven,USA,CT
8473986,Alex Killorn,20182019,TBL,L,1989-09-14,Halifax,CAN,NS
8476883,Andrei Vasilevskiy,20182019,TBL,G,1994-07-25,Tyumen,RUS,NA
8478519,Anthony Cirelli,20182019,TBL,C,1997-07-15,Etobicoke,CAN,ON
8471873,Anton Stralman,20182019,TBL,D,1986-08-01,Tibro,SWE,NA
8478010,Brayden Point,20182019,TBL,C,1996-03-13,Calgary,CAN,AB
8470601,Braydon Coburn,20182019,TBL,D,1985-02-27,Shaunavon,CAN,SK
8474611,Cameron Gaunce,20182019,TBL,D,1990-03-19,Sudbury,CAN,ON
8476975,Cedric Paquette,20182019,TBL,C,1993-08-13,Gaspe,CAN,QC
8476195,Cory Conacher,20182019,TBL,C,1989-12-14,Burlington,CAN,ON
8471958,Dan Girardi,20182019,TBL,D,1984-04-29,Welland,CAN,ON
8478365,Danick Martel,20182019,TBL,L,1994-12-12,Drummondville,CAN,QC
8475277,Edward Pasquale,20182019,TBL,G,1990-11-20,Toronto,CAN,ON
8478416,Erik Cernak,20182019,TBL,D,1997-05-28,Kosice,SVK,NA
8476468,J.T. Miller,20182019,TBL,C,1993-03-14,East Palestine,USA,OH
8480172,Jan Rutta,20182019,TBL,D,1990-07-29,Pisek,CZE,NA
8475839,Louis Domingue,20182019,TBL,G,1992-03-06,St-Hyacinthe,CAN,QC
8478472,Mathieu Joseph,20182019,TBL,R,1997-02-09,Laval,CAN,QC
8479410,Mikhail Sergachev,20182019,TBL,D,1998-06-25,Nizhnekamsk,RUS,NA
8476453,Nikita Kucherov,20182019,TBL,R,1993-06-17,Maykop,RUS,NA
8476292,Ondrej Palat,20182019,TBL,L,1991-03-28,Frydek-Mistek,CZE,NA
8471339,Ryan Callahan,20182019,TBL,R,1985-03-21,Rochester,USA,NY
8474151,Ryan McDonagh,20182019,TBL,D,1989-06-13,St. Paul,USA,MN
8476886,Slater Koekkoek,20182019,TBL,D,1994-02-18,Winchester,CAN,ON
8474564,Steven Stamkos,20182019,TBL,C,1990-02-07,Markham,CAN,ON
8474870,Tyler Johnson,20182019,TBL,C,1990-07-29,Spokane,USA,WA
8475167,Victor Hedman,20182019,TBL,D,1990-12-18,Ornskoldsvik,SWE,NA
8476826,Yanni Gourde,20182019,TBL,C,1991-12-15,Saint-Narcisse,CAN,QC
8477341,Andreas Johnsson,20182019,TOR,L,1994-11-21,Gavle,SWE,NA
8479318,Auston Matthews,20182019,TOR,C,1997-09-17,San Ramon,USA,CA
8480157,Calle Rosen,20182019,TOR,D,1994-02-02,Vaxjo,SWE,NA
8477015,Connor Brown,20182019,TOR,R,1994-01-14,Toronto,CAN,ON
8475883,Frederik Andersen,20182019,TOR,G,1989-10-02,Herning,DNK,NA
8477512,Frederik Gauthier,20182019,TOR,C,1995-04-26,Laval,CAN,QC
8476343,Garret Sparks,20182019,TOR,G,1993-06-28,Elmhurst,USA,IL
8480943,Igor Ozhiganov,20182019,TOR,D,1992-10-13,Krasnogorsk,RUS,NA
8474581,Jake Gardiner,20182019,TOR,D,1990-07-04,Minnetonka,USA,MN
8474162,Jake Muzzin,20182019,TOR,D,1989-02-21,Woodstock,CAN,ON
8475166,John Tavares,20182019,TOR,C,1990-09-20,Mississauga,CAN,ON
8476410,Josh Leivo,20182019,TOR,L,1993-05-26,Innisfil,CAN,ON
8475718,Justin Holl,20182019,TOR,D,1992-01-30,Tonka Bay,USA,MN
8477953,Kasperi Kapanen,20182019,TOR,R,1996-07-23,Kuopio,FIN,NA
8475716,Martin Marincin,20182019,TOR,D,1992-02-18,Kosice,SVK,NA
8474636,Michael Hutchinson,20182019,TOR,G,1990-03-02,Barrie,CAN,ON
8478483,Mitch Marner,20182019,TOR,R,1997-05-05,Markham,CAN,ON
8476853,Morgan Rielly,20182019,TOR,D,1994-03-09,Vancouver,CAN,BC
8475172,Nazem Kadri,20182019,TOR,C,1990-10-06,London,CAN,ON
8477464,Nic Petan,20182019,TOR,C,1995-03-22,Delta,CAN,BC
8479458,Nikita Zaitsev,20182019,TOR,D,1991-10-29,Moscow,RUS,NA
8480944,Par Lindholm,20182019,TOR,C,1991-10-05,Kusmark,SWE,NA
8466139,Patrick Marleau,20182019,TOR,C,1979-09-15,Aneroid,CAN,SK
8468493,Ron Hainsey,20182019,TOR,D,1981-03-24,Bolton,USA,CT
8478408,Travis Dermott,20182019,TOR,D,1996-12-22,Newmarket,CAN,ON
8479675,Trevor Moore,20182019,TOR,L,1995-03-31,Thousand Oaks,USA,CA
8474589,Tyler Ennis,20182019,TOR,L,1989-10-06,Edmonton,CAN,AB
8477939,William Nylander,20182019,TOR,R,1996-05-01,Calgary,CAN,AB
8475786,Zach Hyman,20182019,TOR,L,1992-06-09,Toronto,CAN,ON
8478874,Adam Gaudette,20182019,VAN,C,1996-10-03,Braintree,USA,MA
8473415,Alex Biega,20182019,VAN,D,1988-04-04,Montréal,CAN,QC
8471303,Alexander Edler,20182019,VAN,D,1986-04-21,Ostersund,SWE,NA
8475195,Anders Nilsson,20182019,VAN,G,1990-03-19,Lulea,SWE,NA
8474849,Antoine Roussel,20182019,VAN,L,1989-11-21,Roubaix,FRA,NA
8477085,Ashton Sautner,20182019,VAN,D,1994-05-27,Flin Flon,CAN,MB
8477018,Ben Hutton,20182019,VAN,D,1993-04-20,Brockville,CAN,ON
8477500,Bo Horvat,20182019,VAN,C,1995-04-05,London,CAN,ON
8474091,Brandon Sutter,20182019,VAN,C,1989-02-14,Huntington,USA,NY
8476867,Brendan Gaunce,20182019,VAN,C,1994-03-25,Sudbury,CAN,ON
8476894,Brendan Leipsic,20182019,VAN,L,1994-05-19,Winnipeg,CAN,MB
8478444,Brock Boeser,20182019,VAN,R,1997-02-25,Burnsville,USA,MN
8481479,Brogan Rafferty,20182019,VAN,D,1995-05-28,West Dundee,USA,IL
8475690,Chris Tanev,20182019,VAN,D,1989-12-20,Toronto,CAN,ON
8475423,Darren Archibald,20182019,VAN,R,1990-02-09,Newmarket,CAN,ON
8476884,Derrick Pouliot,20182019,VAN,D,1994-01-16,Estevan,CAN,SK
8480012,Elias Pettersson,20182019,VAN,C,1998-11-12,Sundsvall,SWE,NA
8475790,Erik Gudbranson,20182019,VAN,D,1992-01-07,Ottawa,CAN,ON
8478465,Guillaume Brisebois,20182019,VAN,D,1997-07-21,Longueuil,CAN,QC
8474593,Jacob Markstrom,20182019,VAN,G,1990-01-31,Gavle,SWE,NA
8477937,Jake Virtanen,20182019,VAN,R,1996-08-17,Langley,CAN,BC
8474291,Jay Beagle,20182019,VAN,C,1985-10-16,Calgary,CAN,AB
8476410,Josh Leivo,20182019,VAN,L,1993-05-26,Innisfil,CAN,ON
8481425,Josh Teves,20182019,VAN,D,1995-02-18,Calgary,CAN,AB
8470626,Loui Eriksson,20182019,VAN,L,1985-07-17,Gothenburg,SWE,NA
8474568,Luke Schenn,20182019,VAN,D,1989-11-02,Saskatoon,CAN,SK
8476440,Markus Granlund,20182019,VAN,C,1993-04-16,Oulu,FIN,NA
8474584,Michael Del Zotto,20182019,VAN,D,1990-06-24,Stouffville,CAN,ON
8480022,Michael DiPietro,20182019,VAN,G,1999-06-09,Windsor,CAN,ON
8477958,Nikolay Goldobin,20182019,VAN,R,1995-10-07,Moscow,RUS,NA
8480800,Quinn Hughes,20182019,VAN,D,1999-10-14,Orlando,USA,FL
8476423,Reid Boucher,20182019,VAN,C,1993-09-08,Lansing,USA,MI
8473614,Richard Bachman,20182019,VAN,G,1987-07-25,Salt Lake City,USA,UT
8475727,Ryan Spooner,20182019,VAN,C,1992-01-30,Ottawa,CAN,ON
8474040,Sam Gagner,20182019,VAN,C,1989-08-10,London,CAN,ON
8476466,Sven Baertschi,20182019,VAN,L,1992-10-05,Bern,CHE,NA
8476871,Tanner Pearson,20182019,VAN,L,1992-08-10,Kitchener,CAN,ON
8477967,Thatcher Demko,20182019,VAN,G,1995-12-08,San Diego,USA,CA
8477213,Tim Schaller,20182019,VAN,C,1990-11-16,Merrimack,USA,NH
8479442,Troy Stecher,20182019,VAN,D,1994-04-07,Richmond,CAN,BC
8477353,Tyler Motte,20182019,VAN,C,1995-03-10,St. Clair,USA,MI
8479772,Zack MacEwen,20182019,VAN,C,1996-07-08,Charlottetown,CAN,PE
8477949,Alex Tuch,20182019,VGK,R,1996-05-10,Syracuse,USA,NY
8476779,Brad Hunt,20182019,VGK,D,1988-08-24,Maple Ridge,CAN,BC
8475204,Brandon Pirri,20182019,VGK,C,1991-04-10,Toronto,CAN,ON
8475188,Brayden McNabb,20182019,VGK,D,1991-01-21,Davidson,CAN,SK
8475236,Cody Eakin,20182019,VGK,C,1991-05-24,Winnipeg,CAN,MB
8476525,Colin Miller,20182019,VGK,D,1992-10-29,Sault Ste. Marie,CAN,ON
8477901,Daniel Carr,20182019,VGK,L,1991-11-01,Sherwood Park,CAN,AB
8468674,Deryk Engelland,20182019,VGK,D,1982-04-03,Edmonton,CAN,AB
8475287,Erik Haula,20182019,VGK,C,1991-03-23,Pori,FIN,NA
8481486,Jimmy Schuldt,20182019,VGK,D,1995-05-11,Minnetonka,USA,MN
8475750,Jon Merrill,20182019,VGK,D,1992-02-03,Oklahoma City,USA,OK
8476539,Jonathan Marchessault,20182019,VGK,R,1990-12-27,Cap-Rouge,CAN,QC
8476876,Malcolm Subban,20182019,VGK,G,1993-12-21,Toronto,CAN,ON
8470594,Marc-Andre Fleury,20182019,VGK,G,1984-11-28,Sorel,CAN,QC
8475913,Mark Stone,20182019,VGK,R,1992-05-13,Winnipeg,CAN,MB
8474157,Max Pacioretty,20182019,VGK,L,1988-11-20,New Canaan,USA,CT
8476509,Maxime Lagace,20182019,VGK,G,1993-01-12,Saint-Augustin,CAN,QC
8477220,Nate Schmidt,20182019,VGK,D,1991-07-16,St. Cloud,USA,MN
8474207,Nick Holden,20182019,VGK,D,1987-05-15,St. Albert,CAN,AB
8475715,Oscar Lindberg,20182019,VGK,C,1991-10-29,Skelleftea,SWE,NA
8471669,Paul Stastny,20182019,VGK,C,1985-12-27,Quebec City,CAN,QC
8477930,Pierre-Edouard Bellemare,20182019,VGK,C,1985-03-06,Le Blanc-Mesnil,FRA,NA
8475191,Reilly Smith,20182019,VGK,R,1991-04-01,Mimico,CAN,ON
8477846,Ryan Carpenter,20182019,VGK,C,1991-01-18,Oviedo,USA,FL
8471817,Ryan Reaves,20182019,VGK,R,1987-01-20,Winnipeg,CAN,MB
8477447,Shea Theodore,20182019,VGK,D,1995-08-03,Aldergrove,CAN,BC
8476617,Tomas Hyka,20182019,VGK,R,1993-03-23,Mlada Boleslav,CZE,NA
8477931,Tomas Nosek,20182019,VGK,L,1992-09-01,Pardubice,CZE,NA
8477458,Valentin Zykov,20182019,VGK,L,1995-05-15,St. Petersburg,RUS,NA
8477478,William Carrier,20182019,VGK,L,1994-12-20,LaSalle,CAN,QC
8476448,William Karlsson,20182019,VGK,C,1993-01-08,Marsta,SWE,NA
8476392,Adam Lowry,20182019,WPG,C,1993-03-29,St. Louis,USA,MO
8477429,Andrew Copp,20182019,WPG,C,1994-07-08,Ann Arbor,USA,MI
8475279,Ben Chiarot,20182019,WPG,D,1991-05-09,Hamilton,CAN,ON
8471218,Blake Wheeler,20182019,WPG,R,1986-08-31,Plymouth,USA,MN
8479293,Brandon Tanev,20182019,WPG,L,1991-12-31,Toronto,CAN,ON
8477962,Brendan Lemieux,20182019,WPG,L,1996-03-15,Denver,USA,CO
8473412,Bryan Little,20182019,WPG,C,1987-11-12,Edmonton,CAN,AB
8476799,Cameron Schilling,20182019,WPG,D,1988-10-07,Carmel,USA,IN
8476945,Connor Hellebuyck,20182019,WPG,G,1993-05-19,Commerce,USA,MI
8475179,Dmitry Kulikov,20182019,WPG,D,1990-10-29,Lipetsk,RUS,NA
8470834,Dustin Byfuglien,20182019,WPG,D,1985-03-27,Roseau,USA,MN
8477480,Eric Comrie,20182019,WPG,G,1995-07-06,Edmonton,CAN,AB
8478458,Jack Roslovic,20182019,WPG,C,1997-01-29,Columbus,USA,OH
8476885,Jacob Trouba,20182019,WPG,D,1994-02-26,Rochester,USA,MI
8476476,Joe Morrow,20182019,WPG,D,1992-12-09,Edmonton,CAN,AB
8477504,Josh Morrissey,20182019,WPG,D,1995-03-28,Calgary,CAN,AB
8475763,Kevin Hayes,20182019,WPG,R,1992-05-08,Dorchester,USA,MA
8480005,Kristian Vesalainen,20182019,WPG,L,1999-06-01,Helsinki,FIN,NA
8478398,Kyle Connor,20182019,WPG,L,1996-12-09,Shelby Township,USA,MI
8476316,Laurent Brossoit,20182019,WPG,G,1993-03-23,Port Alberni,CAN,BC
8476460,Mark Scheifele,20182019,WPG,C,1993-03-15,Kitchener,CAN,ON
8478891,Mason Appleton,20182019,WPG,C,1996-01-15,Green Bay,USA,WI
8473618,Mathieu Perreault,20182019,WPG,L,1988-01-05,Drummondville,CAN,QC
8468611,Matt Hendricks,20182019,WPG,C,1981-06-17,Blaine,USA,MN
8476470,Nathan Beaulieu,20182019,WPG,D,1992-12-05,Strathroy,CAN,ON
8478031,Nelson Nogier,20182019,WPG,D,1996-05-27,Saskatoon,CAN,SK
8477464,Nic Petan,20182019,WPG,L,1995-03-22,Delta,CAN,BC
8477940,Nikolaj Ehlers,20182019,WPG,L,1996-02-14,Aalborg,DNK,NA
8480944,Par Lindholm,20182019,WPG,C,1991-10-05,Kusmark,SWE,NA
8479339,Patrik Laine,20182019,WPG,R,1998-04-19,Tampere,FIN,NA
8478915,Sami Niku,20182019,WPG,D,1996-10-10,Haapavesi,FIN,NA
8474574,Tyler Myers,20182019,WPG,D,1990-02-01,Houston,USA,TX
8471214,Alex Ovechkin,20182019,WSH,L,1985-09-17,Moscow,RUS,NA
8477444,Andre Burakovsky,20182019,WSH,L,1995-02-09,Klagenfurt,AUT,NA
8474651,Braden Holtby,20182019,WSH,G,1989-09-16,Lloydminster,CAN,SK
8475792,Brett Connolly,20182019,WSH,R,1992-05-02,Campbell River,CAN,BC
8468498,Brooks Orpik,20182019,WSH,D,1980-09-26,San Francisco,USA,CA
8474176,Carl Hagelin,20182019,WSH,L,1988-08-23,Sodertalje,SWE,NA
8476905,Chandler Stephenson,20182019,WSH,C,1994-04-22,Saskatoon,CAN,SK
8477043,Christian Djoos,20182019,WSH,D,1994-08-06,Gothenburg,SWE,NA
8475758,Devante Smith-Pelly,20182019,WSH,R,1992-06-14,Scarborough,CAN,ON
8476436,Dmitrij Jaskin,20182019,WSH,R,1993-03-23,Omsk,RUS,NA
8475200,Dmitry Orlov,20182019,WSH,D,1991-07-23,Novokuznetsk,RUS,NA
8475744,Evgeny Kuznetsov,20182019,WSH,C,1992-05-19,Chelyabinsk,RUS,NA
8477944,Jakub Vrana,20182019,WSH,L,1996-02-28,Prague,CZE,NA
8474590,John Carlson,20182019,WSH,D,1990-01-10,Natick,USA,MA
8478399,Jonas Siegenthaler,20182019,WSH,D,1997-05-06,Zurich,CHE,NA
8474189,Lars Eller,20182019,WSH,C,1989-05-08,Rodovre,DNK,NA
8477474,Madison Bowey,20182019,WSH,D,1995-04-22,Winnipeg,CAN,MB
8471702,Matt Niskanen,20182019,WSH,D,1986-12-06,Virginia,USA,MN
8479482,Michal Kempny,20182019,WSH,D,1990-09-08,Hodonin,CZE,NA
8477573,Nathan Walker,20182019,WSH,L,1994-02-07,Cardiff,GBR,NA
8475343,Nic Dowd,20182019,WSH,C,1990-05-27,Huntsville,USA,AL
8475324,Nick Jensen,20182019,WSH,D,1990-09-21,Rogers,USA,MN
8473563,Nicklas Backstrom,20182019,WSH,C,1987-11-23,Gavle,SWE,NA
8477831,Pheonix Copley,20182019,WSH,G,1992-01-18,North Pole,USA,AK
8471698,T.J. Oshie,20182019,WSH,R,1986-12-23,Everett,USA,WA
8476880,Tom Wilson,20182019,WSH,R,1994-03-29,Toronto,CAN,ON
8476329,Travis Boyd,20182019,WSH,C,1993-09-14,Hopkins,USA,MN
8477343,Tyler Lewington,20182019,WSH,D,1994-12-05,Edmonton,CAN,AB
8474641,Adam Henrique,20192020,ANA,C,1990-02-06,Brantford,CAN,ON
8475461,Andrew Agozzino,20192020,ANA,L,1991-01-03,Kleinburg,CAN,ON
8476932,Anthony Stolarz,20192020,ANA,G,1994-01-20,Edison,USA,NJ
8478425,Brendan Guhle,20192020,ANA,D,1997-07-29,Edmonton,CAN,AB
8475764,Cam Fowler,20192020,ANA,D,1991-12-05,Windsor,CAN,ON
8477240,Carter Rowney,20192020,ANA,C,1989-05-10,Grande Prairie,CAN,AB
8478029,Chase De Leo,20192020,ANA,L,1995-10-25,La Mirada,USA,CA
8477043,Christian Djoos,20192020,ANA,D,1994-08-06,Gothenburg,SWE,NA
8478466,Daniel Sprong,20192020,ANA,R,1997-03-17,Amsterdam,NLD,NA
8478046,Danton Heinen,20192020,ANA,L,1995-07-05,Langley,CAN,BC
8470655,David Backes,20192020,ANA,R,1984-05-01,Minneapolis,USA,MN
8474683,Derek Grant,20192020,ANA,C,1990-04-20,Abbotsford,CAN,BC
8476913,Devin Shore,20192020,ANA,C,1994-07-19,Ajax,CAN,ON
8475790,Erik Gudbranson,20192020,ANA,D,1992-01-07,Ottawa,CAN,ON
8476854,Hampus Lindholm,20192020,ANA,D,1994-01-20,Helsingborg,SWE,NA
8480806,Isac Lundestrom,20192020,ANA,C,1999-11-06,Gallivare,SWE,NA
8478491,Jacob Larsson,20192020,ANA,D,1997-04-29,Ljungby,SWE,NA
8475164,Jakob Silfverberg,20192020,ANA,R,1990-10-13,Gavle,SWE,NA
8475825,Jani Hakanpää,20192020,ANA,D,1992-03-31,Kirkkonummi,FIN,NA
8476434,John Gibson,20192020,ANA,G,1993-07-14,Pittsburgh,USA,PA
8476312,Josh Manson,20192020,ANA,D,1991-10-07,Hinsdale,USA,IL
8479372,Joshua Mahura,20192020,ANA,D,1998-05-05,St. Albert,CAN,AB
8480748,Kiefer Sherwood,20192020,ANA,R,1995-03-31,Columbus,USA,OH
8473560,Korbinian Holzer,20192020,ANA,D,1988-02-16,Munich,DEU,NA
8475625,Matt Irwin,20192020,ANA,D,1987-11-29,Victoria,CAN,BC
8479368,Max Jones,20192020,ANA,L,1998-02-17,Rochester,USA,MI
8480031,Maxime Comtois,20192020,ANA,L,1999-01-08,Longueuil,CAN,QC
8474584,Michael Del Zotto,20192020,ANA,D,1990-06-24,Stouffville,CAN,ON
8477941,Nick Ritchie,20192020,ANA,L,1995-12-05,Orangeville,CAN,ON
8475235,Nicolas Deslauriers,20192020,ANA,L,1991-02-22,LaSalle,CAN,QC
8478131,Ondrej Kase,20192020,ANA,R,1995-11-08,Kadan,CZE,NA
8476483,Rickard Rakell,20192020,ANA,L,1993-05-05,Sundbyberg,SWE,NA
8470612,Ryan Getzlaf,20192020,ANA,C,1985-05-10,Regina,CAN,SK
8468011,Ryan Miller,20192020,ANA,G,1980-07-17,East Lansing,USA,MI
8475842,Sam Carrick,20192020,ANA,C,1992-02-04,Markham,CAN,ON
8479351,Sam Steel,20192020,ANA,C,1998-02-03,Ardrossan,CAN,AB
8477947,Sonny Milano,20192020,ANA,L,1996-05-12,Massapequa,USA,NY
8478873,Troy Terry,20192020,ANA,R,1997-09-10,Denver,USA,CO
8474604,Aaron Ness,20192020,ARI,D,1990-05-18,Roseau,USA,MN
8478499,Adin Hill,20192020,ARI,G,1996-05-11,Comox,CAN,BC
8471274,Alex Goligoski,20192020,ARI,D,1985-07-30,Grand Rapids,USA,MN
8477293,Antti Raanta,20192020,ARI,G,1989-05-12,Rauma,FIN,NA
8480849,Barrett Hayton,20192020,ARI,C,2000-06-09,Peterborough,CAN,ON
8470755,Brad Richardson,20192020,ARI,C,1985-02-04,Belleville,CAN,ON
8471262,Carl Soderberg,20192020,ARI,C,1985-10-12,Malmo,SWE,NA
8477989,Christian Dvorak,20192020,ARI,C,1996-02-02,Palos,USA,IL
8478432,Christian Fischer,20192020,ARI,R,1997-04-15,Chicago,USA,IL
8479343,Clayton Keller,20192020,ARI,R,1998-07-29,Chesterfield,USA,MO
8478856,Conor Garland,20192020,ARI,R,1996-03-11,Scituate,USA,MA
8475311,Darcy Kuemper,20192020,ARI,G,1990-05-05,Saskatoon,CAN,SK
8474613,Derek Stepan,20192020,ARI,C,1990-06-18,Hastings,USA,MN
8480950,Ilya Lyubushkin,20192020,ARI,D,1994-04-06,Moscow,RUS,NA
8479345,Jakob Chychrun,20192020,ARI,D,1998-03-31,Boca Raton,USA,FL
8474218,Jason Demers,20192020,ARI,D,1988-06-09,Dorval,CAN,QC
8480913,Jordan Gross,20192020,ARI,D,1995-05-09,Maple Grove,USA,MN
8477851,Jordan Oesterle,20192020,ARI,D,1992-06-25,Dearborn Heights,USA,MI
8478476,Kyle Capobianco,20192020,ARI,D,1997-08-13,Mississauga,CAN,ON
8478474,Lawson Crouse,20192020,ARI,L,1997-06-23,Mt. Brydges,CAN,ON
8475808,Michael Chaput,20192020,ARI,C,1992-04-09,Ile Bizard,CAN,QC
8473546,Michael Grabner,20192020,ARI,L,1987-10-05,Villach,AUT,NA
8477951,Nick Schmaltz,20192020,ARI,C,1996-02-23,Madison,USA,WI
8471769,Niklas Hjalmarsson,20192020,ARI,D,1987-06-06,Eksjo,SWE,NA
8475171,Oliver Ekman-Larsson,20192020,ARI,D,1991-07-17,Karlskrona,SWE,NA
8473548,Phil Kessel,20192020,ARI,R,1987-10-02,Madison,USA,WI
8475791,Taylor Hall,20192020,ARI,L,1991-11-14,Calgary,CAN,AB
8476994,Vinnie Hinostroza,20192020,ARI,R,1994-04-03,Chicago,USA,IL
8478075,Anders Bjork,20192020,BOS,L,1996-08-05,Mequon,USA,WI
8477320,Anton Blidh,20192020,BOS,L,1995-03-14,Molnlycke,SWE,NA
8473419,Brad Marchand,20192020,BOS,L,1988-05-11,Halifax,CAN,NS
8478443,Brandon Carlo,20192020,BOS,D,1996-11-26,Colorado Springs,USA,CO
8476867,Brendan Gaunce,20192020,BOS,C,1994-03-25,Sudbury,CAN,ON
8476439,Brett Ritchie,20192020,BOS,R,1993-07-01,Orangeville,CAN,ON
8478888,Cameron Hughes,20192020,BOS,C,1996-10-09,Edmonton,CAN,AB
8475745,Charlie Coyle,20192020,BOS,C,1992-03-02,East Weymouth,USA,MA
8479325,Charlie McAvoy,20192020,BOS,D,1997-12-21,Long Beach,USA,NY
8475780,Chris Wagner,20192020,BOS,R,1991-05-27,Walpole,USA,MA
8477365,Connor Clifton,20192020,BOS,D,1995-04-28,Matawan,USA,NJ
8478435,Dan Vladar,20192020,BOS,G,1997-08-20,Prague,CZE,NA
8478046,Danton Heinen,20192020,BOS,C,1995-07-05,Langley,CAN,BC
8470655,David Backes,20192020,BOS,R,1984-05-01,Minneapolis,USA,MN
8471276,David Krejci,20192020,BOS,C,1986-04-28,Sternberk,CZE,NA
8477956,David Pastrnak,20192020,BOS,R,1996-05-25,Havirov,CZE,NA
8480021,Jack Studnicka,20192020,BOS,C,1999-02-18,Windsor,CAN,ON
8478498,Jake DeBrusk,20192020,BOS,L,1996-10-17,Edmonton,CAN,AB
8470860,Jaroslav Halak,20192020,BOS,G,1985-05-13,Bratislava,SVK,NA
8478468,Jeremy Lauzon,20192020,BOS,D,1997-04-28,Val-d'Or,CAN,QC
8475807,Joakim Nordstrom,20192020,BOS,C,1992-02-25,Stockholm,SWE,NA
8475186,John Moore,20192020,BOS,D,1990-11-19,Winnetka,USA,IL
8480901,Karson Kuhlman,20192020,BOS,C,1995-09-26,Esko,USA,MN
8476891,Matt Grzelcyk,20192020,BOS,D,1994-01-05,Charlestown,USA,MA
8477941,Nick Ritchie,20192020,BOS,L,1995-12-05,Orangeville,CAN,ON
8478131,Ondrej Kase,20192020,BOS,R,1995-11-08,Kadan,CZE,NA
8480944,Par Lindholm,20192020,BOS,C,1991-10-05,Kusmark,SWE,NA
8470638,Patrice Bergeron,20192020,BOS,C,1985-07-24,L'Ancienne-Lorette,CAN,QC
8474008,Paul Carey,20192020,BOS,C,1988-09-24,Boston,USA,MA
8477417,Peter Cehlarik,20192020,BOS,L,1995-08-02,Zilina,SVK,NA
8476374,Sean Kuraly,20192020,BOS,C,1993-01-20,Niagara Falls,USA,NY
8474000,Steven Kampfer,20192020,BOS,D,1988-09-24,Ann Arbor,USA,MI
8476792,Torey Krug,20192020,BOS,D,1991-04-12,Livonia,USA,MI
8479365,Trent Frederic,20192020,BOS,C,1998-02-11,St. Louis,USA,MO
8471695,Tuukka Rask,20192020,BOS,G,1987-03-10,Savonlinna,FIN,NA
8480001,Urho Vaakanainen,20192020,BOS,D,1999-01-01,Joensuu,FIN,NA
8478485,Zach Senyshyn,20192020,BOS,R,1997-03-30,Ottawa,CAN,ON
8465009,Zdeno Chara,20192020,BOS,D,1977-03-18,Trencin,SVK,NA
8477986,Brandon Montour,20192020,BUF,D,1994-04-11,Brantford,CAN,ON
8475622,Carter Hutton,20192020,BUF,G,1985-12-19,Thunder Bay,CAN,ON
8479999,Casey Mittelstadt,20192020,BUF,C,1998-11-22,Eden Prairie,USA,MN
8476525,Colin Miller,20192020,BUF,D,1992-10-29,Sault Ste. Marie,CAN,ON
8477839,Conor Sheary,20192020,BUF,L,1992-06-08,Winchester,USA,MA
8477508,Curtis Lazar,20192020,BUF,C,1995-02-02,Salmon Arm,CAN,BC
8475748,Dalton Smith,20192020,BUF,L,1992-06-30,Markham,CAN,ON
8480946,Dominik Kahun,20192020,BUF,C,1995-07-02,Plana,CZE,NA
8478542,Evan Rodrigues,20192020,BUF,L,1993-07-28,Toronto,CAN,ON
8480035,Henri Jokiharju,20192020,BUF,D,1999-06-17,Oulu,FIN,NA
8478403,Jack Eichel,20192020,BUF,C,1996-10-28,North Chelmsford,USA,MA
8476931,Jake McCabe,20192020,BUF,D,1993-10-12,Eau Claire,USA,WI
8477520,Jean-Sebastien Dea,20192020,BUF,C,1994-02-08,Laval,CAN,QC
8475784,Jeff Skinner,20192020,BUF,L,1992-05-16,Toronto,CAN,ON
8476918,Jimmy Vesey,20192020,BUF,L,1993-05-26,Boston,USA,MA
8475728,Johan Larsson,20192020,BUF,C,1992-07-25,Lau,SWE,NA
8477337,John Gilmour,20192020,BUF,D,1993-05-17,Montréal,CAN,QC
8477992,Jonas Johansson,20192020,BUF,G,1995-09-19,Gavle,SWE,NA
8473449,Kyle Okposo,20192020,BUF,R,1988-04-16,St. Paul,USA,MN
8480935,Lawrence Pilut,20192020,BUF,D,1995-12-30,Tingsryd,SWE,NA
8476999,Linus Ullmark,20192020,BUF,G,1993-07-31,Lugnvik,SWE,NA
8474618,Marco Scandella,20192020,BUF,D,1990-02-23,Montréal,CAN,QC
8475149,Marcus Johansson,20192020,BUF,L,1990-10-06,Landskrona,SWE,NA
8473564,Michael Frolik,20192020,BUF,R,1988-02-17,Kladno,CZE,NA
8479335,Rasmus Asplund,20192020,BUF,C,1997-12-03,Filipstad,SWE,NA
8480839,Rasmus Dahlin,20192020,BUF,D,2000-04-13,Lidkoping,SWE,NA
8477499,Rasmus Ristolainen,20192020,BUF,D,1994-10-27,Turku,FIN,NA
8477933,Sam Reinhart,20192020,BUF,R,1995-11-06,West Vancouver,CAN,BC
8476293,Scott Wilson,20192020,BUF,L,1992-04-24,Oakville,CAN,ON
8479420,Tage Thompson,20192020,BUF,C,1997-10-30,Phoenix,USA,AZ
8478109,Victor Olofsson,20192020,BUF,L,1995-07-18,Ornskoldsvik,SWE,NA
8471743,Vladimir Sobotka,20192020,BUF,C,1987-07-02,Trebic,CZE,NA
8474190,Wayne Simmonds,20192020,BUF,R,1988-08-26,Scarborough,CAN,ON
8474567,Zach Bogosian,20192020,BUF,D,1990-07-15,Massena,USA,NY
8476878,Zemgus Girgensons,20192020,BUF,L,1994-01-05,Riga,LVA,NA
8477968,Alex Nedeljkovic,20192020,CAR,G,1996-01-07,Parma,USA,OH
8480830,Andrei Svechnikov,20192020,CAR,R,2000-03-26,Barnaul,RUS,NA
8476341,Anton Forsberg,20192020,CAR,G,1992-11-27,Härnösand,SWE,NA
8476869,Brady Skjei,20192020,CAR,D,1994-03-26,Lakeville,USA,MN
8477488,Brett Pesce,20192020,CAR,D,1994-11-15,Tarrytown,USA,NY
8476207,Brian Gibbons,20192020,CAR,C,1988-02-26,Braintree,USA,MA
8476934,Brock McGinn,20192020,CAR,L,1994-02-02,Fergus,CAN,ON
8478056,Clark Bishop,20192020,CAR,C,1996-03-29,St. John's,CAN,NL
8479188,David Ayres,20192020,CAR,G,1977-08-12,Whitby,CAN,ON
8476462,Dougie Hamilton,20192020,CAR,D,1993-06-17,Toronto,CAN,ON
8480185,Eetu Luostarinen,20192020,CAR,C,1998-09-02,Siilinjarvi,FIN,NA
8475287,Erik Haula,20192020,CAR,L,1991-03-23,Pori,FIN,NA
8477938,Haydn Fleury,20192020,CAR,D,1996-07-08,Carlyle,CAN,SK
8476958,Jaccob Slavin,20192020,CAR,D,1994-05-01,Denver,USA,CO
8474581,Jake Gardiner,20192020,CAR,D,1990-07-04,Minnetonka,USA,MN
8473503,James Reimer,20192020,CAR,G,1988-03-15,Morweena,CAN,MB
8476441,Joel Edmundson,20192020,CAR,D,1993-06-28,Brandon,CAN,MB
8476921,Jordan Martinook,20192020,CAR,L,1992-07-25,Brandon,CAN,MB
8473533,Jordan Staal,20192020,CAR,C,1988-09-10,Thunder Bay,CAN,ON
8479328,Julien Gauthier,20192020,CAR,R,1997-10-15,Pointe-aux-Trembles,CAN,QC
8468508,Justin Williams,20192020,CAR,R,1981-10-04,Cobourg,CAN,ON
8478027,Lucas Wallmark,20192020,CAR,C,1995-09-05,Umea,SWE,NA
8480039,Martin Necas,20192020,CAR,C,1999-01-15,Nove Mesto na Morave,CZE,NA
8479987,Morgan Geekie,20192020,CAR,C,1998-07-20,Strathclair,CAN,MB
8475799,Nino Niederreiter,20192020,CAR,R,1992-09-08,Chur,CHE,NA
8475852,Petr Mrazek,20192020,CAR,G,1992-02-14,Ostrava,CZE,NA
8476288,Ryan Dzingel,20192020,CAR,C,1992-03-09,Wheaton,USA,IL
8475222,Sami Vatanen,20192020,CAR,D,1991-06-03,Jyväskylä,FIN,NA
8478427,Sebastian Aho,20192020,CAR,C,1997-07-26,Rauma,FIN,NA
8476882,Teuvo Teravainen,20192020,CAR,L,1994-09-11,Helsinki,FIN,NA
8477845,Trevor van Riemsdyk,20192020,CAR,D,1991-07-24,Middletown,USA,NJ
8476389,Vincent Trocheck,20192020,CAR,C,1993-07-11,Pittsburgh,USA,PA
8477998,Warren Foegele,20192020,CAR,L,1996-04-01,Markham,CAN,ON
8477505,Alexander Wennberg,20192020,CBJ,C,1994-09-22,Stockholm,SWE,NA
8480074,Alexandre Texier,20192020,CBJ,C,1999-09-13,Saint-Martin-d'Hères,FRA,NA
8479369,Andrew Peeke,20192020,CBJ,D,1998-03-17,Parkland,USA,FL
8476432,Boone Jenner,20192020,CBJ,C,1993-06-15,Dorchester,CAN,ON
8479557,Calvin Thurkauf,20192020,CBJ,C,1997-06-27,Zug,CHE,NA
8474715,Cam Atkinson,20192020,CBJ,R,1989-06-05,Riverside,USA,CT
8475233,David Savard,20192020,CBJ,D,1990-10-22,St-Hyacinthe,CAN,QC
8478567,Dean Kukan,20192020,CBJ,D,1993-07-08,Volketswil,CHE,NA
8476913,Devin Shore,20192020,CBJ,C,1994-07-19,Ajax,CAN,ON
8478007,Elvis Merzlikins,20192020,CBJ,G,1994-04-13,Riga,LVA,NA
8480205,Emil Bemstrom,20192020,CBJ,R,1999-06-01,Nykoping,SWE,NA
8480762,Eric Robinson,20192020,CBJ,L,1995-06-14,Bellmawr,USA,NJ
8478506,Gabriel Carlsson,20192020,CBJ,D,1997-01-02,Orebro,SWE,NA
8474679,Gustav Nyquist,20192020,CBJ,L,1989-09-01,Halmstad,SWE,NA
8481650,Jakob Lilja,20192020,CBJ,L,1993-07-23,Malmo,SWE,NA
8476914,Joonas Korpisalo,20192020,CBJ,G,1994-04-28,Pori,FIN,NA
8476981,Josh Anderson,20192020,CBJ,R,1994-05-07,Burlington,CAN,ON
8478831,Kevin Stenlund,20192020,CBJ,C,1996-09-20,Stockholm,SWE,NA
8478949,Kole Sherwood,20192020,CBJ,R,1997-01-22,Columbus,USA,OH
8480853,Liam Foudy,20192020,CBJ,C,2000-02-04,Scarborough,CAN,ON
8477448,Marko Dano,20192020,CBJ,L,1994-11-30,Eisenstadt,AUT,NA
8478906,Markus Nutivaara,20192020,CBJ,D,1994-06-06,Oulu,FIN,NA
8480162,Matiss Kivlenieks,20192020,CBJ,G,1996-08-26,Riga,LVA,NA
8471804,Nathan Gerbe,20192020,CBJ,C,1987-07-24,Oxford,USA,MI
8473422,Nick Foligno,20192020,CBJ,L,1987-10-31,Buffalo,USA,NY
8477416,Oliver Bjorkstrand,20192020,CBJ,R,1995-04-10,Herning,DNK,NA
8479400,Pierre-Luc Dubois,20192020,CBJ,C,1998-06-24,Ste-Agathe-des-Monts,CAN,QC
8474062,Riley Nash,20192020,CBJ,C,1989-05-09,Consort,CAN,AB
8477974,Ryan MacInnis,20192020,CBJ,C,1996-02-14,St. Louis,USA,MO
8476850,Ryan Murray,20192020,CBJ,D,1993-09-27,Regina,CAN,SK
8476449,Scott Harrington,20192020,CBJ,D,1993-03-10,Kingston,CAN,ON
8477495,Seth Jones,20192020,CBJ,D,1994-10-03,Arlington,USA,TX
8477947,Sonny Milano,20192020,CBJ,L,1996-05-12,Massapequa,USA,NY
8476870,Stefan Matteau,20192020,CBJ,C,1994-02-23,Chicago,USA,IL
8478882,Vladislav Gavrikov,20192020,CBJ,D,1995-11-21,Yaroslavl,RUS,NA
8478460,Zach Werenski,20192020,CBJ,D,1997-07-19,Grosse Pointe,USA,MI
8476409,Alan Quine,20192020,CGY,C,1993-02-25,Belleville,CAN,ON
8481630,Alexander Yelesin,20192020,CGY,D,1996-02-07,Yaroslavl,RUS,NA
8478233,Andrew Mangiapane,20192020,CGY,L,1996-04-04,Toronto,CAN,ON
8478512,Austin Czarnik,20192020,CGY,C,1992-12-12,Detroit,USA,MI
8475869,Brandon Davidson,20192020,CGY,D,1991-08-21,Taber,CAN,AB
8477210,Buddy Robinson,20192020,CGY,R,1991-09-30,Bellmawr,USA,NJ
8475660,Cam Talbot,20192020,CGY,G,1987-07-05,Caledonia,CAN,ON
8479496,David Rittich,20192020,CGY,G,1992-08-19,Jihlava,CZE,NA
8475762,Derek Forbort,20192020,CGY,D,1992-03-04,Duluth,USA,MN
8478585,Derek Ryan,20192020,CGY,C,1986-12-29,Spokane,USA,WA
8479346,Dillon Dube,20192020,CGY,C,1998-07-20,Golden,CAN,BC
8477496,Elias Lindholm,20192020,CGY,C,1994-12-02,Boden,SWE,NA
8476979,Erik Gustafsson,20192020,CGY,D,1992-03-14,Nynashamn,SWE,NA
8476346,Johnny Gaudreau,20192020,CGY,L,1993-08-13,Salem,USA,NJ
8470966,Mark Giordano,20192020,CGY,D,1983-10-03,Toronto,CAN,ON
8476873,Mark Jankowski,20192020,CGY,C,1994-09-13,Hamilton,CAN,ON
8479314,Matthew Tkachuk,20192020,CGY,L,1997-12-11,Scottsdale,USA,AZ
8473564,Michael Frolik,20192020,CGY,R,1988-02-17,Kladno,CZE,NA
8474628,Michael Stone,20192020,CGY,D,1990-06-07,Winnipeg,CAN,MB
8474150,Mikael Backlund,20192020,CGY,C,1989-03-17,Vasteras,SWE,NA
8473473,Milan Lucic,20192020,CGY,L,1988-06-07,Vancouver,CAN,BC
8478396,Noah Hanifin,20192020,CGY,D,1997-01-25,Boston,USA,MA
8478430,Oliver Kylington,20192020,CGY,D,1997-05-19,Stockholm,SWE,NA
8478397,Rasmus Andersson,20192020,CGY,D,1996-10-27,Malmo,SWE,NA
8477935,Sam Bennett,20192020,CGY,C,1996-06-20,Holland Landing,CAN,ON
8477497,Sean Monahan,20192020,CGY,C,1994-10-12,Brampton,CAN,ON
8474673,TJ Brodie,20192020,CGY,D,1990-06-07,Chatham,CAN,ON
8476356,Tobias Rieder,20192020,CGY,C,1993-01-10,Landshut,DEU,NA
8474612,Travis Hamonic,20192020,CGY,D,1990-08-16,St. Malo,CAN,MB
8474736,Zac Rinaldo,20192020,CGY,C,1990-06-15,Mississauga,CAN,ON
8480871,Adam Boqvist,20192020,CHI,D,2000-08-15,Falun,SWE,NA
8479337,Alex DeBrincat,20192020,CHI,L,1997-12-18,Farmington Hills,USA,MI
8479423,Alex Nylander,20192020,CHI,L,1998-03-02,Calgary,CAN,AB
8476381,Andrew Shaw,20192020,CHI,R,1991-07-20,Belleville,CAN,ON
8481637,Anton Wedin,20192020,CHI,L,1993-03-01,Sundsvall,SWE,NA
8479542,Brandon Hagel,20192020,CHI,L,1998-08-27,Saskatoon,CAN,SK
8476438,Brandon Saad,20192020,CHI,L,1992-10-27,Pittsburgh,USA,PA
8477943,Brendan Perlini,20192020,CHI,L,1996-04-27,Guildford,GBR,NA
8470607,Brent Seabrook,20192020,CHI,D,1985-04-20,Richmond,CAN,BC
8475177,Calvin de Haan,20192020,CHI,D,1991-05-09,Carp,CAN,ON
8476473,Connor Murphy,20192020,CHI,D,1993-03-26,Dublin,USA,OH
8470645,Corey Crawford,20192020,CHI,G,1984-12-31,Montréal,CAN,QC
8480144,David Kampf,20192020,CHI,C,1995-01-12,Chomutov,CZE,NA
8478502,Dennis Gilbert,20192020,CHI,D,1996-10-30,Buffalo,USA,NY
8477330,Dominik Kubalik,20192020,CHI,L,1995-08-21,Plzen,CZE,NA
8479465,Drake Caggiula,20192020,CHI,C,1994-06-20,Pickering,CAN,ON
8470281,Duncan Keith,20192020,CHI,D,1983-07-16,Winnipeg,CAN,MB
8478106,Dylan Sikura,20192020,CHI,R,1995-06-01,Aurora,CAN,ON
8478440,Dylan Strome,20192020,CHI,C,1997-03-07,Mississauga,CAN,ON
8476979,Erik Gustafsson,20192020,CHI,D,1992-03-14,Nynashamn,SWE,NA
8477961,John Quenneville,20192020,CHI,C,1996-04-16,Edmonton,CAN,AB
8473604,Jonathan Toews,20192020,CHI,C,1988-04-29,Winnipeg,CAN,MB
8481523,Kirby Dach,20192020,CHI,C,2001-01-21,Fort Saskatchewan,CAN,AB
8479523,Lucas Carlsson,20192020,CHI,D,1997-07-05,Gavle,SWE,NA
8476876,Malcolm Subban,20192020,CHI,G,1993-12-21,Toronto,CAN,ON
8478146,Matthew Highmore,20192020,CHI,C,1996-02-27,Halifax,CAN,NS
8476372,Nick Seeler,20192020,CHI,D,1993-06-03,Eden Prairie,USA,MN
8480814,Nicolas Beaudin,20192020,CHI,D,1999-10-07,Chateauguay,CAN,QC
8476874,Olli Maatta,20192020,CHI,D,1994-08-22,Jyväskylä,FIN,NA
8474141,Patrick Kane,20192020,CHI,R,1988-11-19,Buffalo,USA,NY
8475215,Robin Lehner,20192020,CHI,G,1991-07-24,Gothenburg,SWE,NA
8477846,Ryan Carpenter,20192020,CHI,C,1991-01-18,Oviedo,USA,FL
8476886,Slater Koekkoek,20192020,CHI,D,1994-02-18,Winchester,CAN,ON
8474250,Zack Smith,20192020,CHI,C,1988-04-05,Maple Creek,CAN,SK
8479530,Adam Werner,20192020,COL,G,1997-05-02,Mariestad,SWE,NA
8477444,Andre Burakovsky,20192020,COL,L,1995-02-09,Klagenfurt,AUT,NA
8477312,Antoine Bibeau,20192020,COL,G,1994-05-01,Victoriaville,CAN,QC
8478073,Anton Lindholm,20192020,COL,D,1994-11-29,Skelleftea,SWE,NA
8480069,Cale Makar,20192020,COL,D,1998-10-30,Calgary,CAN,AB
8480157,Calle Rosen,20192020,COL,D,1994-02-02,Vaxjo,SWE,NA
8474569,Colin Wilson,20192020,COL,C,1989-10-20,Greenwich,USA,CT
8479982,Conor Timmins,20192020,COL,D,1998-09-18,St. Catharines,CAN,ON
8473446,Erik Johnson,20192020,COL,D,1988-03-21,Bloomington,USA,MN
8476455,Gabriel Landeskog,20192020,COL,L,1992-11-23,Stockholm,SWE,NA
8474013,Ian Cole,20192020,COL,D,1989-02-21,Ann Arbor,USA,MI
8477456,J.T. Compher,20192020,COL,C,1995-04-08,Northbrook,USA,IL
8477126,Jayson Megna,20192020,COL,C,1990-02-01,Fort Lauderdale,USA,FL
8475820,Joonas Donskoi,20192020,COL,R,1992-04-13,Raahe,FIN,NA
8475246,Kevin Connauton,20192020,COL,D,1990-02-23,Edmonton,CAN,AB
8481186,Logan O'Connor,20192020,COL,R,1996-08-14,Missouri City,USA,TX
8474717,Mark Barberio,20192020,COL,D,1990-03-23,Montréal,CAN,QC
8480822,Martin Kaut,20192020,COL,R,1999-10-02,Brno,CZE,NA
8474685,Matt Calvert,20192020,COL,L,1989-12-24,Brandon,CAN,MB
8476442,Matt Nieto,20192020,COL,L,1992-11-05,Long Beach,USA,CA
8474636,Michael Hutchinson,20192020,COL,G,1990-03-02,Barrie,CAN,ON
8478420,Mikko Rantanen,20192020,COL,R,1996-10-29,Nousiainen,FIN,NA
8477492,Nathan MacKinnon,20192020,COL,C,1995-09-01,Halifax,CAN,NS
8475172,Nazem Kadri,20192020,COL,C,1990-10-06,London,CAN,ON
8477507,Nikita Zadorov,20192020,COL,D,1995-04-16,Moscow,RUS,NA
8480925,Pavel Francouz,20192020,COL,G,1990-06-03,Plzen,CZE,NA
8475831,Philipp Grubauer,20192020,COL,G,1991-11-25,Rosenheim,DEU,NA
8477930,Pierre-Edouard Bellemare,20192020,COL,C,1985-03-06,Le Blanc-Mesnil,FRA,NA
8477435,Ryan Graves,20192020,COL,D,1995-05-21,Yarmouth,CAN,NS
8479398,Samuel Girard,20192020,COL,D,1998-05-12,Roberval,CAN,QC
8480326,Sheldon Dries,20192020,COL,C,1994-04-23,Macomb,USA,MI
8476391,T.J. Tynan,20192020,COL,C,1992-02-25,Orland Park,USA,IL
8479370,Tyson Jost,20192020,COL,C,1998-03-14,St. Albert,CAN,AB
8477501,Valeri Nichushkin,20192020,COL,R,1995-03-04,Chelyabinsk,RUS,NA
8477973,Vladislav Kamenev,20192020,COL,C,1996-08-12,Orsk,RUS,NA
8476480,Vladislav Namestnikov,20192020,COL,C,1992-11-22,Zhukovskiy,RUS,NA
8471228,Alexander Radulov,20192020,DAL,R,1986-07-05,Nizhny Tagil,RUS,NA
8471284,Andrej Sekera,20192020,DAL,D,1986-06-08,Bojnice,SVK,NA
8471699,Andrew Cogliano,20192020,DAL,C,1987-06-14,Toronto,CAN,ON
8471418,Anton Khudobin,20192020,DAL,G,1986-05-07,Ust-Kamenogorsk,KAZ,NA
8471750,Ben Bishop,20192020,DAL,G,1986-11-21,Denver,USA,CO
8471260,Blake Comeau,20192020,DAL,L,1986-02-18,Meadow Lake,CAN,SK
8470621,Corey Perry,20192020,DAL,R,1985-05-16,Peterborough,CAN,ON
8478495,Denis Gurianov,20192020,DAL,R,1997-06-07,Togliatti,RUS,NA
8476902,Esa Lindell,20192020,DAL,D,1994-05-23,Vantaa,FIN,NA
8479979,Jake Oettinger,20192020,DAL,G,1998-12-18,Lakeville,USA,MN
8473994,Jamie Benn,20192020,DAL,L,1989-07-18,Victoria,CAN,BC
8476467,Jamie Oleksiak,20192020,DAL,D,1992-12-21,Toronto,CAN,ON
8477450,Jason Dickinson,20192020,DAL,C,1995-07-04,Georgetown,CAN,ON
8480027,Jason Robertson,20192020,DAL,L,1999-07-22,Arcadia,USA,CA
8470794,Joe Pavelski,20192020,DAL,C,1984-07-11,Plover,USA,WI
8477810,Joel Hanley,20192020,DAL,D,1991-06-08,Keswick,CAN,ON
8481641,Joel Kiviranta,20192020,DAL,L,1996-03-23,Vantaa,FIN,NA
8480769,Joel L'Esperance,20192020,DAL,R,1995-08-18,Brighton,USA,MI
8475906,John Klingberg,20192020,DAL,D,1992-08-14,Gothenburg,SWE,NA
8475413,Justin Dowling,20192020,DAL,C,1990-10-01,Calgary,CAN,AB
8477406,Mattias Janmark,20192020,DAL,C,1992-12-08,Danderyd,SWE,NA
8480036,Miro Heiskanen,20192020,DAL,D,1999-07-18,Espoo,FIN,NA
8479381,Nick Caamano,20192020,DAL,R,1998-09-07,Ancaster,CAN,ON
8476889,Radek Faksa,20192020,DAL,C,1994-01-09,Vitkov,CZE,NA
8479587,Rhett Gardner,20192020,DAL,C,1996-02-28,Moose Jaw,CAN,SK
8471392,Roman Polak,20192020,DAL,D,1986-04-28,Ostrava,CZE,NA
8478449,Roope Hintz,20192020,DAL,C,1996-11-17,Tampere,FIN,NA
8475730,Stephen Johns,20192020,DAL,D,1992-04-18,Ellwood City,USA,PA
8476166,Taylor Fedun,20192020,DAL,D,1988-06-04,Edmonton,CAN,AB
8481581,Thomas Harley,20192020,DAL,D,2001-08-19,Syracuse,USA,NY
8475794,Tyler Seguin,20192020,DAL,C,1992-01-31,Brampton,CAN,ON
8477454,Adam Erne,20192020,DET,L,1995-04-20,New Haven,USA,CT
8473415,Alex Biega,20192020,DET,D,1988-04-04,Montréal,CAN,QC
8476960,Andreas Athanasiou,20192020,DET,L,1994-08-06,Woodbridge,CAN,ON
8477511,Anthony Mantha,20192020,DET,R,1994-09-16,Longueuil,CAN,QC
8477943,Brendan Perlini,20192020,DET,L,1996-04-27,Guildford,GBR,NA
8474873,Brian Lashoff,20192020,DET,D,1990-07-16,Albany,USA,NY
8475717,Calvin Pickard,20192020,DET,G,1992-04-15,Moncton,CAN,NB
8478036,Christoffer Ehn,20192020,DET,C,1996-04-05,Skara,SWE,NA
8474597,Cody Goloubef,20192020,DET,D,1989-11-30,Mississauga,CAN,ON
8477215,Danny DeKeyser,20192020,DET,D,1990-03-07,Detroit,USA,MI
8471794,Darren Helm,20192020,DET,L,1987-01-21,St. Andrews,CAN,MB
8479395,Dennis Cholowski,20192020,DET,D,1998-02-15,Langley,CAN,BC
8478857,Dmytro Timashov,20192020,DET,L,1996-10-01,Kirovograd,UKR,NA
8477946,Dylan Larkin,20192020,DET,C,1996-07-30,Waterford,USA,MI
8475795,Dylan McIlrath,20192020,DET,D,1992-04-20,Winnipeg,CAN,MB
8477480,Eric Comrie,20192020,DET,G,1995-07-06,Edmonton,CAN,AB
8478431,Evgeny Svechnikov,20192020,DET,R,1996-10-31,Yuzhno-Sakhalinsk,RUS,NA
8479425,Filip Hronek,20192020,DET,D,1997-11-02,Hradec Kralove,CZE,NA
8480821,Filip Zadina,20192020,DET,R,1999-11-27,Pardubice,CZE,NA
8470144,Frans Nielsen,20192020,DET,C,1984-04-24,Herning,DNK,NA
8479379,Givani Smith,20192020,DET,R,1998-02-27,Toronto,CAN,ON
8480184,Gustav Lindstrom,20192020,DET,D,1998-10-20,Ostervala,SWE,NA
8477455,Jacob de la Rose,20192020,DET,C,1995-05-20,Arvika,SWE,NA
8470657,Jimmy Howard,20192020,DET,G,1984-03-26,Syracuse,USA,NY
8478176,Joe Hicketts,20192020,DET,D,1996-05-04,Kamloops,CAN,BC
8473541,Jonathan Bernier,20192020,DET,G,1988-08-07,Laval,CAN,QC
8470318,Jonathan Ericsson,20192020,DET,D,1984-03-02,Karlskrona,SWE,NA
8471716,Justin Abdelkader,20192020,DET,L,1987-02-25,Muskegon,USA,MI
8476822,Luke Glendening,20192020,DET,C,1989-04-28,Grand Rapids,USA,MI
8477474,Madison Bowey,20192020,DET,D,1995-04-22,Winnipeg,CAN,MB
8471242,Mike Green,20192020,DET,D,1985-10-12,Calgary,CAN,AB
8475747,Patrik Nemeth,20192020,DET,D,1992-02-08,Stockholm,SWE,NA
8477952,Robby Fabbri,20192020,DET,C,1996-01-22,Mississauga,CAN,ON
8474040,Sam Gagner,20192020,DET,C,1989-08-10,London,CAN,ON
8481433,Taro Hirose,20192020,DET,L,1996-06-30,Calgary,CAN,AB
8470110,Trevor Daley,20192020,DET,D,1983-10-09,Toronto,CAN,ON
8477479,Tyler Bertuzzi,20192020,DET,L,1995-02-24,Sudbury,CAN,ON
8470047,Valtteri Filppula,20192020,DET,C,1984-03-20,Vantaa,FIN,NA
8476457,Adam Larsson,20192020,EDM,D,1992-11-12,Skelleftea,SWE,NA
8475163,Alex Chiasson,20192020,EDM,R,1990-10-01,Montréal,CAN,QC
8476960,Andreas Athanasiou,20192020,EDM,L,1994-08-06,Woodbridge,CAN,ON
8475430,Brandon Manning,20192020,EDM,D,1990-06-04,Prince George,CAN,BC
8478452,Caleb Jones,20192020,EDM,D,1997-06-06,Arlington,USA,TX
8477529,Colby Cave,20192020,EDM,C,1994-12-26,Battleford,CAN,SK
8478402,Connor McDavid,20192020,EDM,C,1997-01-13,Richmond Hill,CAN,ON
8477498,Darnell Nurse,20192020,EDM,D,1995-02-04,Hamilton,CAN,ON
8478451,Ethan Bear,20192020,EDM,D,1997-06-26,Regina,CAN,SK
8481813,Gaetan Haas,20192020,EDM,C,1992-01-31,Biel-Bienne,CHE,NA
8471707,James Neal,20192020,EDM,L,1987-09-03,Whitby,CAN,ON
8481638,Joakim Nygard,20192020,EDM,L,1993-01-08,Stockholm,SWE,NA
8480940,Joel Persson,20192020,EDM,D,1994-03-04,Osby,SWE,NA
8476326,Josh Archibald,20192020,EDM,R,1992-10-06,Regina,CAN,SK
8476915,Jujhar Khaira,20192020,EDM,L,1994-08-13,Surrey,CAN,BC
8479977,Kailer Yamamoto,20192020,EDM,R,1998-09-29,Spokane,USA,WA
8471729,Kris Russell,20192020,EDM,D,1987-05-02,Caroline,CAN,AB
8477934,Leon Draisaitl,20192020,EDM,C,1995-10-27,Cologne,DEU,NA
8476440,Markus Granlund,20192020,EDM,C,1993-04-16,Oulu,FIN,NA
8476988,Matt Benning,20192020,EDM,D,1994-05-25,Edmonton,CAN,AB
8471242,Mike Green,20192020,EDM,D,1985-10-12,Calgary,CAN,AB
8469608,Mike Smith,20192020,EDM,G,1982-03-22,Kingston,CAN,ON
8475156,Mikko Koskinen,20192020,EDM,G,1988-07-18,Vantaa,FIN,NA
8476472,Oscar Klefbom,20192020,EDM,D,1993-07-20,Karlstad,SWE,NA
8479466,Patrick Russell,20192020,EDM,R,1993-01-04,Holte,DNK,NA
8475772,Riley Sheahan,20192020,EDM,C,1991-12-07,St. Catharines,CAN,ON
8476454,Ryan Nugent-Hopkins,20192020,EDM,C,1993-04-12,Burnaby,CAN,BC
8474040,Sam Gagner,20192020,EDM,C,1989-08-10,London,CAN,ON
8476430,Tomas Jurco,20192020,EDM,R,1992-12-28,Kosice,SVK,NA
8479347,Tyler Benson,20192020,EDM,L,1998-03-15,Edmonton,CAN,AB
8474589,Tyler Ennis,20192020,EDM,C,1989-10-06,Edmonton,CAN,AB
8478021,William Lagesson,20192020,EDM,D,1996-02-22,Gothenburg,SWE,NA
8475178,Zack Kassian,20192020,EDM,R,1991-01-24,Windsor,CAN,ON
8477932,Aaron Ekblad,20192020,FLA,D,1996-02-07,Windsor,CAN,ON
8477493,Aleksander Barkov,20192020,FLA,C,1995-09-02,Tampere,FIN,NA
8478839,Aleksi Saarela,20192020,FLA,C,1997-01-07,Helsinki,FIN,NA
8471873,Anton Stralman,20192020,FLA,D,1986-08-01,Tibro,SWE,NA
8481442,Brady Keeper,20192020,FLA,D,1996-06-05,Cross Lake,CAN,MB
8475792,Brett Connolly,20192020,FLA,R,1992-05-02,Campbell River,CAN,BC
8470619,Brian Boyle,20192020,FLA,C,1984-12-18,Hingham,USA,MA
8476904,Chris Driedger,20192020,FLA,G,1994-05-18,Winnipeg,CAN,MB
8474098,Colton Sceviour,20192020,FLA,C,1989-04-20,Red Deer,CAN,AB
8478843,Denis Malgin,20192020,FLA,C,1997-01-18,Olten,CHE,NA
8476952,Dominic Toninato,20192020,FLA,C,1994-03-09,Duluth,USA,MN
8478211,Dryden Hunt,20192020,FLA,L,1995-11-24,Cranbrook,CAN,BC
8475287,Erik Haula,20192020,FLA,L,1991-03-23,Pori,FIN,NA
8474149,Evgenii Dadonov,20192020,FLA,R,1989-03-12,Chelyabinsk,RUS,NA
8478366,Frank Vatrano,20192020,FLA,C,1994-03-14,East Longmeadow,USA,MA
8479404,Henrik Borgstrom,20192020,FLA,C,1997-08-06,Helsinki,FIN,NA
8477963,Jayce Hawryluk,20192020,FLA,C,1996-01-01,Yorkton,CAN,SK
8476456,Jonathan Huberdeau,20192020,FLA,L,1993-06-04,Saint-Jerome,CAN,QC
8477384,Joshua Brown,20192020,FLA,D,1994-01-21,London,CAN,ON
8471735,Keith Yandle,20192020,FLA,D,1986-09-09,Boston,USA,MA
8478027,Lucas Wallmark,20192020,FLA,C,1995-09-05,Umea,SWE,NA
8477346,MacKenzie Weegar,20192020,FLA,D,1994-01-07,Ottawa,CAN,ON
8475796,Mark Pysyk,20192020,FLA,D,1992-01-11,Sherwood Park,CAN,AB
8474884,Mike Hoffman,20192020,FLA,L,1989-11-24,Kitchener,CAN,ON
8476875,Mike Matheson,20192020,FLA,D,1994-02-27,Pointe-Claire,CAN,QC
8478569,Noel Acciari,20192020,FLA,C,1991-12-01,Johnston,USA,RI
8479388,Riley Stillman,20192020,FLA,D,1998-03-09,Peterborough,CAN,ON
8478470,Sam Montembeault,20192020,FLA,G,1996-10-30,Becancour,CAN,QC
8475683,Sergei Bobrovsky,20192020,FLA,G,1988-09-20,Novokuznetsk,RUS,NA
8476389,Vincent Trocheck,20192020,FLA,C,1993-07-11,Pittsburgh,USA,PA
8477960,Adrian Kempe,20192020,LAK,R,1996-09-13,Kramfors,SWE,NA
8474166,Alec Martinez,20192020,LAK,D,1987-07-26,Rochester Hills,USA,MI
8480113,Alex Iafallo,20192020,LAK,L,1993-12-21,Eden,USA,NY
8471685,Anze Kopitar,20192020,LAK,C,1987-08-24,Jesenice,SVN,NA
8478455,Austin Wagner,20192020,LAK,L,1997-06-23,Calgary,CAN,AB
8477018,Ben Hutton,20192020,LAK,D,1993-04-20,Brockville,CAN,ON
8481481,Blake Lizotte,20192020,LAK,C,1997-12-13,Lindstrom,USA,MN
8477361,Cal Petersen,20192020,LAK,G,1994-10-19,Waterloo,USA,IA
8479336,Carl Grundstrom,20192020,LAK,R,1997-12-01,Umea,SWE,NA
8475762,Derek Forbort,20192020,LAK,D,1992-03-04,Duluth,USA,MN
8474563,Drew Doughty,20192020,LAK,D,1989-12-08,London,CAN,ON
8470606,Dustin Brown,20192020,LAK,R,1984-11-04,Ithaca,USA,NY
8480014,Gabriel Vilardi,20192020,LAK,R,1999-08-16,Kingston,CAN,ON
8469454,Ilya Kovalchuk,20192020,LAK,L,1983-04-15,Tver,RUS,NA
8475789,Jack Campbell,20192020,LAK,G,1992-01-09,Port Huron,USA,MI
8479994,Jaret Anderson-Dolan,20192020,LAK,C,1999-09-12,Calgary,CAN,AB
8470604,Jeff Carter,20192020,LAK,C,1985-01-01,London,CAN,ON
8477046,Joakim Ryan,20192020,LAK,D,1993-06-17,Rumson,USA,NJ
8471734,Jonathan Quick,20192020,LAK,G,1986-01-21,Milford,USA,CT
8479348,Kale Clague,20192020,LAK,D,1998-06-05,Regina,CAN,SK
8477073,Kurtis MacDermid,20192020,LAK,D,1994-03-25,Sauble Beach,CAN,ON
8475160,Kyle Clifford,20192020,LAK,L,1991-01-13,Ayr,CAN,ON
8476924,Martin Frk,20192020,LAK,R,1993-10-05,Pelhrimov,CZE,NA
8479644,Matt Luff,20192020,LAK,R,1997-05-05,Oakville,CAN,ON
8478911,Matt Roy,20192020,LAK,D,1995-03-01,Detroit,USA,MI
8478020,Michael Amadio,20192020,LAK,C,1996-05-13,Sault Ste. Marie,CAN,ON
8479998,Mikey Anderson,20192020,LAK,D,1999-05-25,Roseville,USA,MN
8476947,Nikolai Prokhorkin,20192020,LAK,L,1993-09-17,Chelyabinsk,RUS,NA
8476983,Paul LaDue,20192020,LAK,D,1992-09-06,Grand Forks,USA,ND
8480336,Sean Walker,20192020,LAK,D,1994-11-13,Keswick,CAN,ON
8477213,Tim Schaller,20192020,LAK,L,1990-11-16,Merrimack,USA,NH
8481600,Tobias Bjornfot,20192020,LAK,D,2001-04-06,Upplands Vasby,SWE,NA
8473453,Trevor Lewis,20192020,LAK,C,1987-01-08,Salt Lake City,USA,UT
8479675,Trevor Moore,20192020,LAK,L,1995-03-31,Thousand Oaks,USA,CA
8475726,Tyler Toffoli,20192020,LAK,R,1992-04-24,Scarborough,CAN,ON
8476851,Alex Galchenyuk,20192020,MIN,C,1994-02-12,Milwaukee,USA,WI
8471774,Alex Stalock,20192020,MIN,G,1987-07-28,Saint Paul,USA,MN
8476779,Brad Hunt,20192020,MIN,D,1988-08-24,Maple Ridge,CAN,BC
8479734,Brennan Menell,20192020,MIN,D,1997-05-24,Woodbury,USA,MN
8477369,Carson Soucy,20192020,MIN,D,1994-07-27,Viking,CAN,AB
8471227,Devan Dubnyk,20192020,MIN,G,1986-05-04,Regina,CAN,SK
8470595,Eric Staal,20192020,MIN,C,1984-10-29,Thunder Bay,CAN,ON
8475254,Gabriel Dumont,20192020,MIN,C,1990-10-06,Degelis,CAN,QC
8479933,Gerry Mayhew,20192020,MIN,C,1992-12-31,Wyandotte,USA,MI
8474688,Greg Pateryn,20192020,MIN,D,1990-06-20,Sterling Heights,USA,MI
8474716,Jared Spurgeon,20192020,MIN,D,1989-11-29,Edmonton,CAN,AB
8475722,Jason Zucker,20192020,MIN,L,1992-01-16,Newport Beach,USA,CA
8478493,Joel Eriksson Ek,20192020,MIN,C,1997-01-29,Karlstad,SWE,NA
8476463,Jonas Brodin,20192020,MIN,D,1993-07-12,Karlstad,SWE,NA
8478413,Jordan Greenway,20192020,MIN,L,1997-02-16,Canton,USA,NY
8478039,Kaapo Kahkonen,20192020,MIN,G,1996-08-16,Helsinki,FIN,NA
8477942,Kevin Fiala,20192020,MIN,L,1996-07-22,St. Gallen,CHE,NA
8477366,Luke Johnson,20192020,MIN,C,1994-09-19,Grand Forks,USA,ND
8479316,Luke Kunin,20192020,MIN,C,1997-12-04,Chesterfield,USA,MO
8475220,Marcus Foligno,20192020,MIN,L,1991-08-10,Buffalo,USA,NY
8476856,Mathew Dumba,20192020,MIN,D,1994-07-25,Regina,CAN,SK
8475692,Mats Zuccarello,20192020,MIN,R,1987-09-01,Oslo,NOR,NA
8474749,Matt Bartkowski,20192020,MIN,D,1988-06-04,Pittsburgh,USA,PA
8469459,Mikko Koivu,20192020,MIN,C,1983-03-12,Turku,FIN,NA
8476372,Nick Seeler,20192020,MIN,D,1993-06-03,Eden Prairie,USA,MN
8481477,Nico Sturm,20192020,MIN,C,1995-05-03,Augsburg,DEU,NA
8477987,Ryan Donato,20192020,MIN,C,1996-04-09,Boston,USA,MA
8477451,Ryan Hartman,20192020,MIN,R,1994-09-20,Hilton Head Island,USA,SC
8470600,Ryan Suter,20192020,MIN,D,1985-01-21,Madison,USA,WI
8476437,Victor Rask,20192020,MIN,C,1993-03-01,Leksand,SWE,NA
8470610,Zach Parise,20192020,MIN,L,1984-07-28,Minneapolis,USA,MN
8475968,Alex Belzile,20192020,MTL,R,1991-08-31,Riviere-du-Loup,CAN,QC
8477476,Artturi Lehkonen,20192020,MTL,L,1995-07-04,Piikkio,FIN,NA
8475279,Ben Chiarot,20192020,MTL,D,1991-05-09,Hamilton,CAN,ON
8475848,Brendan Gallagher,20192020,MTL,R,1992-05-06,Edmonton,CAN,AB
8476967,Brett Kulak,20192020,MTL,D,1994-01-06,Edmonton,CAN,AB
8479985,Cale Fleury,20192020,MTL,D,1998-11-19,Carlyle,CAN,SK
8471679,Carey Price,20192020,MTL,G,1987-08-16,Anahim Lake,CAN,BC
8480051,Cayden Primeau,20192020,MTL,G,1999-08-11,Farmington Hills,USA,MI
8476948,Charles Hudon,20192020,MTL,L,1994-06-23,Alma,CAN,QC
8479292,Charlie Lindgren,20192020,MTL,G,1993-12-18,Lakeville,USA,MN
8477850,Christian Folin,20192020,MTL,D,1991-02-09,Gothenburg,SWE,NA
8474668,Dale Weise,20192020,MTL,R,1988-08-05,Winnipeg,CAN,MB
8477467,Gustav Olofsson,20192020,MTL,D,1994-12-01,Boras,SWE,NA
8469454,Ilya Kovalchuk,20192020,MTL,L,1983-04-15,Tver,RUS,NA
8478133,Jake Evans,20192020,MTL,C,1996-06-02,Toronto,CAN,ON
8473507,Jeff Petry,20192020,MTL,D,1987-12-09,Ann Arbor,USA,MI
8480829,Jesperi Kotkaniemi,20192020,MTL,C,2000-07-06,Pori,FIN,NA
8476469,Joel Armia,20192020,MTL,R,1993-05-31,Pori,FIN,NA
8477494,Jonathan Drouin,20192020,MTL,L,1995-03-28,Ste-Agathe,CAN,QC
8475738,Jordan Weal,20192020,MTL,C,1992-04-15,North Vancouver,CAN,BC
8473991,Karl Alzner,20192020,MTL,D,1988-09-24,Burnaby,CAN,BC
8476234,Keith Kinkaid,20192020,MTL,G,1989-07-04,Farmingville,USA,NY
8478838,Lukas Vejdemo,20192020,MTL,C,1996-01-25,Stockholm,SWE,NA
8474618,Marco Scandella,20192020,MTL,D,1990-02-23,Montréal,CAN,QC
8476285,Matthew Peca,20192020,MTL,C,1993-04-27,Petawawa,CAN,ON
8477503,Max Domi,20192020,MTL,C,1995-03-02,Winnipeg,CAN,MB
8476422,Mike Reilly,20192020,MTL,D,1993-07-13,Chicago,USA,IL
8470775,Nate Thompson,20192020,MTL,C,1984-10-05,Anchorage,USA,AK
8476393,Nick Cousins,20192020,MTL,C,1993-07-20,Belleville,CAN,ON
8480018,Nick Suzuki,20192020,MTL,C,1999-08-10,London,CAN,ON
8481105,Otto Leskinen,20192020,MTL,D,1997-02-06,Pieksämäki,FIN,NA
8474038,Paul Byron,20192020,MTL,L,1989-04-27,Ottawa,CAN,ON
8476479,Phillip Danault,20192020,MTL,C,1993-02-24,Victoriaville,CAN,QC
8477003,Riley Barber,20192020,MTL,R,1994-02-07,Pittsburgh,USA,PA
8480068,Ryan Poehling,20192020,MTL,C,1999-01-03,Lakeville,USA,MN
8470642,Shea Weber,20192020,MTL,D,1985-08-14,Sicamous,CAN,BC
8475193,Tomas Tatar,20192020,MTL,L,1990-12-01,Ilava,SVK,NA
8479376,Victor Mete,20192020,MTL,D,1998-06-07,Woodbridge,CAN,ON
8476443,Xavier Ouellet,20192020,MTL,D,1993-07-29,Bayonne,FRA,NA
8472382,Andy Greene,20192020,NJD,D,1982-10-30,Trenton,USA,MI
8476043,Ben Street,20192020,NJD,C,1987-02-13,Coquitlam,CAN,BC
8476399,Blake Coleman,20192020,NJD,C,1991-11-28,Plano,USA,TX
8478881,Brett Seney,20192020,NJD,L,1996-02-28,London,CAN,ON
8478841,Colton White,20192020,NJD,D,1997-05-03,London,CAN,ON
8476941,Connor Carrick,20192020,NJD,D,1994-04-13,Orland Park,USA,IL
8471239,Cory Schneider,20192020,NJD,G,1986-03-18,Marblehead,USA,MA
8477541,Dakota Mermis,20192020,NJD,D,1994-01-05,Alton,USA,IL
8476923,Damon Severson,20192020,NJD,D,1994-08-07,Melville,CAN,SK
8476368,Fredrik Claesson,20192020,NJD,D,1992-11-24,Stockholm,SWE,NA
8480213,Gilles Senn,20192020,NJD,G,1996-03-01,Bülach,CHE,NA
8481559,Jack Hughes,20192020,NJD,C,2001-05-14,Orlando,USA,FL
8479511,Janne Kuokkanen,20192020,NJD,C,1998-05-25,Oulunsalo,FIN,NA
8480003,Jesper Boqvist,20192020,NJD,C,1998-10-30,Falun,SWE,NA
8479407,Jesper Bratt,20192020,NJD,L,1998-07-30,Stockholm,SWE,NA
8479315,Joey Anderson,20192020,NJD,R,1998-06-19,Roseville,USA,MN
8477401,John Hayden,20192020,NJD,C,1995-02-14,Chicago,USA,IL
8477972,Josh Jacobs,20192020,NJD,D,1996-02-15,Shelby Township,USA,MI
8479291,Kevin Rooney,20192020,NJD,C,1993-05-21,Canton,USA,MA
8475151,Kyle Palmieri,20192020,NJD,R,1991-02-01,Smithtown,USA,NY
8475839,Louis Domingue,20192020,NJD,G,1992-03-06,St-Hyacinthe,CAN,QC
8478406,Mackenzie Blackwood,20192020,NJD,G,1996-12-09,Thunder Bay,CAN,ON
8476807,Matt Tennyson,20192020,NJD,D,1990-04-23,Minneapolis,USA,MN
8479415,Michael McLeod,20192020,NJD,C,1998-02-03,Mississauga,CAN,ON
8477425,Miles Wood,20192020,NJD,L,1995-09-13,Buffalo,USA,NY
8477509,Mirco Mueller,20192020,NJD,D,1995-03-21,Winterthur,CHE,NA
8478447,Nick Merkley,20192020,NJD,R,1997-05-23,Calgary,CAN,AB
8480002,Nico Hischier,20192020,NJD,C,1999-01-04,Brig,CHE,NA
8477038,Nikita Gusev,20192020,NJD,L,1992-07-08,Moscow,RUS,NA
8474056,P.K. Subban,20192020,NJD,D,1989-05-13,Toronto,CAN,ON
8478401,Pavel Zacha,20192020,NJD,C,1997-04-06,Brno,CZE,NA
8475222,Sami Vatanen,20192020,NJD,D,1991-06-03,Jyväskylä,FIN,NA
8475791,Taylor Hall,20192020,NJD,L,1991-11-14,Calgary,CAN,AB
8471233,Travis Zajac,20192020,NJD,C,1985-05-13,Winnipeg,CAN,MB
8474190,Wayne Simmonds,20192020,NJD,R,1988-08-26,Scarborough,CAN,ON
8477355,Will Butcher,20192020,NJD,D,1995-01-06,Sun Prairie,USA,WI
8478851,Alexandre Carrier,20192020,NSH,D,1996-10-08,Quebec City,CAN,QC
8478409,Anthony Richard,20192020,NSH,C,1996-12-20,Trois-Rivières,CAN,QC
8475766,Austin Watson,20192020,NSH,L,1992-01-13,Ann Arbor,USA,MI
8475714,Calle Jarnkrok,20192020,NSH,C,1991-09-25,Gavle,SWE,NA
8476278,Colin Blackwell,20192020,NSH,C,1993-03-28,North Andover,USA,MA
8476925,Colton Sissons,20192020,NSH,C,1993-11-05,North Vancouver,CAN,BC
8475225,Craig Smith,20192020,NSH,R,1989-09-05,Madison,USA,WI
8469465,Dan Hamhuis,20192020,NSH,D,1982-12-13,Smithers,CAN,BC
8477901,Daniel Carr,20192020,NSH,L,1991-11-01,Sherwood Park,CAN,AB
8479371,Dante Fabbro,20192020,NSH,D,1998-06-20,Coquitlam,CAN,BC
8476887,Filip Forsberg,20192020,NSH,L,1994-08-13,Ostervala,SWE,NA
8475797,Jarred Tinordi,20192020,NSH,D,1992-02-20,Millersville,USA,MD
8477424,Juuse Saros,20192020,NSH,G,1995-04-19,Forssa,FIN,NA
8473560,Korbinian Holzer,20192020,NSH,D,1988-02-16,Munich,DEU,NA
8474068,Kyle Turris,20192020,NSH,C,1989-08-14,New Westminster,CAN,BC
8479671,Mathieu Olivier,20192020,NSH,R,1997-02-11,Biloxi,USA,MS
8475168,Matt Duchene,20192020,NSH,C,1991-01-16,Haliburton,CAN,ON
8475625,Matt Irwin,20192020,NSH,D,1987-11-29,Victoria,CAN,BC
8475218,Mattias Ekholm,20192020,NSH,D,1990-05-24,Borlange,SWE,NA
8476447,Miikka Salomaki,20192020,NSH,R,1993-03-09,Raahe,FIN,NA
8475798,Mikael Granlund,20192020,NSH,C,1992-02-26,Oulu,FIN,NA
8474009,Nick Bonino,20192020,NSH,C,1988-04-20,Hartford,USA,CT
8471469,Pekka Rinne,20192020,NSH,G,1982-11-03,Kempele,FIN,NA
8476428,Rocco Grimaldi,20192020,NSH,R,1993-02-08,Anaheim,USA,CA
8474600,Roman Josi,20192020,NSH,D,1990-06-01,Bern,CHE,NA
8475176,Ryan Ellis,20192020,NSH,D,1991-01-03,Hamilton,CAN,ON
8475793,Ryan Johansen,20192020,NSH,C,1992-07-31,Vancouver,CAN,BC
8477463,Steven Santini,20192020,NSH,D,1995-03-07,Bronxville,USA,NY
8478042,Viktor Arvidsson,20192020,NSH,R,1993-04-08,Skelleftea,SWE,NA
8478508,Yakov Trenin,20192020,NSH,C,1997-01-13,Chelyabinsk,RUS,NA
8474134,Yannick Weber,20192020,NSH,D,1988-09-23,Morges,CHE,NA
8476917,Adam Pelech,20192020,NYI,D,1994-08-16,Toronto,CAN,ON
8475314,Anders Lee,20192020,NYI,L,1990-07-03,Edina,USA,MN
8471217,Andrew Ladd,20192020,NYI,L,1985-12-12,Maple Ridge,CAN,BC
8472382,Andy Greene,20192020,NYI,D,1982-10-30,Trenton,USA,MI
8478463,Anthony Beauvillier,20192020,NYI,L,1997-06-08,Sorel-Tracy,CAN,QC
8475754,Brock Nelson,20192020,NYI,C,1991-10-15,Warroad,USA,MN
8473504,Cal Clutterbuck,20192020,NYI,R,1987-11-18,Welland,CAN,ON
8475231,Casey Cizikas,20192020,NYI,C,1991-02-27,Toronto,CAN,ON
8478367,Cole Bardreau,20192020,NYI,C,1993-07-22,Fairport,USA,NY
8473544,Derick Brassard,20192020,NYI,C,1987-09-22,Hull,CAN,QC
8478038,Devon Toews,20192020,NYI,D,1994-02-21,Abbotsford,CAN,BC
8476419,Jean-Gabriel Pageau,20192020,NYI,C,1992-11-11,Ottawa,CAN,ON
8470187,Johnny Boychuk,20192020,NYI,D,1984-01-19,Edmonton,CAN,AB
8474586,Jordan Eberle,20192020,NYI,R,1990-05-15,Regina,CAN,SK
8474573,Josh Bailey,20192020,NYI,R,1989-10-02,Bowmanville,CAN,ON
8479356,Kieffer Bellows,20192020,NYI,L,1998-06-10,Edina,USA,MN
8473463,Leo Komarov,20192020,NYI,R,1987-01-23,Narva,EST,NA
8478445,Mathew Barzal,20192020,NYI,C,1997-05-26,Coquitlam,CAN,BC
8474709,Matt Martin,20192020,NYI,L,1989-05-08,Windsor,CAN,ON
8477936,Michael Dal Colle,20192020,NYI,L,1996-06-20,Woodbridge,CAN,ON
8475181,Nick Leddy,20192020,NYI,D,1991-03-20,Eden Prairie,USA,MN
8480865,Noah Dobson,20192020,NYI,D,2000-01-07,Summerside,CAN,PE
8480789,Oliver Wahlstrom,20192020,NYI,R,2000-06-13,Portland,USA,ME
8479526,Otto Koivula,20192020,NYI,L,1998-09-01,Nokia,FIN,NA
8477527,Ross Johnston,20192020,NYI,L,1994-02-18,Charlottetown,CAN,PE
8477506,Ryan Pulock,20192020,NYI,D,1994-10-06,Dauphin,CAN,MB
8476429,Scott Mayfield,20192020,NYI,D,1992-10-14,St. Louis,USA,MO
8473575,Semyon Varlamov,20192020,NYI,G,1988-04-27,Samara,RUS,NA
8471306,Thomas Greiss,20192020,NYI,G,1986-01-29,Fussen,DEU,NA
8475832,Tom Kuhnhackl,20192020,NYI,R,1992-01-21,Landshut,DEU,NA
8479323,Adam Fox,20192020,NYR,D,1998-02-17,Jericho,USA,NY
8480382,Alexandar Georgiev,20192020,NYR,G,1996-02-10,Ruse,BGR,NA
8478550,Artemi Panarin,20192020,NYR,L,1991-10-30,Korkino,RUS,NA
8476922,Boo Nieves,20192020,NYR,C,1994-01-23,Syracuse,USA,NY
8476869,Brady Skjei,20192020,NYR,D,1994-03-26,Lakeville,USA,MN
8477962,Brendan Lemieux,20192020,NYR,L,1996-03-15,Denver,USA,CO
8474090,Brendan Smith,20192020,NYR,D,1989-02-08,Mimico,CAN,ON
8479353,Brett Howden,20192020,NYR,C,1998-03-29,Calgary,CAN,AB
8475184,Chris Kreider,20192020,NYR,L,1991-04-30,Boxford,USA,MA
8480078,Filip Chytil,20192020,NYR,C,1999-09-05,Kromeriz,CZE,NA
8475735,Greg McKegg,20192020,NYR,C,1992-06-17,St. Thomas,CAN,ON
8468685,Henrik Lundqvist,20192020,NYR,G,1982-03-02,Are,SWE,NA
8478048,Igor Shesterkin,20192020,NYR,G,1995-12-30,Moscow,RUS,NA
8476885,Jacob Trouba,20192020,NYR,D,1994-02-26,Rochester,USA,MI
8475855,Jesper Fast,20192020,NYR,R,1991-12-02,Nassjo,SWE,NA
8479328,Julien Gauthier,20192020,NYR,R,1997-10-15,Pointe-aux-Trembles,CAN,QC
8481554,Kaapo Kakko,20192020,NYR,R,2001-02-13,Turku,FIN,NA
8480072,Lias Andersson,20192020,NYR,C,1998-10-13,Smogen,SWE,NA
8479333,Libor Hajek,20192020,NYR,D,1998-02-04,Smrcek,CZE,NA
8471686,Marc Staal,20192020,NYR,D,1987-01-13,Thunder Bay,CAN,ON
8474230,Micheal Haley,20192020,NYR,C,1986-03-30,Guelph,CAN,ON
8476459,Mika Zibanejad,20192020,NYR,C,1993-04-18,Stockholm,SWE,NA
8477402,Pavel Buchnevich,20192020,NYR,R,1995-04-17,Cherepovets,RUS,NA
8476858,Phillip Di Giuseppe,20192020,NYR,L,1993-10-09,Toronto,CAN,ON
8479324,Ryan Lindgren,20192020,NYR,D,1998-02-11,Burnsville,USA,MN
8476458,Ryan Strome,20192020,NYR,C,1993-07-11,Mississauga,CAN,ON
8476396,Steven Fogarty,20192020,NYR,C,1993-04-19,Chambersburg,USA,PA
8479364,Tim Gettinger,20192020,NYR,L,1998-04-14,Cleveland,USA,OH
8477950,Tony DeAngelo,20192020,NYR,D,1995-10-24,Sewell,USA,NJ
8476480,Vladislav Namestnikov,20192020,NYR,C,1992-11-22,Zhukovskiy,RUS,NA
8475195,Anders Nilsson,20192020,OTT,G,1990-03-19,Lulea,SWE,NA
8477971,Andreas Englund,20192020,OTT,D,1996-01-21,Stockholm,SWE,NA
8477407,Anthony Duclair,20192020,OTT,L,1995-08-26,Pointe-Claire,CAN,QC
8473573,Artem Anisimov,20192020,OTT,C,1988-05-24,Yaroslavl,RUS,NA
8471676,Bobby Ryan,20192020,OTT,R,1987-03-17,Cherry Hill,USA,NJ
8480801,Brady Tkachuk,20192020,OTT,L,1999-09-16,Scottsdale,USA,AZ
8476919,Chris Tierney,20192020,OTT,C,1994-07-01,Keswick,CAN,ON
8478868,Christian Jaros,20192020,OTT,D,1996-04-02,Kosice,SVK,NA
8478846,Christian Wolanin,20192020,OTT,D,1995-03-17,Quebec City,CAN,QC
8474597,Cody Goloubef,20192020,OTT,D,1989-11-30,Mississauga,CAN,ON
8478400,Colin White,20192020,OTT,C,1997-01-30,Boston,USA,MA
8477015,Connor Brown,20192020,OTT,R,1994-01-14,Toronto,CAN,ON
8467950,Craig Anderson,20192020,OTT,G,1981-05-21,Park Ridge,USA,IL
8480208,Drake Batherson,20192020,OTT,R,1998-04-27,Fort Wayne,USA,IN
8476331,Dylan DeMelo,20192020,OTT,D,1993-05-01,London,CAN,ON
8480073,Erik Brannstrom,20192020,OTT,D,1999-09-02,Eksjo,SWE,NA
8478488,Filip Chlapik,20192020,OTT,C,1997-06-03,Prague,CZE,NA
8478833,J.C. Beaudin,20192020,OTT,C,1997-03-25,Longueuil,CAN,QC
8477963,Jayce Hawryluk,20192020,OTT,R,1996-01-01,Yorkton,CAN,SK
8476419,Jean-Gabriel Pageau,20192020,OTT,C,1992-11-11,Ottawa,CAN,ON
8480247,Jonathan Davidsson,20192020,OTT,R,1997-03-12,Tyreso,SWE,NA
8475224,Jordan Szwarz,20192020,OTT,C,1991-05-14,Burlington,CAN,ON
8480064,Josh Norris,20192020,OTT,C,1999-05-05,Oxford,USA,MI
8479366,Logan Brown,20192020,OTT,C,1998-03-05,Raleigh,USA,NC
8477405,Marcus Hogberg,20192020,OTT,G,1994-11-25,Orebro,SWE,NA
8474697,Mark Borowiecki,20192020,OTT,D,1989-07-12,Ottawa,CAN,ON
8476285,Matthew Peca,20192020,OTT,C,1993-04-27,Petawawa,CAN,ON
8480314,Max Veronneau,20192020,OTT,R,1995-12-12,Ottawa,CAN,ON
8479320,Maxime Lajoie,20192020,OTT,D,1997-11-05,Quebec City,CAN,QC
8476422,Mike Reilly,20192020,OTT,D,1993-07-13,Chicago,USA,IL
8474571,Mikkel Boedker,20192020,OTT,L,1989-12-16,Brondby,DNK,NA
8477426,Nick Paul,20192020,OTT,L,1995-03-20,Mississauga,CAN,ON
8479458,Nikita Zaitsev,20192020,OTT,D,1991-10-29,Moscow,RUS,NA
8468493,Ron Hainsey,20192020,OTT,D,1981-03-24,Bolton,USA,CT
8478870,Rudolfs Balcers,20192020,OTT,L,1997-04-08,Liepaja,LVA,NA
8477149,Scott Sabourin,20192020,OTT,R,1992-07-30,Orleans,CAN,ON
8478469,Thomas Chabot,20192020,OTT,D,1997-01-30,Sainte-Marie,CAN,QC
8474589,Tyler Ennis,20192020,OTT,R,1989-10-06,Edmonton,CAN,AB
8479411,Vitaly Abramov,20192020,OTT,L,1998-05-08,Chelyabinsk,RUS,NA
8476480,Vladislav Namestnikov,20192020,OTT,L,1992-11-22,Zhukovskiy,RUS,NA
8479312,Alex Lyon,20192020,PHI,G,1992-12-09,Baudette,USA,MN
8476404,Andy Andreoff,20192020,PHI,C,1991-05-17,Pickering,CAN,ON
8470880,Brian Elliott,20192020,PHI,G,1985-04-09,Newmarket,CAN,ON
8479358,Carsen Twarynski,20192020,PHI,L,1997-11-24,St. Albert,CAN,AB
8479394,Carter Hart,20192020,PHI,G,1998-08-13,Sherwood Park,CAN,AB
8473485,Chris Stewart,20192020,PHI,R,1987-10-30,Toronto,CAN,ON
8473512,Claude Giroux,20192020,PHI,C,1988-01-12,Hearst,CAN,ON
8479382,Connor Bunnaman,20192020,PHI,C,1998-04-16,Guelph,CAN,ON
8478436,David Kase,20192020,PHI,R,1997-01-28,Kadan,CZE,NA
8474683,Derek Grant,20192020,PHI,C,1990-04-20,Abbotsford,CAN,BC
8479424,German Rubtsov,20192020,PHI,C,1998-06-27,Chekhov,RUS,NA
8478500,Ivan Provorov,20192020,PHI,D,1997-01-13,Yaroslavl,RUS,NA
8474161,Jakub Voracek,20192020,PHI,R,1989-08-15,Kladno,CZE,NA
8474037,James van Riemsdyk,20192020,PHI,L,1989-05-04,Middletown,USA,NJ
8480797,Joel Farabee,20192020,PHI,L,2000-02-25,Syracuse,USA,NY
8474027,Justin Braun,20192020,PHI,D,1987-02-10,Minneapolis,USA,MN
8475763,Kevin Hayes,20192020,PHI,C,1992-05-08,Dorchester,USA,MA
8478017,Mark Friedman,20192020,PHI,D,1995-12-25,Toronto,CAN,ON
8471702,Matt Niskanen,20192020,PHI,D,1986-12-06,Virginia,USA,MN
8477290,Michael Raffl,20192020,PHI,L,1988-12-01,Villach,AUT,NA
8478844,Mikhail Vorobyev,20192020,PHI,C,1997-01-05,Ufa,RUS,NA
8480028,Morgan Frost,20192020,PHI,C,1999-05-14,Aurora,CAN,ON
8470775,Nate Thompson,20192020,PHI,C,1984-10-05,Anchorage,USA,AK
8477979,Nicolas Aube-Kubel,20192020,PHI,R,1996-05-10,Slave Lake,CAN,AB
8478067,Oskar Lindblom,20192020,PHI,L,1996-08-15,Gavle,SWE,NA
8479026,Philippe Myers,20192020,PHI,D,1997-01-25,Moncton,CAN,NB
8477462,Robert Hagg,20192020,PHI,D,1995-02-08,Uppsala,SWE,NA
8477502,Samuel Morin,20192020,PHI,L,1995-07-12,Lac-Beauport,CAN,QC
8476872,Scott Laughton,20192020,PHI,C,1994-05-30,Oakville,CAN,ON
8476461,Sean Couturier,20192020,PHI,C,1992-12-07,Phoenix,USA,AZ
8476906,Shayne Gostisbehere,20192020,PHI,D,1993-04-20,Pembroke Pines,USA,FL
8478439,Travis Konecny,20192020,PHI,R,1997-03-11,London,CAN,ON
8477948,Travis Sanheim,20192020,PHI,D,1996-03-29,Elkhorn,CAN,MB
8475752,Tyler Pitlick,20192020,PHI,C,1991-11-01,Minneapolis,USA,MN
8480341,Adam Johnson,20192020,PIT,C,1994-06-22,Grand Rapids,USA,MN
8476851,Alex Galchenyuk,20192020,PIT,C,1994-02-12,Milwaukee,USA,WI
8475461,Andrew Agozzino,20192020,PIT,L,1991-01-03,Kleinburg,CAN,ON
8478074,Anthony Angello,20192020,PIT,R,1996-03-06,Albany,USA,NY
8479293,Brandon Tanev,20192020,PIT,L,1991-12-31,Toronto,CAN,ON
8475208,Brian Dumoulin,20192020,PIT,D,1991-09-06,Biddeford,USA,ME
8475810,Bryan Rust,20192020,PIT,R,1992-05-11,Pontiac,USA,MI
8477244,Chad Ruhwedel,20192020,PIT,D,1990-05-07,San Diego,USA,CA
8477839,Conor Sheary,20192020,PIT,L,1992-06-08,Winchester,USA,MA
8480946,Dominik Kahun,20192020,PIT,C,1995-07-02,Plana,CZE,NA
8478866,Dominik Simon,20192020,PIT,C,1994-08-08,Prague,CZE,NA
8475790,Erik Gudbranson,20192020,PIT,D,1992-01-07,Ottawa,CAN,ON
8478542,Evan Rodrigues,20192020,PIT,C,1993-07-28,Toronto,CAN,ON
8471215,Evgeni Malkin,20192020,PIT,C,1986-07-31,Magnitogorsk,RUS,NA
8471677,Jack Johnson,20192020,PIT,D,1987-01-13,Indianapolis,USA,IN
8477404,Jake Guentzel,20192020,PIT,L,1994-10-06,Omaha,USA,NE
8477955,Jared McCann,20192020,PIT,L,1996-05-31,Stratford,CAN,ON
8475722,Jason Zucker,20192020,PIT,L,1992-01-16,Newport Beach,USA,CA
8478507,John Marino,20192020,PIT,D,1997-05-21,North Easton,USA,MA
8477010,Joseph Blandisi,20192020,PIT,C,1994-07-18,Markham,CAN,ON
8474602,Justin Schultz,20192020,PIT,D,1990-07-06,Kelowna,CAN,BC
8480945,Juuso Riikola,20192020,PIT,D,1993-11-09,Joensuu,FIN,NA
8471724,Kris Letang,20192020,PIT,D,1987-04-24,Montréal,CAN,QC
8477969,Marcus Pettersson,20192020,PIT,D,1996-05-08,Skelleftea,SWE,NA
8476899,Matt Murray,20192020,PIT,G,1994-05-25,Thunder Bay,CAN,ON
8475760,Nick Bjugstad,20192020,PIT,C,1992-07-17,Minneapolis,USA,MN
8471887,Patric Hornqvist,20192020,PIT,R,1987-01-01,Sollentuna,SWE,NA
8466139,Patrick Marleau,20192020,PIT,C,1979-09-15,Aneroid,CAN,SK
8478043,Sam Lafferty,20192020,PIT,R,1995-03-06,Hollidaysburg,USA,PA
8471675,Sidney Crosby,20192020,PIT,C,1987-08-07,Cole Harbour,CAN,NS
8476474,Stefan Noesen,20192020,PIT,R,1993-02-12,Plano,USA,TX
8476927,Teddy Blueger,20192020,PIT,C,1994-08-15,Riga,LVA,NA
8476974,Thomas Di Pauli,20192020,PIT,C,1994-04-29,Caldaro,ITA,NA
8477465,Tristan Jarry,20192020,PIT,G,1995-04-29,Surrey,CAN,BC
8475902,Zach Trotman,20192020,PIT,D,1990-08-26,Carmel,USA,IN
8479944,Zachary Aston-Reese,20192020,PIT,L,1994-08-10,Staten Island,USA,NY
8477180,Aaron Dell,20192020,SJS,G,1989-05-04,Airdrie,CAN,AB
8480384,Alexander True,20192020,SJS,C,1997-07-17,Copenhagen,DNK,NA
8480965,Antti Suomela,20192020,SJS,C,1994-03-17,Espoo,FIN,NA
8476624,Barclay Goodrow,20192020,SJS,R,1993-02-26,Toronto,CAN,ON
8475869,Brandon Davidson,20192020,SJS,D,1991-08-21,Taber,CAN,AB
8475455,Brenden Dillon,20192020,SJS,D,1990-11-13,New Westminster,CAN,BC
8470613,Brent Burns,20192020,SJS,D,1985-03-09,Barrie,CAN,ON
8474774,Dalton Prout,20192020,SJS,D,1990-03-13,Kingsville,CAN,ON
8481515,Danil Yurtaykin,20192020,SJS,L,1997-07-01,Belovo,RUS,NA
8479580,Dylan Gambrell,20192020,SJS,C,1996-08-26,Bonney Lake,USA,WA
8474578,Erik Karlsson,20192020,SJS,D,1990-05-31,Landsbro,SWE,NA
8475169,Evander Kane,20192020,SJS,L,1991-08-02,Vancouver,CAN,BC
8478136,Jake Middleton,20192020,SJS,D,1996-01-02,Wainwright,CAN,AB
8479571,Joachim Blichfeld,20192020,SJS,R,1998-07-17,Frederikshavn,DNK,NA
8466138,Joe Thornton,20192020,SJS,C,1979-07-02,London,CAN,ON
8481516,Joel Kellman,20192020,SJS,C,1994-05-25,Karlskrona,SWE,NA
8477380,Jonny Brodzinski,20192020,SJS,C,1993-06-19,Ham Lake,USA,MN
8478099,Kevin Labanc,20192020,SJS,R,1995-12-12,Brooklyn,USA,NY
8481640,Lean Bergmann,20192020,SJS,C,1998-10-04,Hemer,DEU,NA
8474053,Logan Couture,20192020,SJS,C,1989-03-28,Guelph,CAN,ON
8480780,Lukas Radil,20192020,SJS,C,1990-08-05,Caslav,CZE,NA
8471709,Marc-Edouard Vlasic,20192020,SJS,D,1987-03-30,Montréal,CAN,QC
8475834,Marcus Sorensen,20192020,SJS,L,1992-04-07,Sodertalje,SWE,NA
8479983,Mario Ferraro,20192020,SJS,D,1998-09-17,Toronto,CAN,ON
8474889,Martin Jones,20192020,SJS,G,1990-01-10,North Vancouver,CAN,BC
8477983,Maxim Letunov,20192020,SJS,C,1996-02-20,Moscow,RUS,NA
8477922,Melker Karlsson,20192020,SJS,C,1990-07-18,Lycksele,SWE,NA
8481812,Nikolai Knyzhov,20192020,SJS,D,1998-03-20,Kemerovo,RUS,NA
8479393,Noah Gregor,20192020,SJS,C,1998-07-28,Beaumont,CAN,AB
8466139,Patrick Marleau,20192020,SJS,L,1979-09-15,Aneroid,CAN,SK
8480160,Radim Simek,20192020,SJS,D,1992-09-20,Mlada Boleslav,CZE,NA
8476474,Stefan Noesen,20192020,SJS,R,1993-02-12,Plano,USA,TX
8475841,Tim Heed,20192020,SJS,D,1991-01-27,Gothenburg,SWE,NA
8478414,Timo Meier,20192020,SJS,R,1996-10-08,Herisau,CHE,NA
8476881,Tomas Hertl,20192020,SJS,C,1993-11-12,Praha,CZE,NA
8476953,Trevor Carrick,20192020,SJS,D,1994-07-04,Stouffville,CAN,ON
8474565,Alex Pietrangelo,20192020,STL,D,1990-01-18,King City,CAN,ON
8470257,Alexander Steen,20192020,STL,L,1984-03-01,Winnipeg,CAN,MB
8478040,Austin Poganski,20192020,STL,R,1996-02-16,St. Cloud,USA,MN
8475170,Brayden Schenn,20192020,STL,C,1991-08-22,Saskatoon,CAN,SK
8474125,Carl Gunnarsson,20192020,STL,D,1986-11-09,Orebro,SWE,NA
8476892,Colton Parayko,20192020,STL,D,1993-05-12,St. Albert,CAN,AB
8474102,David Perron,20192020,STL,L,1988-05-28,Sherbrooke,CAN,QC
8476884,Derrick Pouliot,20192020,STL,D,1994-01-16,Estevan,CAN,SK
8477964,Ivan Barbashev,20192020,STL,C,1995-12-14,Moscow,RUS,NA
8477455,Jacob de la Rose,20192020,STL,L,1995-05-20,Arvika,SWE,NA
8475768,Jaden Schwartz,20192020,STL,L,1992-06-25,Wilcox,CAN,SK
8474596,Jake Allen,20192020,STL,G,1990-08-07,Fredericton,CAN,NB
8478013,Jake Walman,20192020,STL,D,1996-02-20,Toronto,CAN,ON
8470151,Jay Bouwmeester,20192020,STL,D,1983-09-27,Edmonton,CAN,AB
8476412,Jordan Binnington,20192020,STL,G,1993-07-11,Richmond Hill,CAN,ON
8479385,Jordan Kyrou,20192020,STL,C,1998-05-05,Toronto,CAN,ON
8475753,Justin Faulk,20192020,STL,D,1992-03-20,South St. Paul,USA,MN
8480011,Klim Kostin,20192020,STL,C,1999-05-05,Penza,RUS,NA
8476907,Mackenzie MacEachern,20192020,STL,L,1994-03-09,Bloomfield Hills,USA,MI
8474618,Marco Scandella,20192020,STL,D,1990-02-23,Montréal,CAN,QC
8477573,Nathan Walker,20192020,STL,L,1994-02-07,Cardiff,GBR,NA
8478859,Niko Mikkola,20192020,STL,D,1996-04-27,Kiiminki,FIN,NA
8476897,Oskar Sundqvist,20192020,STL,C,1994-03-23,Boden,SWE,NA
8477952,Robby Fabbri,20192020,STL,C,1996-01-22,Mississauga,CAN,ON
8474145,Robert Bortuzzo,20192020,STL,D,1989-03-18,Thunder Bay,CAN,ON
8480023,Robert Thomas,20192020,STL,C,1999-07-02,Aurora,CAN,ON
8475158,Ryan O'Reilly,20192020,STL,C,1991-02-07,Clinton,CAN,ON
8478104,Sammy Blais,20192020,STL,L,1996-06-17,Montmagny,CAN,QC
8471426,Troy Brouwer,20192020,STL,R,1985-08-17,Vancouver,CAN,BC
8475098,Tyler Bozak,20192020,STL,C,1986-03-19,Regina,CAN,SK
8478407,Vince Dunn,20192020,STL,D,1996-10-29,Mississauga,CAN,ON
8475765,Vladimir Tarasenko,20192020,STL,R,1991-12-13,Yaroslavl,RUS,NA
8477482,Zachary Sanford,20192020,STL,L,1994-11-09,Salem,USA,MA
8473986,Alex Killorn,20192020,TBL,L,1989-09-14,Halifax,CAN,NS
8480186,Alexander Volkov,20192020,TBL,R,1997-08-02,Moscow,RUS,NA
8476883,Andrei Vasilevskiy,20192020,TBL,G,1994-07-25,Tyumen,RUS,NA
8478519,Anthony Cirelli,20192020,TBL,C,1997-07-15,Etobicoke,CAN,ON
8476624,Barclay Goodrow,20192020,TBL,C,1993-02-26,Toronto,CAN,ON
8476399,Blake Coleman,20192020,TBL,C,1991-11-28,Plano,USA,TX
8478010,Brayden Point,20192020,TBL,C,1996-03-13,Calgary,CAN,AB
8470601,Braydon Coburn,20192020,TBL,D,1985-02-27,Shaunavon,CAN,SK
8474611,Cameron Gaunce,20192020,TBL,D,1990-03-19,Sudbury,CAN,ON
8477409,Carter Verhaeghe,20192020,TBL,C,1995-08-14,Toronto,CAN,ON
8476975,Cedric Paquette,20192020,TBL,C,1993-08-13,Gaspe,CAN,QC
8476195,Cory Conacher,20192020,TBL,C,1989-12-14,Burlington,CAN,ON
8470147,Curtis McElhinney,20192020,TBL,G,1983-05-23,London,CAN,ON
8478416,Erik Cernak,20192020,TBL,D,1997-05-28,Kosice,SVK,NA
8476966,Gemel Smith,20192020,TBL,C,1994-04-16,Toronto,CAN,ON
8480172,Jan Rutta,20192020,TBL,D,1990-07-29,Pisek,CZE,NA
8474031,Kevin Shattenkirk,20192020,TBL,D,1989-01-29,New Rochelle,USA,NY
8474568,Luke Schenn,20192020,TBL,D,1989-11-02,Saskatoon,CAN,SK
8474722,Luke Witkowski,20192020,TBL,R,1990-04-14,Holland,USA,MI
8478472,Mathieu Joseph,20192020,TBL,R,1997-02-09,Laval,CAN,QC
8479410,Mikhail Sergachev,20192020,TBL,D,1998-06-25,Nizhnekamsk,RUS,NA
8478477,Mitchell Stephens,20192020,TBL,C,1997-02-05,Peterborough,CAN,ON
8476453,Nikita Kucherov,20192020,TBL,R,1993-06-17,Maykop,RUS,NA
8476292,Ondrej Palat,20192020,TBL,L,1991-03-28,Frydek-Mistek,CZE,NA
8474034,Patrick Maroon,20192020,TBL,L,1988-04-23,St. Louis,USA,MO
8474151,Ryan McDonagh,20192020,TBL,D,1989-06-13,St. Paul,USA,MN
8474564,Steven Stamkos,20192020,TBL,C,1990-02-07,Markham,CAN,ON
8474870,Tyler Johnson,20192020,TBL,C,1990-07-29,Spokane,USA,WA
8475167,Victor Hedman,20192020,TBL,D,1990-12-18,Ornskoldsvik,SWE,NA
8476826,Yanni Gourde,20192020,TBL,C,1991-12-15,Saint-Narcisse,CAN,QC
8474567,Zach Bogosian,20192020,TBL,D,1990-07-15,Massena,USA,NY
8478996,Adam Brooks,20192020,TOR,C,1996-05-06,Winnipeg,CAN,MB
8477021,Alexander Kerfoot,20192020,TOR,C,1994-08-11,Vancouver,CAN,BC
8477341,Andreas Johnsson,20192020,TOR,L,1994-11-21,Gavle,SWE,NA
8479318,Auston Matthews,20192020,TOR,C,1997-09-17,San Ramon,USA,CA
8480157,Calle Rosen,20192020,TOR,D,1994-02-02,Vaxjo,SWE,NA
8476879,Cody Ceci,20192020,TOR,D,1993-12-21,Ottawa,CAN,ON
8478843,Denis Malgin,20192020,TOR,C,1997-01-18,Olten,CHE,NA
8478857,Dmytro Timashov,20192020,TOR,L,1996-10-01,Kirovograd,UKR,NA
8479510,Egor Korshkov,20192020,TOR,R,1996-07-10,Novosibirsk,RUS,NA
8475883,Frederik Andersen,20192020,TOR,G,1989-10-02,Herning,DNK,NA
8477512,Frederik Gauthier,20192020,TOR,C,1995-04-26,Laval,CAN,QC
8481624,Ilya Mikheyev,20192020,TOR,R,1994-10-10,Omsk,RUS,NA
8475789,Jack Campbell,20192020,TOR,G,1992-01-09,Port Huron,USA,MI
8474162,Jake Muzzin,20192020,TOR,D,1989-02-21,Woodstock,CAN,ON
8469455,Jason Spezza,20192020,TOR,C,1983-06-13,Toronto,CAN,ON
8475166,John Tavares,20192020,TOR,C,1990-09-20,Mississauga,CAN,ON
8475718,Justin Holl,20192020,TOR,D,1992-01-30,Tonka Bay,USA,MN
8479288,Kasimir Kaskisuo,20192020,TOR,G,1993-10-02,Vantaa,FIN,NA
8477953,Kasperi Kapanen,20192020,TOR,R,1996-07-23,Kuopio,FIN,NA
8475857,Kevin Gravel,20192020,TOR,D,1992-03-06,Kingsford,USA,MI
8475160,Kyle Clifford,20192020,TOR,L,1991-01-13,Ayr,CAN,ON
8475716,Martin Marincin,20192020,TOR,D,1992-02-18,Kosice,SVK,NA
8478975,Mason Marchment,20192020,TOR,L,1995-06-18,Uxbridge,CAN,ON
8474636,Michael Hutchinson,20192020,TOR,G,1990-03-02,Barrie,CAN,ON
8478483,Mitch Marner,20192020,TOR,R,1997-05-05,Markham,CAN,ON
8476853,Morgan Rielly,20192020,TOR,D,1994-03-09,Vancouver,CAN,BC
8477464,Nic Petan,20192020,TOR,C,1995-03-22,Delta,CAN,BC
8481582,Nicholas Robertson,20192020,TOR,L,2001-09-11,Pasadena,USA,CA
8476406,Nicholas Shore,20192020,TOR,C,1992-09-26,Denver,USA,CO
8478115,Pierre Engvall,20192020,TOR,L,1996-05-31,Ljungby,SWE,NA
8476857,Pontus Aberg,20192020,TOR,L,1993-09-23,Stockholm,SWE,NA
8480873,Rasmus Sandin,20192020,TOR,D,2000-03-07,Uppsala,SWE,NA
8480043,Timothy Liljegren,20192020,TOR,D,1999-04-30,Kristianstad,SWE,NA
8478408,Travis Dermott,20192020,TOR,D,1996-12-22,Newmarket,CAN,ON
8479675,Trevor Moore,20192020,TOR,L,1995-03-31,Thousand Oaks,USA,CA
8475197,Tyson Barrie,20192020,TOR,D,1991-07-26,Victoria,CAN,BC
8477939,William Nylander,20192020,TOR,R,1996-05-01,Calgary,CAN,AB
8475786,Zach Hyman,20192020,TOR,L,1992-06-09,Toronto,CAN,ON
8478874,Adam Gaudette,20192020,VAN,C,1996-10-03,Braintree,USA,MA
8471303,Alexander Edler,20192020,VAN,D,1986-04-21,Ostersund,SWE,NA
8474849,Antoine Roussel,20192020,VAN,L,1989-11-21,Roubaix,FRA,NA
8477085,Ashton Sautner,20192020,VAN,D,1994-05-27,Flin Flon,CAN,MB
8477500,Bo Horvat,20192020,VAN,C,1995-04-05,London,CAN,ON
8474091,Brandon Sutter,20192020,VAN,C,1989-02-14,Huntington,USA,NY
8478444,Brock Boeser,20192020,VAN,R,1997-02-25,Burnsville,USA,MN
8475690,Chris Tanev,20192020,VAN,D,1989-12-20,Toronto,CAN,ON
8480012,Elias Pettersson,20192020,VAN,C,1998-11-12,Sundsvall,SWE,NA
8476468,J.T. Miller,20192020,VAN,C,1993-03-14,East Palestine,USA,OH
8474593,Jacob Markstrom,20192020,VAN,G,1990-01-31,Gavle,SWE,NA
8477937,Jake Virtanen,20192020,VAN,R,1996-08-17,Langley,CAN,BC
8474291,Jay Beagle,20192020,VAN,C,1985-10-16,Calgary,CAN,AB
8474818,Jordie Benn,20192020,VAN,D,1987-07-26,Victoria,CAN,BC
8476410,Josh Leivo,20192020,VAN,L,1993-05-26,Innisfil,CAN,ON
8477473,Justin Bailey,20192020,VAN,R,1995-07-01,Buffalo,USA,NY
8470626,Loui Eriksson,20192020,VAN,L,1985-07-17,Gothenburg,SWE,NA
8475839,Louis Domingue,20192020,VAN,G,1992-03-06,St-Hyacinthe,CAN,QC
8480022,Michael DiPietro,20192020,VAN,G,1999-06-09,Windsor,CAN,ON
8475907,Micheal Ferland,20192020,VAN,L,1992-04-20,Swan River,CAN,MB
8477958,Nikolay Goldobin,20192020,VAN,R,1995-10-07,Moscow,RUS,NA
8479355,Olli Juolevi,20192020,VAN,D,1998-05-05,Helsinki,FIN,NA
8480147,Oscar Fantenberg,20192020,VAN,D,1991-10-07,Ljunby,SWE,NA
8480800,Quinn Hughes,20192020,VAN,D,1999-10-14,Orlando,USA,FL
8476466,Sven Baertschi,20192020,VAN,L,1992-10-05,Bern,CHE,NA
8476871,Tanner Pearson,20192020,VAN,L,1992-08-10,Kitchener,CAN,ON
8477967,Thatcher Demko,20192020,VAN,G,1995-12-08,San Diego,USA,CA
8477213,Tim Schaller,20192020,VAN,C,1990-11-16,Merrimack,USA,NH
8479442,Troy Stecher,20192020,VAN,D,1994-04-07,Richmond,CAN,BC
8476344,Tyler Graovac,20192020,VAN,C,1993-04-27,Brampton,CAN,ON
8477353,Tyler Motte,20192020,VAN,C,1995-03-10,St. Clair,USA,MI
8474574,Tyler Myers,20192020,VAN,D,1990-02-01,Houston,USA,TX
8475726,Tyler Toffoli,20192020,VAN,R,1992-04-24,Scarborough,CAN,ON
8479772,Zack MacEwen,20192020,VAN,C,1996-07-08,Charlottetown,CAN,PE
8474166,Alec Martinez,20192020,VGK,D,1987-07-26,Rochester Hills,USA,MI
8477949,Alex Tuch,20192020,VGK,R,1996-05-10,Syracuse,USA,NY
8475204,Brandon Pirri,20192020,VGK,C,1991-04-10,Toronto,CAN,ON
8475188,Brayden McNabb,20192020,VGK,D,1991-01-21,Davidson,CAN,SK
8476905,Chandler Stephenson,20192020,VGK,C,1994-04-22,Saskatoon,CAN,SK
8475236,Cody Eakin,20192020,VGK,C,1991-05-24,Winnipeg,CAN,MB
8479996,Cody Glass,20192020,VGK,C,1999-04-01,Winnipeg,CAN,MB
8468674,Deryk Engelland,20192020,VGK,D,1982-04-03,Edmonton,CAN,AB
8479748,Gage Quinney,20192020,VGK,C,1995-07-29,Las Vegas,USA,NV
8476343,Garret Sparks,20192020,VGK,G,1993-06-28,Elmhurst,USA,IL
8476987,Jake Bischoff,20192020,VGK,D,1994-07-25,Cambridge,USA,MN
8475750,Jon Merrill,20192020,VGK,D,1992-02-03,Oklahoma City,USA,OK
8476539,Jonathan Marchessault,20192020,VGK,R,1990-12-27,Cap-Rouge,CAN,QC
8478434,Keegan Kolesar,20192020,VGK,R,1997-04-08,Brandon,CAN,MB
8476876,Malcolm Subban,20192020,VGK,G,1993-12-21,Toronto,CAN,ON
8470594,Marc-Andre Fleury,20192020,VGK,G,1984-11-28,Sorel,CAN,QC
8475913,Mark Stone,20192020,VGK,R,1992-05-13,Winnipeg,CAN,MB
8474157,Max Pacioretty,20192020,VGK,L,1988-11-20,New Canaan,USA,CT
8477220,Nate Schmidt,20192020,VGK,D,1991-07-16,St. Cloud,USA,MN
8476393,Nick Cousins,20192020,VGK,C,1993-07-20,Belleville,CAN,ON
8474207,Nick Holden,20192020,VGK,D,1987-05-15,St. Albert,CAN,AB
8479980,Nicolas Hague,20192020,VGK,D,1998-12-05,Kitchener,CAN,ON
8478462,Nicolas Roy,20192020,VGK,C,1997-02-05,Amos,CAN,QC
8476861,Oscar Dansk,20192020,VGK,G,1994-02-28,Stockholm,SWE,NA
8477887,Patrick Brown,20192020,VGK,C,1992-05-29,Bloomfield Hills,USA,MI
8471669,Paul Stastny,20192020,VGK,C,1985-12-27,Quebec City,CAN,QC
8475191,Reilly Smith,20192020,VGK,R,1991-04-01,Mimico,CAN,ON
8475215,Robin Lehner,20192020,VGK,G,1991-07-24,Gothenburg,SWE,NA
8471817,Ryan Reaves,20192020,VGK,R,1987-01-20,Winnipeg,CAN,MB
8477447,Shea Theodore,20192020,VGK,D,1995-08-03,Aldergrove,CAN,BC
8477931,Tomas Nosek,20192020,VGK,L,1992-09-01,Pardubice,CZE,NA
8477458,Valentin Zykov,20192020,VGK,L,1995-05-15,St. Petersburg,RUS,NA
8477478,William Carrier,20192020,VGK,L,1994-12-20,LaSalle,CAN,QC
8476448,William Karlsson,20192020,VGK,C,1993-01-08,Marsta,SWE,NA
8480727,Zach Whitecloud,20192020,VGK,D,1996-11-28,Brandon,CAN,MB
8476392,Adam Lowry,20192020,WPG,C,1993-03-29,St. Louis,USA,MO
8481642,Andrei Chibisov,20192020,WPG,R,1993-02-26,Prokopyevsk,RUS,NA
8477429,Andrew Copp,20192020,WPG,C,1994-07-08,Ann Arbor,USA,MI
8475868,Anthony Bitetto,20192020,WPG,D,1990-07-15,Island Park,USA,NY
8471218,Blake Wheeler,20192020,WPG,R,1986-08-31,Plymouth,USA,MN
8473412,Bryan Little,20192020,WPG,C,1987-11-12,Edmonton,CAN,AB
8478058,CJ Suess,20192020,WPG,L,1994-03-17,St. Paul,USA,MN
8477472,Carl Dahlstrom,20192020,WPG,D,1995-01-28,Stockholm,SWE,NA
8475236,Cody Eakin,20192020,WPG,C,1991-05-24,Winnipeg,CAN,MB
8476945,Connor Hellebuyck,20192020,WPG,G,1993-05-19,Commerce,USA,MI
8481019,David Gustafsson,20192020,WPG,C,2000-04-11,Tingsryd,SWE,NA
8475179,Dmitry Kulikov,20192020,WPG,D,1990-10-29,Lipetsk,RUS,NA
8476331,Dylan DeMelo,20192020,WPG,D,1993-05-01,London,CAN,ON
8475268,Gabriel Bourque,20192020,WPG,L,1990-09-23,Rimouski,CAN,QC
8478458,Jack Roslovic,20192020,WPG,C,1997-01-29,Columbus,USA,OH
8478424,Jansen Harkins,20192020,WPG,C,1997-05-23,Cleveland,USA,OH
8481649,Joona Luoto,20192020,WPG,L,1997-09-26,Tampere,FIN,NA
8477504,Josh Morrissey,20192020,WPG,D,1995-03-28,Calgary,CAN,AB
8478398,Kyle Connor,20192020,WPG,L,1996-12-09,Shelby Township,USA,MI
8476316,Laurent Brossoit,20192020,WPG,G,1993-03-23,Port Alberni,CAN,BC
8476400,Logan Shaw,20192020,WPG,R,1992-10-05,Glace Bay,CAN,NS
8474579,Luca Sbisa,20192020,WPG,D,1990-01-30,Ozieri,ITA,NA
8473914,Mark Letestu,20192020,WPG,C,1985-02-04,Elk Point,CAN,AB
8476460,Mark Scheifele,20192020,WPG,C,1993-03-15,Kitchener,CAN,ON
8478891,Mason Appleton,20192020,WPG,C,1996-01-15,Green Bay,USA,WI
8473618,Mathieu Perreault,20192020,WPG,L,1988-01-05,Drummondville,CAN,QC
8476470,Nathan Beaulieu,20192020,WPG,D,1992-12-05,Strathroy,CAN,ON
8480145,Neal Pionk,20192020,WPG,D,1995-07-29,Omaha,USA,NE
8476406,Nicholas Shore,20192020,WPG,C,1992-09-26,Denver,USA,CO
8477940,Nikolaj Ehlers,20192020,WPG,L,1996-02-14,Aalborg,DNK,NA
8479339,Patrik Laine,20192020,WPG,R,1998-04-19,Tampere,FIN,NA
8478915,Sami Niku,20192020,WPG,D,1996-10-10,Haapavesi,FIN,NA
8477359,Tucker Poolman,20192020,WPG,D,1993-06-08,Dubuque,USA,IA
8481572,Ville Heinola,20192020,WPG,D,2001-03-02,Honkajoki,FIN,NA
8471214,Alex Ovechkin,20192020,WSH,L,1985-09-17,Moscow,RUS,NA
8479359,Beck Malenstyn,20192020,WSH,L,1998-02-04,Delta,CAN,BC
8474651,Braden Holtby,20192020,WSH,G,1989-09-16,Lloydminster,CAN,SK
8476894,Brendan Leipsic,20192020,WSH,L,1994-05-19,Winnipeg,CAN,MB
8475455,Brenden Dillon,20192020,WSH,D,1990-11-13,New Westminster,CAN,BC
8477314,Brian Pinho,20192020,WSH,C,1995-05-11,Beverly,USA,MA
8474176,Carl Hagelin,20192020,WSH,L,1988-08-23,Sodertalje,SWE,NA
8476905,Chandler Stephenson,20192020,WSH,C,1994-04-22,Saskatoon,CAN,SK
8477043,Christian Djoos,20192020,WSH,D,1994-08-06,Gothenburg,SWE,NA
8475200,Dmitry Orlov,20192020,WSH,D,1991-07-23,Novokuznetsk,RUS,NA
8475744,Evgeny Kuznetsov,20192020,WSH,C,1992-05-19,Chelyabinsk,RUS,NA
8477903,Garnet Hathaway,20192020,WSH,R,1991-11-23,Naples,USA,FL
8469454,Ilya Kovalchuk,20192020,WSH,L,1983-04-15,Tver,RUS,NA
8478492,Ilya Samsonov,20192020,WSH,G,1997-02-22,Magnitogorsk,RUS,NA
8477944,Jakub Vrana,20192020,WSH,L,1996-02-28,Prague,CZE,NA
8474590,John Carlson,20192020,WSH,D,1990-01-10,Natick,USA,MA
8478399,Jonas Siegenthaler,20192020,WSH,D,1997-05-06,Zurich,CHE,NA
8474189,Lars Eller,20192020,WSH,C,1989-05-08,Rodovre,DNK,NA
8480796,Martin Fehervary,20192020,WSH,D,1999-10-06,Bratislava,SVK,NA
8475958,Michael Sgarbossa,20192020,WSH,C,1992-07-25,Campbellville,CAN,ON
8479482,Michal Kempny,20192020,WSH,D,1990-09-08,Hodonin,CZE,NA
8475343,Nic Dowd,20192020,WSH,C,1990-05-27,Huntsville,USA,AL
8475324,Nick Jensen,20192020,WSH,D,1990-09-21,Rogers,USA,MN
8473563,Nicklas Backstrom,20192020,WSH,C,1987-11-23,Gavle,SWE,NA
8475462,Radko Gudas,20192020,WSH,D,1990-06-05,Prague,CZE,NA
8475209,Richard Panik,20192020,WSH,R,1991-02-07,Martin,SVK,NA
8471698,T.J. Oshie,20192020,WSH,R,1986-12-23,Everett,USA,WA
8476880,Tom Wilson,20192020,WSH,R,1994-03-29,Toronto,CAN,ON
8476329,Travis Boyd,20192020,WSH,C,1993-09-14,Hopkins,USA,MN
8477343,Tyler Lewington,20192020,WSH,D,1994-12-05,Edmonton,CAN,AB
8474641,Adam Henrique,20202021,ANA,C,1990-02-06,Brantford,CAN,ON
8480186,Alexander Volkov,20202021,ANA,R,1997-08-02,Moscow,RUS,NA
8475461,Andrew Agozzino,20202021,ANA,L,1991-01-03,Kleinburg,CAN,ON
8476407,Andy Welinski,20202021,ANA,D,1993-04-27,Duluth,USA,MN
8476932,Anthony Stolarz,20202021,ANA,G,1994-01-20,Edison,USA,NJ
8477018,Ben Hutton,20202021,ANA,D,1993-04-20,Brockville,CAN,ON
8475764,Cam Fowler,20202021,ANA,D,1991-12-05,Windsor,CAN,ON
8477240,Carter Rowney,20202021,ANA,C,1989-05-10,Grande Prairie,CAN,AB
8478029,Chase De Leo,20202021,ANA,L,1995-10-25,La Mirada,USA,CA
8478046,Danton Heinen,20202021,ANA,L,1995-07-05,Langley,CAN,BC
8470655,David Backes,20202021,ANA,R,1984-05-01,Minneapolis,USA,MN
8474683,Derek Grant,20202021,ANA,C,1990-04-20,Abbotsford,CAN,BC
8476854,Hampus Lindholm,20202021,ANA,D,1994-01-20,Helsingborg,SWE,NA
8477938,Haydn Fleury,20202021,ANA,D,1996-07-08,Carlyle,CAN,SK
8480806,Isac Lundestrom,20202021,ANA,C,1999-11-06,Gallivare,SWE,NA
8478491,Jacob Larsson,20202021,ANA,D,1997-04-29,Ljungby,SWE,NA
8475164,Jakob Silfverberg,20202021,ANA,R,1990-10-13,Gavle,SWE,NA
8482142,Jamie Drysdale,20202021,ANA,D,2002-04-08,Toronto,CAN,ON
8475825,Jani Hakanpää,20202021,ANA,D,1992-03-31,Kirkkonummi,FIN,NA
8476434,John Gibson,20202021,ANA,G,1993-07-14,Pittsburgh,USA,PA
8476312,Josh Manson,20202021,ANA,D,1991-10-07,Hinsdale,USA,IL
8479372,Joshua Mahura,20202021,ANA,D,1998-05-05,St. Albert,CAN,AB
8474031,Kevin Shattenkirk,20202021,ANA,D,1989-01-29,New Rochelle,USA,NY
8479368,Max Jones,20202021,ANA,L,1998-02-17,Rochester,USA,MI
8480031,Maxime Comtois,20202021,ANA,L,1999-01-08,Longueuil,CAN,QC
8475235,Nicolas Deslauriers,20202021,ANA,L,1991-02-22,LaSalle,CAN,QC
8476483,Rickard Rakell,20202021,ANA,L,1993-05-05,Sundbyberg,SWE,NA
8470612,Ryan Getzlaf,20202021,ANA,C,1985-05-10,Regina,CAN,SK
8468011,Ryan Miller,20202021,ANA,G,1980-07-17,East Lansing,USA,MI
8475842,Sam Carrick,20202021,ANA,C,1992-02-04,Markham,CAN,ON
8479351,Sam Steel,20202021,ANA,C,1998-02-03,Ardrossan,CAN,AB
8481122,Simon Benoit,20202021,ANA,D,1998-09-19,Laval,CAN,QC
8477947,Sonny Milano,20202021,ANA,L,1996-05-12,Massapequa,USA,NY
8481533,Trevor Zegras,20202021,ANA,C,2001-03-20,Bedford,USA,NY
8478873,Troy Terry,20202021,ANA,R,1997-09-10,Denver,USA,CO
8479968,Vinni Lettieri,20202021,ANA,C,1995-02-06,Excelsior,USA,MN
8474604,Aaron Ness,20202021,ARI,D,1990-05-18,Roseau,USA,MN
8478499,Adin Hill,20202021,ARI,G,1996-05-11,Comox,CAN,BC
8471274,Alex Goligoski,20202021,ARI,D,1985-07-30,Grand Rapids,USA,MN
8477293,Antti Raanta,20202021,ARI,G,1989-05-12,Rauma,FIN,NA
8480849,Barrett Hayton,20202021,ARI,C,2000-06-09,Peterborough,CAN,ON
8477989,Christian Dvorak,20202021,ARI,C,1996-02-02,Palos,USA,IL
8478432,Christian Fischer,20202021,ARI,R,1997-04-15,Chicago,USA,IL
8479343,Clayton Keller,20202021,ARI,R,1998-07-29,Chesterfield,USA,MO
8478856,Conor Garland,20202021,ARI,R,1996-03-11,Scituate,USA,MA
8475311,Darcy Kuemper,20202021,ARI,G,1990-05-05,Saskatoon,CAN,SK
8473544,Derick Brassard,20202021,ARI,C,1987-09-22,Hull,CAN,QC
8479465,Drake Caggiula,20202021,ARI,C,1994-06-20,Pickering,CAN,ON
8478211,Dryden Hunt,20202021,ARI,L,1995-11-24,Cranbrook,CAN,BC
8477512,Frederik Gauthier,20202021,ARI,C,1995-04-26,Laval,CAN,QC
8477392,Hudson Fasching,20202021,ARI,R,1995-07-28,Apple Valley,USA,MN
8480950,Ilya Lyubushkin,20202021,ARI,D,1994-04-06,Moscow,RUS,NA
8481031,Ivan Prosvetov,20202021,ARI,G,1999-03-05,Moscow,RUS,NA
8479345,Jakob Chychrun,20202021,ARI,D,1998-03-31,Boca Raton,USA,FL
8480890,Jan Jenik,20202021,ARI,R,2000-09-15,Nymburk,CZE,NA
8474218,Jason Demers,20202021,ARI,D,1988-06-09,Dorval,CAN,QC
8475728,Johan Larsson,20202021,ARI,L,1992-07-25,Lau,SWE,NA
8477401,John Hayden,20202021,ARI,C,1995-02-14,Chicago,USA,IL
8480913,Jordan Gross,20202021,ARI,D,1995-05-09,Maple Grove,USA,MN
8477851,Jordan Oesterle,20202021,ARI,D,1992-06-25,Dearborn Heights,USA,MI
8478476,Kyle Capobianco,20202021,ARI,D,1997-08-13,Mississauga,CAN,ON
8478967,Lane Pederson,20202021,ARI,C,1997-08-04,Saskatoon,CAN,SK
8478474,Lawson Crouse,20202021,ARI,L,1997-06-23,Mt. Brydges,CAN,ON
8478047,Michael Bunting,20202021,ARI,L,1995-09-17,Scarborough,CAN,ON
8475808,Michael Chaput,20202021,ARI,C,1992-04-09,Ile Bizard,CAN,QC
8477951,Nick Schmaltz,20202021,ARI,C,1996-02-23,Madison,USA,WI
8471769,Niklas Hjalmarsson,20202021,ARI,D,1987-06-06,Eksjo,SWE,NA
8475171,Oliver Ekman-Larsson,20202021,ARI,D,1991-07-17,Karlskrona,SWE,NA
8473548,Phil Kessel,20202021,ARI,R,1987-10-02,Madison,USA,WI
8475752,Tyler Pitlick,20202021,ARI,C,1991-11-01,Minneapolis,USA,MN
8481599,Victor Soderstrom,20202021,ARI,D,2001-02-26,Gavle,SWE,NA
8478075,Anders Bjork,20202021,BOS,L,1996-08-05,Mequon,USA,WI
8477320,Anton Blidh,20202021,BOS,L,1995-03-14,Molnlycke,SWE,NA
8473419,Brad Marchand,20202021,BOS,L,1988-05-11,Halifax,CAN,NS
8478443,Brandon Carlo,20202021,BOS,D,1996-11-26,Colorado Springs,USA,CO
8478888,Cameron Hughes,20202021,BOS,C,1996-10-09,Edmonton,CAN,AB
8475745,Charlie Coyle,20202021,BOS,C,1992-03-02,East Weymouth,USA,MA
8479325,Charlie McAvoy,20202021,BOS,D,1997-12-21,Long Beach,USA,NY
8475780,Chris Wagner,20202021,BOS,R,1991-05-27,Walpole,USA,MA
8477365,Connor Clifton,20202021,BOS,D,1995-04-28,Matawan,USA,NJ
8475225,Craig Smith,20202021,BOS,C,1989-09-05,Madison,USA,WI
8477508,Curtis Lazar,20202021,BOS,C,1995-02-02,Salmon Arm,CAN,BC
8478435,Dan Vladar,20202021,BOS,G,1997-08-20,Prague,CZE,NA
8471276,David Krejci,20202021,BOS,C,1986-04-28,Sternberk,CZE,NA
8477956,David Pastrnak,20202021,BOS,R,1996-05-25,Havirov,CZE,NA
8475735,Greg McKegg,20202021,BOS,C,1992-06-17,St. Thomas,CAN,ON
8482072,Jack Ahcan,20202021,BOS,D,1997-05-18,Savage,USA,MN
8480021,Jack Studnicka,20202021,BOS,C,1999-02-18,Windsor,CAN,ON
8478498,Jake DeBrusk,20202021,BOS,L,1996-10-17,Edmonton,CAN,AB
8478415,Jakub Zboril,20202021,BOS,D,1997-02-21,Brno,CZE,NA
8470860,Jaroslav Halak,20202021,BOS,G,1985-05-13,Bratislava,SVK,NA
8475797,Jarred Tinordi,20202021,BOS,D,1992-02-20,Millersville,USA,MD
8478468,Jeremy Lauzon,20202021,BOS,D,1997-04-28,Val-d'Or,CAN,QC
8480280,Jeremy Swayman,20202021,BOS,G,1998-11-24,Anchorage,USA,AK
8475186,John Moore,20202021,BOS,D,1990-11-19,Winnetka,USA,IL
8480901,Karson Kuhlman,20202021,BOS,C,1995-09-26,Esko,USA,MN
8476191,Kevan Miller,20202021,BOS,D,1987-11-15,Los Angeles,USA,CA
8476891,Matt Grzelcyk,20202021,BOS,D,1994-01-05,Charlestown,USA,MA
8476422,Mike Reilly,20202021,BOS,D,1993-07-13,Chicago,USA,IL
8477941,Nick Ritchie,20202021,BOS,L,1995-12-05,Orangeville,CAN,ON
8478131,Ondrej Kase,20202021,BOS,R,1995-11-08,Kadan,CZE,NA
8479546,Oskar Steen,20202021,BOS,C,1998-03-09,Karlstad,SWE,NA
8480944,Par Lindholm,20202021,BOS,C,1991-10-05,Kusmark,SWE,NA
8470638,Patrice Bergeron,20202021,BOS,C,1985-07-24,L'Ancienne-Lorette,CAN,QC
8476374,Sean Kuraly,20202021,BOS,C,1993-01-20,Niagara Falls,USA,NY
8474000,Steven Kampfer,20202021,BOS,D,1988-09-24,Ann Arbor,USA,MI
8475791,Taylor Hall,20202021,BOS,L,1991-11-14,Calgary,CAN,AB
8479365,Trent Frederic,20202021,BOS,C,1998-02-11,St. Louis,USA,MO
8471695,Tuukka Rask,20202021,BOS,G,1987-03-10,Savonlinna,FIN,NA
8480001,Urho Vaakanainen,20202021,BOS,D,1999-01-01,Joensuu,FIN,NA
8478485,Zach Senyshyn,20202021,BOS,R,1997-03-30,Ottawa,CAN,ON
8478075,Anders Bjork,20202021,BUF,L,1996-08-05,Mequon,USA,WI
8481626,Arttu Ruotsalainen,20202021,BUF,C,1997-10-29,Oulu,FIN,NA
8475869,Brandon Davidson,20202021,BUF,D,1991-08-21,Taber,CAN,AB
8477986,Brandon Montour,20202021,BUF,D,1994-04-11,Brantford,CAN,ON
8479419,Brett Murray,20202021,BUF,L,1998-07-20,Bolton,CAN,ON
8480083,C.J. Smith,20202021,BUF,L,1994-12-01,Des Moines,USA,IA
8475622,Carter Hutton,20202021,BUF,G,1985-12-19,Thunder Bay,CAN,ON
8479999,Casey Mittelstadt,20202021,BUF,C,1998-11-22,Eden Prairie,USA,MN
8475236,Cody Eakin,20202021,BUF,C,1991-05-24,Winnipeg,CAN,MB
8476525,Colin Miller,20202021,BUF,D,1992-10-29,Sault Ste. Marie,CAN,ON
8477508,Curtis Lazar,20202021,BUF,C,1995-02-02,Salmon Arm,CAN,BC
8479465,Drake Caggiula,20202021,BUF,C,1994-06-20,Pickering,CAN,ON
8474682,Dustin Tokarski,20202021,BUF,G,1989-09-16,Watson,CAN,SK
8481528,Dylan Cozens,20202021,BUF,C,2001-02-09,Whitehorse,CAN,YT
8470595,Eric Staal,20202021,BUF,C,1984-10-29,Thunder Bay,CAN,ON
8480035,Henri Jokiharju,20202021,BUF,D,1999-06-17,Oulu,FIN,NA
8478403,Jack Eichel,20202021,BUF,C,1996-10-28,North Chelmsford,USA,MA
8480196,Jacob Bryson,20202021,BUF,D,1997-11-18,London,CAN,ON
8476931,Jake McCabe,20202021,BUF,D,1993-10-12,Eau Claire,USA,WI
8477520,Jean-Sebastien Dea,20202021,BUF,C,1994-02-08,Laval,CAN,QC
8475784,Jeff Skinner,20202021,BUF,L,1992-05-16,Toronto,CAN,ON
8477992,Jonas Johansson,20202021,BUF,G,1995-09-19,Gavle,SWE,NA
8473449,Kyle Okposo,20202021,BUF,R,1988-04-16,St. Paul,USA,MN
8476999,Linus Ullmark,20202021,BUF,G,1993-07-31,Lugnvik,SWE,NA
8475625,Matt Irwin,20202021,BUF,D,1987-11-29,Victoria,CAN,BC
8480807,Mattias Samuelsson,20202021,BUF,D,2000-03-14,Philadelphia,USA,PA
8475920,Michael Houser,20202021,BUF,G,1992-09-13,Youngstown,USA,OH
8479335,Rasmus Asplund,20202021,BUF,C,1997-12-03,Filipstad,SWE,NA
8480839,Rasmus Dahlin,20202021,BUF,D,2000-04-13,Lidkoping,SWE,NA
8477499,Rasmus Ristolainen,20202021,BUF,D,1994-10-27,Turku,FIN,NA
8475772,Riley Sheahan,20202021,BUF,C,1991-12-07,St. Catharines,CAN,ON
8477933,Sam Reinhart,20202021,BUF,R,1995-11-06,West Vancouver,CAN,BC
8476396,Steven Fogarty,20202021,BUF,C,1993-04-19,Chambersburg,USA,PA
8479420,Tage Thompson,20202021,BUF,C,1997-10-30,Phoenix,USA,AZ
8475791,Taylor Hall,20202021,BUF,L,1991-11-14,Calgary,CAN,AB
8476356,Tobias Rieder,20202021,BUF,L,1993-01-10,Landshut,DEU,NA
8480045,Ukko-Pekka Luukkonen,20202021,BUF,G,1999-03-09,Espoo,FIN,NA
8478109,Victor Olofsson,20202021,BUF,L,1995-07-18,Ornskoldsvik,SWE,NA
8478840,Will Borgen,20202021,BUF,D,1996-12-19,Moorhead,USA,MN
8477968,Alex Nedeljkovic,20202021,CAR,G,1996-01-07,Parma,USA,OH
8480830,Andrei Svechnikov,20202021,CAR,R,2000-03-26,Barnaul,RUS,NA
8476869,Brady Skjei,20202021,CAR,D,1994-03-26,Lakeville,USA,MN
8477488,Brett Pesce,20202021,CAR,D,1994-11-15,Tarrytown,USA,NY
8476934,Brock McGinn,20202021,CAR,L,1994-02-02,Fergus,CAN,ON
8476975,Cedric Paquette,20202021,CAR,C,1993-08-13,Gaspe,CAN,QC
8476462,Dougie Hamilton,20202021,CAR,D,1993-06-17,Toronto,CAN,ON
8475213,Drew Shore,20202021,CAR,C,1991-01-29,Denver,USA,CO
8477938,Haydn Fleury,20202021,CAR,D,1996-07-08,Carlyle,CAN,SK
8476958,Jaccob Slavin,20202021,CAR,D,1994-05-01,Denver,USA,CO
8479402,Jake Bean,20202021,CAR,D,1998-06-09,Calgary,CAN,AB
8474581,Jake Gardiner,20202021,CAR,D,1990-07-04,Minnetonka,USA,MN
8473503,James Reimer,20202021,CAR,G,1988-03-15,Morweena,CAN,MB
8475825,Jani Hakanpää,20202021,CAR,D,1992-03-31,Kirkkonummi,FIN,NA
8475855,Jesper Fast,20202021,CAR,R,1991-12-02,Nassjo,SWE,NA
8477046,Joakim Ryan,20202021,CAR,D,1993-06-17,Rumson,USA,NJ
8480466,Joey Keane,20202021,CAR,D,1999-07-02,Chicago,USA,IL
8476921,Jordan Martinook,20202021,CAR,L,1992-07-25,Brandon,CAN,MB
8473533,Jordan Staal,20202021,CAR,C,1988-09-10,Thunder Bay,CAN,ON
8480039,Martin Necas,20202021,CAR,C,1999-01-15,Nove Mesto na Morave,CZE,NA
8476323,Max McCormick,20202021,CAR,L,1992-05-01,De Pere,USA,WI
8479320,Maxime Lajoie,20202021,CAR,D,1997-11-05,Quebec City,CAN,QC
8479987,Morgan Geekie,20202021,CAR,C,1998-07-20,Strathclair,CAN,MB
8475799,Nino Niederreiter,20202021,CAR,R,1992-09-08,Chur,CHE,NA
8475852,Petr Mrazek,20202021,CAR,G,1992-02-14,Ostrava,CZE,NA
8476288,Ryan Dzingel,20202021,CAR,C,1992-03-09,Wheaton,USA,IL
8478427,Sebastian Aho,20202021,CAR,C,1997-07-26,Rauma,FIN,NA
8480776,Sheldon Rempal,20202021,CAR,R,1995-08-07,Calgary,CAN,AB
8478904,Steven Lorentz,20202021,CAR,C,1996-04-13,Kitchener,CAN,ON
8476882,Teuvo Teravainen,20202021,CAR,L,1994-09-11,Helsinki,FIN,NA
8476389,Vincent Trocheck,20202021,CAR,C,1993-07-11,Pittsburgh,USA,PA
8477998,Warren Foegele,20202021,CAR,L,1996-04-01,Markham,CAN,ON
8480074,Alexandre Texier,20202021,CBJ,C,1999-09-13,Saint-Martin-d'Hères,FRA,NA
8479369,Andrew Peeke,20202021,CBJ,D,1998-03-17,Parkland,USA,FL
8476432,Boone Jenner,20202021,CBJ,C,1993-06-15,Dorchester,CAN,ON
8474715,Cam Atkinson,20202021,CBJ,R,1989-06-05,Riverside,USA,CT
8475233,David Savard,20202021,CBJ,D,1990-10-22,St-Hyacinthe,CAN,QC
8478567,Dean Kukan,20202021,CBJ,D,1993-07-08,Volketswil,CHE,NA
8478007,Elvis Merzlikins,20202021,CBJ,G,1994-04-13,Riga,LVA,NA
8480205,Emil Bemstrom,20202021,CBJ,R,1999-06-01,Nykoping,SWE,NA
8480762,Eric Robinson,20202021,CBJ,L,1995-06-14,Bellmawr,USA,NJ
8478506,Gabriel Carlsson,20202021,CBJ,D,1997-01-02,Orebro,SWE,NA
8479945,Gavin Bayreuther,20202021,CBJ,D,1994-05-12,Canaan,USA,NH
8478458,Jack Roslovic,20202021,CBJ,C,1997-01-29,Columbus,USA,OH
8476914,Joonas Korpisalo,20202021,CBJ,G,1994-04-28,Pori,FIN,NA
8482623,Josh Dunne,20202021,CBJ,C,1998-12-08,O'Fallon,USA,MO
8478831,Kevin Stenlund,20202021,CBJ,C,1996-09-20,Stockholm,SWE,NA
8478949,Kole Sherwood,20202021,CBJ,R,1997-01-22,Columbus,USA,OH
8480853,Liam Foudy,20202021,CBJ,C,2000-02-04,Scarborough,CAN,ON
8480162,Matiss Kivlenieks,20202021,CBJ,G,1996-08-26,Riga,LVA,NA
8477503,Max Domi,20202021,CBJ,C,1995-03-02,Winnipeg,CAN,MB
8474584,Michael Del Zotto,20202021,CBJ,D,1990-06-24,Stouffville,CAN,ON
8476888,Mikhail Grigorenko,20202021,CBJ,C,1994-05-16,Khabarovsk,RUS,NA
8469459,Mikko Koivu,20202021,CBJ,C,1983-03-12,Turku,FIN,NA
8482247,Mikko Lehtonen,20202021,CBJ,D,1994-01-16,Turku,FIN,NA
8471804,Nathan Gerbe,20202021,CBJ,C,1987-07-24,Oxford,USA,MI
8473422,Nick Foligno,20202021,CBJ,L,1987-10-31,Buffalo,USA,NY
8477416,Oliver Bjorkstrand,20202021,CBJ,R,1995-04-10,Herning,DNK,NA
8479339,Patrik Laine,20202021,CBJ,L,1998-04-19,Tampere,FIN,NA
8479400,Pierre-Luc Dubois,20202021,CBJ,C,1998-06-24,Ste-Agathe-des-Monts,CAN,QC
8474062,Riley Nash,20202021,CBJ,C,1989-05-09,Consort,CAN,AB
8477974,Ryan MacInnis,20202021,CBJ,C,1996-02-14,St. Louis,USA,MO
8476449,Scott Harrington,20202021,CBJ,D,1993-03-10,Kingston,CAN,ON
8477495,Seth Jones,20202021,CBJ,D,1994-10-03,Arlington,USA,TX
8476870,Stefan Matteau,20202021,CBJ,C,1994-02-23,Chicago,USA,IL
8481001,Veini Vehvilainen,20202021,CBJ,G,1997-02-13,Jyväskylä,FIN,NA
8478882,Vladislav Gavrikov,20202021,CBJ,D,1995-11-21,Yaroslavl,RUS,NA
8474610,Zac Dalpe,20202021,CBJ,C,1989-11-01,Paris,CAN,ON
8478460,Zach Werenski,20202021,CBJ,D,1997-07-19,Grosse Pointe,USA,MI
8480008,Adam Ruzicka,20202021,CGY,C,1999-05-11,Bratislava,SVK,NA
8478233,Andrew Mangiapane,20202021,CGY,L,1996-04-04,Toronto,CAN,ON
8481501,Artyom Zagidulin,20202021,CGY,G,1995-08-08,Magnitogorsk,RUS,NA
8476439,Brett Ritchie,20202021,CGY,R,1993-07-01,Orangeville,CAN,ON
8477210,Buddy Robinson,20202021,CGY,R,1991-09-30,Bellmawr,USA,NJ
8475278,Byron Froese,20202021,CGY,C,1991-03-12,Winkler,CAN,MB
8475690,Chris Tanev,20202021,CGY,D,1989-12-20,Toronto,CAN,ON
8482067,Connor Mackey,20202021,CGY,D,1996-09-12,Tower Lake,USA,IL
8479496,David Rittich,20202021,CGY,G,1992-08-19,Jihlava,CZE,NA
8478585,Derek Ryan,20202021,CGY,C,1986-12-29,Spokane,USA,WA
8479346,Dillon Dube,20202021,CGY,C,1998-07-20,Golden,CAN,BC
8478866,Dominik Simon,20202021,CGY,C,1994-08-08,Prague,CZE,NA
8477496,Elias Lindholm,20202021,CGY,C,1994-12-02,Boden,SWE,NA
8478446,Glenn Gawdin,20202021,CGY,C,1997-03-25,Richmond,CAN,BC
8474593,Jacob Markstrom,20202021,CGY,G,1990-01-31,Gavle,SWE,NA
8475807,Joakim Nordstrom,20202021,CGY,C,1992-02-25,Stockholm,SWE,NA
8476346,Johnny Gaudreau,20202021,CGY,L,1993-08-13,Salem,USA,NJ
8476410,Josh Leivo,20202021,CGY,L,1993-05-26,Innisfil,CAN,ON
8479976,Juuso Valimaki,20202021,CGY,D,1998-10-06,Tampere,FIN,NA
8475839,Louis Domingue,20202021,CGY,G,1992-03-06,St-Hyacinthe,CAN,QC
8470966,Mark Giordano,20202021,CGY,D,1983-10-03,Toronto,CAN,ON
8479547,Matthew Phillips,20202021,CGY,C,1998-04-06,Calgary,CAN,AB
8479314,Matthew Tkachuk,20202021,CGY,L,1997-12-11,Scottsdale,USA,AZ
8474628,Michael Stone,20202021,CGY,D,1990-06-07,Winnipeg,CAN,MB
8474150,Mikael Backlund,20202021,CGY,C,1989-03-17,Vasteras,SWE,NA
8473473,Milan Lucic,20202021,CGY,L,1988-06-07,Vancouver,CAN,BC
8476300,Nikita Nesterov,20202021,CGY,D,1993-03-28,Chelyabinsk,RUS,NA
8478396,Noah Hanifin,20202021,CGY,D,1997-01-25,Boston,USA,MA
8478430,Oliver Kylington,20202021,CGY,D,1997-05-19,Stockholm,SWE,NA
8478397,Rasmus Andersson,20202021,CGY,D,1996-10-27,Malmo,SWE,NA
8477935,Sam Bennett,20202021,CGY,C,1996-06-20,Holland Landing,CAN,ON
8477497,Sean Monahan,20202021,CGY,C,1994-10-12,Brampton,CAN,ON
8474736,Zac Rinaldo,20202021,CGY,C,1990-06-15,Mississauga,CAN,ON
8480871,Adam Boqvist,20202021,CHI,D,2000-08-15,Falun,SWE,NA
8478874,Adam Gaudette,20202021,CHI,C,1996-10-03,Braintree,USA,MA
8480831,Alec Regula,20202021,CHI,D,2000-08-06,West Bloomfield,USA,MI
8479337,Alex DeBrincat,20202021,CHI,L,1997-12-18,Farmington Hills,USA,MI
8476381,Andrew Shaw,20202021,CHI,R,1991-07-20,Belleville,CAN,ON
8479542,Brandon Hagel,20202021,CHI,L,1998-08-27,Saskatoon,CAN,SK
8475204,Brandon Pirri,20202021,CHI,C,1991-04-10,Toronto,CAN,ON
8475792,Brett Connolly,20202021,CHI,R,1992-05-02,Campbell River,CAN,BC
8475177,Calvin de Haan,20202021,CHI,D,1991-05-09,Carp,CAN,ON
8471262,Carl Soderberg,20202021,CHI,C,1985-10-12,Malmo,SWE,NA
8480420,Collin Delia,20202021,CHI,G,1994-06-20,Rancho Cucamonga,USA,CA
8476473,Connor Murphy,20202021,CHI,D,1993-03-26,Dublin,USA,OH
8480144,David Kampf,20202021,CHI,C,1995-01-12,Chomutov,CZE,NA
8477330,Dominik Kubalik,20202021,CHI,L,1995-08-21,Plzen,CZE,NA
8470281,Duncan Keith,20202021,CHI,D,1983-07-16,Winnipeg,CAN,MB
8478440,Dylan Strome,20202021,CHI,C,1997-03-07,Mississauga,CAN,ON
8480070,Ian Mitchell,20202021,CHI,D,1999-01-18,St. Albert,CAN,AB
8480947,Kevin Lankinen,20202021,CHI,G,1995-04-28,Helsinki,FIN,NA
8481523,Kirby Dach,20202021,CHI,C,2001-01-21,Fort Saskatchewan,CAN,AB
8479523,Lucas Carlsson,20202021,CHI,D,1997-07-05,Gavle,SWE,NA
8478027,Lucas Wallmark,20202021,CHI,C,1995-09-05,Umea,SWE,NA
8480025,MacKenzie Entwistle,20202021,CHI,R,1999-07-14,Georgetown,CAN,ON
8477474,Madison Bowey,20202021,CHI,D,1995-04-22,Winnipeg,CAN,MB
8476876,Malcolm Subban,20202021,CHI,G,1993-12-21,Toronto,CAN,ON
8478146,Matthew Highmore,20202021,CHI,C,1996-02-27,Halifax,CAN,NS
8477406,Mattias Janmark,20202021,CHI,C,1992-12-08,Danderyd,SWE,NA
8482635,Mike Hardman,20202021,CHI,L,1999-02-05,Hanover,USA,MA
8480814,Nicolas Beaudin,20202021,CHI,D,1999-10-07,Chateauguay,CAN,QC
8477507,Nikita Zadorov,20202021,CHI,D,1995-04-16,Moscow,RUS,NA
8474141,Patrick Kane,20202021,CHI,R,1988-11-19,Buffalo,USA,NY
8480798,Philipp Kurashev,20202021,CHI,C,1999-10-12,Munsingen,CHE,NA
8480459,Pius Suter,20202021,CHI,C,1996-05-24,Zurich,CHE,NA
8481147,Reese Johnson,20202021,CHI,C,1998-07-10,Regina,CAN,SK
8479388,Riley Stillman,20202021,CHI,D,1998-03-09,Peterborough,CAN,ON
8477846,Ryan Carpenter,20202021,CHI,C,1991-01-18,Oviedo,USA,FL
8476994,Vinnie Hinostroza,20202021,CHI,L,1994-04-03,Chicago,USA,IL
8480293,Wyatt Kalynuk,20202021,CHI,D,1997-04-14,Brandon,CAN,MB
8481618,Alex Newhook,20202021,COL,C,2001-01-28,St. John's,CAN,NL
8477444,Andre Burakovsky,20202021,COL,L,1995-02-09,Klagenfurt,AUT,NA
8481524,Bowen Byram,20202021,COL,D,2001-06-13,Cranbrook,CAN,BC
8476438,Brandon Saad,20202021,COL,L,1992-10-27,Pittsburgh,USA,PA
8480069,Cale Makar,20202021,COL,D,1998-10-30,Calgary,CAN,AB
8471262,Carl Soderberg,20202021,COL,C,1985-10-12,Malmo,SWE,NA
8479982,Conor Timmins,20202021,COL,D,1998-09-18,St. Catharines,CAN,ON
8479252,Dan Renouf,20202021,COL,D,1994-06-01,Pickering,CAN,ON
8478502,Dennis Gilbert,20202021,COL,D,1996-10-30,Buffalo,USA,NY
8471227,Devan Dubnyk,20202021,COL,G,1986-05-04,Regina,CAN,SK
8478038,Devon Toews,20202021,COL,D,1994-02-21,Abbotsford,CAN,BC
8473446,Erik Johnson,20202021,COL,D,1988-03-21,Bloomington,USA,MN
8476455,Gabriel Landeskog,20202021,COL,L,1992-11-23,Stockholm,SWE,NA
8474688,Greg Pateryn,20202021,COL,D,1990-06-20,Sterling Heights,USA,MI
8480112,Hunter Miska,20202021,COL,G,1995-07-07,North Branch,USA,MN
8474013,Ian Cole,20202021,COL,D,1989-02-21,Ann Arbor,USA,MI
8477456,J.T. Compher,20202021,COL,C,1995-04-08,Northbrook,USA,IL
8479439,Jacob MacDonald,20202021,COL,D,1993-02-26,Portland,USA,OR
8477126,Jayson Megna,20202021,COL,C,1990-02-01,Fort Lauderdale,USA,FL
8477992,Jonas Johansson,20202021,COL,G,1995-09-19,Gavle,SWE,NA
8475820,Joonas Donskoi,20202021,COL,R,1992-04-13,Raahe,FIN,NA
8479387,Keaton Middleton,20202021,COL,D,1998-02-10,Edmonton,CAN,AB
8480748,Kiefer Sherwood,20202021,COL,L,1995-03-31,Columbus,USA,OH
8477335,Kyle Burroughs,20202021,COL,D,1995-07-12,Vancouver,CAN,BC
8477070,Liam O'Brien,20202021,COL,C,1994-07-29,Halifax,CAN,NS
8481186,Logan O'Connor,20202021,COL,R,1996-08-14,Missouri City,USA,TX
8480822,Martin Kaut,20202021,COL,R,1999-10-02,Brno,CZE,NA
8474685,Matt Calvert,20202021,COL,L,1989-12-24,Brandon,CAN,MB
8478420,Mikko Rantanen,20202021,COL,R,1996-10-29,Nousiainen,FIN,NA
8477492,Nathan MacKinnon,20202021,COL,C,1995-09-01,Halifax,CAN,NS
8475172,Nazem Kadri,20202021,COL,C,1990-10-06,London,CAN,ON
8475747,Patrik Nemeth,20202021,COL,D,1992-02-08,Stockholm,SWE,NA
8475831,Philipp Grubauer,20202021,COL,G,1991-11-25,Rosenheim,DEU,NA
8477930,Pierre-Edouard Bellemare,20202021,COL,C,1985-03-06,Le Blanc-Mesnil,FRA,NA
8477435,Ryan Graves,20202021,COL,D,1995-05-21,Yarmouth,CAN,NS
8480846,Sampo Ranta,20202021,COL,L,2000-05-31,Naantali,FIN,NA
8479398,Samuel Girard,20202021,COL,D,1998-05-12,Roberval,CAN,QC
8480326,Sheldon Dries,20202021,COL,C,1994-04-23,Macomb,USA,MI
8479370,Tyson Jost,20202021,COL,C,1998-03-14,St. Albert,CAN,AB
8477501,Valeri Nichushkin,20202021,COL,R,1995-03-04,Chelyabinsk,RUS,NA
8471228,Alexander Radulov,20202021,DAL,R,1986-07-05,Nizhny Tagil,RUS,NA
8471284,Andrej Sekera,20202021,DAL,D,1986-06-08,Bojnice,SVK,NA
8471699,Andrew Cogliano,20202021,DAL,C,1987-06-14,Toronto,CAN,ON
8471418,Anton Khudobin,20202021,DAL,G,1986-05-07,Ust-Kamenogorsk,KAZ,NA
8471260,Blake Comeau,20202021,DAL,L,1986-02-18,Meadow Lake,CAN,SK
8478495,Denis Gurianov,20202021,DAL,R,1997-06-07,Togliatti,RUS,NA
8476902,Esa Lindell,20202021,DAL,D,1994-05-23,Vantaa,FIN,NA
8479979,Jake Oettinger,20202021,DAL,G,1998-12-18,Lakeville,USA,MN
8473994,Jamie Benn,20202021,DAL,L,1989-07-18,Victoria,CAN,BC
8476467,Jamie Oleksiak,20202021,DAL,D,1992-12-21,Toronto,CAN,ON
8477450,Jason Dickinson,20202021,DAL,C,1995-07-04,Georgetown,CAN,ON
8480027,Jason Robertson,20202021,DAL,L,1999-07-22,Arcadia,USA,CA
8470794,Joe Pavelski,20202021,DAL,C,1984-07-11,Plover,USA,WI
8477810,Joel Hanley,20202021,DAL,D,1991-06-08,Keswick,CAN,ON
8481641,Joel Kiviranta,20202021,DAL,L,1996-03-23,Vantaa,FIN,NA
8480769,Joel L'Esperance,20202021,DAL,R,1995-08-18,Brighton,USA,MI
8475906,John Klingberg,20202021,DAL,D,1992-08-14,Gothenburg,SWE,NA
8475413,Justin Dowling,20202021,DAL,C,1990-10-01,Calgary,CAN,AB
8475796,Mark Pysyk,20202021,DAL,D,1992-01-11,Sherwood Park,CAN,AB
8480036,Miro Heiskanen,20202021,DAL,D,1999-07-18,Espoo,FIN,NA
8479381,Nick Caamano,20202021,DAL,R,1998-09-07,Ancaster,CAN,ON
8476889,Radek Faksa,20202021,DAL,C,1994-01-09,Vitkov,CZE,NA
8479587,Rhett Gardner,20202021,DAL,C,1996-02-28,Moose Jaw,CAN,SK
8478449,Roope Hintz,20202021,DAL,C,1996-11-17,Tampere,FIN,NA
8475222,Sami Vatanen,20202021,DAL,D,1991-06-03,Jyväskylä,FIN,NA
8478528,Tanner Kero,20202021,DAL,C,1992-07-24,Hancock,USA,MI
8480848,Ty Dellandrea,20202021,DAL,C,2000-07-21,Port Perry,CAN,ON
8475794,Tyler Seguin,20202021,DAL,C,1992-01-31,Brampton,CAN,ON
8477454,Adam Erne,20202021,DET,L,1995-04-20,New Haven,USA,CT
8473415,Alex Biega,20202021,DET,D,1988-04-04,Montréal,CAN,QC
8477511,Anthony Mantha,20202021,DET,R,1994-09-16,Longueuil,CAN,QC
8471676,Bobby Ryan,20202021,DET,R,1987-03-17,Cherry Hill,USA,NJ
8475717,Calvin Pickard,20202021,DET,G,1992-04-15,Moncton,CAN,NB
8477043,Christian Djoos,20202021,DET,D,1994-08-06,Gothenburg,SWE,NA
8477215,Danny DeKeyser,20202021,DET,D,1990-03-07,Detroit,USA,MI
8471794,Darren Helm,20202021,DET,L,1987-01-21,St. Andrews,CAN,MB
8479395,Dennis Cholowski,20202021,DET,D,1998-02-15,Langley,CAN,BC
8477946,Dylan Larkin,20202021,DET,C,1996-07-30,Waterford,USA,MI
8478431,Evgeny Svechnikov,20202021,DET,R,1996-10-31,Yuzhno-Sakhalinsk,RUS,NA
8479425,Filip Hronek,20202021,DET,D,1997-11-02,Hradec Kralove,CZE,NA
8480821,Filip Zadina,20202021,DET,R,1999-11-27,Pardubice,CZE,NA
8470144,Frans Nielsen,20202021,DET,C,1984-04-24,Herning,DNK,NA
8479379,Givani Smith,20202021,DET,R,1998-02-27,Toronto,CAN,ON
8480184,Gustav Lindstrom,20202021,DET,D,1998-10-20,Ostervala,SWE,NA
8477944,Jakub Vrana,20202021,DET,L,1996-02-28,Prague,CZE,NA
8480813,Joe Veleno,20202021,DET,C,2000-01-13,Montréal,CAN,QC
8475750,Jon Merrill,20202021,DET,D,1992-02-03,Oklahoma City,USA,OK
8473541,Jonathan Bernier,20202021,DET,G,1988-08-07,Laval,CAN,QC
8476822,Luke Glendening,20202021,DET,C,1989-04-28,Grand Rapids,USA,MI
8471686,Marc Staal,20202021,DET,D,1987-01-13,Thunder Bay,CAN,ON
8482240,Mathias Brome,20202021,DET,L,1994-07-29,Orby,SWE,NA
8479992,Michael Rasmussen,20202021,DET,C,1999-04-17,Surrey,CAN,BC
8475747,Patrik Nemeth,20202021,DET,D,1992-02-08,Stockholm,SWE,NA
8475209,Richard Panik,20202021,DET,R,1991-02-07,Martin,SVK,NA
8477952,Robby Fabbri,20202021,DET,C,1996-01-22,Mississauga,CAN,ON
8474040,Sam Gagner,20202021,DET,C,1989-08-10,London,CAN,ON
8481433,Taro Hirose,20202021,DET,L,1996-06-30,Calgary,CAN,AB
8471306,Thomas Greiss,20202021,DET,G,1986-01-29,Fussen,DEU,NA
8479442,Troy Stecher,20202021,DET,D,1994-04-07,Richmond,CAN,BC
8477479,Tyler Bertuzzi,20202021,DET,L,1995-02-24,Sudbury,CAN,ON
8470047,Valtteri Filppula,20202021,DET,C,1984-03-20,Vantaa,FIN,NA
8476480,Vladislav Namestnikov,20202021,DET,C,1992-11-22,Zhukovskiy,RUS,NA
8476457,Adam Larsson,20202021,EDM,D,1992-11-12,Skelleftea,SWE,NA
8475163,Alex Chiasson,20202021,EDM,R,1990-10-01,Montréal,CAN,QC
8478452,Caleb Jones,20202021,EDM,D,1997-06-06,Arlington,USA,TX
8478402,Connor McDavid,20202021,EDM,C,1997-01-13,Richmond Hill,CAN,ON
8477498,Darnell Nurse,20202021,EDM,D,1995-02-04,Hamilton,CAN,ON
8476913,Devin Shore,20202021,EDM,C,1994-07-19,Ajax,CAN,ON
8475179,Dmitry Kulikov,20202021,EDM,D,1990-10-29,Lipetsk,RUS,NA
8480946,Dominik Kahun,20202021,EDM,C,1995-07-02,Plana,CZE,NA
8478451,Ethan Bear,20202021,EDM,D,1997-06-26,Regina,CAN,SK
8480803,Evan Bouchard,20202021,EDM,D,1999-10-20,Oakville,CAN,ON
8481813,Gaetan Haas,20202021,EDM,C,1992-01-31,Biel-Bienne,CHE,NA
8471707,James Neal,20202021,EDM,L,1987-09-03,Whitby,CAN,ON
8479344,Jesse Puljujarvi,20202021,EDM,R,1998-05-07,Alvkarleby,SWE,NA
8481638,Joakim Nygard,20202021,EDM,L,1993-01-08,Stockholm,SWE,NA
8476326,Josh Archibald,20202021,EDM,R,1992-10-06,Regina,CAN,SK
8476915,Jujhar Khaira,20202021,EDM,L,1994-08-13,Surrey,CAN,BC
8479977,Kailer Yamamoto,20202021,EDM,R,1998-09-29,Spokane,USA,WA
8471729,Kris Russell,20202021,EDM,D,1987-05-02,Caroline,CAN,AB
8474068,Kyle Turris,20202021,EDM,C,1989-08-14,New Westminster,CAN,BC
8477934,Leon Draisaitl,20202021,EDM,C,1995-10-27,Cologne,DEU,NA
8469608,Mike Smith,20202021,EDM,G,1982-03-22,Kingston,CAN,ON
8475156,Mikko Koskinen,20202021,EDM,G,1988-07-18,Vantaa,FIN,NA
8479466,Patrick Russell,20202021,EDM,R,1993-01-04,Holte,DNK,NA
8480802,Ryan McLeod,20202021,EDM,C,1999-09-21,Mississauga,CAN,ON
8476454,Ryan Nugent-Hopkins,20202021,EDM,C,1993-04-12,Burnaby,CAN,BC
8476886,Slater Koekkoek,20202021,EDM,D,1994-02-18,Winchester,CAN,ON
8479973,Stuart Skinner,20202021,EDM,G,1998-11-01,Edmonton,CAN,AB
8474589,Tyler Ennis,20202021,EDM,C,1989-10-06,Edmonton,CAN,AB
8475197,Tyson Barrie,20202021,EDM,D,1991-07-26,Victoria,CAN,BC
8478021,William Lagesson,20202021,EDM,D,1996-02-22,Gothenburg,SWE,NA
8475178,Zack Kassian,20202021,EDM,R,1991-01-24,Windsor,CAN,ON
8477932,Aaron Ekblad,20202021,FLA,D,1996-02-07,Windsor,CAN,ON
8477493,Aleksander Barkov,20202021,FLA,C,1995-09-02,Tampere,FIN,NA
8480037,Aleksi Heponiemi,20202021,FLA,C,1999-01-09,Tampere,FIN,NA
8477505,Alexander Wennberg,20202021,FLA,C,1994-09-22,Stockholm,SWE,NA
8477407,Anthony Duclair,20202021,FLA,L,1995-08-26,Pointe-Claire,CAN,QC
8471873,Anton Stralman,20202021,FLA,D,1986-08-01,Tibro,SWE,NA
8481442,Brady Keeper,20202021,FLA,D,1996-06-05,Cross Lake,CAN,MB
8477986,Brandon Montour,20202021,FLA,D,1994-04-11,Brantford,CAN,ON
8475792,Brett Connolly,20202021,FLA,R,1992-05-02,Campbell River,CAN,BC
8477409,Carter Verhaeghe,20202021,FLA,C,1995-08-14,Toronto,CAN,ON
8476904,Chris Driedger,20202021,FLA,G,1994-05-18,Winnipeg,CAN,MB
8480185,Eetu Luostarinen,20202021,FLA,C,1998-09-02,Siilinjarvi,FIN,NA
8478366,Frank Vatrano,20202021,FLA,C,1994-03-14,East Longmeadow,USA,MA
8480844,Grigori Denisenko,20202021,FLA,L,2000-06-24,Novosibirsk,RUS,NA
8478055,Gustav Forsling,20202021,FLA,D,1996-06-12,Linkoping,SWE,NA
8476456,Jonathan Huberdeau,20202021,FLA,L,1993-06-04,Saint-Jerome,CAN,QC
8477996,Juho Lammikko,20202021,FLA,C,1996-01-29,Noormarkku,FIN,NA
8471735,Keith Yandle,20202021,FLA,D,1986-09-09,Boston,USA,MA
8475246,Kevin Connauton,20202021,FLA,D,1990-02-23,Edmonton,CAN,AB
8478027,Lucas Wallmark,20202021,FLA,C,1995-09-05,Umea,SWE,NA
8477346,MacKenzie Weegar,20202021,FLA,D,1994-01-07,Ottawa,CAN,ON
8478906,Markus Nutivaara,20202021,FLA,D,1994-06-06,Oulu,FIN,NA
8478975,Mason Marchment,20202021,FLA,L,1995-06-18,Uxbridge,CAN,ON
8482641,Matt Kiersted,20202021,FLA,D,1998-04-14,Elk River,USA,MN
8477038,Nikita Gusev,20202021,FLA,L,1992-07-08,Moscow,RUS,NA
8478454,Noah Juulsen,20202021,FLA,D,1997-04-02,Surrey,CAN,BC
8478569,Noel Acciari,20202021,FLA,C,1991-12-01,Johnston,USA,RI
8480015,Owen Tippett,20202021,FLA,R,1999-02-16,Peterborough,CAN,ON
8471887,Patric Hornqvist,20202021,FLA,R,1987-01-01,Sollentuna,SWE,NA
8475462,Radko Gudas,20202021,FLA,D,1990-06-05,Prague,CZE,NA
8479388,Riley Stillman,20202021,FLA,D,1998-03-09,Peterborough,CAN,ON
8479066,Ryan Lomberg,20202021,FLA,L,1994-12-09,Richmond Hill,CAN,ON
8477935,Sam Bennett,20202021,FLA,C,1996-06-20,Holland Landing,CAN,ON
8475683,Sergei Bobrovsky,20202021,FLA,G,1988-09-20,Novokuznetsk,RUS,NA
8481519,Spencer Knight,20202021,FLA,G,2001-04-19,Darien,USA,CT
8476994,Vinnie Hinostroza,20202021,FLA,C,1994-04-03,Chicago,USA,IL
8477960,Adrian Kempe,20202021,LAK,R,1996-09-13,Kramfors,SWE,NA
8480113,Alex Iafallo,20202021,LAK,L,1993-12-21,Eden,USA,NY
8476960,Andreas Athanasiou,20202021,LAK,C,1994-08-06,Woodbridge,CAN,ON
8471685,Anze Kopitar,20202021,LAK,C,1987-08-24,Jesenice,SVN,NA
8481560,Arthur Kaliyev,20202021,LAK,R,2001-06-26,Tashkent,UZB,NA
8480467,Austin Strand,20202021,LAK,D,1997-02-17,Calgary,CAN,AB
8478455,Austin Wagner,20202021,LAK,L,1997-06-23,Calgary,CAN,AB
8481481,Blake Lizotte,20202021,LAK,C,1997-12-13,Lindstrom,USA,MN
8477962,Brendan Lemieux,20202021,LAK,L,1996-03-15,Denver,USA,CO
8477361,Cal Petersen,20202021,LAK,G,1994-10-19,Waterloo,USA,IA
8479336,Carl Grundstrom,20202021,LAK,R,1997-12-01,Umea,SWE,NA
8478846,Christian Wolanin,20202021,LAK,D,1995-03-17,Quebec City,CAN,QC
8480221,Drake Rymsha,20202021,LAK,C,1998-08-06,Huntington Woods,USA,MI
8474563,Drew Doughty,20202021,LAK,D,1989-12-08,London,CAN,ON
8470606,Dustin Brown,20202021,LAK,R,1984-11-04,Ithaca,USA,NY
8480014,Gabriel Vilardi,20202021,LAK,R,1999-08-16,Kingston,CAN,ON
8479994,Jaret Anderson-Dolan,20202021,LAK,C,1999-09-12,Calgary,CAN,AB
8470604,Jeff Carter,20202021,LAK,C,1985-01-01,London,CAN,ON
8471734,Jonathan Quick,20202021,LAK,G,1986-01-21,Milford,USA,CT
8479348,Kale Clague,20202021,LAK,D,1998-06-05,Regina,CAN,SK
8477073,Kurtis MacDermid,20202021,LAK,D,1994-03-25,Sauble Beach,CAN,ON
8480072,Lias Andersson,20202021,LAK,C,1998-10-13,Smogen,SWE,NA
8475729,Mark Alt,20202021,LAK,D,1991-10-18,Kansas City,USA,MO
8476924,Martin Frk,20202021,LAK,R,1993-10-05,Pelhrimov,CZE,NA
8479644,Matt Luff,20202021,LAK,R,1997-05-05,Oakville,CAN,ON
8478911,Matt Roy,20202021,LAK,D,1995-03-01,Detroit,USA,MI
8478020,Michael Amadio,20202021,LAK,C,1996-05-13,Sault Ste. Marie,CAN,ON
8479998,Mikey Anderson,20202021,LAK,D,1999-05-25,Roseville,USA,MN
8476874,Olli Maatta,20202021,LAK,D,1994-08-22,Jyväskylä,FIN,NA
8482124,Quinton Byfield,20202021,LAK,C,2002-08-19,Newmarket,CAN,ON
8480845,Rasmus Kupari,20202021,LAK,C,2000-03-15,Kotka,FIN,NA
8480336,Sean Walker,20202021,LAK,D,1994-11-13,Keswick,CAN,ON
8481600,Tobias Bjornfot,20202021,LAK,D,2001-04-06,Upplands Vasby,SWE,NA
8479675,Trevor Moore,20202021,LAK,L,1995-03-31,Thousand Oaks,USA,CA
8477234,Troy Grosenick,20202021,LAK,G,1989-08-27,Brookfield,USA,WI
8476779,Brad Hunt,20202021,MIN,D,1988-08-24,Maple Ridge,CAN,BC
8480884,Calen Addison,20202021,MIN,D,2000-04-11,Brandon,CAN,MB
8475660,Cam Talbot,20202021,MIN,G,1987-07-05,Caledonia,CAN,ON
8477369,Carson Soucy,20202021,MIN,D,1994-07-27,Viking,CAN,AB
8477541,Dakota Mermis,20202021,MIN,D,1994-01-05,Alton,USA,IL
8479933,Gerry Mayhew,20202021,MIN,C,1992-12-31,Wyandotte,USA,MI
8474688,Greg Pateryn,20202021,MIN,D,1990-06-20,Sterling Heights,USA,MI
8474013,Ian Cole,20202021,MIN,D,1989-02-21,Ann Arbor,USA,MI
8474716,Jared Spurgeon,20202021,MIN,D,1989-11-29,Edmonton,CAN,AB
8478493,Joel Eriksson Ek,20202021,MIN,C,1997-01-29,Karlstad,SWE,NA
8476463,Jonas Brodin,20202021,MIN,D,1993-07-12,Karlstad,SWE,NA
8478413,Jordan Greenway,20202021,MIN,L,1997-02-16,Canton,USA,NY
8476390,Joseph Cramarossa,20202021,MIN,C,1992-10-26,Markham,CAN,ON
8478039,Kaapo Kahkonen,20202021,MIN,G,1996-08-16,Helsinki,FIN,NA
8477942,Kevin Fiala,20202021,MIN,L,1996-07-22,St. Gallen,CHE,NA
8478864,Kirill Kaprizov,20202021,MIN,L,1997-04-26,Novokuznetsk,RUS,NA
8476415,Kyle Rau,20202021,MIN,C,1992-10-24,Eden Prairie,USA,MN
8478011,Louie Belpedio,20202021,MIN,D,1996-05-14,Skokie,USA,IL
8477366,Luke Johnson,20202021,MIN,C,1994-09-19,Grand Forks,USA,ND
8475220,Marcus Foligno,20202021,MIN,L,1991-08-10,Buffalo,USA,NY
8475149,Marcus Johansson,20202021,MIN,C,1990-10-06,Landskrona,SWE,NA
8476856,Mathew Dumba,20202021,MIN,D,1994-07-25,Regina,CAN,SK
8475692,Mats Zuccarello,20202021,MIN,R,1987-09-01,Oslo,NOR,NA
8474749,Matt Bartkowski,20202021,MIN,D,1988-06-04,Pittsburgh,USA,PA
8475760,Nick Bjugstad,20202021,MIN,C,1992-07-17,Minneapolis,USA,MN
8474009,Nick Bonino,20202021,MIN,C,1988-04-20,Hartford,USA,CT
8481477,Nico Sturm,20202021,MIN,C,1995-05-03,Augsburg,DEU,NA
8477451,Ryan Hartman,20202021,MIN,R,1994-09-20,Hilton Head Island,USA,SC
8470600,Ryan Suter,20202021,MIN,D,1985-01-21,Madison,USA,WI
8476437,Victor Rask,20202021,MIN,C,1993-03-01,Leksand,SWE,NA
8470610,Zach Parise,20202021,MIN,L,1984-07-28,Minneapolis,USA,MN
8475968,Alex Belzile,20202021,MTL,R,1991-08-31,Riviere-du-Loup,CAN,QC
8481014,Alexander Romanov,20202021,MTL,D,2000-01-06,Moscow,RUS,NA
8477476,Artturi Lehkonen,20202021,MTL,L,1995-07-04,Piikkio,FIN,NA
8475279,Ben Chiarot,20202021,MTL,D,1991-05-09,Hamilton,CAN,ON
8475848,Brendan Gallagher,20202021,MTL,R,1992-05-06,Edmonton,CAN,AB
8476967,Brett Kulak,20202021,MTL,D,1994-01-06,Edmonton,CAN,AB
8471679,Carey Price,20202021,MTL,G,1987-08-16,Anahim Lake,CAN,BC
8480051,Cayden Primeau,20202021,MTL,G,1999-08-11,Farmington Hills,USA,MI
8481540,Cole Caufield,20202021,MTL,R,2001-01-02,Mosinee,USA,WI
8470621,Corey Perry,20202021,MTL,R,1985-05-16,Peterborough,CAN,ON
8470595,Eric Staal,20202021,MTL,C,1984-10-29,Thunder Bay,CAN,ON
8476979,Erik Gustafsson,20202021,MTL,D,1992-03-14,Nynashamn,SWE,NA
8474596,Jake Allen,20202021,MTL,G,1990-08-07,Fredericton,CAN,NB
8478133,Jake Evans,20202021,MTL,C,1996-06-02,Toronto,CAN,ON
8473507,Jeff Petry,20202021,MTL,D,1987-12-09,Ann Arbor,USA,MI
8480829,Jesperi Kotkaniemi,20202021,MTL,C,2000-07-06,Pori,FIN,NA
8481058,Jesse Ylonen,20202021,MTL,R,1999-10-03,Scottsdale,USA,AZ
8476469,Joel Armia,20202021,MTL,R,1993-05-31,Pori,FIN,NA
8476441,Joel Edmundson,20202021,MTL,D,1993-06-28,Brandon,CAN,MB
8475750,Jon Merrill,20202021,MTL,D,1992-02-03,Oklahoma City,USA,OK
8477494,Jonathan Drouin,20202021,MTL,L,1995-03-28,Ste-Agathe,CAN,QC
8476981,Josh Anderson,20202021,MTL,R,1994-05-07,Burlington,CAN,ON
8473564,Michael Frolik,20202021,MTL,R,1988-02-17,Kladno,CZE,NA
8480018,Nick Suzuki,20202021,MTL,C,1999-08-10,London,CAN,ON
8481105,Otto Leskinen,20202021,MTL,D,1997-02-06,Pieksämäki,FIN,NA
8474038,Paul Byron,20202021,MTL,L,1989-04-27,Ottawa,CAN,ON
8476479,Phillip Danault,20202021,MTL,C,1993-02-24,Victoriaville,CAN,QC
8470642,Shea Weber,20202021,MTL,D,1985-08-14,Sicamous,CAN,BC
8475193,Tomas Tatar,20202021,MTL,L,1990-12-01,Ilava,SVK,NA
8475726,Tyler Toffoli,20202021,MTL,R,1992-04-24,Scarborough,CAN,ON
8479376,Victor Mete,20202021,MTL,D,1998-06-07,Woodbridge,CAN,ON
8476443,Xavier Ouellet,20202021,MTL,D,1993-07-29,Bayonne,FRA,NA
8478421,A.J. Greer,20202021,NJD,L,1996-12-14,Joliette,CAN,QC
8477180,Aaron Dell,20202021,NJD,G,1989-05-04,Airdrie,CAN,AB
8477341,Andreas Johnsson,20202021,NJD,L,1994-11-21,Gavle,SWE,NA
8478841,Colton White,20202021,NJD,D,1997-05-03,London,CAN,ON
8476941,Connor Carrick,20202021,NJD,D,1994-04-13,Orland Park,USA,IL
8476923,Damon Severson,20202021,NJD,D,1994-08-07,Melville,CAN,SK
8475179,Dmitry Kulikov,20202021,NJD,D,1990-10-29,Lipetsk,RUS,NA
8477480,Eric Comrie,20202021,NJD,G,1995-07-06,Edmonton,CAN,AB
8481559,Jack Hughes,20202021,NJD,C,2001-05-14,Orlando,USA,FL
8479511,Janne Kuokkanen,20202021,NJD,C,1998-05-25,Oulunsalo,FIN,NA
8480003,Jesper Boqvist,20202021,NJD,C,1998-10-30,Falun,SWE,NA
8479407,Jesper Bratt,20202021,NJD,L,1998-07-30,Stockholm,SWE,NA
8478399,Jonas Siegenthaler,20202021,NJD,D,1997-05-06,Zurich,CHE,NA
8480860,Kevin Bahl,20202021,NJD,D,2000-06-27,New Westminster,CAN,BC
8475151,Kyle Palmieri,20202021,NJD,R,1991-02-01,Smithtown,USA,NY
8478406,Mackenzie Blackwood,20202021,NJD,G,1996-12-09,Thunder Bay,CAN,ON
8480226,Marián Studenic,20202021,NJD,R,1998-10-28,Skalica,SVK,NA
8476807,Matt Tennyson,20202021,NJD,D,1990-04-23,Minneapolis,USA,MN
8479415,Michael McLeod,20202021,NJD,C,1998-02-03,Mississauga,CAN,ON
8479573,Mikhail Maltsev,20202021,NJD,L,1998-03-12,St. Petersburg,RUS,NA
8477425,Miles Wood,20202021,NJD,L,1995-09-13,Buffalo,USA,NY
8479414,Nathan Bastian,20202021,NJD,R,1997-12-06,Kitchener,CAN,ON
8478447,Nick Merkley,20202021,NJD,R,1997-05-23,Calgary,CAN,AB
8480002,Nico Hischier,20202021,NJD,C,1999-01-04,Brig,CHE,NA
8477038,Nikita Gusev,20202021,NJD,L,1992-07-08,Moscow,RUS,NA
8481518,Nolan Foote,20202021,NJD,L,2000-11-29,Denver,USA,CO
8474056,P.K. Subban,20202021,NJD,D,1989-05-13,Toronto,CAN,ON
8478401,Pavel Zacha,20202021,NJD,C,1997-04-06,Brno,CZE,NA
8476850,Ryan Murray,20202021,NJD,D,1993-09-27,Regina,CAN,SK
8475222,Sami Vatanen,20202021,NJD,D,1991-06-03,Jyväskylä,FIN,NA
8475809,Scott Wedgewood,20202021,NJD,G,1992-08-14,Brampton,CAN,ON
8471233,Travis Zajac,20202021,NJD,C,1985-05-13,Winnipeg,CAN,MB
8480883,Ty Smith,20202021,NJD,D,2000-03-24,Lloydminster,CAN,AB
8481740,Tyce Thompson,20202021,NJD,R,1999-07-12,Calgary,CAN,AB
8477355,Will Butcher,20202021,NJD,D,1995-01-06,Sun Prairie,USA,WI
8481068,Yegor Sharangovich,20202021,NJD,C,1998-06-06,Minsk,BLR,NA
8478851,Alexandre Carrier,20202021,NSH,D,1996-10-08,Quebec City,CAN,QC
8477433,Ben Harpur,20202021,NSH,D,1995-01-12,Hamilton,CAN,ON
8470755,Brad Richardson,20202021,NSH,R,1985-02-04,Belleville,CAN,ON
8475714,Calle Jarnkrok,20202021,NSH,C,1991-09-25,Gavle,SWE,NA
8482062,Cole Smith,20202021,NSH,L,1995-10-28,Brainerd,USA,MN
8476925,Colton Sissons,20202021,NSH,C,1993-11-05,North Vancouver,CAN,BC
8479371,Dante Fabbro,20202021,NSH,D,1998-06-20,Coquitlam,CAN,BC
8480063,David Farrance,20202021,NSH,D,1999-06-23,Rochester,USA,NY
8480009,Eeli Tolvanen,20202021,NSH,R,1999-04-22,Vihti,FIN,NA
8475790,Erik Gudbranson,20202021,NSH,D,1992-01-07,Ottawa,CAN,ON
8475287,Erik Haula,20202021,NSH,L,1991-03-23,Pori,FIN,NA
8476887,Filip Forsberg,20202021,NSH,L,1994-08-13,Ostervala,SWE,NA
8479329,Frederic Allard,20202021,NSH,D,1997-12-27,St. Sauveur,CAN,QC
8475797,Jarred Tinordi,20202021,NSH,D,1992-02-20,Millersville,USA,MD
8479602,Jeremy Davies,20202021,NSH,D,1996-12-04,Sainte-Anne-de-Bellevue,CAN,QC
8477424,Juuse Saros,20202021,NSH,G,1995-04-19,Forssa,FIN,NA
8479288,Kasimir Kaskisuo,20202021,NSH,G,1993-10-02,Vantaa,FIN,NA
8474579,Luca Sbisa,20202021,NSH,D,1990-01-30,Ozieri,ITA,NA
8479316,Luke Kunin,20202021,NSH,C,1997-12-04,Chesterfield,USA,MO
8474697,Mark Borowiecki,20202021,NSH,D,1989-07-12,Ottawa,CAN,ON
8479671,Mathieu Olivier,20202021,NSH,R,1997-02-11,Biloxi,USA,MS
8476988,Matt Benning,20202021,NSH,D,1994-05-25,Edmonton,CAN,AB
8475168,Matt Duchene,20202021,NSH,C,1991-01-16,Haliburton,CAN,ON
8475218,Mattias Ekholm,20202021,NSH,D,1990-05-24,Borlange,SWE,NA
8477446,Michael McCarron,20202021,NSH,R,1995-03-07,Grosse Pointe,USA,MI
8475798,Mikael Granlund,20202021,NSH,C,1992-02-26,Oulu,FIN,NA
8476393,Nick Cousins,20202021,NSH,C,1993-07-20,Belleville,CAN,ON
8471469,Pekka Rinne,20202021,NSH,G,1982-11-03,Kempele,FIN,NA
8479514,Rem Pitlick,20202021,NSH,C,1997-04-02,Ottawa,CAN,ON
8476428,Rocco Grimaldi,20202021,NSH,R,1993-02-08,Anaheim,USA,CA
8474600,Roman Josi,20202021,NSH,D,1990-06-01,Bern,CHE,NA
8475176,Ryan Ellis,20202021,NSH,D,1991-01-03,Hamilton,CAN,ON
8475793,Ryan Johansen,20202021,NSH,C,1992-07-31,Vancouver,CAN,BC
8477391,Sean Malone,20202021,NSH,C,1995-04-30,Buffalo,USA,NY
8479661,Tanner Jeannot,20202021,NSH,L,1997-05-29,Estevan,CAN,SK
8477343,Tyler Lewington,20202021,NSH,D,1994-12-05,Edmonton,CAN,AB
8478042,Viktor Arvidsson,20202021,NSH,R,1993-04-08,Skelleftea,SWE,NA
8478508,Yakov Trenin,20202021,NSH,C,1997-01-13,Chelyabinsk,RUS,NA
8476917,Adam Pelech,20202021,NYI,D,1994-08-16,Toronto,CAN,ON
8475314,Anders Lee,20202021,NYI,L,1990-07-03,Edina,USA,MN
8472382,Andy Greene,20202021,NYI,D,1982-10-30,Trenton,USA,MI
8478463,Anthony Beauvillier,20202021,NYI,L,1997-06-08,Sorel-Tracy,CAN,QC
8478512,Austin Czarnik,20202021,NYI,C,1992-12-12,Detroit,USA,MI
8470601,Braydon Coburn,20202021,NYI,D,1985-02-27,Shaunavon,CAN,SK
8475754,Brock Nelson,20202021,NYI,C,1991-10-15,Warroad,USA,MN
8473504,Cal Clutterbuck,20202021,NYI,R,1987-11-18,Welland,CAN,ON
8475231,Casey Cizikas,20202021,NYI,C,1991-02-27,Toronto,CAN,ON
8478857,Dmytro Timashov,20202021,NYI,L,1996-10-01,Kirovograd,UKR,NA
8478009,Ilya Sorokin,20202021,NYI,G,1995-08-04,Mezhdurechensk,RUS,NA
8476419,Jean-Gabriel Pageau,20202021,NYI,C,1992-11-11,Ottawa,CAN,ON
8474586,Jordan Eberle,20202021,NYI,R,1990-05-15,Regina,CAN,SK
8474573,Josh Bailey,20202021,NYI,R,1989-10-02,Bowmanville,CAN,ON
8479356,Kieffer Bellows,20202021,NYI,L,1998-06-10,Edina,USA,MN
8475151,Kyle Palmieri,20202021,NYI,C,1991-02-01,Smithtown,USA,NY
8473463,Leo Komarov,20202021,NYI,R,1987-01-23,Narva,EST,NA
8478445,Mathew Barzal,20202021,NYI,C,1997-05-26,Coquitlam,CAN,BC
8474709,Matt Martin,20202021,NYI,L,1989-05-08,Windsor,CAN,ON
8477936,Michael Dal Colle,20202021,NYI,L,1996-06-20,Woodbridge,CAN,ON
8475181,Nick Leddy,20202021,NYI,D,1991-03-20,Eden Prairie,USA,MN
8480865,Noah Dobson,20202021,NYI,D,2000-01-07,Summerside,CAN,PE
8480789,Oliver Wahlstrom,20202021,NYI,R,2000-06-13,Portland,USA,ME
8477527,Ross Johnston,20202021,NYI,L,1994-02-18,Charlottetown,CAN,PE
8477506,Ryan Pulock,20202021,NYI,D,1994-10-06,Dauphin,CAN,MB
8476429,Scott Mayfield,20202021,NYI,D,1992-10-14,St. Louis,USA,MO
8480222,Sebastian Aho,20202021,NYI,D,1996-02-17,Umea,SWE,NA
8473575,Semyon Varlamov,20202021,NYI,G,1988-04-27,Samara,RUS,NA
8474066,Thomas Hickey,20202021,NYI,D,1989-02-08,Calgary,CAN,AB
8471233,Travis Zajac,20202021,NYI,C,1985-05-13,Winnipeg,CAN,MB
8479323,Adam Fox,20202021,NYR,D,1998-02-17,Jericho,USA,NY
8480382,Alexandar Georgiev,20202021,NYR,G,1996-02-10,Ruse,BGR,NA
8482109,Alexis Lafrenière,20202021,NYR,L,2001-10-11,St-Eustache,CAN,QC
8475868,Anthony Bitetto,20202021,NYR,D,1990-07-15,Island Park,USA,NY
8478550,Artemi Panarin,20202021,NYR,L,1991-10-30,Korkino,RUS,NA
8477962,Brendan Lemieux,20202021,NYR,L,1996-03-15,Denver,USA,CO
8474090,Brendan Smith,20202021,NYR,D,1989-02-08,Mimico,CAN,ON
8479353,Brett Howden,20202021,NYR,C,1998-03-29,Calgary,CAN,AB
8475184,Chris Kreider,20202021,NYR,L,1991-04-30,Boxford,USA,MA
8476278,Colin Blackwell,20202021,NYR,C,1993-03-28,North Andover,USA,MA
8480078,Filip Chytil,20202021,NYR,C,1999-09-05,Kromeriz,CZE,NA
8478048,Igor Shesterkin,20202021,NYR,G,1995-12-30,Moscow,RUS,NA
8471677,Jack Johnson,20202021,NYR,D,1987-01-13,Indianapolis,USA,IN
8476885,Jacob Trouba,20202021,NYR,D,1994-02-26,Rochester,USA,MI
8477380,Jonny Brodzinski,20202021,NYR,C,1993-06-19,Ham Lake,USA,MN
8479328,Julien Gauthier,20202021,NYR,R,1997-10-15,Pointe-aux-Trembles,CAN,QC
8482179,Justin Richards,20202021,NYR,C,1998-03-17,Orlando,USA,FL
8480817,K'Andre Miller,20202021,NYR,D,2000-01-21,St. Paul,USA,MN
8481554,Kaapo Kakko,20202021,NYR,R,2001-02-13,Turku,FIN,NA
8476234,Keith Kinkaid,20202021,NYR,G,1989-07-04,Farmingville,USA,NY
8479291,Kevin Rooney,20202021,NYR,C,1993-05-21,Canton,USA,MA
8479333,Libor Hajek,20202021,NYR,D,1998-02-04,Smrcek,CZE,NA
8476459,Mika Zibanejad,20202021,NYR,C,1993-04-18,Stockholm,SWE,NA
8480289,Morgan Barron,20202021,NYR,C,1998-12-02,Halifax,CAN,NS
8477402,Pavel Buchnevich,20202021,NYR,R,1995-04-17,Cherepovets,RUS,NA
8476858,Phillip Di Giuseppe,20202021,NYR,L,1993-10-09,Toronto,CAN,ON
8479324,Ryan Lindgren,20202021,NYR,D,1998-02-11,Burnsville,USA,MN
8476458,Ryan Strome,20202021,NYR,C,1993-07-11,Mississauga,CAN,ON
8479462,Tarmo Reunanen,20202021,NYR,D,1998-03-01,Aanekoski,FIN,NA
8479364,Tim Gettinger,20202021,NYR,L,1998-04-14,Cleveland,USA,OH
8477950,Tony DeAngelo,20202021,NYR,D,1995-10-24,Sewell,USA,NJ
8480833,Vitali Kravtsov,20202021,NYR,R,1999-12-23,Vladivostok,RUS,NA
8481708,Zac Jones,20202021,NYR,D,2000-10-18,Richmond,USA,VA
8480029,Alex Formenton,20202021,OTT,L,1999-09-13,Barrie,CAN,ON
8476851,Alex Galchenyuk,20202021,OTT,L,1994-02-12,Milwaukee,USA,WI
8476341,Anton Forsberg,20202021,OTT,G,1992-11-27,Härnösand,SWE,NA
8473573,Artem Anisimov,20202021,OTT,C,1988-05-24,Yaroslavl,RUS,NA
8482245,Artem Zub,20202021,OTT,D,1995-10-03,Khabarovsk,RUS,NA
8475766,Austin Watson,20202021,OTT,L,1992-01-13,Ann Arbor,USA,MI
8480801,Brady Tkachuk,20202021,OTT,L,1999-09-16,Scottsdale,USA,AZ
8470601,Braydon Coburn,20202021,OTT,D,1985-02-27,Shaunavon,CAN,SK
8476975,Cedric Paquette,20202021,OTT,C,1993-08-13,Gaspe,CAN,QC
8476919,Chris Tierney,20202021,OTT,C,1994-07-01,Keswick,CAN,ON
8478846,Christian Wolanin,20202021,OTT,D,1995-03-17,Quebec City,CAN,QC
8478056,Clark Bishop,20202021,OTT,C,1996-03-29,St. John's,CAN,NL
8478400,Colin White,20202021,OTT,C,1997-01-30,Boston,USA,MA
8477015,Connor Brown,20202021,OTT,R,1994-01-14,Toronto,CAN,ON
8474613,Derek Stepan,20202021,OTT,C,1990-06-18,Hastings,USA,MN
8480208,Drake Batherson,20202021,OTT,R,1998-04-27,Fort Wayne,USA,IN
8480073,Erik Brannstrom,20202021,OTT,D,1999-09-02,Eksjo,SWE,NA
8475790,Erik Gudbranson,20202021,OTT,D,1992-01-07,Ottawa,CAN,ON
8474149,Evgenii Dadonov,20202021,OTT,R,1989-03-12,Chelyabinsk,RUS,NA
8478488,Filip Chlapik,20202021,OTT,C,1997-06-03,Prague,CZE,NA
8479406,Filip Gustavsson,20202021,OTT,G,1998-06-07,Skelleftea,SWE,NA
8480879,Jacob Bernard-Docker,20202021,OTT,D,2000-06-30,Canmore,CAN,AB
8478916,Joey Daccord,20202021,OTT,G,1996-08-19,Boston,USA,MA
8480064,Josh Norris,20202021,OTT,C,1999-05-05,Oxford,USA,MI
8477384,Joshua Brown,20202021,OTT,D,1994-01-21,London,CAN,ON
8479366,Logan Brown,20202021,OTT,C,1998-03-05,Raleigh,USA,NC
8477405,Marcus Hogberg,20202021,OTT,G,1994-11-25,Orebro,SWE,NA
8476899,Matt Murray,20202021,OTT,G,1994-05-25,Thunder Bay,CAN,ON
8476285,Matthew Peca,20202021,OTT,C,1993-04-27,Petawawa,CAN,ON
8478020,Michael Amadio,20202021,OTT,C,1996-05-13,Sault Ste. Marie,CAN,ON
8474230,Micheal Haley,20202021,OTT,L,1986-03-30,Guelph,CAN,ON
8476422,Mike Reilly,20202021,OTT,D,1993-07-13,Chicago,USA,IL
8477426,Nick Paul,20202021,OTT,L,1995-03-20,Mississauga,CAN,ON
8479458,Nikita Zaitsev,20202021,OTT,D,1991-10-29,Moscow,RUS,NA
8481629,Olle Alsing,20202021,OTT,D,1996-05-01,Uppsala,SWE,NA
8480448,Parker Kelly,20202021,OTT,L,1999-05-14,Camrose,CAN,AB
8476288,Ryan Dzingel,20202021,OTT,L,1992-03-09,Wheaton,USA,IL
8481596,Shane Pinto,20202021,OTT,C,2000-11-12,Franklin Square,USA,NY
8478469,Thomas Chabot,20202021,OTT,D,1997-01-30,Sainte-Marie,CAN,QC
8482116,Tim Stützle,20202021,OTT,L,2002-01-15,Viersen,DEU,NA
8479376,Victor Mete,20202021,OTT,D,1998-06-07,Woodbridge,CAN,ON
8479411,Vitaly Abramov,20202021,OTT,L,1998-05-08,Chelyabinsk,RUS,NA
8479312,Alex Lyon,20202021,PHI,G,1992-12-09,Baudette,USA,MN
8476404,Andy Andreoff,20202021,PHI,C,1991-05-17,Pickering,CAN,ON
8470880,Brian Elliott,20202021,PHI,G,1985-04-09,Newmarket,CAN,ON
8481546,Cam York,20202021,PHI,D,2001-01-05,Anaheim,USA,CA
8479358,Carsen Twarynski,20202021,PHI,L,1997-11-24,St. Albert,CAN,AB
8479394,Carter Hart,20202021,PHI,G,1998-08-13,Sherwood Park,CAN,AB
8473512,Claude Giroux,20202021,PHI,C,1988-01-12,Hearst,CAN,ON
8479382,Connor Bunnaman,20202021,PHI,C,1998-04-16,Guelph,CAN,ON
8478436,David Kase,20202021,PHI,R,1997-01-28,Kadan,CZE,NA
8481178,Egor Zamula,20202021,PHI,D,2000-03-30,Chelyabinsk,RUS,NA
8476979,Erik Gustafsson,20202021,PHI,D,1992-03-14,Nynashamn,SWE,NA
8478500,Ivan Provorov,20202021,PHI,D,1997-01-13,Yaroslavl,RUS,NA
8482654,Jackson Cates,20202021,PHI,C,1997-09-26,Stillwater,USA,MN
8474161,Jakub Voracek,20202021,PHI,R,1989-08-15,Kladno,CZE,NA
8474037,James van Riemsdyk,20202021,PHI,L,1989-05-04,Middletown,USA,NJ
8480797,Joel Farabee,20202021,PHI,L,2000-02-25,Syracuse,USA,NY
8474027,Justin Braun,20202021,PHI,D,1987-02-10,Minneapolis,USA,MN
8475763,Kevin Hayes,20202021,PHI,C,1992-05-08,Dorchester,USA,MA
8480201,Maksim Sushko,20202021,PHI,R,1999-02-10,Drahichyn,BLR,NA
8478017,Mark Friedman,20202021,PHI,D,1995-12-25,Toronto,CAN,ON
8477290,Michael Raffl,20202021,PHI,L,1988-12-01,Villach,AUT,NA
8480028,Morgan Frost,20202021,PHI,C,1999-05-14,Aurora,CAN,ON
8475613,Nate Prosser,20202021,PHI,D,1986-05-07,Elk River,USA,MN
8477979,Nicolas Aube-Kubel,20202021,PHI,R,1996-05-10,Slave Lake,CAN,AB
8479974,Nolan Patrick,20202021,PHI,C,1998-09-19,Winnipeg,CAN,MB
8478067,Oskar Lindblom,20202021,PHI,L,1996-08-15,Gavle,SWE,NA
8479026,Philippe Myers,20202021,PHI,D,1997-01-25,Moncton,CAN,NB
8477462,Robert Hagg,20202021,PHI,D,1995-02-08,Uppsala,SWE,NA
8477502,Samuel Morin,20202021,PHI,L,1995-07-12,Lac-Beauport,CAN,QC
8476872,Scott Laughton,20202021,PHI,C,1994-05-30,Oakville,CAN,ON
8476461,Sean Couturier,20202021,PHI,C,1992-12-07,Phoenix,USA,AZ
8476906,Shayne Gostisbehere,20202021,PHI,D,1993-04-20,Pembroke Pines,USA,FL
8479550,Tanner Laczynski,20202021,PHI,C,1997-06-01,Minooka,USA,IL
8478439,Travis Konecny,20202021,PHI,R,1997-03-11,London,CAN,ON
8477948,Travis Sanheim,20202021,PHI,D,1996-03-29,Elkhorn,CAN,MB
8479322,Wade Allison,20202021,PHI,R,1997-10-14,Carman,CAN,MB
8478074,Anthony Angello,20202021,PIT,R,1996-03-06,Albany,USA,NY
8479293,Brandon Tanev,20202021,PIT,L,1991-12-31,Toronto,CAN,ON
8475208,Brian Dumoulin,20202021,PIT,D,1991-09-06,Biddeford,USA,ME
8475810,Bryan Rust,20202021,PIT,R,1992-05-11,Pontiac,USA,MI
8479193,Casey DeSmith,20202021,PIT,G,1991-08-13,Rochester,USA,NH
8477244,Chad Ruhwedel,20202021,PIT,D,1990-05-07,San Diego,USA,CA
8476879,Cody Ceci,20202021,PIT,D,1993-12-21,Ottawa,CAN,ON
8474098,Colton Sceviour,20202021,PIT,R,1989-04-20,Red Deer,CAN,AB
8482055,Drew O'Connor,20202021,PIT,L,1998-06-09,Chatham,USA,NJ
8478542,Evan Rodrigues,20202021,PIT,C,1993-07-28,Toronto,CAN,ON
8471215,Evgeni Malkin,20202021,PIT,C,1986-07-31,Magnitogorsk,RUS,NA
8477919,Frederick Gaudreau,20202021,PIT,C,1993-05-01,Bromont,CAN,QC
8477404,Jake Guentzel,20202021,PIT,L,1994-10-06,Omaha,USA,NE
8477955,Jared McCann,20202021,PIT,L,1996-05-31,Stratford,CAN,ON
8475722,Jason Zucker,20202021,PIT,L,1992-01-16,Newport Beach,USA,CA
8470604,Jeff Carter,20202021,PIT,C,1985-01-01,London,CAN,ON
8478507,John Marino,20202021,PIT,D,1997-05-21,North Easton,USA,MA
8477680,Josh Currie,20202021,PIT,R,1992-10-29,Charlottetown,CAN,PE
8480945,Juuso Riikola,20202021,PIT,D,1993-11-09,Joensuu,FIN,NA
8477953,Kasperi Kapanen,20202021,PIT,R,1996-07-23,Kuopio,FIN,NA
8477814,Kevin Czuczman,20202021,PIT,D,1991-01-09,Port Elgin,CAN,ON
8471724,Kris Letang,20202021,PIT,D,1987-04-24,Montréal,CAN,QC
8477969,Marcus Pettersson,20202021,PIT,D,1996-05-08,Skelleftea,SWE,NA
8478017,Mark Friedman,20202021,PIT,D,1995-12-25,Toronto,CAN,ON
8476873,Mark Jankowski,20202021,PIT,C,1994-09-13,Hamilton,CAN,ON
8476509,Maxime Lagace,20202021,PIT,G,1993-01-12,Saint-Augustin,CAN,QC
8476875,Mike Matheson,20202021,PIT,D,1994-02-27,Pointe-Claire,CAN,QC
8480058,P.O Joseph,20202021,PIT,D,1999-07-01,Laval,CAN,QC
8482241,Radim Zohorna,20202021,PIT,L,1996-04-29,Havlickuv,CZE,NA
8478043,Sam Lafferty,20202021,PIT,R,1995-03-06,Hollidaysburg,USA,PA
8471675,Sidney Crosby,20202021,PIT,C,1987-08-07,Cole Harbour,CAN,NS
8476927,Teddy Blueger,20202021,PIT,C,1994-08-15,Riga,LVA,NA
8477465,Tristan Jarry,20202021,PIT,G,1995-04-29,Surrey,CAN,BC
8474134,Yannick Weber,20202021,PIT,D,1988-09-23,Morges,CHE,NA
8479944,Zachary Aston-Reese,20202021,PIT,L,1994-08-10,Staten Island,USA,NY
8482222,Alexander Barabanov,20202021,SJS,L,1994-06-17,St. Petersburg,RUS,NA
8480384,Alexander True,20202021,SJS,C,1997-07-17,Copenhagen,DNK,NA
8482246,Alexei Melnichuk,20202021,SJS,G,1998-06-29,St. Petersburg,RUS,NA
8480965,Antti Suomela,20202021,SJS,C,1994-03-17,Espoo,FIN,NA
8470613,Brent Burns,20202021,SJS,D,1985-03-09,Barrie,CAN,ON
8482369,Brinson Pasichnuk,20202021,SJS,D,1997-11-24,Bonnyville,CAN,AB
8478868,Christian Jaros,20202021,SJS,D,1996-04-02,Kosice,SVK,NA
8471227,Devan Dubnyk,20202021,SJS,G,1986-05-04,Regina,CAN,SK
8479580,Dylan Gambrell,20202021,SJS,C,1996-08-26,Bonney Lake,USA,WA
8474578,Erik Karlsson,20202021,SJS,D,1990-05-31,Landsbro,SWE,NA
8475169,Evander Kane,20202021,SJS,L,1991-08-02,Vancouver,CAN,BC
8476368,Fredrik Claesson,20202021,SJS,D,1992-11-24,Stockholm,SWE,NA
8482248,Fredrik Handemark,20202021,SJS,C,1993-08-27,Bjorbo,SWE,NA
8474688,Greg Pateryn,20202021,SJS,D,1990-06-20,Sterling Heights,USA,MI
8480276,Ivan Chekhovich,20202021,SJS,L,1999-01-04,Yekaterinburg,RUS,NA
8478136,Jake Middleton,20202021,SJS,D,1996-01-02,Wainwright,CAN,AB
8479705,Jeffrey Viel,20202021,SJS,L,1997-01-28,Rimouski,CAN,QC
8479571,Joachim Blichfeld,20202021,SJS,R,1998-07-17,Frederikshavn,DNK,NA
8481516,Joel Kellman,20202021,SJS,C,1994-05-25,Karlskrona,SWE,NA
8481077,John Leonard,20202021,SJS,L,1998-08-07,Westwood,USA,NJ
8480373,Josef Korenar,20202021,SJS,G,1998-01-31,Pelhrimov,CZE,NA
8478099,Kevin Labanc,20202021,SJS,R,1995-12-12,Brooklyn,USA,NY
8476545,Kurtis Gabriel,20202021,SJS,R,1993-04-20,Newmarket,CAN,ON
8481640,Lean Bergmann,20202021,SJS,C,1998-10-04,Hemer,DEU,NA
8474053,Logan Couture,20202021,SJS,C,1989-03-28,Guelph,CAN,ON
8471709,Marc-Edouard Vlasic,20202021,SJS,D,1987-03-30,Montréal,CAN,QC
8475834,Marcus Sorensen,20202021,SJS,L,1992-04-07,Sodertalje,SWE,NA
8479983,Mario Ferraro,20202021,SJS,D,1998-09-17,Toronto,CAN,ON
8474889,Martin Jones,20202021,SJS,G,1990-01-10,North Vancouver,CAN,BC
8476442,Matt Nieto,20202021,SJS,L,1992-11-05,Long Beach,USA,CA
8478467,Nicolas Meloche,20202021,SJS,D,1997-07-18,LaSalle,CAN,QC
8481812,Nikolai Knyzhov,20202021,SJS,D,1998-03-20,Kemerovo,RUS,NA
8479393,Noah Gregor,20202021,SJS,C,1998-07-28,Beaumont,CAN,AB
8466139,Patrick Marleau,20202021,SJS,L,1979-09-15,Aneroid,CAN,SK
8480160,Radim Simek,20202021,SJS,D,1992-09-20,Mlada Boleslav,CZE,NA
8478870,Rudolfs Balcers,20202021,SJS,L,1997-04-08,Liepaja,LVA,NA
8477987,Ryan Donato,20202021,SJS,C,1996-04-09,Boston,USA,MA
8480053,Sasha Chmelevski,20202021,SJS,C,1999-06-09,Huntington Beach,USA,CA
8476474,Stefan Noesen,20202021,SJS,R,1993-02-12,Plano,USA,TX
8478414,Timo Meier,20202021,SJS,R,1996-10-08,Herisau,CHE,NA
8476881,Tomas Hertl,20202021,SJS,C,1993-11-12,Praha,CZE,NA
8478040,Austin Poganski,20202021,STL,R,1996-02-16,St. Cloud,USA,MN
8475170,Brayden Schenn,20202021,STL,C,1991-08-22,Saskatoon,CAN,SK
8474125,Carl Gunnarsson,20202021,STL,D,1986-11-09,Orebro,SWE,NA
8476892,Colton Parayko,20202021,STL,D,1993-05-12,St. Albert,CAN,AB
8478057,Dakota Joshua,20202021,STL,C,1996-05-15,Dearborn,USA,MI
8474102,David Perron,20202021,STL,L,1988-05-28,Sherbrooke,CAN,QC
8477964,Ivan Barbashev,20202021,STL,C,1995-12-14,Moscow,RUS,NA
8477455,Jacob de la Rose,20202021,STL,L,1995-05-20,Arvika,SWE,NA
8475768,Jaden Schwartz,20202021,STL,L,1992-06-25,Wilcox,CAN,SK
8478013,Jake Walman,20202021,STL,D,1996-02-20,Toronto,CAN,ON
8476412,Jordan Binnington,20202021,STL,G,1993-07-11,Richmond Hill,CAN,ON
8479385,Jordan Kyrou,20202021,STL,C,1998-05-05,Toronto,CAN,ON
8475753,Justin Faulk,20202021,STL,D,1992-03-20,South St. Paul,USA,MN
8480011,Klim Kostin,20202021,STL,C,1999-05-05,Penza,RUS,NA
8475160,Kyle Clifford,20202021,STL,L,1991-01-13,Ayr,CAN,ON
8476907,Mackenzie MacEachern,20202021,STL,L,1994-03-09,Bloomfield Hills,USA,MI
8474618,Marco Scandella,20202021,STL,D,1990-02-23,Montréal,CAN,QC
8474884,Mike Hoffman,20202021,STL,C,1989-11-24,Kitchener,CAN,ON
8480761,Mitch Reinke,20202021,STL,D,1996-02-04,Stillwater,USA,MN
8477573,Nathan Walker,20202021,STL,L,1994-02-07,Cardiff,GBR,NA
8478859,Niko Mikkola,20202021,STL,D,1996-04-27,Kiiminki,FIN,NA
8476897,Oskar Sundqvist,20202021,STL,C,1994-03-23,Boden,SWE,NA
8474145,Robert Bortuzzo,20202021,STL,D,1989-03-18,Thunder Bay,CAN,ON
8480023,Robert Thomas,20202021,STL,C,1999-07-02,Aurora,CAN,ON
8475158,Ryan O'Reilly,20202021,STL,C,1991-02-07,Clinton,CAN,ON
8478104,Sammy Blais,20202021,STL,L,1996-06-17,Montmagny,CAN,QC
8477463,Steven Santini,20202021,STL,D,1995-03-07,Bronxville,USA,NY
8476792,Torey Krug,20202021,STL,D,1991-04-12,Livonia,USA,MI
8475098,Tyler Bozak,20202021,STL,C,1986-03-19,Regina,CAN,SK
8478024,Ville Husso,20202021,STL,G,1995-02-06,Helsinki,FIN,NA
8478407,Vince Dunn,20202021,STL,D,1996-10-29,Mississauga,CAN,ON
8475765,Vladimir Tarasenko,20202021,STL,R,1991-12-13,Yaroslavl,RUS,NA
8477482,Zachary Sanford,20202021,STL,L,1994-11-09,Salem,USA,MA
8479718,Alex Barré-Boulet,20202021,TBL,C,1997-05-21,Montmagny,CAN,QC
8473986,Alex Killorn,20202021,TBL,L,1989-09-14,Halifax,CAN,NS
8480186,Alexander Volkov,20202021,TBL,R,1997-08-02,Moscow,RUS,NA
8480158,Andreas Borgman,20202021,TBL,D,1995-06-18,Stockholm,SWE,NA
8476883,Andrei Vasilevskiy,20202021,TBL,G,1994-07-25,Tyumen,RUS,NA
8478519,Anthony Cirelli,20202021,TBL,C,1997-07-15,Etobicoke,CAN,ON
8476624,Barclay Goodrow,20202021,TBL,C,1993-02-26,Toronto,CAN,ON
8478049,Ben Thomas,20202021,TBL,D,1996-05-28,Calgary,CAN,AB
8476399,Blake Coleman,20202021,TBL,C,1991-11-28,Plano,USA,TX
8478010,Brayden Point,20202021,TBL,C,1996-03-13,Calgary,CAN,AB
8479984,Cal Foote,20202021,TBL,D,1998-12-13,Denver,USA,CO
8476444,Christopher Gibson,20202021,TBL,G,1992-12-27,Karkkila,FIN,NA
8470147,Curtis McElhinney,20202021,TBL,G,1983-05-23,London,CAN,ON
8478069,Daniel Walcott,20202021,TBL,L,1994-02-19,Ile Perrot,CAN,QC
8475233,David Savard,20202021,TBL,D,1990-10-22,St-Hyacinthe,CAN,QC
8478416,Erik Cernak,20202021,TBL,D,1997-05-28,Kosice,SVK,NA
8476368,Fredrik Claesson,20202021,TBL,D,1992-11-24,Stockholm,SWE,NA
8476966,Gemel Smith,20202021,TBL,C,1994-04-16,Toronto,CAN,ON
8480172,Jan Rutta,20202021,TBL,D,1990-07-29,Pisek,CZE,NA
8474568,Luke Schenn,20202021,TBL,D,1989-11-02,Saskatoon,CAN,SK
8478472,Mathieu Joseph,20202021,TBL,R,1997-02-09,Laval,CAN,QC
8479410,Mikhail Sergachev,20202021,TBL,D,1998-06-25,Nizhnekamsk,RUS,NA
8478477,Mitchell Stephens,20202021,TBL,C,1997-02-05,Peterborough,CAN,ON
8476453,Nikita Kucherov,20202021,TBL,R,1993-06-17,Maykop,RUS,NA
8476292,Ondrej Palat,20202021,TBL,L,1991-03-28,Frydek-Mistek,CZE,NA
8474034,Patrick Maroon,20202021,TBL,L,1988-04-23,St. Louis,USA,MO
8479525,Ross Colton,20202021,TBL,C,1996-09-11,Robbinsville,USA,NJ
8474151,Ryan McDonagh,20202021,TBL,D,1989-06-13,St. Paul,USA,MN
8474564,Steven Stamkos,20202021,TBL,C,1990-02-07,Markham,CAN,ON
8474870,Tyler Johnson,20202021,TBL,C,1990-07-29,Spokane,USA,WA
8475167,Victor Hedman,20202021,TBL,D,1990-12-18,Ornskoldsvik,SWE,NA
8476826,Yanni Gourde,20202021,TBL,C,1991-12-15,Saint-Narcisse,CAN,QC
8478996,Adam Brooks,20202021,TOR,C,1996-05-06,Winnipeg,CAN,MB
8476851,Alex Galchenyuk,20202021,TOR,C,1994-02-12,Milwaukee,USA,WI
8482222,Alexander Barabanov,20202021,TOR,L,1994-06-17,St. Petersburg,RUS,NA
8477021,Alexander Kerfoot,20202021,TOR,C,1994-08-11,Vancouver,CAN,BC
8479318,Auston Matthews,20202021,TOR,C,1997-09-17,San Ramon,USA,CA
8477018,Ben Hutton,20202021,TOR,D,1993-04-20,Brockville,CAN,ON
8479496,David Rittich,20202021,TOR,G,1992-08-19,Jihlava,CZE,NA
8475883,Frederik Andersen,20202021,TOR,G,1989-10-02,Herning,DNK,NA
8481624,Ilya Mikheyev,20202021,TOR,R,1994-10-10,Omsk,RUS,NA
8475789,Jack Campbell,20202021,TOR,G,1992-01-09,Port Huron,USA,MI
8474162,Jake Muzzin,20202021,TOR,D,1989-02-21,Woodstock,CAN,ON
8469455,Jason Spezza,20202021,TOR,C,1983-06-13,Toronto,CAN,ON
8476918,Jimmy Vesey,20202021,TOR,L,1993-05-26,Boston,USA,MA
8466138,Joe Thornton,20202021,TOR,C,1979-07-02,London,CAN,ON
8479315,Joey Anderson,20202021,TOR,R,1998-06-19,Roseville,USA,MN
8475166,John Tavares,20202021,TOR,C,1990-09-20,Mississauga,CAN,ON
8475718,Justin Holl,20202021,TOR,D,1992-01-30,Tonka Bay,USA,MN
8475844,Kenny Agostino,20202021,TOR,L,1992-04-30,Morristown,USA,NJ
8474636,Michael Hutchinson,20202021,TOR,G,1990-03-02,Barrie,CAN,ON
8482247,Mikko Lehtonen,20202021,TOR,D,1994-01-16,Turku,FIN,NA
8478483,Mitch Marner,20202021,TOR,R,1997-05-05,Markham,CAN,ON
8476853,Morgan Rielly,20202021,TOR,D,1994-03-09,Vancouver,CAN,BC
8477464,Nic Petan,20202021,TOR,C,1995-03-22,Delta,CAN,BC
8481582,Nicholas Robertson,20202021,TOR,L,2001-09-11,Pasadena,USA,CA
8473422,Nick Foligno,20202021,TOR,L,1987-10-31,Buffalo,USA,NY
8478115,Pierre Engvall,20202021,TOR,L,1996-05-31,Ljungby,SWE,NA
8480873,Rasmus Sandin,20202021,TOR,D,2000-03-07,Uppsala,SWE,NA
8474062,Riley Nash,20202021,TOR,C,1989-05-09,Consort,CAN,AB
8477149,Scott Sabourin,20202021,TOR,R,1992-07-30,Orleans,CAN,ON
8476474,Stefan Noesen,20202021,TOR,R,1993-02-12,Plano,USA,TX
8474673,TJ Brodie,20202021,TOR,D,1990-06-07,Chatham,CAN,ON
8480043,Timothy Liljegren,20202021,TOR,D,1999-04-30,Kristianstad,SWE,NA
8476329,Travis Boyd,20202021,TOR,C,1993-09-14,Hopkins,USA,MN
8478408,Travis Dermott,20202021,TOR,D,1996-12-22,Newmarket,CAN,ON
8474190,Wayne Simmonds,20202021,TOR,R,1988-08-26,Scarborough,CAN,ON
8477939,William Nylander,20202021,TOR,R,1996-05-01,Calgary,CAN,AB
8474567,Zach Bogosian,20202021,TOR,D,1990-07-15,Massena,USA,NY
8475786,Zach Hyman,20202021,TOR,L,1992-06-09,Toronto,CAN,ON
8478874,Adam Gaudette,20202021,VAN,C,1996-10-03,Braintree,USA,MA
8471303,Alexander Edler,20202021,VAN,D,1986-04-21,Ostersund,SWE,NA
8474849,Antoine Roussel,20202021,VAN,L,1989-11-21,Roubaix,FRA,NA
8477500,Bo Horvat,20202021,VAN,C,1995-04-05,London,CAN,ON
8474651,Braden Holtby,20202021,VAN,G,1989-09-16,Lloydminster,CAN,SK
8474091,Brandon Sutter,20202021,VAN,C,1989-02-14,Huntington,USA,NY
8478444,Brock Boeser,20202021,VAN,R,1997-02-25,Burnsville,USA,MN
8481479,Brogan Rafferty,20202021,VAN,D,1995-05-28,West Dundee,USA,IL
8480012,Elias Pettersson,20202021,VAN,C,1998-11-12,Sundsvall,SWE,NA
8478465,Guillaume Brisebois,20202021,VAN,D,1997-07-21,Longueuil,CAN,QC
8476468,J.T. Miller,20202021,VAN,C,1993-03-14,East Palestine,USA,OH
8480056,Jack Rathbone,20202021,VAN,D,1999-05-20,Boston,USA,MA
8477937,Jake Virtanen,20202021,VAN,R,1996-08-17,Langley,CAN,BC
8478970,Jalen Chatfield,20202021,VAN,D,1996-05-15,Ypsilanti,USA,MI
8474291,Jay Beagle,20202021,VAN,C,1985-10-16,Calgary,CAN,AB
8477963,Jayce Hawryluk,20202021,VAN,C,1996-01-01,Yorkton,CAN,SK
8476918,Jimmy Vesey,20202021,VAN,L,1993-05-26,Boston,USA,MA
8479981,Jonah Gadjovich,20202021,VAN,L,1998-10-12,Whitby,CAN,ON
8474818,Jordie Benn,20202021,VAN,D,1987-07-26,Victoria,CAN,BC
8477473,Justin Bailey,20202021,VAN,R,1995-07-01,Buffalo,USA,NY
8479986,Kole Lind,20202021,VAN,R,1998-10-16,Swift Current,CAN,SK
8470626,Loui Eriksson,20202021,VAN,L,1985-07-17,Gothenburg,SWE,NA
8482063,Marc Michaelis,20202021,VAN,L,1995-07-31,Mannheim,DEU,NA
8478146,Matthew Highmore,20202021,VAN,C,1996-02-27,Halifax,CAN,NS
8477220,Nate Schmidt,20202021,VAN,D,1991-07-16,St. Cloud,USA,MN
8481535,Nils Hoglander,20202021,VAN,L,2000-12-20,BOCKTRäSK,SWE,NA
8479355,Olli Juolevi,20202021,VAN,D,1998-05-05,Helsinki,FIN,NA
8480800,Quinn Hughes,20202021,VAN,D,1999-10-14,Orlando,USA,FL
8476871,Tanner Pearson,20202021,VAN,L,1992-08-10,Kitchener,CAN,ON
8477967,Thatcher Demko,20202021,VAN,G,1995-12-08,San Diego,USA,CA
8476329,Travis Boyd,20202021,VAN,C,1993-09-14,Hopkins,USA,MN
8474612,Travis Hamonic,20202021,VAN,D,1990-08-16,St. Malo,CAN,MB
8476344,Tyler Graovac,20202021,VAN,C,1993-04-27,Brampton,CAN,ON
8477353,Tyler Motte,20202021,VAN,C,1995-03-10,St. Clair,USA,MI
8474574,Tyler Myers,20202021,VAN,D,1990-02-01,Houston,USA,TX
8479367,William Lockwood,20202021,VAN,R,1998-06-20,Royal Oak,USA,MI
8479772,Zack MacEwen,20202021,VAN,C,1996-07-08,Charlottetown,CAN,PE
8474166,Alec Martinez,20202021,VGK,D,1987-07-26,Rochester Hills,USA,MI
8474565,Alex Pietrangelo,20202021,VGK,D,1990-01-18,King City,CAN,ON
8477949,Alex Tuch,20202021,VGK,R,1996-05-10,Syracuse,USA,NY
8475188,Brayden McNabb,20202021,VGK,D,1991-01-21,Davidson,CAN,SK
8476905,Chandler Stephenson,20202021,VGK,C,1994-04-22,Saskatoon,CAN,SK
8479996,Cody Glass,20202021,VGK,C,1999-04-01,Winnipeg,CAN,MB
8479639,Dylan Coghlan,20202021,VGK,D,1998-02-19,Duncan,CAN,BC
8478106,Dylan Sikura,20202021,VGK,C,1995-06-01,Aurora,CAN,ON
8476539,Jonathan Marchessault,20202021,VGK,R,1990-12-27,Cap-Rouge,CAN,QC
8478434,Keegan Kolesar,20202021,VGK,R,1997-04-08,Brandon,CAN,MB
8480313,Logan Thompson,20202021,VGK,G,1997-02-25,Calgary,CAN,AB
8470594,Marc-Andre Fleury,20202021,VGK,G,1984-11-28,Sorel,CAN,QC
8475913,Mark Stone,20202021,VGK,R,1992-05-13,Winnipeg,CAN,MB
8477406,Mattias Janmark,20202021,VGK,C,1992-12-08,Danderyd,SWE,NA
8474157,Max Pacioretty,20202021,VGK,L,1988-11-20,New Canaan,USA,CT
8474207,Nick Holden,20202021,VGK,D,1987-05-15,St. Albert,CAN,AB
8479980,Nicolas Hague,20202021,VGK,D,1998-12-05,Kitchener,CAN,ON
8478462,Nicolas Roy,20202021,VGK,C,1997-02-05,Amos,CAN,QC
8476861,Oscar Dansk,20202021,VGK,G,1994-02-28,Stockholm,SWE,NA
8477887,Patrick Brown,20202021,VGK,C,1992-05-29,Bloomfield Hills,USA,MI
8481522,Peyton Krebs,20202021,VGK,C,2001-01-26,Calgary,CAN,AB
8475191,Reilly Smith,20202021,VGK,R,1991-04-01,Mimico,CAN,ON
8475215,Robin Lehner,20202021,VGK,G,1991-07-24,Gothenburg,SWE,NA
8471817,Ryan Reaves,20202021,VGK,R,1987-01-20,Winnipeg,CAN,MB
8477447,Shea Theodore,20202021,VGK,D,1995-08-03,Aldergrove,CAN,BC
8476430,Tomas Jurco,20202021,VGK,R,1992-12-28,Kosice,SVK,NA
8477931,Tomas Nosek,20202021,VGK,L,1992-09-01,Pardubice,CZE,NA
8477478,William Carrier,20202021,VGK,L,1994-12-20,LaSalle,CAN,QC
8476448,William Karlsson,20202021,VGK,C,1993-01-08,Marsta,SWE,NA
8480727,Zach Whitecloud,20202021,VGK,D,1996-11-28,Brandon,CAN,MB
8476392,Adam Lowry,20202021,WPG,C,1993-03-29,St. Louis,USA,MO
8477429,Andrew Copp,20202021,WPG,C,1994-07-08,Ann Arbor,USA,MI
8471218,Blake Wheeler,20202021,WPG,R,1986-08-31,Plymouth,USA,MN
8476945,Connor Hellebuyck,20202021,WPG,G,1993-05-19,Commerce,USA,MI
8481019,David Gustafsson,20202021,WPG,C,2000-04-11,Tingsryd,SWE,NA
8475762,Derek Forbort,20202021,WPG,D,1992-03-04,Duluth,USA,MN
8476952,Dominic Toninato,20202021,WPG,C,1994-03-09,Duluth,USA,MN
8476331,Dylan DeMelo,20202021,WPG,D,1993-05-01,London,CAN,ON
8478424,Jansen Harkins,20202021,WPG,C,1997-05-23,Cleveland,USA,OH
8474818,Jordie Benn,20202021,WPG,D,1987-07-26,Victoria,CAN,BC
8477504,Josh Morrissey,20202021,WPG,D,1995-03-28,Calgary,CAN,AB
8480005,Kristian Vesalainen,20202021,WPG,L,1999-06-01,Helsinki,FIN,NA
8478398,Kyle Connor,20202021,WPG,L,1996-12-09,Shelby Township,USA,MI
8476316,Laurent Brossoit,20202021,WPG,G,1993-03-23,Port Alberni,CAN,BC
8479378,Logan Stanley,20202021,WPG,D,1998-05-26,Waterloo,CAN,ON
8476460,Mark Scheifele,20202021,WPG,C,1993-03-15,Kitchener,CAN,ON
8478891,Mason Appleton,20202021,WPG,C,1996-01-15,Green Bay,USA,WI
8473618,Mathieu Perreault,20202021,WPG,L,1988-01-05,Drummondville,CAN,QC
8470775,Nate Thompson,20202021,WPG,C,1984-10-05,Anchorage,USA,AK
8476470,Nathan Beaulieu,20202021,WPG,D,1992-12-05,Strathroy,CAN,ON
8480145,Neal Pionk,20202021,WPG,D,1995-07-29,Omaha,USA,NE
8477940,Nikolaj Ehlers,20202021,WPG,L,1996-02-14,Aalborg,DNK,NA
8479339,Patrik Laine,20202021,WPG,R,1998-04-19,Tampere,FIN,NA
8471669,Paul Stastny,20202021,WPG,C,1985-12-27,Quebec City,CAN,QC
8479400,Pierre-Luc Dubois,20202021,WPG,L,1998-06-24,Ste-Agathe-des-Monts,CAN,QC
8478915,Sami Niku,20202021,WPG,D,1996-10-10,Haapavesi,FIN,NA
8473453,Trevor Lewis,20202021,WPG,C,1987-01-08,Salt Lake City,USA,UT
8477359,Tucker Poolman,20202021,WPG,D,1993-06-08,Dubuque,USA,IA
8481572,Ville Heinola,20202021,WPG,D,2001-03-02,Honkajoki,FIN,NA
8471214,Alex Ovechkin,20202021,WSH,L,1985-09-17,Moscow,RUS,NA
8477511,Anthony Mantha,20202021,WSH,R,1994-09-16,Longueuil,CAN,QC
8475455,Brenden Dillon,20202021,WSH,D,1990-11-13,New Westminster,CAN,BC
8477314,Brian Pinho,20202021,WSH,C,1995-05-11,Beverly,USA,MA
8474176,Carl Hagelin,20202021,WSH,L,1988-08-23,Sodertalje,SWE,NA
8481580,Connor McMichael,20202021,WSH,C,2001-01-15,Ajax,CAN,ON
8477839,Conor Sheary,20202021,WSH,L,1992-06-08,Winchester,USA,MA
8467950,Craig Anderson,20202021,WSH,G,1981-05-21,Park Ridge,USA,IL
8477901,Daniel Carr,20202021,WSH,L,1991-11-01,Sherwood Park,CAN,AB
8478466,Daniel Sprong,20202021,WSH,R,1997-03-17,Amsterdam,NLD,NA
8475200,Dmitry Orlov,20202021,WSH,D,1991-07-23,Novokuznetsk,RUS,NA
8475744,Evgeny Kuznetsov,20202021,WSH,C,1992-05-19,Chelyabinsk,RUS,NA
8477903,Garnet Hathaway,20202021,WSH,R,1991-11-23,Naples,USA,FL
8479516,Garrett Pilon,20202021,WSH,C,1998-04-13,Mineola,USA,NY
8478492,Ilya Samsonov,20202021,WSH,G,1997-02-22,Magnitogorsk,RUS,NA
8477944,Jakub Vrana,20202021,WSH,L,1996-02-28,Prague,CZE,NA
8474590,John Carlson,20202021,WSH,D,1990-01-10,Natick,USA,MA
8478399,Jonas Siegenthaler,20202021,WSH,D,1997-05-06,Zurich,CHE,NA
8474602,Justin Schultz,20202021,WSH,D,1990-07-06,Kelowna,CAN,BC
8474189,Lars Eller,20202021,WSH,C,1989-05-08,Rodovre,DNK,NA
8477290,Michael Raffl,20202021,WSH,L,1988-12-01,Villach,AUT,NA
8475958,Michael Sgarbossa,20202021,WSH,C,1992-07-25,Campbellville,CAN,ON
8475343,Nic Dowd,20202021,WSH,C,1990-05-27,Huntsville,USA,AL
8475324,Nick Jensen,20202021,WSH,D,1990-09-21,Rogers,USA,MN
8473563,Nicklas Backstrom,20202021,WSH,C,1987-11-23,Gavle,SWE,NA
8477544,Philippe Maillet,20202021,WSH,C,1992-11-07,Lachenaie,CAN,QC
8475209,Richard Panik,20202021,WSH,R,1991-02-07,Martin,SVK,NA
8471698,T.J. Oshie,20202021,WSH,R,1986-12-23,Everett,USA,WA
8476880,Tom Wilson,20202021,WSH,R,1994-03-29,Toronto,CAN,ON
8477845,Trevor van Riemsdyk,20202021,WSH,D,1991-07-24,Middletown,USA,NJ
8477970,Vitek Vanecek,20202021,WSH,G,1996-01-09,Havlickuv Brod,CZE,NA
8465009,Zdeno Chara,20202021,WSH,D,1977-03-18,Trencin,SVK,NA
8474641,Adam Henrique,20212022,ANA,C,1990-02-06,Brantford,CAN,ON
8477205,Andrej Sustr,20212022,ANA,D,1990-11-29,Plzen,CZE,NA
8476932,Anthony Stolarz,20212022,ANA,G,1994-01-20,Edison,USA,NJ
8480870,Bo Groulx,20212022,ANA,C,2000-02-06,Rouen,FRA,NA
8481530,Brayden Tracey,20212022,ANA,L,2001-05-28,Calgary,CAN,AB
8478425,Brendan Guhle,20212022,ANA,D,1997-07-29,Edmonton,CAN,AB
8481815,Bryce Kindopp,20212022,ANA,R,1999-06-14,Lloydminster,CAN,AB
8477210,Buddy Robinson,20212022,ANA,R,1991-09-30,Bellmawr,USA,NJ
8475764,Cam Fowler,20212022,ANA,D,1991-12-05,Windsor,CAN,ON
8476982,Danny O'Regan,20212022,ANA,C,1994-01-30,Berlin,DEU,NA
8474683,Derek Grant,20212022,ANA,C,1990-04-20,Abbotsford,CAN,BC
8478866,Dominik Simon,20212022,ANA,C,1994-08-08,Prague,CZE,NA
8479933,Gerry Mayhew,20212022,ANA,C,1992-12-31,Wyandotte,USA,MI
8474688,Greg Pateryn,20212022,ANA,D,1990-06-20,Sterling Heights,USA,MI
8476854,Hampus Lindholm,20212022,ANA,D,1994-01-20,Helsingborg,SWE,NA
8481003,Hunter Drew,20212022,ANA,D,1998-10-21,Kingston,CAN,ON
8480806,Isac Lundestrom,20212022,ANA,C,1999-11-06,Gallivare,SWE,NA
8478491,Jacob Larsson,20212022,ANA,D,1997-04-29,Ljungby,SWE,NA
8482150,Jacob Perreault,20212022,ANA,R,2002-04-15,Montréal,CAN,QC
8475164,Jakob Silfverberg,20212022,ANA,R,1990-10-13,Gavle,SWE,NA
8482142,Jamie Drysdale,20212022,ANA,D,2002-04-08,Toronto,CAN,ON
8476434,John Gibson,20212022,ANA,G,1993-07-14,Pittsburgh,USA,PA
8476312,Josh Manson,20212022,ANA,D,1991-10-07,Hinsdale,USA,IL
8479372,Joshua Mahura,20212022,ANA,D,1998-05-05,St. Albert,CAN,AB
8474031,Kevin Shattenkirk,20212022,ANA,D,1989-01-29,New Rochelle,USA,NY
8480843,Lukas Dostal,20212022,ANA,G,2000-06-22,Brno,CZE,NA
8482745,Mason McTavish,20212022,ANA,C,2003-01-30,Zurich,CHE,NA
8479368,Max Jones,20212022,ANA,L,1998-02-17,Rochester,USA,MI
8480031,Maxime Comtois,20212022,ANA,L,1999-01-08,Longueuil,CAN,QC
8475235,Nicolas Deslauriers,20212022,ANA,L,1991-02-22,LaSalle,CAN,QC
8476483,Rickard Rakell,20212022,ANA,L,1993-05-05,Sundbyberg,SWE,NA
8470612,Ryan Getzlaf,20212022,ANA,C,1985-05-10,Regina,CAN,SK
8475842,Sam Carrick,20212022,ANA,C,1992-02-04,Markham,CAN,ON
8479351,Sam Steel,20212022,ANA,C,1998-02-03,Ardrossan,CAN,AB
8481122,Simon Benoit,20212022,ANA,D,1998-09-19,Laval,CAN,QC
8477947,Sonny Milano,20212022,ANA,L,1996-05-12,Massapequa,USA,NY
8480591,Thomas Hodges,20212022,ANA,G,1994-07-25,Slough,GBR,NA
8481533,Trevor Zegras,20212022,ANA,C,2001-03-20,Bedford,USA,NY
8478873,Troy Terry,20212022,ANA,R,1997-09-10,Denver,USA,CO
8480001,Urho Vaakanainen,20212022,ANA,D,1999-01-01,Joensuu,FIN,NA
8479968,Vinni Lettieri,20212022,ANA,C,1995-02-06,Excelsior,USA,MN
8479944,Zachary Aston-Reese,20212022,ANA,C,1994-08-10,Staten Island,USA,NY
8476851,Alex Galchenyuk,20212022,ARI,C,1994-02-12,Milwaukee,USA,WI
8471217,Andrew Ladd,20212022,ARI,L,1985-12-12,Maple Ridge,CAN,BC
8474849,Antoine Roussel,20212022,ARI,L,1989-11-21,Roubaix,FRA,NA
8471873,Anton Stralman,20212022,ARI,D,1986-08-01,Tibro,SWE,NA
8480849,Barrett Hayton,20212022,ARI,C,2000-06-09,Peterborough,CAN,ON
8481827,Ben McCartney,20212022,ARI,L,2001-07-13,Portage la Prairie,CAN,MB
8478480,Blake Speers,20212022,ARI,C,1997-01-02,Sault Ste. Marie,CAN,ON
8478147,Bokondji Imama,20212022,ARI,L,1996-08-03,Montréal,CAN,QC
8479341,Cam Dineen,20212022,ARI,D,1998-06-19,Toms River,USA,NJ
8475622,Carter Hutton,20212022,ARI,G,1985-12-19,Thunder Bay,CAN,ON
8478432,Christian Fischer,20212022,ARI,R,1997-04-15,Chicago,USA,IL
8479343,Clayton Keller,20212022,ARI,R,1998-07-29,Chesterfield,USA,MO
8479982,Conor Timmins,20212022,ARI,D,1998-09-18,St. Catharines,CAN,ON
8476436,Dmitrij Jaskin,20212022,ARI,R,1993-03-23,Omsk,RUS,NA
8478062,Dysin Mayo,20212022,ARI,D,1996-08-17,Victoria,CAN,BC
8474667,Harri Sateri,20212022,ARI,G,1989-12-29,Toijala,FIN,NA
8477392,Hudson Fasching,20212022,ARI,R,1995-07-28,Apple Valley,USA,MN
8480950,Ilya Lyubushkin,20212022,ARI,D,1994-04-06,Moscow,RUS,NA
8481031,Ivan Prosvetov,20212022,ARI,G,1999-03-05,Moscow,RUS,NA
8482655,J.J. Moser,20212022,ARI,D,2000-06-06,Biel,CHE,NA
8480855,Jack McBain,20212022,ARI,C,2000-01-06,Toronto,CAN,ON
8479345,Jakob Chychrun,20212022,ARI,D,1998-03-31,Boca Raton,USA,FL
8480890,Jan Jenik,20212022,ARI,R,2000-09-15,Nymburk,CZE,NA
8474291,Jay Beagle,20212022,ARI,C,1985-10-16,Calgary,CAN,AB
8475728,Johan Larsson,20212022,ARI,L,1992-07-25,Lau,SWE,NA
8480373,Josef Korenar,20212022,ARI,G,1998-01-31,Pelhrimov,CZE,NA
8478872,Karel Vejmelka,20212022,ARI,G,1996-05-25,Trebic,CZE,NA
8478476,Kyle Capobianco,20212022,ARI,D,1997-08-13,Mississauga,CAN,ON
8478474,Lawson Crouse,20212022,ARI,L,1997-06-23,Mt. Brydges,CAN,ON
8477070,Liam O'Brien,20212022,ARI,C,1994-07-29,Halifax,CAN,NS
8470626,Loui Eriksson,20212022,ARI,L,1985-07-17,Gothenburg,SWE,NA
8481711,Matias Maccelli,20212022,ARI,L,2000-10-14,Turku,FIN,NA
8479619,Michael Carcone,20212022,ARI,L,1996-05-19,Ajax,CAN,ON
8480979,Nate Smith,20212022,ARI,C,1998-10-19,Tampa,USA,FL
8477941,Nick Ritchie,20212022,ARI,L,1995-12-05,Orangeville,CAN,ON
8477951,Nick Schmaltz,20212022,ARI,C,1996-02-23,Madison,USA,WI
8473548,Phil Kessel,20212022,ARI,R,1987-10-02,Madison,USA,WI
8474062,Riley Nash,20212022,ARI,C,1989-05-09,Consort,CAN,AB
8476288,Ryan Dzingel,20212022,ARI,C,1992-03-09,Wheaton,USA,IL
8475809,Scott Wedgewood,20212022,ARI,G,1992-08-14,Brampton,CAN,ON
8476906,Shayne Gostisbehere,20212022,ARI,D,1993-04-20,Pembroke Pines,USA,FL
8476329,Travis Boyd,20212022,ARI,C,1993-09-14,Hopkins,USA,MN
8481599,Victor Soderstrom,20212022,ARI,D,2001-02-26,Gavle,SWE,NA
8481609,Vladislav Kolyachonok,20212022,ARI,D,2001-05-26,Minsk,BLR,NA
8477320,Anton Blidh,20212022,BOS,L,1995-03-14,Molnlycke,SWE,NA
8473419,Brad Marchand,20212022,BOS,L,1988-05-11,Halifax,CAN,NS
8478443,Brandon Carlo,20212022,BOS,D,1996-11-26,Colorado Springs,USA,CO
8475745,Charlie Coyle,20212022,BOS,C,1992-03-02,East Weymouth,USA,MA
8479325,Charlie McAvoy,20212022,BOS,D,1997-12-21,Long Beach,USA,NY
8475780,Chris Wagner,20212022,BOS,R,1991-05-27,Walpole,USA,MA
8477365,Connor Clifton,20212022,BOS,D,1995-04-28,Matawan,USA,NJ
8475225,Craig Smith,20212022,BOS,C,1989-09-05,Madison,USA,WI
8477508,Curtis Lazar,20212022,BOS,C,1995-02-02,Salmon Arm,CAN,BC
8477956,David Pastrnak,20212022,BOS,R,1996-05-25,Havirov,CZE,NA
8475762,Derek Forbort,20212022,BOS,D,1992-03-04,Duluth,USA,MN
8475287,Erik Haula,20212022,BOS,L,1991-03-23,Pori,FIN,NA
8476854,Hampus Lindholm,20212022,BOS,D,1994-01-20,Helsingborg,SWE,NA
8482072,Jack Ahcan,20212022,BOS,D,1997-05-18,Savage,USA,MN
8480021,Jack Studnicka,20212022,BOS,C,1999-02-18,Windsor,CAN,ON
8478498,Jake DeBrusk,20212022,BOS,L,1996-10-17,Edmonton,CAN,AB
8478415,Jakub Zboril,20212022,BOS,D,1997-02-21,Brno,CZE,NA
8480280,Jeremy Swayman,20212022,BOS,G,1998-11-24,Anchorage,USA,AK
8482834,Jesper Froden,20212022,BOS,R,1994-09-21,Stockholm,SWE,NA
8475186,John Moore,20212022,BOS,D,1990-11-19,Winnetka,USA,IL
8477384,Joshua Brown,20212022,BOS,D,1994-01-21,London,CAN,ON
8480901,Karson Kuhlman,20212022,BOS,C,1995-09-26,Esko,USA,MN
8476999,Linus Ullmark,20212022,BOS,G,1993-07-31,Lugnvik,SWE,NA
8483397,Marc McLaughlin,20212022,BOS,C,1999-07-26,North Billerica,USA,MA
8476891,Matt Grzelcyk,20212022,BOS,D,1994-01-05,Charlestown,USA,MA
8476422,Mike Reilly,20212022,BOS,D,1993-07-13,Chicago,USA,IL
8473422,Nick Foligno,20212022,BOS,L,1987-10-31,Buffalo,USA,NY
8479546,Oskar Steen,20212022,BOS,C,1998-03-09,Karlstad,SWE,NA
8470638,Patrice Bergeron,20212022,BOS,C,1985-07-24,L'Ancienne-Lorette,CAN,QC
8476396,Steven Fogarty,20212022,BOS,C,1993-04-19,Chambersburg,USA,PA
8475791,Taylor Hall,20212022,BOS,L,1991-11-14,Calgary,CAN,AB
8477931,Tomas Nosek,20212022,BOS,L,1992-09-01,Pardubice,CZE,NA
8479365,Trent Frederic,20212022,BOS,C,1998-02-11,St. Louis,USA,MO
8471695,Tuukka Rask,20212022,BOS,G,1987-03-10,Savonlinna,FIN,NA
8477343,Tyler Lewington,20212022,BOS,D,1994-12-05,Edmonton,CAN,AB
8480001,Urho Vaakanainen,20212022,BOS,D,1999-01-01,Joensuu,FIN,NA
8477180,Aaron Dell,20212022,BUF,G,1989-05-04,Airdrie,CAN,AB
8477949,Alex Tuch,20212022,BUF,R,1996-05-10,Syracuse,USA,NY
8478075,Anders Bjork,20212022,BUF,L,1996-08-05,Mequon,USA,WI
8481626,Arttu Ruotsalainen,20212022,BUF,C,1997-10-29,Oulu,FIN,NA
8482061,Brandon Biro,20212022,BUF,L,1998-03-11,Sherwood Park,CAN,AB
8479419,Brett Murray,20212022,BUF,L,1998-07-20,Bolton,CAN,ON
8479578,Casey Fitzgerald,20212022,BUF,D,1997-02-25,North Reading,USA,MA
8479999,Casey Mittelstadt,20212022,BUF,C,1998-11-22,Eden Prairie,USA,MN
8478846,Christian Wolanin,20212022,BUF,D,1995-03-17,Quebec City,CAN,QC
8475236,Cody Eakin,20212022,BUF,C,1991-05-24,Winnipeg,CAN,MB
8476525,Colin Miller,20212022,BUF,D,1992-10-29,Sault Ste. Marie,CAN,ON
8467950,Craig Anderson,20212022,BUF,G,1981-05-21,Park Ridge,USA,IL
8479465,Drake Caggiula,20212022,BUF,C,1994-06-20,Pickering,CAN,ON
8474682,Dustin Tokarski,20212022,BUF,G,1989-09-16,Watson,CAN,SK
8481528,Dylan Cozens,20212022,BUF,C,2001-02-09,Whitehorse,CAN,YT
8479289,Ethan Prow,20212022,BUF,D,1992-11-17,Sauk Rapids,USA,MN
8480035,Henri Jokiharju,20212022,BUF,D,1999-06-17,Oulu,FIN,NA
8482175,JJ Peterka,20212022,BUF,R,2002-01-14,Munich,DEU,NA
8482097,Jack Quinn,20212022,BUF,R,2001-09-19,Ottawa,CAN,ON
8480196,Jacob Bryson,20212022,BUF,D,1997-11-18,London,CAN,ON
8475784,Jeff Skinner,20212022,BUF,L,1992-05-16,Toronto,CAN,ON
8477401,John Hayden,20212022,BUF,C,1995-02-14,Chicago,USA,IL
8473449,Kyle Okposo,20212022,BUF,R,1988-04-16,St. Paul,USA,MN
8476876,Malcolm Subban,20212022,BUF,G,1993-12-21,Toronto,CAN,ON
8476873,Mark Jankowski,20212022,BUF,C,1994-09-13,Hamilton,CAN,ON
8475796,Mark Pysyk,20212022,BUF,D,1992-01-11,Sherwood Park,CAN,AB
8480807,Mattias Samuelsson,20212022,BUF,D,2000-03-14,Philadelphia,USA,PA
8475920,Michael Houser,20212022,BUF,G,1992-09-13,Youngstown,USA,OH
8482671,Owen Power,20212022,BUF,D,2002-11-22,Mississauga,CAN,ON
8481522,Peyton Krebs,20212022,BUF,C,2001-01-26,Calgary,CAN,AB
8479335,Rasmus Asplund,20212022,BUF,C,1997-12-03,Filipstad,SWE,NA
8480839,Rasmus Dahlin,20212022,BUF,D,2000-04-13,Lidkoping,SWE,NA
8477462,Robert Hagg,20212022,BUF,D,1995-02-08,Uppsala,SWE,NA
8477974,Ryan MacInnis,20212022,BUF,C,1996-02-14,St. Louis,USA,MO
8479420,Tage Thompson,20212022,BUF,C,1997-10-30,Phoenix,USA,AZ
8480045,Ukko-Pekka Luukkonen,20212022,BUF,G,1999-03-09,Espoo,FIN,NA
8478109,Victor Olofsson,20212022,BUF,L,1995-07-18,Ornskoldsvik,SWE,NA
8476994,Vinnie Hinostroza,20212022,BUF,C,1994-04-03,Chicago,USA,IL
8477355,Will Butcher,20212022,BUF,D,1995-01-06,Sun Prairie,USA,WI
8476878,Zemgus Girgensons,20212022,BUF,L,1994-01-05,Riga,LVA,NA
8479312,Alex Lyon,20212022,CAR,G,1992-12-09,Baudette,USA,MN
8480830,Andrei Svechnikov,20212022,CAR,R,2000-03-26,Barnaul,RUS,NA
8479249,Andrew Poturalski,20212022,CAR,C,1994-01-14,Williamsville,USA,NY
8477293,Antti Raanta,20212022,CAR,G,1989-05-12,Rauma,FIN,NA
8476869,Brady Skjei,20212022,CAR,D,1994-03-26,Lakeville,USA,MN
8474090,Brendan Smith,20212022,CAR,D,1989-02-08,Mimico,CAN,ON
8477488,Brett Pesce,20212022,CAR,D,1994-11-15,Tarrytown,USA,NY
8480083,C.J. Smith,20212022,CAR,L,1994-12-01,Des Moines,USA,IA
8474613,Derek Stepan,20212022,CAR,C,1990-06-18,Hastings,USA,MN
8478451,Ethan Bear,20212022,CAR,D,1997-06-26,Regina,CAN,SK
8475883,Frederik Andersen,20212022,CAR,G,1989-10-02,Herning,DNK,NA
8474013,Ian Cole,20212022,CAR,D,1989-02-21,Ann Arbor,USA,MI
8476958,Jaccob Slavin,20212022,CAR,D,1994-05-01,Denver,USA,CO
8480835,Jack Drury,20212022,CAR,C,2000-02-03,New York,USA,NY
8479581,Jack LaFontaine,20212022,CAR,G,1998-01-06,Mississauga,CAN,ON
8478970,Jalen Chatfield,20212022,CAR,D,1996-05-15,Ypsilanti,USA,MI
8475855,Jesper Fast,20212022,CAR,R,1991-12-02,Nassjo,SWE,NA
8480829,Jesperi Kotkaniemi,20212022,CAR,C,2000-07-06,Pori,FIN,NA
8480466,Joey Keane,20212022,CAR,D,1999-07-02,Chicago,USA,IL
8476921,Jordan Martinook,20212022,CAR,L,1992-07-25,Brandon,CAN,MB
8473533,Jordan Staal,20212022,CAR,C,1988-09-10,Thunder Bay,CAN,ON
8476410,Josh Leivo,20212022,CAR,L,1993-05-26,Innisfil,CAN,ON
8480039,Martin Necas,20212022,CAR,C,1999-01-15,Nove Mesto na Morave,CZE,NA
8477503,Max Domi,20212022,CAR,C,1995-03-02,Winnipeg,CAN,MB
8479320,Maxime Lajoie,20212022,CAR,D,1997-11-05,Quebec City,CAN,QC
8475799,Nino Niederreiter,20212022,CAR,R,1992-09-08,Chur,CHE,NA
8481611,Pyotr Kochetkov,20212022,CAR,G,1999-06-25,Penza,RUS,NA
8478427,Sebastian Aho,20212022,CAR,C,1997-07-26,Rauma,FIN,NA
8482093,Seth Jarvis,20212022,CAR,C,2002-02-01,Winnipeg,CAN,MB
8476474,Stefan Noesen,20212022,CAR,R,1993-02-12,Plano,USA,TX
8478904,Steven Lorentz,20212022,CAR,C,1996-04-13,Kitchener,CAN,ON
8476882,Teuvo Teravainen,20212022,CAR,L,1994-09-11,Helsinki,FIN,NA
8477950,Tony DeAngelo,20212022,CAR,D,1995-10-24,Sewell,USA,NJ
8476389,Vincent Trocheck,20212022,CAR,C,1993-07-11,Pittsburgh,USA,PA
8480871,Adam Boqvist,20212022,CBJ,D,2000-08-15,Falun,SWE,NA
8480074,Alexandre Texier,20212022,CBJ,C,1999-09-13,Saint-Martin-d'Hères,FRA,NA
8479369,Andrew Peeke,20212022,CBJ,D,1998-03-17,Parkland,USA,FL
8476432,Boone Jenner,20212022,CBJ,C,1993-06-15,Dorchester,CAN,ON
8476867,Brendan Gaunce,20212022,CBJ,C,1994-03-25,Sudbury,CAN,ON
8480292,Carson Meyer,20212022,CBJ,R,1997-08-18,Powell,USA,OH
8482705,Cole Sillinger,20212022,CBJ,C,2003-05-16,Columbus,USA,OH
8480193,Daniil Tarasov,20212022,CBJ,G,1999-03-27,Novokuznetsk,RUS,NA
8478567,Dean Kukan,20212022,CBJ,D,1993-07-08,Volketswil,CHE,NA
8478007,Elvis Merzlikins,20212022,CBJ,G,1994-04-13,Riga,LVA,NA
8480205,Emil Bemstrom,20212022,CBJ,R,1999-06-01,Nykoping,SWE,NA
8480762,Eric Robinson,20212022,CBJ,L,1995-06-14,Bellmawr,USA,NJ
8478506,Gabriel Carlsson,20212022,CBJ,D,1997-01-02,Orebro,SWE,NA
8479945,Gavin Bayreuther,20212022,CBJ,D,1994-05-12,Canaan,USA,NH
8476345,Gregory Hofmann,20212022,CBJ,C,1992-11-13,Biel,CHE,NA
8474679,Gustav Nyquist,20212022,CBJ,L,1989-09-01,Halmstad,SWE,NA
8475234,J-F Berube,20212022,CBJ,G,1991-07-13,Repentigny,CAN,QC
8478458,Jack Roslovic,20212022,CBJ,C,1997-01-29,Columbus,USA,OH
8479402,Jake Bean,20212022,CBJ,D,1998-06-09,Calgary,CAN,AB
8481161,Jake Christiansen,20212022,CBJ,D,1999-09-12,West Vancouver,CAN,BC
8474161,Jakub Voracek,20212022,CBJ,R,1989-08-15,Kladno,CZE,NA
8476914,Joonas Korpisalo,20212022,CBJ,G,1994-04-28,Pori,FIN,NA
8479941,Justin Danforth,20212022,CBJ,R,1993-03-15,Oshawa,CAN,ON
8482660,Kent Johnson,20212022,CBJ,C,2002-10-18,Port Moody,CAN,BC
8478831,Kevin Stenlund,20212022,CBJ,C,1996-09-20,Stockholm,SWE,NA
8480853,Liam Foudy,20212022,CBJ,C,2000-02-04,Scarborough,CAN,ON
8477503,Max Domi,20212022,CBJ,C,1995-03-02,Winnipeg,CAN,MB
8483565,Nick Blankenburg,20212022,CBJ,D,1998-05-12,Washington,USA,MI
8477416,Oliver Bjorkstrand,20212022,CBJ,R,1995-04-10,Herning,DNK,NA
8479339,Patrik Laine,20212022,CBJ,L,1998-04-19,Tampere,FIN,NA
8476449,Scott Harrington,20212022,CBJ,D,1993-03-10,Kingston,CAN,ON
8476374,Sean Kuraly,20212022,CBJ,C,1993-01-20,Niagara Falls,USA,NY
8480441,Trey Fix-Wolansky,20212022,CBJ,R,1999-05-26,Edmonton,CAN,AB
8478882,Vladislav Gavrikov,20212022,CBJ,D,1995-11-21,Yaroslavl,RUS,NA
8482475,Yegor Chinakhov,20212022,CBJ,R,2001-02-01,Omsk,RUS,NA
8478460,Zach Werenski,20212022,CBJ,D,1997-07-19,Grosse Pointe,USA,MI
8480008,Adam Ruzicka,20212022,CGY,C,1999-05-11,Bratislava,SVK,NA
8478233,Andrew Mangiapane,20212022,CGY,L,1996-04-04,Toronto,CAN,ON
8476399,Blake Coleman,20212022,CGY,C,1991-11-28,Plano,USA,TX
8470755,Brad Richardson,20212022,CGY,R,1985-02-04,Belleville,CAN,ON
8476439,Brett Ritchie,20212022,CGY,R,1993-07-01,Orangeville,CAN,ON
8475714,Calle Jarnkrok,20212022,CGY,C,1991-09-25,Gavle,SWE,NA
8475690,Chris Tanev,20212022,CGY,D,1989-12-20,Toronto,CAN,ON
8482067,Connor Mackey,20212022,CGY,D,1996-09-12,Tower Lake,USA,IL
8478435,Dan Vladar,20212022,CGY,G,1997-08-20,Prague,CZE,NA
8479346,Dillon Dube,20212022,CGY,C,1998-07-20,Golden,CAN,BC
8477496,Elias Lindholm,20212022,CGY,C,1994-12-02,Boden,SWE,NA
8475790,Erik Gudbranson,20212022,CGY,D,1992-01-07,Ottawa,CAN,ON
8478446,Glenn Gawdin,20212022,CGY,C,1997-03-25,Richmond,CAN,BC
8474593,Jacob Markstrom,20212022,CGY,G,1990-01-31,Gavle,SWE,NA
8476346,Johnny Gaudreau,20212022,CGY,L,1993-08-13,Salem,USA,NJ
8479976,Juuso Valimaki,20212022,CGY,D,1998-10-06,Tampere,FIN,NA
8479314,Matthew Tkachuk,20212022,CGY,L,1997-12-11,Scottsdale,USA,AZ
8474628,Michael Stone,20212022,CGY,D,1990-06-07,Winnipeg,CAN,MB
8474150,Mikael Backlund,20212022,CGY,C,1989-03-17,Vasteras,SWE,NA
8473473,Milan Lucic,20212022,CGY,L,1988-06-07,Vancouver,CAN,BC
8477507,Nikita Zadorov,20212022,CGY,D,1995-04-16,Moscow,RUS,NA
8478396,Noah Hanifin,20212022,CGY,D,1997-01-25,Boston,USA,MA
8478430,Oliver Kylington,20212022,CGY,D,1997-05-19,Stockholm,SWE,NA
8478397,Rasmus Andersson,20212022,CGY,D,1996-10-27,Malmo,SWE,NA
8477846,Ryan Carpenter,20212022,CGY,C,1991-01-18,Oviedo,USA,FL
8477497,Sean Monahan,20212022,CGY,C,1994-10-12,Brampton,CAN,ON
8473453,Trevor Lewis,20212022,CGY,C,1987-01-08,Salt Lake City,USA,UT
8475752,Tyler Pitlick,20212022,CGY,C,1991-11-01,Minneapolis,USA,MN
8475726,Tyler Toffoli,20212022,CGY,R,1992-04-24,Scarborough,CAN,ON
8482652,Walker Duehr,20212022,CGY,R,1997-11-23,Sioux Falls,USA,SD
8478874,Adam Gaudette,20212022,CHI,C,1996-10-03,Braintree,USA,MA
8480831,Alec Regula,20212022,CHI,D,2000-08-06,West Bloomfield,USA,MI
8479337,Alex DeBrincat,20212022,CHI,L,1997-12-18,Farmington Hills,USA,MI
8481568,Alex Vlasic,20212022,CHI,D,2001-06-05,Wilmette,USA,IL
8482821,Arvid Soderblom,20212022,CHI,G,1999-08-19,Göteborg,SWE,NA
8479383,Boris Katchouk,20212022,CHI,L,1998-06-18,Vancouver,CAN,BC
8479542,Brandon Hagel,20212022,CHI,L,1998-08-27,Saskatoon,CAN,SK
8475792,Brett Connolly,20212022,CHI,R,1992-05-02,Campbell River,CAN,BC
8478452,Caleb Jones,20212022,CHI,D,1997-06-06,Arlington,USA,TX
8475177,Calvin de Haan,20212022,CHI,D,1991-05-09,Carp,CAN,ON
8480420,Collin Delia,20212022,CHI,G,1994-06-20,Rancho Cucamonga,USA,CA
8476473,Connor Murphy,20212022,CHI,D,1993-03-26,Dublin,USA,OH
8477330,Dominik Kubalik,20212022,CHI,L,1995-08-21,Plzen,CZE,NA
8478440,Dylan Strome,20212022,CHI,C,1997-03-07,Mississauga,CAN,ON
8476979,Erik Gustafsson,20212022,CHI,D,1992-03-14,Nynashamn,SWE,NA
8479404,Henrik Borgstrom,20212022,CHI,C,1997-08-06,Helsinki,FIN,NA
8480070,Ian Mitchell,20212022,CHI,D,1999-01-18,St. Albert,CAN,AB
8482192,Isaak Phillips,20212022,CHI,D,2001-09-28,Barrie,CAN,ON
8476931,Jake McCabe,20212022,CHI,D,1993-10-12,Eau Claire,USA,WI
8480231,Jakub Galvas,20212022,CHI,D,1999-06-15,Ostrava,CZE,NA
8473604,Jonathan Toews,20212022,CHI,C,1988-04-29,Winnipeg,CAN,MB
8481004,Josiah Slavin,20212022,CHI,L,1998-12-31,Erie,USA,CO
8476915,Jujhar Khaira,20212022,CHI,L,1994-08-13,Surrey,CAN,BC
8480947,Kevin Lankinen,20212022,CHI,G,1995-04-28,Helsinki,FIN,NA
8481523,Kirby Dach,20212022,CHI,C,2001-01-21,Fort Saskatchewan,CAN,AB
8476545,Kurtis Gabriel,20212022,CHI,R,1993-04-20,Newmarket,CAN,ON
8482117,Lukas Reichel,20212022,CHI,L,2002-05-17,Nürnberg,DEU,NA
8480025,MacKenzie Entwistle,20212022,CHI,R,1999-07-14,Georgetown,CAN,ON
8470594,Marc-Andre Fleury,20212022,CHI,G,1984-11-28,Sorel,CAN,QC
8482635,Mike Hardman,20212022,CHI,L,1999-02-05,Hanover,USA,MA
8480814,Nicolas Beaudin,20212022,CHI,D,1999-10-07,Chateauguay,CAN,QC
8474141,Patrick Kane,20212022,CHI,R,1988-11-19,Buffalo,USA,NY
8480798,Philipp Kurashev,20212022,CHI,C,1999-10-12,Munsingen,CHE,NA
8481147,Reese Johnson,20212022,CHI,C,1998-07-10,Regina,CAN,SK
8479388,Riley Stillman,20212022,CHI,D,1998-03-09,Peterborough,CAN,ON
8477846,Ryan Carpenter,20212022,CHI,C,1991-01-18,Oviedo,USA,FL
8478043,Sam Lafferty,20212022,CHI,C,1995-03-06,Hollidaysburg,USA,PA
8477495,Seth Jones,20212022,CHI,D,1994-10-03,Arlington,USA,TX
8479390,Taylor Raddysh,20212022,CHI,R,1998-02-18,Caledon,CAN,ON
8474870,Tyler Johnson,20212022,CHI,C,1990-07-29,Spokane,USA,WA
8480293,Wyatt Kalynuk,20212022,CHI,D,1997-04-14,Brandon,CAN,MB
8481618,Alex Newhook,20212022,COL,C,2001-01-28,St. John's,CAN,NL
8477444,Andre Burakovsky,20212022,COL,L,1995-02-09,Klagenfurt,AUT,NA
8471699,Andrew Cogliano,20212022,COL,C,1987-06-14,Toronto,CAN,ON
8477476,Artturi Lehkonen,20212022,COL,L,1995-07-04,Piikkio,FIN,NA
8483570,Ben Meyers,20212022,COL,C,1998-11-15,Delano,USA,MN
8481524,Bowen Byram,20212022,COL,D,2001-06-13,Cranbrook,CAN,BC
8480069,Cale Makar,20212022,COL,D,1998-10-30,Calgary,CAN,AB
8475311,Darcy Kuemper,20212022,COL,G,1990-05-05,Saskatoon,CAN,SK
8471794,Darren Helm,20212022,COL,C,1987-01-21,St. Andrews,CAN,MB
8478038,Devon Toews,20212022,COL,D,1994-02-21,Abbotsford,CAN,BC
8478106,Dylan Sikura,20212022,COL,C,1995-06-01,Aurora,CAN,ON
8473446,Erik Johnson,20212022,COL,D,1988-03-21,Bloomington,USA,MN
8476455,Gabriel Landeskog,20212022,COL,L,1992-11-23,Stockholm,SWE,NA
8477456,J.T. Compher,20212022,COL,C,1995-04-08,Northbrook,USA,IL
8471677,Jack Johnson,20212022,COL,D,1987-01-13,Indianapolis,USA,IN
8479439,Jacob MacDonald,20212022,COL,D,1993-02-26,Portland,USA,OR
8477126,Jayson Megna,20212022,COL,C,1990-02-01,Fort Lauderdale,USA,FL
8477992,Jonas Johansson,20212022,COL,G,1995-09-19,Gavle,SWE,NA
8480913,Jordan Gross,20212022,COL,D,1995-05-09,Maple Grove,USA,MN
8476312,Josh Manson,20212022,COL,D,1991-10-07,Hinsdale,USA,IL
8482111,Justin Barron,20212022,COL,D,2001-11-15,Halifax,CAN,NS
8481020,Justus Annunen,20212022,COL,G,2000-03-11,Kempele,FIN,NA
8480748,Kiefer Sherwood,20212022,COL,L,1995-03-31,Columbus,USA,OH
8477073,Kurtis MacDermid,20212022,COL,D,1994-03-25,Sauble Beach,CAN,ON
8481186,Logan O'Connor,20212022,COL,R,1996-08-14,Missouri City,USA,TX
8480822,Martin Kaut,20212022,COL,R,1999-10-02,Brno,CZE,NA
8479573,Mikhail Maltsev,20212022,COL,L,1998-03-12,St. Petersburg,RUS,NA
8478420,Mikko Rantanen,20212022,COL,R,1996-10-29,Nousiainen,FIN,NA
8477492,Nathan MacKinnon,20212022,COL,C,1995-09-01,Halifax,CAN,NS
8475172,Nazem Kadri,20212022,COL,C,1990-10-06,London,CAN,ON
8481477,Nico Sturm,20212022,COL,C,1995-05-03,Augsburg,DEU,NA
8477979,Nicolas Aube-Kubel,20212022,COL,R,1996-05-10,Slave Lake,CAN,AB
8480925,Pavel Francouz,20212022,COL,G,1990-06-03,Plzen,CZE,NA
8476850,Ryan Murray,20212022,COL,D,1993-09-27,Regina,CAN,SK
8480846,Sampo Ranta,20212022,COL,L,2000-05-31,Naantali,FIN,NA
8479398,Samuel Girard,20212022,COL,D,1998-05-12,Roberval,CAN,QC
8476870,Stefan Matteau,20212022,COL,C,1994-02-23,Chicago,USA,IL
8479370,Tyson Jost,20212022,COL,C,1998-03-14,St. Albert,CAN,AB
8477501,Valeri Nichushkin,20212022,COL,R,1995-03-04,Chelyabinsk,RUS,NA
8471228,Alexander Radulov,20212022,DAL,R,1986-07-05,Nizhny Tagil,RUS,NA
8471284,Andrej Sekera,20212022,DAL,D,1986-06-08,Bojnice,SVK,NA
8471418,Anton Khudobin,20212022,DAL,G,1986-05-07,Ust-Kamenogorsk,KAZ,NA
8471260,Blake Comeau,20212022,DAL,L,1986-02-18,Meadow Lake,CAN,SK
8474651,Braden Holtby,20212022,DAL,G,1989-09-16,Lloydminster,CAN,SK
8478495,Denis Gurianov,20212022,DAL,R,1997-06-07,Togliatti,RUS,NA
8476902,Esa Lindell,20212022,DAL,D,1994-05-23,Vantaa,FIN,NA
8479518,Fredrik Karlstrom,20212022,DAL,C,1998-01-12,Stockholm,SWE,NA
8480216,Jacob Peterson,20212022,DAL,C,1999-07-19,Lidkoping,SWE,NA
8479979,Jake Oettinger,20212022,DAL,G,1998-12-18,Lakeville,USA,MN
8473994,Jamie Benn,20212022,DAL,L,1989-07-18,Victoria,CAN,BC
8475825,Jani Hakanpää,20212022,DAL,D,1992-03-31,Kirkkonummi,FIN,NA
8480027,Jason Robertson,20212022,DAL,L,1999-07-22,Arcadia,USA,CA
8470794,Joe Pavelski,20212022,DAL,C,1984-07-11,Plover,USA,WI
8477810,Joel Hanley,20212022,DAL,D,1991-06-08,Keswick,CAN,ON
8481641,Joel Kiviranta,20212022,DAL,L,1996-03-23,Vantaa,FIN,NA
8475906,John Klingberg,20212022,DAL,D,1992-08-14,Gothenburg,SWE,NA
8476822,Luke Glendening,20212022,DAL,C,1989-04-28,Grand Rapids,USA,MI
8480226,Marián Studenic,20212022,DAL,L,1998-10-28,Skalica,SVK,NA
8477290,Michael Raffl,20212022,DAL,L,1988-12-01,Villach,AUT,NA
8480036,Miro Heiskanen,20212022,DAL,D,1999-07-18,Espoo,FIN,NA
8476889,Radek Faksa,20212022,DAL,C,1994-01-09,Vitkov,CZE,NA
8479587,Rhett Gardner,20212022,DAL,C,1996-02-28,Moose Jaw,CAN,SK
8480988,Riley Damiani,20212022,DAL,C,2000-03-20,Mississauga,CAN,ON
8479362,Riley Tufte,20212022,DAL,L,1998-04-10,Coon Rapids,USA,MN
8478449,Roope Hintz,20212022,DAL,C,1996-11-17,Tampere,FIN,NA
8470600,Ryan Suter,20212022,DAL,D,1985-01-21,Madison,USA,WI
8475809,Scott Wedgewood,20212022,DAL,G,1992-08-14,Brampton,CAN,ON
8478528,Tanner Kero,20212022,DAL,C,1992-07-24,Hancock,USA,MI
8481581,Thomas Harley,20212022,DAL,D,2001-08-19,Syracuse,USA,NY
8480848,Ty Dellandrea,20212022,DAL,C,2000-07-21,Port Perry,CAN,ON
8475794,Tyler Seguin,20212022,DAL,C,1992-01-31,Brampton,CAN,ON
8476480,Vladislav Namestnikov,20212022,DAL,C,1992-11-22,Zhukovskiy,RUS,NA
8477454,Adam Erne,20212022,DET,L,1995-04-20,New Haven,USA,CT
8477968,Alex Nedeljkovic,20212022,DET,G,1996-01-07,Parma,USA,OH
8475717,Calvin Pickard,20212022,DET,G,1992-04-15,Moncton,CAN,NB
8477240,Carter Rowney,20212022,DET,C,1989-05-10,Grande Prairie,CAN,AB
8478486,Chase Pearson,20212022,DET,C,1997-08-23,Cornwall,CAN,ON
8479252,Dan Renouf,20212022,DET,D,1994-06-01,Pickering,CAN,ON
8477215,Danny DeKeyser,20212022,DET,D,1990-03-07,Detroit,USA,MI
8477946,Dylan Larkin,20212022,DET,C,1996-07-30,Waterford,USA,MI
8479425,Filip Hronek,20212022,DET,D,1997-11-02,Hradec Kralove,CZE,NA
8480821,Filip Zadina,20212022,DET,R,1999-11-27,Pardubice,CZE,NA
8476966,Gemel Smith,20212022,DET,C,1994-04-16,Toronto,CAN,ON
8479379,Givani Smith,20212022,DET,R,1998-02-27,Toronto,CAN,ON
8480184,Gustav Lindstrom,20212022,DET,D,1998-10-20,Ostervala,SWE,NA
8478013,Jake Walman,20212022,DET,D,1996-02-20,Toronto,CAN,ON
8477944,Jakub Vrana,20212022,DET,L,1996-02-28,Prague,CZE,NA
8480813,Joe Veleno,20212022,DET,C,2000-01-13,Montréal,CAN,QC
8477851,Jordan Oesterle,20212022,DET,D,1992-06-25,Dearborn Heights,USA,MI
8479304,Kyle Criscuolo,20212022,DET,C,1992-05-05,Southampton,USA,NJ
8482078,Lucas Raymond,20212022,DET,L,2002-03-28,Gothenburg,SWE,NA
8474722,Luke Witkowski,20212022,DET,D,1990-04-14,Holland,USA,MI
8476433,Magnus Hellberg,20212022,DET,G,1991-04-04,Uppsala,SWE,NA
8471686,Marc Staal,20212022,DET,D,1987-01-13,Thunder Bay,CAN,ON
8479992,Michael Rasmussen,20212022,DET,C,1999-04-17,Surrey,CAN,BC
8478477,Mitchell Stephens,20212022,DET,C,1997-02-05,Peterborough,CAN,ON
8481542,Moritz Seider,20212022,DET,D,2001-04-06,Zell,DEU,NA
8475181,Nick Leddy,20212022,DET,D,1991-03-20,Eden Prairie,USA,MN
8479355,Olli Juolevi,20212022,DET,D,1998-05-05,Helsinki,FIN,NA
8476897,Oskar Sundqvist,20212022,DET,C,1994-03-23,Boden,SWE,NA
8480459,Pius Suter,20212022,DET,C,1996-05-24,Zurich,CHE,NA
8477003,Riley Barber,20212022,DET,R,1994-02-07,Pittsburgh,USA,PA
8477952,Robby Fabbri,20212022,DET,C,1996-01-22,Mississauga,CAN,ON
8474040,Sam Gagner,20212022,DET,C,1989-08-10,London,CAN,ON
8481433,Taro Hirose,20212022,DET,L,1996-06-30,Calgary,CAN,AB
8471306,Thomas Greiss,20212022,DET,G,1986-01-29,Fussen,DEU,NA
8479442,Troy Stecher,20212022,DET,D,1994-04-07,Richmond,CAN,BC
8476505,Turner Elson,20212022,DET,C,1992-09-13,New Westminster,CAN,BC
8477479,Tyler Bertuzzi,20212022,DET,L,1995-02-24,Sudbury,CAN,ON
8476480,Vladislav Namestnikov,20212022,DET,C,1992-11-22,Zhukovskiy,RUS,NA
8474089,Brad Malone,20212022,EDM,C,1989-05-20,Miramichi,CAN,NB
8477943,Brendan Perlini,20212022,EDM,L,1996-04-27,Guildford,GBR,NA
8476967,Brett Kulak,20212022,EDM,D,1994-01-06,Edmonton,CAN,AB
8476879,Cody Ceci,20212022,EDM,D,1993-12-21,Ottawa,CAN,ON
8474098,Colton Sceviour,20212022,EDM,C,1989-04-20,Red Deer,CAN,AB
8478402,Connor McDavid,20212022,EDM,C,1997-01-13,Richmond Hill,CAN,ON
8478442,Cooper Marody,20212022,EDM,C,1996-12-20,Brighton,USA,MI
8477498,Darnell Nurse,20212022,EDM,D,1995-02-04,Hamilton,CAN,ON
8478585,Derek Ryan,20212022,EDM,C,1986-12-29,Spokane,USA,WA
8473544,Derick Brassard,20212022,EDM,C,1987-09-22,Hull,CAN,QC
8476913,Devin Shore,20212022,EDM,C,1994-07-19,Ajax,CAN,ON
8480041,Dmitri Samorukov,20212022,EDM,D,1999-06-16,Volgograd,RUS,NA
8470281,Duncan Keith,20212022,EDM,D,1983-07-16,Winnipeg,CAN,MB
8482077,Dylan Holloway,20212022,EDM,L,2001-09-23,Calgary,CAN,AB
8480803,Evan Bouchard,20212022,EDM,D,1999-10-20,Oakville,CAN,ON
8475169,Evander Kane,20212022,EDM,L,1991-08-02,Vancouver,CAN,BC
8479344,Jesse Puljujarvi,20212022,EDM,R,1998-05-07,Alvkarleby,SWE,NA
8476326,Josh Archibald,20212022,EDM,R,1992-10-06,Regina,CAN,SK
8479977,Kailer Yamamoto,20212022,EDM,R,1998-09-29,Spokane,USA,WA
8471729,Kris Russell,20212022,EDM,D,1987-05-02,Caroline,CAN,AB
8474068,Kyle Turris,20212022,EDM,C,1989-08-14,New Westminster,CAN,BC
8477934,Leon Draisaitl,20212022,EDM,C,1995-10-27,Cologne,DEU,NA
8479338,Markus Niemelainen,20212022,EDM,D,1998-06-08,Kuopio,FIN,NA
8469608,Mike Smith,20212022,EDM,G,1982-03-22,Kingston,CAN,ON
8475156,Mikko Koskinen,20212022,EDM,G,1988-07-18,Vantaa,FIN,NA
8481598,Philip Broberg,20212022,EDM,D,2001-06-25,Orebro,SWE,NA
8480802,Ryan McLeod,20212022,EDM,C,1999-09-21,Mississauga,CAN,ON
8476454,Ryan Nugent-Hopkins,20212022,EDM,C,1993-04-12,Burnaby,CAN,BC
8476495,Seth Griffith,20212022,EDM,C,1993-01-04,Wallaceburg,CAN,ON
8476886,Slater Koekkoek,20212022,EDM,D,1994-02-18,Winchester,CAN,ON
8479973,Stuart Skinner,20212022,EDM,G,1998-11-01,Edmonton,CAN,AB
8479347,Tyler Benson,20212022,EDM,L,1998-03-15,Edmonton,CAN,AB
8475197,Tyson Barrie,20212022,EDM,D,1991-07-26,Victoria,CAN,BC
8477998,Warren Foegele,20212022,EDM,L,1996-04-01,Markham,CAN,ON
8478021,William Lagesson,20212022,EDM,D,1996-02-22,Gothenburg,SWE,NA
8475786,Zach Hyman,20212022,EDM,L,1992-06-09,Toronto,CAN,ON
8475178,Zack Kassian,20212022,EDM,R,1991-01-24,Windsor,CAN,ON
8477932,Aaron Ekblad,20212022,FLA,D,1996-02-07,Windsor,CAN,ON
8477493,Aleksander Barkov,20212022,FLA,C,1995-09-02,Tampere,FIN,NA
8480037,Aleksi Heponiemi,20212022,FLA,C,1999-01-09,Tampere,FIN,NA
8477407,Anthony Duclair,20212022,FLA,L,1995-08-26,Pointe-Claire,CAN,QC
8482113,Anton Lundell,20212022,FLA,C,2001-10-03,Espoo,FIN,NA
8475279,Ben Chiarot,20212022,FLA,D,1991-05-09,Hamilton,CAN,ON
8477986,Brandon Montour,20212022,FLA,D,1994-04-11,Brantford,CAN,ON
8477409,Carter Verhaeghe,20212022,FLA,C,1995-08-14,Toronto,CAN,ON
8479597,Chase Priskie,20212022,FLA,D,1996-03-19,Pembroke Pines,USA,FL
8473512,Claude Giroux,20212022,FLA,R,1988-01-12,Hearst,CAN,ON
8481655,Cole Schwindt,20212022,FLA,C,2001-04-25,Kitchener,CAN,ON
8480185,Eetu Luostarinen,20212022,FLA,C,1998-09-02,Siilinjarvi,FIN,NA
8478366,Frank Vatrano,20212022,FLA,C,1994-03-14,East Longmeadow,USA,MA
8480844,Grigori Denisenko,20212022,FLA,L,2000-06-24,Novosibirsk,RUS,NA
8478055,Gustav Forsling,20212022,FLA,D,1996-06-12,Linkoping,SWE,NA
8466138,Joe Thornton,20212022,FLA,C,1979-07-02,London,CAN,ON
8477992,Jonas Johansson,20212022,FLA,G,1995-09-19,Gavle,SWE,NA
8476456,Jonathan Huberdeau,20212022,FLA,L,1993-06-04,Saint-Jerome,CAN,QC
8475246,Kevin Connauton,20212022,FLA,D,1990-02-23,Edmonton,CAN,AB
8479523,Lucas Carlsson,20212022,FLA,D,1997-07-05,Gavle,SWE,NA
8477346,MacKenzie Weegar,20212022,FLA,D,1994-01-07,Ottawa,CAN,ON
8478906,Markus Nutivaara,20212022,FLA,D,1994-06-06,Oulu,FIN,NA
8478975,Mason Marchment,20212022,FLA,L,1995-06-18,Uxbridge,CAN,ON
8482641,Matt Kiersted,20212022,FLA,D,1998-04-14,Elk River,USA,MN
8479553,Maxim Mamin,20212022,FLA,C,1995-01-13,Moscow,RUS,NA
8478569,Noel Acciari,20212022,FLA,C,1991-12-01,Johnston,USA,RI
8479355,Olli Juolevi,20212022,FLA,D,1998-05-05,Helsinki,FIN,NA
8480015,Owen Tippett,20212022,FLA,R,1999-02-16,Peterborough,CAN,ON
8471887,Patric Hornqvist,20212022,FLA,R,1987-01-01,Sollentuna,SWE,NA
8476989,Petteri Lindbohm,20212022,FLA,D,1993-09-23,Helsinki,FIN,NA
8475462,Radko Gudas,20212022,FLA,D,1990-06-05,Prague,CZE,NA
8477462,Robert Hagg,20212022,FLA,D,1995-02-08,Uppsala,SWE,NA
8479066,Ryan Lomberg,20212022,FLA,L,1994-12-09,Richmond Hill,CAN,ON
8477935,Sam Bennett,20212022,FLA,C,1996-06-20,Holland Landing,CAN,ON
8477933,Sam Reinhart,20212022,FLA,C,1995-11-06,West Vancouver,CAN,BC
8475683,Sergei Bobrovsky,20212022,FLA,G,1988-09-20,Novokuznetsk,RUS,NA
8481519,Spencer Knight,20212022,FLA,G,2001-04-19,Darien,USA,CT
8474610,Zac Dalpe,20212022,FLA,C,1989-11-01,Paris,CAN,ON
8477960,Adrian Kempe,20212022,LAK,R,1996-09-13,Kramfors,SWE,NA
8480113,Alex Iafallo,20212022,LAK,L,1993-12-21,Eden,USA,NY
8481532,Alex Turcotte,20212022,LAK,C,2001-02-26,Elk Grove,USA,IL
8471303,Alexander Edler,20212022,LAK,D,1986-04-21,Ostersund,SWE,NA
8476960,Andreas Athanasiou,20212022,LAK,C,1994-08-06,Woodbridge,CAN,ON
8471685,Anze Kopitar,20212022,LAK,C,1987-08-24,Jesenice,SVN,NA
8481560,Arthur Kaliyev,20212022,LAK,R,2001-06-26,Tashkent,UZB,NA
8480467,Austin Strand,20212022,LAK,D,1997-02-17,Calgary,CAN,AB
8481481,Blake Lizotte,20212022,LAK,C,1997-12-13,Lindstrom,USA,MN
8477962,Brendan Lemieux,20212022,LAK,L,1996-03-15,Denver,USA,CO
8477361,Cal Petersen,20212022,LAK,G,1994-10-19,Waterloo,USA,IA
8479336,Carl Grundstrom,20212022,LAK,R,1997-12-01,Umea,SWE,NA
8478846,Christian Wolanin,20212022,LAK,D,1995-03-17,Quebec City,CAN,QC
8474563,Drew Doughty,20212022,LAK,D,1989-12-08,London,CAN,ON
8470606,Dustin Brown,20212022,LAK,R,1984-11-04,Ithaca,USA,NY
8480014,Gabriel Vilardi,20212022,LAK,R,1999-08-16,Kingston,CAN,ON
8476343,Garret Sparks,20212022,LAK,G,1993-06-28,Elmhurst,USA,IL
8479421,Jacob Moverare,20212022,LAK,D,1998-08-31,Ostersund,SWE,NA
8479994,Jaret Anderson-Dolan,20212022,LAK,C,1999-09-12,Calgary,CAN,AB
8471734,Jonathan Quick,20212022,LAK,G,1986-01-21,Milford,USA,CT
8481606,Jordan Spence,20212022,LAK,D,2001-02-24,Manly,AUS,NA
8479348,Kale Clague,20212022,LAK,D,1998-06-05,Regina,CAN,SK
8480072,Lias Andersson,20212022,LAK,C,1998-10-13,Smogen,SWE,NA
8476924,Martin Frk,20212022,LAK,R,1993-10-05,Pelhrimov,CZE,NA
8478911,Matt Roy,20212022,LAK,D,1995-03-01,Detroit,USA,MI
8479998,Mikey Anderson,20212022,LAK,D,1999-05-25,Roseville,USA,MN
8476874,Olli Maatta,20212022,LAK,D,1994-08-22,Jyväskylä,FIN,NA
8476479,Phillip Danault,20212022,LAK,C,1993-02-24,Victoriaville,CAN,QC
8482124,Quinton Byfield,20212022,LAK,C,2002-08-19,Newmarket,CAN,ON
8480845,Rasmus Kupari,20212022,LAK,C,2000-03-15,Kotka,FIN,NA
8481239,Samuel Fagemo,20212022,LAK,L,2000-03-14,Göteborg,SWE,NA
8480434,Sean Durzi,20212022,LAK,D,1998-10-21,Mississauga,CAN,ON
8480336,Sean Walker,20212022,LAK,D,1994-11-13,Keswick,CAN,ON
8476391,T.J. Tynan,20212022,LAK,C,1992-02-25,Orland Park,USA,IL
8481600,Tobias Bjornfot,20212022,LAK,D,2001-04-06,Upplands Vasby,SWE,NA
8479675,Trevor Moore,20212022,LAK,L,1995-03-31,Thousand Oaks,USA,CA
8479442,Troy Stecher,20212022,LAK,D,1994-04-07,Richmond,CAN,BC
8478042,Viktor Arvidsson,20212022,LAK,R,1993-04-08,Skelleftea,SWE,NA
8478250,Vladimir Tkachev,20212022,LAK,L,1995-10-05,Omsk,RUS,NA
8481550,Adam Beckman,20212022,MIN,L,2001-05-10,Saskatoon,CAN,SK
8471274,Alex Goligoski,20212022,MIN,D,1985-07-30,Grand Rapids,USA,MN
8479520,Brandon Duhaime,20212022,MIN,R,1997-05-22,Coral Springs,USA,FL
8480884,Calen Addison,20212022,MIN,D,2000-04-11,Brandon,CAN,MB
8475660,Cam Talbot,20212022,MIN,G,1987-07-05,Caledonia,CAN,ON
8480980,Connor Dewar,20212022,MIN,C,1999-06-26,The Pas,CAN,MB
8477541,Dakota Mermis,20212022,MIN,D,1994-01-05,Alton,USA,IL
8475179,Dmitry Kulikov,20212022,MIN,D,1990-10-29,Lipetsk,RUS,NA
8477919,Frederick Gaudreau,20212022,MIN,C,1993-05-01,Bromont,CAN,QC
8478136,Jake Middleton,20212022,MIN,D,1996-01-02,Wainwright,CAN,AB
8474716,Jared Spurgeon,20212022,MIN,D,1989-11-29,Edmonton,CAN,AB
8478493,Joel Eriksson Ek,20212022,MIN,C,1997-01-29,Karlstad,SWE,NA
8481489,Jon Lizotte,20212022,MIN,D,1994-11-10,Grand Forks,USA,ND
8475750,Jon Merrill,20212022,MIN,D,1992-02-03,Oklahoma City,USA,OK
8476463,Jonas Brodin,20212022,MIN,D,1993-07-12,Karlstad,SWE,NA
8478413,Jordan Greenway,20212022,MIN,L,1997-02-16,Canton,USA,NY
8474818,Jordie Benn,20212022,MIN,D,1987-07-26,Victoria,CAN,BC
8476390,Joseph Cramarossa,20212022,MIN,C,1992-10-26,Markham,CAN,ON
8478039,Kaapo Kahkonen,20212022,MIN,G,1996-08-16,Helsinki,FIN,NA
8477942,Kevin Fiala,20212022,MIN,L,1996-07-22,St. Gallen,CHE,NA
8478864,Kirill Kaprizov,20212022,MIN,L,1997-04-26,Novokuznetsk,RUS,NA
8476415,Kyle Rau,20212022,MIN,C,1992-10-24,Eden Prairie,USA,MN
8470594,Marc-Andre Fleury,20212022,MIN,G,1984-11-28,Sorel,CAN,QC
8482079,Marco Rossi,20212022,MIN,C,2001-09-23,Feldkirch,AUT,NA
8475220,Marcus Foligno,20212022,MIN,L,1991-08-10,Buffalo,USA,NY
8479972,Mason Shaw,20212022,MIN,C,1998-11-03,Lloydminster,CAN,AB
8476856,Mathew Dumba,20212022,MIN,D,1994-07-25,Regina,CAN,SK
8475692,Mats Zuccarello,20212022,MIN,R,1987-09-01,Oslo,NOR,NA
8481557,Matt Boldy,20212022,MIN,L,2001-04-05,Milford,USA,MA
8482070,Mitchell Chaffee,20212022,MIN,R,1998-01-26,Grand Rapids,USA,MI
8475760,Nick Bjugstad,20212022,MIN,C,1992-07-17,Minneapolis,USA,MN
8481477,Nico Sturm,20212022,MIN,C,1995-05-03,Augsburg,DEU,NA
8475235,Nicolas Deslauriers,20212022,MIN,L,1991-02-22,LaSalle,CAN,QC
8479514,Rem Pitlick,20212022,MIN,C,1997-04-02,Ottawa,CAN,ON
8477451,Ryan Hartman,20212022,MIN,R,1994-09-20,Hilton Head Island,USA,SC
8479370,Tyson Jost,20212022,MIN,C,1998-03-14,St. Albert,CAN,AB
8476437,Victor Rask,20212022,MIN,C,1993-03-01,Leksand,SWE,NA
8478996,Adam Brooks,20212022,MTL,C,1996-05-06,Winnipeg,CAN,MB
8475968,Alex Belzile,20212022,MTL,R,1991-08-31,Riviere-du-Loup,CAN,QC
8481014,Alexander Romanov,20212022,MTL,D,2000-01-06,Moscow,RUS,NA
8477202,Andrew Hammond,20212022,MTL,G,1988-02-11,Surrey,CAN,BC
8477476,Artturi Lehkonen,20212022,MTL,L,1995-07-04,Piikkio,FIN,NA
8475279,Ben Chiarot,20212022,MTL,D,1991-05-09,Hamilton,CAN,ON
8477631,Brandon Baddock,20212022,MTL,L,1995-03-29,Vermilion,CAN,AB
8475848,Brendan Gallagher,20212022,MTL,R,1992-05-06,Edmonton,CAN,AB
8476967,Brett Kulak,20212022,MTL,D,1994-01-06,Edmonton,CAN,AB
8480858,Cam Hillis,20212022,MTL,C,2000-06-24,Oshawa,CAN,ON
8471679,Carey Price,20212022,MTL,G,1987-08-16,Anahim Lake,CAN,BC
8480051,Cayden Primeau,20212022,MTL,G,1999-08-11,Farmington Hills,USA,MI
8476975,Cedric Paquette,20212022,MTL,C,1993-08-13,Gaspe,CAN,QC
8475227,Chris Wideman,20212022,MTL,D,1990-01-07,St. Louis,USA,MO
8477989,Christian Dvorak,20212022,MTL,C,1996-02-02,Palos,USA,IL
8481540,Cole Caufield,20212022,MTL,R,2001-01-02,Mosinee,USA,WI
8481461,Corey Schueneman,20212022,MTL,D,1995-09-02,Milford,USA,MI
8475233,David Savard,20212022,MTL,D,1990-10-22,St-Hyacinthe,CAN,QC
8474596,Jake Allen,20212022,MTL,G,1990-08-07,Fredericton,CAN,NB
8478133,Jake Evans,20212022,MTL,C,1996-06-02,Toronto,CAN,ON
8473507,Jeff Petry,20212022,MTL,D,1987-12-09,Ann Arbor,USA,MI
8481058,Jesse Ylonen,20212022,MTL,R,1999-10-03,Scottsdale,USA,AZ
8476469,Joel Armia,20212022,MTL,R,1993-05-31,Pori,FIN,NA
8476441,Joel Edmundson,20212022,MTL,D,1993-06-28,Brandon,CAN,MB
8477494,Jonathan Drouin,20212022,MTL,L,1995-03-28,Ste-Agathe,CAN,QC
8480887,Jordan Harris,20212022,MTL,D,2000-07-07,Haverhill,USA,MA
8476981,Josh Anderson,20212022,MTL,R,1994-05-07,Burlington,CAN,ON
8482111,Justin Barron,20212022,MTL,D,2001-11-15,Halifax,CAN,NS
8479348,Kale Clague,20212022,MTL,D,1998-06-05,Regina,CAN,SK
8477460,Laurent Dauphin,20212022,MTL,C,1995-03-27,Repentigny,CAN,QC
8478838,Lukas Vejdemo,20212022,MTL,C,1996-01-25,Stockholm,SWE,NA
8473618,Mathieu Perreault,20212022,MTL,C,1988-01-05,Drummondville,CAN,QC
8481555,Mattias Norlinder,20212022,MTL,D,2000-04-12,Kramfors,SWE,NA
8478933,Michael McNiven,20212022,MTL,G,1997-07-09,Winnipeg,CAN,MB
8479543,Michael Pezzetta,20212022,MTL,L,1998-03-13,Toronto,CAN,ON
8474884,Mike Hoffman,20212022,MTL,L,1989-11-24,Kitchener,CAN,ON
8480018,Nick Suzuki,20212022,MTL,C,1999-08-10,London,CAN,ON
8474038,Paul Byron,20212022,MTL,L,1989-04-27,Ottawa,CAN,ON
8481093,Rafael Harvey-Pinard,20212022,MTL,L,1999-01-06,Saguenay,CAN,QC
8479514,Rem Pitlick,20212022,MTL,C,1997-04-02,Ottawa,CAN,ON
8480068,Ryan Poehling,20212022,MTL,C,1999-01-03,Lakeville,USA,MN
8478470,Sam Montembeault,20212022,MTL,G,1996-10-30,Becancour,CAN,QC
8478915,Sami Niku,20212022,MTL,D,1996-10-10,Haapavesi,FIN,NA
8475752,Tyler Pitlick,20212022,MTL,C,1991-11-01,Minneapolis,USA,MN
8475726,Tyler Toffoli,20212022,MTL,R,1992-04-24,Scarborough,CAN,ON
8478021,William Lagesson,20212022,MTL,D,1996-02-22,Gothenburg,SWE,NA
8478421,A.J. Greer,20212022,NJD,L,1996-12-14,Joliette,CAN,QC
8481033,Akira Schmid,20212022,NJD,G,2000-05-12,Bern,CHE,NA
8482125,Alexander Holtz,20212022,NJD,R,2002-01-23,Stockholm,SWE,NA
8477341,Andreas Johnsson,20212022,NJD,L,1994-11-21,Gavle,SWE,NA
8477202,Andrew Hammond,20212022,NJD,G,1988-02-11,Surrey,CAN,BC
8478029,Chase De Leo,20212022,NJD,C,1995-10-25,La Mirada,USA,CA
8478868,Christian Jaros,20212022,NJD,D,1996-04-02,Kosice,SVK,NA
8478841,Colton White,20212022,NJD,D,1997-05-03,London,CAN,ON
8476923,Damon Severson,20212022,NJD,D,1994-08-07,Melville,CAN,SK
8482110,Dawson Mercer,20212022,NJD,C,2001-10-27,Carbonear,CAN,NL
8476462,Dougie Hamilton,20212022,NJD,D,1993-06-17,Toronto,CAN,ON
8480188,Fabian Zetterlund,20212022,NJD,L,1999-08-25,Karlstad,SWE,NA
8477512,Frederik Gauthier,20212022,NJD,C,1995-04-26,Laval,CAN,QC
8481559,Jack Hughes,20212022,NJD,C,2001-05-14,Orlando,USA,FL
8479511,Janne Kuokkanen,20212022,NJD,C,1998-05-25,Oulunsalo,FIN,NA
8480003,Jesper Boqvist,20212022,NJD,C,1998-10-30,Falun,SWE,NA
8479407,Jesper Bratt,20212022,NJD,L,1998-07-30,Stockholm,SWE,NA
8476918,Jimmy Vesey,20212022,NJD,L,1993-05-26,Boston,USA,MA
8476903,Jon Gillies,20212022,NJD,G,1994-01-22,Concord,USA,NH
8478399,Jonas Siegenthaler,20212022,NJD,D,1997-05-06,Zurich,CHE,NA
8473541,Jonathan Bernier,20212022,NJD,G,1988-08-07,Laval,CAN,QC
8480860,Kevin Bahl,20212022,NJD,D,2000-06-27,New Westminster,CAN,BC
8478406,Mackenzie Blackwood,20212022,NJD,G,1996-12-09,Thunder Bay,CAN,ON
8480226,Marián Studenic,20212022,NJD,R,1998-10-28,Skalica,SVK,NA
8477419,Mason Geertsen,20212022,NJD,D,1995-04-19,Drayton Valley,CAN,AB
8479415,Michael McLeod,20212022,NJD,C,1998-02-03,Mississauga,CAN,ON
8477425,Miles Wood,20212022,NJD,L,1995-09-13,Buffalo,USA,NY
8479414,Nathan Bastian,20212022,NJD,R,1997-12-06,Kitchener,CAN,ON
8482076,Nico Daws,20212022,NJD,G,2000-12-22,Munich,DEU,NA
8480002,Nico Hischier,20212022,NJD,C,1999-01-04,Brig,CHE,NA
8481537,Nikita Okhotiuk,20212022,NJD,D,2000-12-04,Chelyabinsk,RUS,NA
8481518,Nolan Foote,20212022,NJD,L,2000-11-29,Denver,USA,CO
8474056,P.K. Subban,20212022,NJD,D,1989-05-13,Toronto,CAN,ON
8478401,Pavel Zacha,20212022,NJD,C,1997-04-06,Brno,CZE,NA
8480054,Reilly Walsh,20212022,NJD,D,1999-04-21,Framingham,USA,MA
8477435,Ryan Graves,20212022,NJD,D,1995-05-21,Yarmouth,CAN,NS
8475809,Scott Wedgewood,20212022,NJD,G,1992-08-14,Brampton,CAN,ON
8475193,Tomas Tatar,20212022,NJD,L,1990-12-01,Ilava,SVK,NA
8480883,Ty Smith,20212022,NJD,D,2000-03-24,Lloydminster,CAN,AB
8481740,Tyce Thompson,20212022,NJD,R,1999-07-12,Calgary,CAN,AB
8481068,Yegor Sharangovich,20212022,NJD,C,1998-06-06,Minsk,BLR,NA
8478851,Alexandre Carrier,20212022,NSH,D,1996-10-08,Quebec City,CAN,QC
8477433,Ben Harpur,20212022,NSH,D,1995-01-12,Hamilton,CAN,ON
8479996,Cody Glass,20212022,NSH,C,1999-04-01,Winnipeg,CAN,MB
8482062,Cole Smith,20212022,NSH,L,1995-10-28,Brainerd,USA,MN
8476925,Colton Sissons,20212022,NSH,C,1993-11-05,North Vancouver,CAN,BC
8478971,Connor Ingram,20212022,NSH,G,1997-03-31,Saskatoon,CAN,SK
8479371,Dante Fabbro,20212022,NSH,D,1998-06-20,Coquitlam,CAN,BC
8479496,David Rittich,20212022,NSH,G,1992-08-19,Jihlava,CZE,NA
8480009,Eeli Tolvanen,20212022,NSH,R,1999-04-22,Vihti,FIN,NA
8476887,Filip Forsberg,20212022,NSH,L,1994-08-13,Ostervala,SWE,NA
8479602,Jeremy Davies,20212022,NSH,D,1996-12-04,Sainte-Anne-de-Bellevue,CAN,QC
8478468,Jeremy Lauzon,20212022,NSH,D,1997-04-28,Val-d'Or,CAN,QC
8477424,Juuse Saros,20212022,NSH,G,1995-04-19,Forssa,FIN,NA
8478949,Kole Sherwood,20212022,NSH,R,1997-01-22,Columbus,USA,OH
8479316,Luke Kunin,20212022,NSH,C,1997-12-04,Chesterfield,USA,MO
8474697,Mark Borowiecki,20212022,NSH,D,1989-07-12,Ottawa,CAN,ON
8479671,Mathieu Olivier,20212022,NSH,R,1997-02-11,Biloxi,USA,MS
8476988,Matt Benning,20212022,NSH,D,1994-05-25,Edmonton,CAN,AB
8475168,Matt Duchene,20212022,NSH,C,1991-01-16,Haliburton,CAN,ON
8479644,Matt Luff,20212022,NSH,R,1997-05-05,Oakville,CAN,ON
8476807,Matt Tennyson,20212022,NSH,D,1990-04-23,Minneapolis,USA,MN
8475218,Mattias Ekholm,20212022,NSH,D,1990-05-24,Borlange,SWE,NA
8477446,Michael McCarron,20212022,NSH,R,1995-03-07,Grosse Pointe,USA,MI
8475798,Mikael Granlund,20212022,NSH,C,1992-02-26,Oulu,FIN,NA
8476393,Nick Cousins,20212022,NSH,C,1993-07-20,Belleville,CAN,ON
8481577,Philip Tomasino,20212022,NSH,C,2001-07-28,Mississauga,CAN,ON
8479026,Philippe Myers,20212022,NSH,D,1997-01-25,Moncton,CAN,NB
8476428,Rocco Grimaldi,20212022,NSH,R,1993-02-08,Anaheim,USA,CA
8474600,Roman Josi,20212022,NSH,D,1990-06-01,Bern,CHE,NA
8475793,Ryan Johansen,20212022,NSH,C,1992-07-31,Vancouver,CAN,BC
8479661,Tanner Jeannot,20212022,NSH,L,1997-05-29,Estevan,CAN,SK
8478438,Tommy Novak,20212022,NSH,C,1997-04-28,St. Paul,USA,MN
8478508,Yakov Trenin,20212022,NSH,C,1997-01-13,Chelyabinsk,RUS,NA
8476917,Adam Pelech,20212022,NYI,D,1994-08-16,Toronto,CAN,ON
8475314,Anders Lee,20212022,NYI,L,1990-07-03,Edina,USA,MN
8476404,Andy Andreoff,20212022,NYI,C,1991-05-17,Pickering,CAN,ON
8472382,Andy Greene,20212022,NYI,D,1982-10-30,Trenton,USA,MI
8478463,Anthony Beauvillier,20212022,NYI,L,1997-06-08,Sorel-Tracy,CAN,QC
8478512,Austin Czarnik,20212022,NYI,C,1992-12-12,Detroit,USA,MI
8475754,Brock Nelson,20212022,NYI,C,1991-10-15,Warroad,USA,MN
8473504,Cal Clutterbuck,20212022,NYI,R,1987-11-18,Welland,CAN,ON
8475231,Casey Cizikas,20212022,NYI,C,1991-02-27,Toronto,CAN,ON
8471239,Cory Schneider,20212022,NYI,G,1986-03-18,Marblehead,USA,MA
8480306,Grant Hutton,20212022,NYI,D,1995-07-25,Carmel,USA,IN
8478009,Ilya Sorokin,20212022,NYI,G,1995-08-04,Mezhdurechensk,RUS,NA
8476419,Jean-Gabriel Pageau,20212022,NYI,C,1992-11-11,Ottawa,CAN,ON
8474573,Josh Bailey,20212022,NYI,R,1989-10-02,Bowmanville,CAN,ON
8479356,Kieffer Bellows,20212022,NYI,L,1998-06-10,Edina,USA,MN
8475151,Kyle Palmieri,20212022,NYI,C,1991-02-01,Smithtown,USA,NY
8473463,Leo Komarov,20212022,NYI,R,1987-01-23,Narva,EST,NA
8478445,Mathew Barzal,20212022,NYI,C,1997-05-26,Coquitlam,CAN,BC
8474709,Matt Martin,20212022,NYI,L,1989-05-08,Windsor,CAN,ON
8477936,Michael Dal Colle,20212022,NYI,L,1996-06-20,Woodbridge,CAN,ON
8480865,Noah Dobson,20212022,NYI,D,2000-01-07,Summerside,CAN,PE
8480789,Oliver Wahlstrom,20212022,NYI,R,2000-06-13,Portland,USA,ME
8479526,Otto Koivula,20212022,NYI,L,1998-09-01,Nokia,FIN,NA
8476983,Paul LaDue,20212022,NYI,D,1992-09-06,Grand Forks,USA,ND
8475209,Richard Panik,20212022,NYI,R,1991-02-07,Martin,SVK,NA
8480071,Robin Salo,20212022,NYI,D,1998-10-13,Espoo,FIN,NA
8477527,Ross Johnston,20212022,NYI,L,1994-02-18,Charlottetown,CAN,PE
8477506,Ryan Pulock,20212022,NYI,D,1994-10-06,Dauphin,CAN,MB
8476429,Scott Mayfield,20212022,NYI,D,1992-10-14,St. Louis,USA,MO
8480222,Sebastian Aho,20212022,NYI,D,1996-02-17,Umea,SWE,NA
8473575,Semyon Varlamov,20212022,NYI,G,1988-04-27,Samara,RUS,NA
8474066,Thomas Hickey,20212022,NYI,D,1989-02-08,Calgary,CAN,AB
8470610,Zach Parise,20212022,NYI,L,1984-07-28,Minneapolis,USA,MN
8465009,Zdeno Chara,20212022,NYI,D,1977-03-18,Trencin,SVK,NA
8479323,Adam Fox,20212022,NYR,D,1998-02-17,Jericho,USA,NY
8478903,Adam Huska,20212022,NYR,G,1997-05-12,Zvolen,SVK,NA
8480382,Alexandar Georgiev,20212022,NYR,G,1996-02-10,Ruse,BGR,NA
8482109,Alexis Lafrenière,20212022,NYR,L,2001-10-11,St-Eustache,CAN,QC
8477429,Andrew Copp,20212022,NYR,C,1994-07-08,Ann Arbor,USA,MI
8479447,Anthony Greco,20212022,NYR,R,1993-09-30,Queens,USA,NY
8478550,Artemi Panarin,20212022,NYR,L,1991-10-30,Korkino,RUS,NA
8476624,Barclay Goodrow,20212022,NYR,C,1993-02-26,Toronto,CAN,ON
8482073,Braden Schneider,20212022,NYR,D,2001-09-20,Prince Albert,CAN,SK
8475184,Chris Kreider,20212022,NYR,L,1991-04-30,Boxford,USA,MA
8478211,Dryden Hunt,20212022,NYR,L,1995-11-24,Cranbrook,CAN,BC
8480078,Filip Chytil,20212022,NYR,C,1999-09-05,Kromeriz,CZE,NA
8478366,Frank Vatrano,20212022,NYR,C,1994-03-14,East Longmeadow,USA,MA
8475735,Greg McKegg,20212022,NYR,C,1992-06-17,St. Thomas,CAN,ON
8478048,Igor Shesterkin,20212022,NYR,G,1995-12-30,Moscow,RUS,NA
8476885,Jacob Trouba,20212022,NYR,D,1994-02-26,Rochester,USA,MI
8475797,Jarred Tinordi,20212022,NYR,D,1992-02-20,Millersville,USA,MD
8477380,Jonny Brodzinski,20212022,NYR,C,1993-06-19,Ham Lake,USA,MN
8479328,Julien Gauthier,20212022,NYR,R,1997-10-15,Pointe-aux-Trembles,CAN,QC
8474027,Justin Braun,20212022,NYR,D,1987-02-10,Minneapolis,USA,MN
8480817,K'Andre Miller,20212022,NYR,D,2000-01-21,St. Paul,USA,MN
8481554,Kaapo Kakko,20212022,NYR,R,2001-02-13,Turku,FIN,NA
8476234,Keith Kinkaid,20212022,NYR,G,1989-07-04,Farmingville,USA,NY
8479291,Kevin Rooney,20212022,NYR,C,1993-05-21,Canton,USA,MA
8479333,Libor Hajek,20212022,NYR,D,1998-02-04,Smrcek,CZE,NA
8476459,Mika Zibanejad,20212022,NYR,C,1993-04-18,Stockholm,SWE,NA
8480289,Morgan Barron,20212022,NYR,C,1998-12-02,Halifax,CAN,NS
8480878,Nils Lundkvist,20212022,NYR,D,2000-07-27,Pitea,SWE,NA
8475747,Patrik Nemeth,20212022,NYR,D,1992-02-08,Stockholm,SWE,NA
8479324,Ryan Lindgren,20212022,NYR,D,1998-02-11,Burnsville,USA,MN
8471817,Ryan Reaves,20212022,NYR,R,1987-01-20,Winnipeg,CAN,MB
8476458,Ryan Strome,20212022,NYR,C,1993-07-11,Mississauga,CAN,ON
8478104,Sammy Blais,20212022,NYR,L,1996-06-17,Montmagny,CAN,QC
8479364,Tim Gettinger,20212022,NYR,L,1998-04-14,Cleveland,USA,OH
8477353,Tyler Motte,20212022,NYR,C,1995-03-10,St. Clair,USA,MI
8481708,Zac Jones,20212022,NYR,D,2000-10-18,Richmond,USA,VA
8478874,Adam Gaudette,20212022,OTT,C,1996-10-03,Braintree,USA,MA
8480029,Alex Formenton,20212022,OTT,L,1999-09-13,Barrie,CAN,ON
8475461,Andrew Agozzino,20212022,OTT,L,1991-01-03,Kleinburg,CAN,ON
8476341,Anton Forsberg,20212022,OTT,G,1992-11-27,Härnösand,SWE,NA
8482245,Artem Zub,20212022,OTT,D,1995-10-03,Khabarovsk,RUS,NA
8475766,Austin Watson,20212022,OTT,L,1992-01-13,Ann Arbor,USA,MI
8480801,Brady Tkachuk,20212022,OTT,L,1999-09-16,Scottsdale,USA,AZ
8476919,Chris Tierney,20212022,OTT,C,1994-07-01,Keswick,CAN,ON
8478056,Clark Bishop,20212022,OTT,C,1996-03-29,St. John's,CAN,NL
8481133,Cole Reinhardt,20212022,OTT,L,2000-02-01,Calgary,CAN,AB
8478400,Colin White,20212022,OTT,C,1997-01-30,Boston,USA,MA
8477015,Connor Brown,20212022,OTT,R,1994-01-14,Toronto,CAN,ON
8477471,Dillon Heatherington,20212022,OTT,D,1995-05-09,Calgary,CAN,AB
8480208,Drake Batherson,20212022,OTT,R,1998-04-27,Fort Wayne,USA,IN
8479580,Dylan Gambrell,20212022,OTT,C,1996-08-26,Bonney Lake,USA,WA
8481102,Egor Sokolov,20212022,OTT,L,2000-06-07,Yekaterinburg,RUS,NA
8480073,Erik Brannstrom,20212022,OTT,D,1999-09-02,Eksjo,SWE,NA
8479406,Filip Gustavsson,20212022,OTT,G,1998-06-07,Skelleftea,SWE,NA
8480879,Jacob Bernard-Docker,20212022,OTT,D,2000-06-30,Canmore,CAN,AB
8480064,Josh Norris,20212022,OTT,C,1999-05-05,Oxford,USA,MI
8477384,Joshua Brown,20212022,OTT,D,1994-01-21,London,CAN,ON
8481575,Lassi Thomson,20212022,OTT,D,2000-09-24,Tampere,FIN,NA
8476400,Logan Shaw,20212022,OTT,R,1992-10-05,Glace Bay,CAN,NS
8481544,Mads Sogaard,20212022,OTT,G,2000-12-13,Aalborg,DNK,NA
8480355,Mark Kastelic,20212022,OTT,C,1999-03-11,Phoenix,USA,AZ
8478472,Mathieu Joseph,20212022,OTT,R,1997-02-09,Laval,CAN,QC
8476899,Matt Murray,20212022,OTT,G,1994-05-25,Thunder Bay,CAN,ON
8474584,Michael Del Zotto,20212022,OTT,D,1990-06-24,Stouffville,CAN,ON
8474207,Nick Holden,20212022,OTT,D,1987-05-15,St. Albert,CAN,AB
8477426,Nick Paul,20212022,OTT,L,1995-03-20,Mississauga,CAN,ON
8479458,Nikita Zaitsev,20212022,OTT,D,1991-10-29,Moscow,RUS,NA
8480448,Parker Kelly,20212022,OTT,L,1999-05-14,Camrose,CAN,AB
8477149,Scott Sabourin,20212022,OTT,R,1992-07-30,Orleans,CAN,ON
8481596,Shane Pinto,20212022,OTT,C,2000-11-12,Franklin Square,USA,NY
8478469,Thomas Chabot,20212022,OTT,D,1997-01-30,Sainte-Marie,CAN,QC
8482116,Tim Stützle,20212022,OTT,L,2002-01-15,Viersen,DEU,NA
8474612,Travis Hamonic,20212022,OTT,D,1990-08-16,St. Malo,CAN,MB
8474589,Tyler Ennis,20212022,OTT,R,1989-10-06,Edmonton,CAN,AB
8479376,Victor Mete,20212022,OTT,D,1998-06-07,Woodbridge,CAN,ON
8481657,Viktor Lodin,20212022,OTT,C,1999-06-02,Leksand,SWE,NA
8478485,Zach Senyshyn,20212022,OTT,R,1997-03-30,Ottawa,CAN,ON
8477482,Zachary Sanford,20212022,OTT,L,1994-11-09,Salem,USA,MA
8481553,Bobby Brink,20212022,PHI,R,2001-07-08,Minnetonka,USA,MN
8474715,Cam Atkinson,20212022,PHI,R,1989-06-05,Riverside,USA,CT
8481546,Cam York,20212022,PHI,D,2001-01-05,Anaheim,USA,CA
8479394,Carter Hart,20212022,PHI,G,1998-08-13,Sherwood Park,CAN,AB
8473512,Claude Giroux,20212022,PHI,C,1988-01-12,Hearst,CAN,ON
8479382,Connor Bunnaman,20212022,PHI,C,1998-04-16,Guelph,CAN,ON
8473544,Derick Brassard,20212022,PHI,C,1987-09-22,Hull,CAN,QC
8481178,Egor Zamula,20212022,PHI,D,2000-03-30,Chelyabinsk,RUS,NA
8478433,Felix Sandstrom,20212022,PHI,G,1997-01-12,Gavle,SWE,NA
8479933,Gerry Mayhew,20212022,PHI,C,1992-12-31,Wyandotte,USA,MI
8478173,Hayden Hodgson,20212022,PHI,R,1996-03-02,Windsor,CAN,ON
8480019,Isaac Ratcliffe,20212022,PHI,L,1999-02-15,London,CAN,ON
8478500,Ivan Provorov,20212022,PHI,D,1997-01-13,Yaroslavl,RUS,NA
8482654,Jackson Cates,20212022,PHI,C,1997-09-26,Stillwater,USA,MN
8474037,James van Riemsdyk,20212022,PHI,L,1989-05-04,Middletown,USA,NJ
8480797,Joel Farabee,20212022,PHI,L,2000-02-25,Syracuse,USA,NY
8474027,Justin Braun,20212022,PHI,D,1987-02-10,Minneapolis,USA,MN
8471735,Keith Yandle,20212022,PHI,D,1986-09-09,Boston,USA,MA
8475246,Kevin Connauton,20212022,PHI,D,1990-02-23,Edmonton,CAN,AB
8475763,Kevin Hayes,20212022,PHI,C,1992-05-08,Dorchester,USA,MA
8479534,Linus Hogberg,20212022,PHI,D,1998-09-04,Stockholm,SWE,NA
8482243,Linus Sandin,20212022,PHI,R,1996-05-19,Uppsala,SWE,NA
8474889,Martin Jones,20212022,PHI,G,1990-01-10,North Vancouver,CAN,BC
8478051,Max Willman,20212022,PHI,C,1995-02-13,Barnstable,USA,MA
8480028,Morgan Frost,20212022,PHI,C,1999-05-14,Aurora,CAN,ON
8470775,Nate Thompson,20212022,PHI,C,1984-10-05,Anchorage,USA,AK
8476372,Nick Seeler,20212022,PHI,D,1993-06-03,Eden Prairie,USA,MN
8477979,Nicolas Aube-Kubel,20212022,PHI,R,1996-05-10,Slave Lake,CAN,AB
8480220,Noah Cates,20212022,PHI,L,1999-02-05,Stillwater,USA,MN
8478067,Oskar Lindblom,20212022,PHI,L,1996-08-15,Gavle,SWE,NA
8480015,Owen Tippett,20212022,PHI,R,1999-02-16,Peterborough,CAN,ON
8477887,Patrick Brown,20212022,PHI,C,1992-05-29,Bloomfield Hills,USA,MI
8477499,Rasmus Ristolainen,20212022,PHI,D,1994-10-27,Turku,FIN,NA
8481521,Ronnie Attard,20212022,PHI,D,1999-03-20,White Lake,USA,MI
8475176,Ryan Ellis,20212022,PHI,D,1991-01-03,Hamilton,CAN,ON
8476872,Scott Laughton,20212022,PHI,C,1994-05-30,Oakville,CAN,ON
8476461,Sean Couturier,20212022,PHI,C,1992-12-07,Phoenix,USA,AZ
8479550,Tanner Laczynski,20212022,PHI,C,1997-06-01,Minooka,USA,IL
8478439,Travis Konecny,20212022,PHI,R,1997-03-11,London,CAN,ON
8477948,Travis Sanheim,20212022,PHI,D,1996-03-29,Elkhorn,CAN,MB
8479322,Wade Allison,20212022,PHI,R,1997-10-14,Carman,CAN,MB
8479772,Zack MacEwen,20212022,PHI,C,1996-07-08,Charlottetown,CAN,PE
8478074,Anthony Angello,20212022,PIT,R,1996-03-06,Albany,USA,NY
8470619,Brian Boyle,20212022,PIT,C,1984-12-18,Hingham,USA,MA
8475208,Brian Dumoulin,20212022,PIT,D,1991-09-06,Biddeford,USA,ME
8476934,Brock McGinn,20212022,PIT,L,1994-02-02,Fergus,CAN,ON
8475810,Bryan Rust,20212022,PIT,R,1992-05-11,Pontiac,USA,MI
8479193,Casey DeSmith,20212022,PIT,G,1991-08-13,Rochester,USA,NH
8477244,Chad Ruhwedel,20212022,PIT,D,1990-05-07,San Diego,USA,CA
8478046,Danton Heinen,20212022,PIT,L,1995-07-05,Langley,CAN,BC
8478866,Dominik Simon,20212022,PIT,C,1994-08-08,Prague,CZE,NA
8482055,Drew O'Connor,20212022,PIT,L,1998-06-09,Chatham,USA,NJ
8478542,Evan Rodrigues,20212022,PIT,C,1993-07-28,Toronto,CAN,ON
8471215,Evgeni Malkin,20212022,PIT,C,1986-07-31,Magnitogorsk,RUS,NA
8480842,Filip Hallander,20212022,PIT,C,2000-06-29,Sundsvall,SWE,NA
8477404,Jake Guentzel,20212022,PIT,L,1994-10-06,Omaha,USA,NE
8475722,Jason Zucker,20212022,PIT,L,1992-01-16,Newport Beach,USA,CA
8470604,Jeff Carter,20212022,PIT,C,1985-01-01,London,CAN,ON
8478507,John Marino,20212022,PIT,D,1997-05-21,North Easton,USA,MA
8480945,Juuso Riikola,20212022,PIT,D,1993-11-09,Joensuu,FIN,NA
8479512,Kasper Bjorkqvist,20212022,PIT,R,1997-07-10,Espoo,FIN,NA
8477953,Kasperi Kapanen,20212022,PIT,R,1996-07-23,Kuopio,FIN,NA
8471724,Kris Letang,20212022,PIT,D,1987-04-24,Montréal,CAN,QC
8475839,Louis Domingue,20212022,PIT,G,1992-03-06,St-Hyacinthe,CAN,QC
8477969,Marcus Pettersson,20212022,PIT,D,1996-05-08,Skelleftea,SWE,NA
8478017,Mark Friedman,20212022,PIT,D,1995-12-25,Toronto,CAN,ON
8476875,Mike Matheson,20212022,PIT,D,1994-02-27,Pointe-Claire,CAN,QC
8480058,P.O Joseph,20212022,PIT,D,1999-07-01,Laval,CAN,QC
8482241,Radim Zohorna,20212022,PIT,L,1996-04-29,Havlickuv,CZE,NA
8476483,Rickard Rakell,20212022,PIT,R,1993-05-05,Sundbyberg,SWE,NA
8478043,Sam Lafferty,20212022,PIT,R,1995-03-06,Hollidaysburg,USA,PA
8471675,Sidney Crosby,20212022,PIT,C,1987-08-07,Cole Harbour,CAN,NS
8476927,Teddy Blueger,20212022,PIT,C,1994-08-15,Riga,LVA,NA
8477465,Tristan Jarry,20212022,PIT,G,1995-04-29,Surrey,CAN,BC
8481703,Valtteri Puustinen,20212022,PIT,R,1999-06-04,Kuopio,FIN,NA
8479944,Zachary Aston-Reese,20212022,PIT,L,1994-08-10,Staten Island,USA,NY
8476457,Adam Larsson,20212022,SEA,D,1992-11-12,Skelleftea,SWE,NA
8479718,Alex Barré-Boulet,20212022,SEA,C,1997-05-21,Montmagny,CAN,QC
8480384,Alexander True,20212022,SEA,C,1997-07-17,Copenhagen,DNK,NA
8477505,Alexander Wennberg,20212022,SEA,C,1994-09-22,Stockholm,SWE,NA
8478512,Austin Czarnik,20212022,SEA,C,1992-12-12,Detroit,USA,MI
8479293,Brandon Tanev,20212022,SEA,L,1991-12-31,Toronto,CAN,ON
8479985,Cale Fleury,20212022,SEA,D,1998-11-19,Carlyle,CAN,SK
8475714,Calle Jarnkrok,20212022,SEA,C,1991-09-25,Gavle,SWE,NA
8477369,Carson Soucy,20212022,SEA,D,1994-07-27,Viking,CAN,AB
8476904,Chris Driedger,20212022,SEA,G,1994-05-18,Winnipeg,CAN,MB
8476278,Colin Blackwell,20212022,SEA,C,1993-03-28,North Andover,USA,MA
8478466,Daniel Sprong,20212022,SEA,R,1997-03-17,Amsterdam,NLD,NA
8479395,Dennis Cholowski,20212022,SEA,D,1998-02-15,Langley,CAN,BC
8476884,Derrick Pouliot,20212022,SEA,D,1994-01-16,Estevan,CAN,SK
8477938,Haydn Fleury,20212022,SEA,D,1996-07-08,Carlyle,CAN,SK
8475768,Jaden Schwartz,20212022,SEA,C,1992-06-25,Wilcox,CAN,SK
8476467,Jamie Oleksiak,20212022,SEA,D,1992-12-21,Toronto,CAN,ON
8477955,Jared McCann,20212022,SEA,L,1996-05-31,Stratford,CAN,ON
8478468,Jeremy Lauzon,20212022,SEA,D,1997-04-28,Val-d'Or,CAN,QC
8478916,Joey Daccord,20212022,SEA,G,1996-08-19,Boston,USA,MA
8475820,Joonas Donskoi,20212022,SEA,R,1992-04-13,Raahe,FIN,NA
8474586,Jordan Eberle,20212022,SEA,R,1990-05-15,Regina,CAN,SK
8480901,Karson Kuhlman,20212022,SEA,C,1995-09-26,Esko,USA,MN
8479986,Kole Lind,20212022,SEA,R,1998-10-16,Swift Current,CAN,SK
8475149,Marcus Johansson,20212022,SEA,L,1990-10-06,Landskrona,SWE,NA
8470966,Mark Giordano,20212022,SEA,D,1983-10-03,Toronto,CAN,ON
8478891,Mason Appleton,20212022,SEA,C,1996-01-15,Green Bay,USA,WI
8482665,Matty Beniers,20212022,SEA,C,2002-11-05,Hingham,USA,MA
8476323,Max McCormick,20212022,SEA,L,1992-05-01,De Pere,USA,WI
8479987,Morgan Geekie,20212022,SEA,C,1998-07-20,Strathclair,CAN,MB
8479414,Nathan Bastian,20212022,SEA,R,1997-12-06,Kitchener,CAN,ON
8475831,Philipp Grubauer,20212022,SEA,G,1991-11-25,Rosenheim,DEU,NA
8475772,Riley Sheahan,20212022,SEA,C,1991-12-07,St. Catharines,CAN,ON
8477987,Ryan Donato,20212022,SEA,C,1996-04-09,Boston,USA,MA
8476437,Victor Rask,20212022,SEA,C,1993-03-01,Leksand,SWE,NA
8478407,Vince Dunn,20212022,SEA,D,1996-10-29,Mississauga,CAN,ON
8478840,Will Borgen,20212022,SEA,D,1996-12-19,Moorhead,USA,MN
8476826,Yanni Gourde,20212022,SEA,C,1991-12-15,Saint-Narcisse,CAN,QC
8482197,Adam Raska,20212022,SJS,R,2001-09-25,Frydek-Mistek,CZE,NA
8478499,Adin Hill,20212022,SJS,G,1996-05-11,Comox,CAN,BC
8471774,Alex Stalock,20212022,SJS,G,1987-07-28,Saint Paul,USA,MN
8482222,Alexander Barabanov,20212022,SJS,L,1994-06-17,St. Petersburg,RUS,NA
8471699,Andrew Cogliano,20212022,SJS,C,1987-06-14,Toronto,CAN,ON
8481552,Artemi Kniazev,20212022,SJS,D,2001-01-04,Kazan,RUS,NA
8470613,Brent Burns,20212022,SJS,D,1985-03-09,Barrie,CAN,ON
8474578,Erik Karlsson,20212022,SJS,D,1990-05-31,Landsbro,SWE,NA
8478136,Jake Middleton,20212022,SJS,D,1996-01-02,Wainwright,CAN,AB
8473503,James Reimer,20212022,SJS,G,1988-03-15,Morweena,CAN,MB
8481061,Jasper Weatherby,20212022,SJS,C,1998-01-22,Portland,USA,OR
8477034,Jaycob Megna,20212022,SJS,D,1992-12-10,Plantation,USA,FL
8480304,Jayden Halbgewachs,20212022,SJS,L,1997-03-22,Regina,CAN,SK
8479705,Jeffrey Viel,20212022,SJS,L,1997-01-28,Rimouski,CAN,QC
8481077,John Leonard,20212022,SJS,L,1998-08-07,Westwood,USA,NJ
8479981,Jonah Gadjovich,20212022,SJS,L,1998-10-12,Whitby,CAN,ON
8479373,Jonathan Dahlen,20212022,SJS,C,1997-12-20,Ostersund,SWE,NA
8478039,Kaapo Kahkonen,20212022,SJS,G,1996-08-16,Helsinki,FIN,NA
8478099,Kevin Labanc,20212022,SJS,R,1995-12-12,Brooklyn,USA,NY
8478967,Lane Pederson,20212022,SJS,C,1997-08-04,Saskatoon,CAN,SK
8474053,Logan Couture,20212022,SJS,C,1989-03-28,Guelph,CAN,ON
8471709,Marc-Edouard Vlasic,20212022,SJS,D,1987-03-30,Montréal,CAN,QC
8479983,Mario Ferraro,20212022,SJS,D,1998-09-17,Toronto,CAN,ON
8476442,Matt Nieto,20212022,SJS,L,1992-11-05,Long Beach,USA,CA
8474009,Nick Bonino,20212022,SJS,C,1988-04-20,Hartford,USA,CT
8478447,Nick Merkley,20212022,SJS,R,1997-05-23,Calgary,CAN,AB
8478467,Nicolas Meloche,20212022,SJS,D,1997-07-18,LaSalle,CAN,QC
8479393,Noah Gregor,20212022,SJS,C,1998-07-28,Beaumont,CAN,AB
8480160,Radim Simek,20212022,SJS,D,1992-09-20,Mlada Boleslav,CZE,NA
8478870,Rudolfs Balcers,20212022,SJS,L,1997-04-08,Liepaja,LVA,NA
8476288,Ryan Dzingel,20212022,SJS,C,1992-03-09,Wheaton,USA,IL
8480847,Ryan Merkley,20212022,SJS,D,2000-08-14,Oakville,CAN,ON
8481701,Santeri Hatakka,20212022,SJS,D,2001-01-15,Riihimaki,FIN,NA
8480053,Sasha Chmelevski,20212022,SJS,C,1999-06-09,Huntington Beach,USA,CA
8480060,Scott Reedy,20212022,SJS,C,1999-04-04,Prior Lake,USA,MN
8482133,Thomas Bordeleau,20212022,SJS,C,2002-01-03,Houston,USA,TX
8478414,Timo Meier,20212022,SJS,R,1996-10-08,Herisau,CHE,NA
8476881,Tomas Hertl,20212022,SJS,C,1993-11-12,Praha,CZE,NA
8482667,William Eklund,20212022,SJS,L,2002-10-12,Stockholm,SWE,NA
8479313,Zach Sawchenko,20212022,SJS,G,1997-12-30,Calgary,CAN,AB
8480281,Alexey Toropchenko,20212022,STL,R,1999-06-25,Moscow,RUS,NA
8476438,Brandon Saad,20212022,STL,L,1992-10-27,Pittsburgh,USA,PA
8475170,Brayden Schenn,20212022,STL,C,1991-08-22,Saskatoon,CAN,SK
8480157,Calle Rosen,20212022,STL,D,1994-02-02,Vaxjo,SWE,NA
8479292,Charlie Lindgren,20212022,STL,G,1993-12-18,Lakeville,USA,MN
8476892,Colton Parayko,20212022,STL,D,1993-05-12,St. Albert,CAN,AB
8478057,Dakota Joshua,20212022,STL,C,1996-05-15,Dearborn,USA,MI
8474102,David Perron,20212022,STL,L,1988-05-28,Sherbrooke,CAN,QC
8477964,Ivan Barbashev,20212022,STL,C,1995-12-14,Moscow,RUS,NA
8482089,Jake Neighbours,20212022,STL,L,2002-03-29,Calgary,CAN,AB
8478013,Jake Walman,20212022,STL,D,1996-02-20,Toronto,CAN,ON
8471707,James Neal,20212022,STL,L,1987-09-03,Whitby,CAN,ON
8480981,Joel Hofer,20212022,STL,G,2000-07-30,Winnipeg,CAN,MB
8476903,Jon Gillies,20212022,STL,G,1994-01-22,Concord,USA,NH
8476412,Jordan Binnington,20212022,STL,G,1993-07-11,Richmond Hill,CAN,ON
8479385,Jordan Kyrou,20212022,STL,C,1998-05-05,Toronto,CAN,ON
8475753,Justin Faulk,20212022,STL,D,1992-03-20,South St. Paul,USA,MN
8480011,Klim Kostin,20212022,STL,C,1999-05-05,Penza,RUS,NA
8475160,Kyle Clifford,20212022,STL,L,1991-01-13,Ayr,CAN,ON
8479366,Logan Brown,20212022,STL,C,1998-03-05,Raleigh,USA,NC
8476907,Mackenzie MacEachern,20212022,STL,L,1994-03-09,Bloomfield Hills,USA,MI
8474618,Marco Scandella,20212022,STL,D,1990-02-23,Montréal,CAN,QC
8476285,Matthew Peca,20212022,STL,C,1993-04-27,Petawawa,CAN,ON
8477573,Nathan Walker,20212022,STL,L,1994-02-07,Cardiff,GBR,NA
8475181,Nick Leddy,20212022,STL,D,1991-03-20,Eden Prairie,USA,MN
8478859,Niko Mikkola,20212022,STL,D,1996-04-27,Kiiminki,FIN,NA
8476897,Oskar Sundqvist,20212022,STL,C,1994-03-23,Boden,SWE,NA
8477402,Pavel Buchnevich,20212022,STL,L,1995-04-17,Cherepovets,RUS,NA
8474145,Robert Bortuzzo,20212022,STL,D,1989-03-18,Thunder Bay,CAN,ON
8480023,Robert Thomas,20212022,STL,C,1999-07-02,Aurora,CAN,ON
8475158,Ryan O'Reilly,20212022,STL,C,1991-02-07,Clinton,CAN,ON
8481059,Scott Perunovich,20212022,STL,D,1998-08-18,Hibbing,USA,MN
8477463,Steven Santini,20212022,STL,D,1995-03-07,Bronxville,USA,NY
8476792,Torey Krug,20212022,STL,D,1991-04-12,Livonia,USA,MI
8475098,Tyler Bozak,20212022,STL,C,1986-03-19,Regina,CAN,SK
8478024,Ville Husso,20212022,STL,G,1995-02-06,Helsinki,FIN,NA
8475765,Vladimir Tarasenko,20212022,STL,R,1991-12-13,Yaroslavl,RUS,NA
8479718,Alex Barré-Boulet,20212022,TBL,C,1997-05-21,Montmagny,CAN,QC
8473986,Alex Killorn,20212022,TBL,L,1989-09-14,Halifax,CAN,NS
8476883,Andrei Vasilevskiy,20212022,TBL,G,1994-07-25,Tyumen,RUS,NA
8477205,Andrej Sustr,20212022,TBL,D,1990-11-29,Plzen,CZE,NA
8478519,Anthony Cirelli,20212022,TBL,C,1997-07-15,Etobicoke,CAN,ON
8479383,Boris Katchouk,20212022,TBL,L,1998-06-18,Vancouver,CAN,BC
8479542,Brandon Hagel,20212022,TBL,L,1998-08-27,Saskatoon,CAN,SK
8478010,Brayden Point,20212022,TBL,C,1996-03-13,Calgary,CAN,AB
8470880,Brian Elliott,20212022,TBL,G,1985-04-09,Newmarket,CAN,ON
8479984,Cal Foote,20212022,TBL,D,1998-12-13,Denver,USA,CO
8470621,Corey Perry,20212022,TBL,R,1985-05-16,Peterborough,CAN,ON
8478178,Darren Raddysh,20212022,TBL,D,1996-02-28,Toronto,CAN,ON
8478416,Erik Cernak,20212022,TBL,D,1997-05-28,Kosice,SVK,NA
8476368,Fredrik Claesson,20212022,TBL,D,1992-11-24,Stockholm,SWE,NA
8480863,Gabriel Fortier,20212022,TBL,L,2000-02-06,Lachine,CAN,QC
8481597,Hugo Alnefelt,20212022,TBL,G,2001-06-04,Danderyd,SWE,NA
8480172,Jan Rutta,20212022,TBL,D,1990-07-29,Pisek,CZE,NA
8478472,Mathieu Joseph,20212022,TBL,R,1997-02-09,Laval,CAN,QC
8476509,Maxime Lagace,20212022,TBL,G,1993-01-12,Saint-Augustin,CAN,QC
8479410,Mikhail Sergachev,20212022,TBL,D,1998-06-25,Nizhnekamsk,RUS,NA
8477426,Nick Paul,20212022,TBL,L,1995-03-20,Mississauga,CAN,ON
8476453,Nikita Kucherov,20212022,TBL,R,1993-06-17,Maykop,RUS,NA
8476292,Ondrej Palat,20212022,TBL,L,1991-03-28,Frydek-Mistek,CZE,NA
8474034,Patrick Maroon,20212022,TBL,L,1988-04-23,St. Louis,USA,MO
8477930,Pierre-Edouard Bellemare,20212022,TBL,L,1985-03-06,Le Blanc-Mesnil,FRA,NA
8477461,Remi Elie,20212022,TBL,L,1995-04-16,Cornwall,CAN,ON
8474062,Riley Nash,20212022,TBL,C,1989-05-09,Consort,CAN,AB
8479525,Ross Colton,20212022,TBL,C,1996-09-11,Robbinsville,USA,NJ
8474151,Ryan McDonagh,20212022,TBL,D,1989-06-13,St. Paul,USA,MN
8479413,Sean Day,20212022,TBL,D,1998-01-09,Leuven,BEL,NA
8474564,Steven Stamkos,20212022,TBL,C,1990-02-07,Markham,CAN,ON
8479390,Taylor Raddysh,20212022,TBL,R,1998-02-18,Caledon,CAN,ON
8475167,Victor Hedman,20212022,TBL,D,1990-12-18,Ornskoldsvik,SWE,NA
8474567,Zach Bogosian,20212022,TBL,D,1990-07-15,Massena,USA,NY
8473415,Alex Biega,20212022,TOR,D,1988-04-04,Montréal,CAN,QC
8482634,Alex Steeves,20212022,TOR,C,1999-12-10,Saint Paul,USA,MN
8477021,Alexander Kerfoot,20212022,TOR,C,1994-08-11,Vancouver,CAN,BC
8479318,Auston Matthews,20212022,TOR,C,1997-09-17,San Ramon,USA,CA
8478881,Brett Seney,20212022,TOR,L,1996-02-28,London,CAN,ON
8477472,Carl Dahlstrom,20212022,TOR,D,1995-01-28,Stockholm,SWE,NA
8476278,Colin Blackwell,20212022,TOR,C,1993-03-28,North Andover,USA,MA
8480144,David Kampf,20212022,TOR,C,1995-01-12,Chomutov,CZE,NA
8478902,Erik Kallgren,20212022,TOR,G,1996-10-14,Stockholm,SWE,NA
8480950,Ilya Lyubushkin,20212022,TOR,D,1994-04-06,Moscow,RUS,NA
8481624,Ilya Mikheyev,20212022,TOR,R,1994-10-10,Omsk,RUS,NA
8475789,Jack Campbell,20212022,TOR,G,1992-01-09,Port Huron,USA,MI
8474162,Jake Muzzin,20212022,TOR,D,1989-02-21,Woodstock,CAN,ON
8469455,Jason Spezza,20212022,TOR,C,1983-06-13,Toronto,CAN,ON
8479315,Joey Anderson,20212022,TOR,R,1998-06-19,Roseville,USA,MN
8475166,John Tavares,20212022,TOR,C,1990-09-20,Mississauga,CAN,ON
8479361,Joseph Woll,20212022,TOR,G,1998-07-12,Dardenne Prairie,USA,MO
8475718,Justin Holl,20212022,TOR,D,1992-01-30,Tonka Bay,USA,MN
8482815,Kirill Semyonov,20212022,TOR,C,1994-10-27,Omsk,RUS,NA
8479729,Kristians Rubins,20212022,TOR,D,1997-12-11,Jurmala,LVA,NA
8475160,Kyle Clifford,20212022,TOR,L,1991-01-13,Ayr,CAN,ON
8470966,Mark Giordano,20212022,TOR,D,1983-10-03,Toronto,CAN,ON
8478020,Michael Amadio,20212022,TOR,C,1996-05-13,Sault Ste. Marie,CAN,ON
8478047,Michael Bunting,20212022,TOR,L,1995-09-17,Scarborough,CAN,ON
8474636,Michael Hutchinson,20212022,TOR,G,1990-03-02,Barrie,CAN,ON
8478483,Mitch Marner,20212022,TOR,R,1997-05-05,Markham,CAN,ON
8476853,Morgan Rielly,20212022,TOR,D,1994-03-09,Vancouver,CAN,BC
8481582,Nicholas Robertson,20212022,TOR,L,2001-09-11,Pasadena,USA,CA
8481720,Nick Abruzzese,20212022,TOR,C,1999-06-04,Slate Hill,USA,NY
8477941,Nick Ritchie,20212022,TOR,L,1995-12-05,Orangeville,CAN,ON
8478131,Ondrej Kase,20212022,TOR,R,1995-11-08,Kadan,CZE,NA
8475852,Petr Mrazek,20212022,TOR,G,1992-02-14,Ostrava,CZE,NA
8478115,Pierre Engvall,20212022,TOR,L,1996-05-31,Ljungby,SWE,NA
8480873,Rasmus Sandin,20212022,TOR,D,2000-03-07,Uppsala,SWE,NA
8474673,TJ Brodie,20212022,TOR,D,1990-06-07,Chatham,CAN,ON
8480043,Timothy Liljegren,20212022,TOR,D,1999-04-30,Kristianstad,SWE,NA
8478408,Travis Dermott,20212022,TOR,D,1996-12-22,Newmarket,CAN,ON
8474190,Wayne Simmonds,20212022,TOR,R,1988-08-26,Scarborough,CAN,ON
8477939,William Nylander,20212022,TOR,R,1996-05-01,Calgary,CAN,AB
8475163,Alex Chiasson,20212022,VAN,R,1990-10-01,Montréal,CAN,QC
8477500,Bo Horvat,20212022,VAN,C,1995-04-05,London,CAN,ON
8476779,Brad Hunt,20212022,VAN,D,1988-08-24,Maple Ridge,CAN,BC
8470755,Brad Richardson,20212022,VAN,R,1985-02-04,Belleville,CAN,ON
8478444,Brock Boeser,20212022,VAN,R,1997-02-25,Burnsville,USA,MN
8478856,Conor Garland,20212022,VAN,R,1996-03-11,Scituate,USA,MA
8480012,Elias Pettersson,20212022,VAN,C,1998-11-12,Sundsvall,SWE,NA
8478465,Guillaume Brisebois,20212022,VAN,D,1997-07-21,Longueuil,CAN,QC
8476468,J.T. Miller,20212022,VAN,C,1993-03-14,East Palestine,USA,OH
8480056,Jack Rathbone,20212022,VAN,D,1999-05-20,Boston,USA,MA
8470860,Jaroslav Halak,20212022,VAN,G,1985-05-13,Bratislava,SVK,NA
8477450,Jason Dickinson,20212022,VAN,C,1995-07-04,Georgetown,CAN,ON
8477996,Juho Lammikko,20212022,VAN,L,1996-01-29,Noormarkku,FIN,NA
8477473,Justin Bailey,20212022,VAN,R,1995-07-01,Buffalo,USA,NY
8475413,Justin Dowling,20212022,VAN,C,1990-10-01,Calgary,CAN,AB
8477335,Kyle Burroughs,20212022,VAN,D,1995-07-12,Vancouver,CAN,BC
8474568,Luke Schenn,20212022,VAN,D,1989-11-02,Saskatoon,CAN,SK
8477474,Madison Bowey,20212022,VAN,D,1995-04-22,Winnipeg,CAN,MB
8478146,Matthew Highmore,20212022,VAN,C,1996-02-27,Halifax,CAN,NS
8480022,Michael DiPietro,20212022,VAN,G,1999-06-09,Windsor,CAN,ON
8477464,Nic Petan,20212022,VAN,C,1995-03-22,Delta,CAN,BC
8481535,Nils Hoglander,20212022,VAN,L,2000-12-20,BOCKTRäSK,SWE,NA
8478454,Noah Juulsen,20212022,VAN,D,1997-04-02,Surrey,CAN,BC
8475171,Oliver Ekman-Larsson,20212022,VAN,D,1991-07-17,Karlskrona,SWE,NA
8480800,Quinn Hughes,20212022,VAN,D,1999-10-14,Orlando,USA,FL
8480326,Sheldon Dries,20212022,VAN,C,1994-04-23,Macomb,USA,MI
8480776,Sheldon Rempal,20212022,VAN,R,1995-08-07,Calgary,CAN,AB
8477484,Spencer Martin,20212022,VAN,G,1995-06-08,Oakville,CAN,ON
8476871,Tanner Pearson,20212022,VAN,L,1992-08-10,Kitchener,CAN,ON
8477967,Thatcher Demko,20212022,VAN,G,1995-12-08,San Diego,USA,CA
8478408,Travis Dermott,20212022,VAN,D,1996-12-22,Newmarket,CAN,ON
8474612,Travis Hamonic,20212022,VAN,D,1990-08-16,St. Malo,CAN,MB
8477359,Tucker Poolman,20212022,VAN,D,1993-06-08,Dubuque,USA,IA
8477353,Tyler Motte,20212022,VAN,C,1995-03-10,St. Clair,USA,MI
8474574,Tyler Myers,20212022,VAN,D,1990-02-01,Houston,USA,TX
8481617,Vasily Podkolzin,20212022,VAN,R,2001-06-24,Moscow,RUS,NA
8479367,William Lockwood,20212022,VAN,R,1998-06-20,Royal Oak,USA,MI
8478996,Adam Brooks,20212022,VGK,C,1996-05-06,Winnipeg,CAN,MB
8474166,Alec Martinez,20212022,VGK,D,1987-07-26,Rochester Hills,USA,MI
8474565,Alex Pietrangelo,20212022,VGK,D,1990-01-18,King City,CAN,ON
8477018,Ben Hutton,20212022,VGK,D,1993-04-20,Brockville,CAN,ON
8480259,Ben Jones,20212022,VGK,C,1999-02-26,Waterloo,CAN,ON
8475188,Brayden McNabb,20212022,VGK,D,1991-01-21,Davidson,CAN,SK
8481167,Brayden Pachal,20212022,VGK,D,1999-08-23,Estevan,CAN,SK
8479353,Brett Howden,20212022,VGK,C,1998-03-29,Calgary,CAN,AB
8476905,Chandler Stephenson,20212022,VGK,C,1994-04-22,Saskatoon,CAN,SK
8482624,Daniil Miromanov,20212022,VGK,D,1997-07-11,Moscow,RUS,NA
8476884,Derrick Pouliot,20212022,VGK,D,1994-01-16,Estevan,CAN,SK
8479639,Dylan Coghlan,20212022,VGK,D,1998-02-19,Duncan,CAN,BC
8474149,Evgenii Dadonov,20212022,VGK,R,1989-03-12,Chelyabinsk,RUS,NA
8478403,Jack Eichel,20212022,VGK,C,1996-10-28,North Chelmsford,USA,MA
8479991,Jake Leschyshyn,20212022,VGK,C,1999-03-10,Raleigh,USA,NC
8480007,Jonas Rondbjerg,20212022,VGK,R,1999-03-31,Horsholm,DNK,NA
8476539,Jonathan Marchessault,20212022,VGK,R,1990-12-27,Cap-Rouge,CAN,QC
8481527,Kaedan Korczak,20212022,VGK,D,2001-01-29,Yorkton,CAN,SK
8478434,Keegan Kolesar,20212022,VGK,R,1997-04-08,Brandon,CAN,MB
8476316,Laurent Brossoit,20212022,VGK,G,1993-03-23,Port Alberni,CAN,BC
8480313,Logan Thompson,20212022,VGK,G,1997-02-25,Calgary,CAN,AB
8475913,Mark Stone,20212022,VGK,R,1992-05-13,Winnipeg,CAN,MB
8477406,Mattias Janmark,20212022,VGK,C,1992-12-08,Danderyd,SWE,NA
8474157,Max Pacioretty,20212022,VGK,L,1988-11-20,New Canaan,USA,CT
8478020,Michael Amadio,20212022,VGK,R,1996-05-13,Sault Ste. Marie,CAN,ON
8479980,Nicolas Hague,20212022,VGK,D,1998-12-05,Kitchener,CAN,ON
8478462,Nicolas Roy,20212022,VGK,C,1997-02-05,Amos,CAN,QC
8479974,Nolan Patrick,20212022,VGK,C,1998-09-19,Winnipeg,CAN,MB
8481032,Paul Cotter,20212022,VGK,C,1999-11-16,Canton,USA,MI
8481604,Pavel Dorofeyev,20212022,VGK,L,2000-10-26,Nizhny Tagil,RUS,NA
8481522,Peyton Krebs,20212022,VGK,C,2001-01-26,Calgary,CAN,AB
8475191,Reilly Smith,20212022,VGK,R,1991-04-01,Mimico,CAN,ON
8475215,Robin Lehner,20212022,VGK,G,1991-07-24,Gothenburg,SWE,NA
8477447,Shea Theodore,20212022,VGK,D,1995-08-03,Aldergrove,CAN,BC
8476466,Sven Baertschi,20212022,VGK,L,1992-10-05,Bern,CHE,NA
8477478,William Carrier,20212022,VGK,L,1994-12-20,LaSalle,CAN,QC
8476448,William Karlsson,20212022,VGK,C,1993-01-08,Marsta,SWE,NA
8480727,Zach Whitecloud,20212022,VGK,D,1996-11-28,Brandon,CAN,MB
8481849,Zack Hayes,20212022,VGK,D,1999-04-24,Calgary,CAN,AB
8478996,Adam Brooks,20212022,WPG,C,1996-05-06,Winnipeg,CAN,MB
8476392,Adam Lowry,20212022,WPG,C,1993-03-29,St. Louis,USA,MO
8477429,Andrew Copp,20212022,WPG,C,1994-07-08,Ann Arbor,USA,MI
8478040,Austin Poganski,20212022,WPG,R,1996-02-16,St. Cloud,USA,MN
8471218,Blake Wheeler,20212022,WPG,R,1986-08-31,Plymouth,USA,MN
8475455,Brenden Dillon,20212022,WPG,D,1990-11-13,New Westminster,CAN,BC
8478058,CJ Suess,20212022,WPG,L,1994-03-17,St. Paul,USA,MN
8482149,Cole Perfetti,20212022,WPG,C,2002-01-01,Whitby,CAN,ON
8476945,Connor Hellebuyck,20212022,WPG,G,1993-05-19,Commerce,USA,MI
8481019,David Gustafsson,20212022,WPG,C,2000-04-11,Tingsryd,SWE,NA
8480990,Declan Chisholm,20212022,WPG,D,2000-01-12,Bowmanville,CAN,ON
8476952,Dominic Toninato,20212022,WPG,C,1994-03-09,Duluth,USA,MN
8476331,Dylan DeMelo,20212022,WPG,D,1993-05-01,London,CAN,ON
8480049,Dylan Samberg,20212022,WPG,D,1999-01-24,Saginaw,USA,MN
8477480,Eric Comrie,20212022,WPG,G,1995-07-06,Edmonton,CAN,AB
8478431,Evgeny Svechnikov,20212022,WPG,L,1996-10-31,Yuzhno-Sakhalinsk,RUS,NA
8478424,Jansen Harkins,20212022,WPG,C,1997-05-23,Cleveland,USA,OH
8482408,Jeff Malott,20212022,WPG,L,1996-08-07,Burlington,CAN,ON
8480192,Johnathan Kovacevic,20212022,WPG,D,1997-07-12,Hamilton,CAN,ON
8477504,Josh Morrissey,20212022,WPG,D,1995-03-28,Calgary,CAN,AB
8480443,Kristian Reichel,20212022,WPG,C,1998-06-11,Most,CZE,NA
8480005,Kristian Vesalainen,20212022,WPG,L,1999-06-01,Helsinki,FIN,NA
8478398,Kyle Connor,20212022,WPG,L,1996-12-09,Shelby Township,USA,MI
8479378,Logan Stanley,20212022,WPG,D,1998-05-26,Waterloo,CAN,ON
8476460,Mark Scheifele,20212022,WPG,C,1993-03-15,Kitchener,CAN,ON
8478891,Mason Appleton,20212022,WPG,C,1996-01-15,Green Bay,USA,WI
8479591,Michael Eyssimont,20212022,WPG,C,1996-09-09,Littleton,USA,CO
8480289,Morgan Barron,20212022,WPG,C,1998-12-02,Halifax,CAN,NS
8477220,Nate Schmidt,20212022,WPG,D,1991-07-16,St. Cloud,USA,MN
8476470,Nathan Beaulieu,20212022,WPG,D,1992-12-05,Strathroy,CAN,ON
8480145,Neal Pionk,20212022,WPG,D,1995-07-29,Omaha,USA,NE
8477940,Nikolaj Ehlers,20212022,WPG,L,1996-02-14,Aalborg,DNK,NA
8471669,Paul Stastny,20212022,WPG,C,1985-12-27,Quebec City,CAN,QC
8479400,Pierre-Luc Dubois,20212022,WPG,L,1998-06-24,Ste-Agathe-des-Monts,CAN,QC
8474062,Riley Nash,20212022,WPG,C,1989-05-09,Consort,CAN,AB
8481572,Ville Heinola,20212022,WPG,D,2001-03-02,Honkajoki,FIN,NA
8477482,Zachary Sanford,20212022,WPG,L,1994-11-09,Salem,USA,MA
8471214,Alex Ovechkin,20212022,WSH,L,1985-09-17,Moscow,RUS,NA
8480823,Alexander Alexeyev,20212022,WSH,D,1999-11-15,St. Petersburg,RUS,NA
8481656,Aliaksei Protas,20212022,WSH,C,2001-01-06,Vitebsk,BLR,NA
8477511,Anthony Mantha,20212022,WSH,R,1994-09-16,Longueuil,CAN,QC
8479536,Axel Jonsson-Fjallby,20212022,WSH,L,1998-02-10,Stockholm,SWE,NA
8479359,Beck Malenstyn,20212022,WSH,L,1998-02-04,Delta,CAN,BC
8481517,Brett Leason,20212022,WSH,R,1999-04-30,Calgary,CAN,AB
8474176,Carl Hagelin,20212022,WSH,L,1988-08-23,Sodertalje,SWE,NA
8481580,Connor McMichael,20212022,WSH,C,2001-01-15,Ajax,CAN,ON
8477839,Conor Sheary,20212022,WSH,L,1992-06-08,Winchester,USA,MA
8478466,Daniel Sprong,20212022,WSH,R,1997-03-17,Amsterdam,NLD,NA
8479395,Dennis Cholowski,20212022,WSH,D,1998-02-15,Langley,CAN,BC
8475200,Dmitry Orlov,20212022,WSH,D,1991-07-23,Novokuznetsk,RUS,NA
8475744,Evgeny Kuznetsov,20212022,WSH,C,1992-05-19,Chelyabinsk,RUS,NA
8477903,Garnet Hathaway,20212022,WSH,R,1991-11-23,Naples,USA,FL
8479516,Garrett Pilon,20212022,WSH,C,1998-04-13,Mineola,USA,NY
8482148,Hendrix Lapierre,20212022,WSH,C,2002-02-09,Gatineau,CAN,QC
8478492,Ilya Samsonov,20212022,WSH,G,1997-02-22,Magnitogorsk,RUS,NA
8481441,Joe Snively,20212022,WSH,C,1996-01-01,Herndon,USA,VA
8475728,Johan Larsson,20212022,WSH,L,1992-07-25,Lau,SWE,NA
8474590,John Carlson,20212022,WSH,D,1990-01-10,Natick,USA,MA
8474602,Justin Schultz,20212022,WSH,D,1990-07-06,Kelowna,CAN,BC
8474189,Lars Eller,20212022,WSH,C,1989-05-08,Rodovre,DNK,NA
8479321,Lucas Johansen,20212022,WSH,D,1997-11-16,Vancouver,CAN,BC
8475149,Marcus Johansson,20212022,WSH,L,1990-10-06,Landskrona,SWE,NA
8480796,Martin Fehervary,20212022,WSH,D,1999-10-06,Bratislava,SVK,NA
8475625,Matt Irwin,20212022,WSH,D,1987-11-29,Victoria,CAN,BC
8475958,Michael Sgarbossa,20212022,WSH,C,1992-07-25,Campbellville,CAN,ON
8479482,Michal Kempny,20212022,WSH,D,1990-09-08,Hodonin,CZE,NA
8480087,Mike Vecchione,20212022,WSH,R,1993-02-25,Saugus,USA,MA
8475343,Nic Dowd,20212022,WSH,C,1990-05-27,Huntsville,USA,AL
8475324,Nick Jensen,20212022,WSH,D,1990-09-21,Rogers,USA,MN
8473563,Nicklas Backstrom,20212022,WSH,C,1987-11-23,Gavle,SWE,NA
8477831,Pheonix Copley,20212022,WSH,G,1992-01-18,North Pole,USA,AK
8471698,T.J. Oshie,20212022,WSH,R,1986-12-23,Everett,USA,WA
8476880,Tom Wilson,20212022,WSH,R,1994-03-29,Toronto,CAN,ON
8477845,Trevor van Riemsdyk,20212022,WSH,D,1991-07-24,Middletown,USA,NJ
8477970,Vitek Vanecek,20212022,WSH,G,1996-01-09,Havlickuv Brod,CZE,NA
8477457,Zach Fucale,20212022,WSH,G,1995-05-28,Laval,CAN,QC
8474641,Adam Henrique,20222023,ANA,C,1990-02-06,Brantford,CAN,ON
8476932,Anthony Stolarz,20222023,ANA,G,1994-01-20,Edison,USA,NJ
8480467,Austin Strand,20222023,ANA,D,1997-02-17,Calgary,CAN,AB
8480870,Bo Groulx,20222023,ANA,C,2000-02-06,Rouen,FRA,NA
8481517,Brett Leason,20222023,ANA,R,1999-04-30,Calgary,CAN,AB
8476934,Brock McGinn,20222023,ANA,L,1994-02-02,Fergus,CAN,ON
8475764,Cam Fowler,20222023,ANA,D,1991-12-05,Windsor,CAN,ON
8478841,Colton White,20222023,ANA,D,1997-05-03,London,CAN,ON
8474683,Derek Grant,20222023,ANA,C,1990-04-20,Abbotsford,CAN,BC
8475179,Dmitry Kulikov,20222023,ANA,D,1990-10-29,Lipetsk,RUS,NA
8481563,Drew Helleson,20222023,ANA,D,2001-03-26,Farmington,USA,MN
8478366,Frank Vatrano,20222023,ANA,R,1994-03-14,East Longmeadow,USA,MA
8478446,Glenn Gawdin,20222023,ANA,C,1997-03-25,Richmond,CAN,BC
8480806,Isac Lundestrom,20222023,ANA,C,1999-11-06,Gallivare,SWE,NA
8481605,Jackson LaCombe,20222023,ANA,D,2001-01-09,Eden Prairie,USA,MN
8475164,Jakob Silfverberg,20222023,ANA,R,1990-10-13,Gavle,SWE,NA
8482142,Jamie Drysdale,20222023,ANA,D,2002-04-08,Toronto,CAN,ON
8477126,Jayson Megna,20222023,ANA,C,1990-02-01,Fort Lauderdale,USA,FL
8476434,John Gibson,20222023,ANA,G,1993-07-14,Pittsburgh,USA,PA
8475906,John Klingberg,20222023,ANA,D,1992-08-14,Gothenburg,SWE,NA
8477993,Justin Kirkland,20222023,ANA,C,1996-08-02,Winnipeg,CAN,MB
8474031,Kevin Shattenkirk,20222023,ANA,D,1989-01-29,New Rochelle,USA,NY
8480843,Lukas Dostal,20222023,ANA,G,2000-06-22,Brno,CZE,NA
8482745,Mason McTavish,20222023,ANA,C,2003-01-30,Zurich,CHE,NA
8479368,Max Jones,20222023,ANA,L,1998-02-17,Rochester,USA,MI
8480031,Maxime Comtois,20222023,ANA,L,1999-01-08,Longueuil,CAN,QC
8476470,Nathan Beaulieu,20222023,ANA,D,1992-12-05,Strathroy,CAN,ON
8481754,Nikita Nesterenko,20222023,ANA,C,2001-09-10,Brooklyn,USA,NY
8480042,Olle Eriksson Ek,20222023,ANA,G,1999-06-22,Karlstad,SWE,NA
8483630,Pavol Regenda,20222023,ANA,L,1999-12-07,Michalovce,SVK,NA
8476458,Ryan Strome,20222023,ANA,C,1993-07-11,Mississauga,CAN,ON
8475842,Sam Carrick,20222023,ANA,C,1992-02-04,Markham,CAN,ON
8476449,Scott Harrington,20222023,ANA,D,1993-03-10,Kingston,CAN,ON
8481122,Simon Benoit,20222023,ANA,D,1998-09-19,Laval,CAN,QC
8481533,Trevor Zegras,20222023,ANA,C,2001-03-20,Bedford,USA,NY
8478873,Troy Terry,20222023,ANA,R,1997-09-10,Denver,USA,CO
8480001,Urho Vaakanainen,20222023,ANA,D,1999-01-01,Joensuu,FIN,NA
8480849,Barrett Hayton,20222023,ARI,C,2000-06-09,Peterborough,CAN,ON
8478147,Bokondji Imama,20222023,ARI,L,1996-08-03,Montréal,CAN,QC
8476439,Brett Ritchie,20222023,ARI,R,1993-07-01,Orangeville,CAN,ON
8478432,Christian Fischer,20222023,ARI,R,1997-04-15,Chicago,USA,IL
8479343,Clayton Keller,20222023,ARI,R,1998-07-29,Chesterfield,USA,MO
8478971,Connor Ingram,20222023,ARI,G,1997-03-31,Saskatoon,CAN,SK
8482067,Connor Mackey,20222023,ARI,D,1996-09-12,Tower Lake,USA,IL
8479982,Conor Timmins,20222023,ARI,D,1998-09-18,St. Catharines,CAN,ON
8482699,Dylan Guenther,20222023,ARI,R,2003-04-10,Edmonton,CAN,AB
8478062,Dysin Mayo,20222023,ARI,D,1996-08-17,Victoria,CAN,BC
8481031,Ivan Prosvetov,20222023,ARI,G,1999-03-05,Moscow,RUS,NA
8482655,J.J. Moser,20222023,ARI,D,2000-06-06,Biel,CHE,NA
8480855,Jack McBain,20222023,ARI,C,2000-01-06,Toronto,CAN,ON
8479345,Jakob Chychrun,20222023,ARI,D,1998-03-31,Boca Raton,USA,FL
8480890,Jan Jenik,20222023,ARI,R,2000-09-15,Nymburk,CZE,NA
8477520,Jean-Sebastien Dea,20222023,ARI,C,1994-02-08,Laval,CAN,QC
8477384,Joshua Brown,20222023,ARI,D,1994-01-21,London,CAN,ON
8479976,Juuso Valimaki,20222023,ARI,D,1998-10-06,Tampere,FIN,NA
8478872,Karel Vejmelka,20222023,ARI,G,1996-05-25,Trebic,CZE,NA
8477460,Laurent Dauphin,20222023,ARI,C,1995-03-27,Repentigny,CAN,QC
8478474,Lawson Crouse,20222023,ARI,L,1997-06-23,Mt. Brydges,CAN,ON
8477070,Liam O'Brien,20222023,ARI,C,1994-07-29,Halifax,CAN,NS
8481711,Matias Maccelli,20222023,ARI,L,2000-10-14,Turku,FIN,NA
8479619,Michael Carcone,20222023,ARI,L,1996-05-19,Ajax,CAN,ON
8480891,Michael Kesselring,20222023,ARI,D,2000-01-13,New Hampton,USA,NH
8483597,Milos Kelemen,20222023,ARI,L,1999-07-06,Zvolen,SVK,NA
8480979,Nate Smith,20222023,ARI,C,1998-10-19,Tampa,USA,FL
8475760,Nick Bjugstad,20222023,ARI,C,1992-07-17,Minneapolis,USA,MN
8477941,Nick Ritchie,20222023,ARI,L,1995-12-05,Orangeville,CAN,ON
8477951,Nick Schmaltz,20222023,ARI,C,1996-02-23,Madison,USA,WI
8475747,Patrik Nemeth,20222023,ARI,D,1992-02-08,Stockholm,SWE,NA
8476906,Shayne Gostisbehere,20222023,ARI,D,1993-04-20,Pembroke Pines,USA,FL
8476329,Travis Boyd,20222023,ARI,C,1993-09-14,Hopkins,USA,MN
8479442,Troy Stecher,20222023,ARI,D,1994-04-07,Richmond,CAN,BC
8481599,Victor Soderstrom,20222023,ARI,D,2001-02-26,Gavle,SWE,NA
8481609,Vladislav Kolyachonok,20222023,ARI,D,2001-05-26,Minsk,BLR,NA
8475178,Zack Kassian,20222023,ARI,R,1991-01-24,Windsor,CAN,ON
8478421,A.J. Greer,20222023,BOS,L,1996-12-14,Joliette,CAN,QC
8471873,Anton Stralman,20222023,BOS,D,1986-08-01,Tibro,SWE,NA
8473419,Brad Marchand,20222023,BOS,L,1988-05-11,Halifax,CAN,NS
8478443,Brandon Carlo,20222023,BOS,D,1996-11-26,Colorado Springs,USA,CO
8475745,Charlie Coyle,20222023,BOS,C,1992-03-02,East Weymouth,USA,MA
8479325,Charlie McAvoy,20222023,BOS,D,1997-12-21,Long Beach,USA,NY
8475780,Chris Wagner,20222023,BOS,R,1991-05-27,Walpole,USA,MA
8476941,Connor Carrick,20222023,BOS,D,1994-04-13,Orland Park,USA,IL
8477365,Connor Clifton,20222023,BOS,D,1995-04-28,Matawan,USA,NJ
8475225,Craig Smith,20222023,BOS,C,1989-09-05,Madison,USA,WI
8479252,Dan Renouf,20222023,BOS,D,1994-06-01,Pickering,CAN,ON
8471276,David Krejci,20222023,BOS,C,1986-04-28,Sternberk,CZE,NA
8477956,David Pastrnak,20222023,BOS,R,1996-05-25,Havirov,CZE,NA
8475762,Derek Forbort,20222023,BOS,D,1992-03-04,Duluth,USA,MN
8475200,Dmitry Orlov,20222023,BOS,D,1991-07-23,Novokuznetsk,RUS,NA
8477903,Garnet Hathaway,20222023,BOS,R,1991-11-23,Naples,USA,FL
8476854,Hampus Lindholm,20222023,BOS,D,1994-01-20,Helsingborg,SWE,NA
8480021,Jack Studnicka,20222023,BOS,C,1999-02-18,Windsor,CAN,ON
8478498,Jake DeBrusk,20222023,BOS,L,1996-10-17,Edmonton,CAN,AB
8480880,Jakub Lauko,20222023,BOS,C,2000-03-28,Prague,CZE,NA
8478415,Jakub Zboril,20222023,BOS,D,1997-02-21,Brno,CZE,NA
8480280,Jeremy Swayman,20222023,BOS,G,1998-11-24,Anchorage,USA,AK
8479533,Joona Koppanen,20222023,BOS,L,1998-02-25,Tampere,FIN,NA
8476234,Keith Kinkaid,20222023,BOS,G,1989-07-04,Farmingville,USA,NY
8476999,Linus Ullmark,20222023,BOS,G,1993-07-31,Lugnvik,SWE,NA
8483397,Marc McLaughlin,20222023,BOS,C,1999-07-26,North Billerica,USA,MA
8476891,Matt Grzelcyk,20222023,BOS,D,1994-01-05,Charlestown,USA,MA
8476422,Mike Reilly,20222023,BOS,D,1993-07-13,Chicago,USA,IL
8473422,Nick Foligno,20222023,BOS,L,1987-10-31,Buffalo,USA,NY
8479546,Oskar Steen,20222023,BOS,C,1998-03-09,Karlstad,SWE,NA
8470638,Patrice Bergeron,20222023,BOS,C,1985-07-24,L'Ancienne-Lorette,CAN,QC
8478401,Pavel Zacha,20222023,BOS,C,1997-04-06,Brno,CZE,NA
8475791,Taylor Hall,20222023,BOS,L,1991-11-14,Calgary,CAN,AB
8477931,Tomas Nosek,20222023,BOS,L,1992-09-01,Pardubice,CZE,NA
8479365,Trent Frederic,20222023,BOS,C,1998-02-11,St. Louis,USA,MO
8477479,Tyler Bertuzzi,20222023,BOS,L,1995-02-24,Sudbury,CAN,ON
8479968,Vinni Lettieri,20222023,BOS,C,1995-02-06,Excelsior,USA,MN
8477949,Alex Tuch,20222023,BUF,R,1996-05-10,Syracuse,USA,NY
8478075,Anders Bjork,20222023,BUF,L,1996-08-05,Mequon,USA,WI
8479578,Casey Fitzgerald,20222023,BUF,D,1997-02-25,North Reading,USA,MA
8479999,Casey Mittelstadt,20222023,BUF,C,1998-11-22,Eden Prairie,USA,MN
8467950,Craig Anderson,20222023,BUF,G,1981-05-21,Park Ridge,USA,IL
8482221,Devon Levi,20222023,BUF,G,2001-12-27,Dollard-des-Ormeaux,CAN,QC
8481528,Dylan Cozens,20222023,BUF,C,2001-02-09,Whitehorse,CAN,YT
8477480,Eric Comrie,20222023,BUF,G,1995-07-06,Edmonton,CAN,AB
8480035,Henri Jokiharju,20222023,BUF,D,1999-06-17,Oulu,FIN,NA
8480950,Ilya Lyubushkin,20222023,BUF,D,1994-04-06,Moscow,RUS,NA
8482175,JJ Peterka,20222023,BUF,R,2002-01-14,Munich,DEU,NA
8482097,Jack Quinn,20222023,BUF,R,2001-09-19,Ottawa,CAN,ON
8480196,Jacob Bryson,20222023,BUF,D,1997-11-18,London,CAN,ON
8475784,Jeff Skinner,20222023,BUF,L,1992-05-16,Toronto,CAN,ON
8479602,Jeremy Davies,20222023,BUF,D,1996-12-04,Sainte-Anne-de-Bellevue,CAN,QC
8478413,Jordan Greenway,20222023,BUF,L,1997-02-16,Canton,USA,NY
8479348,Kale Clague,20222023,BUF,D,1998-06-05,Regina,CAN,SK
8473449,Kyle Okposo,20222023,BUF,R,1988-04-16,St. Paul,USA,MN
8480935,Lawrence Pilut,20222023,BUF,D,1995-12-30,Tingsryd,SWE,NA
8481751,Lukas Rousek,20222023,BUF,R,1999-04-20,Ostrov Nad Ohri,CZE,NA
8480807,Mattias Samuelsson,20222023,BUF,D,2000-03-14,Philadelphia,USA,PA
8482671,Owen Power,20222023,BUF,D,2002-11-22,Mississauga,CAN,ON
8481522,Peyton Krebs,20222023,BUF,C,2001-01-26,Calgary,CAN,AB
8479335,Rasmus Asplund,20222023,BUF,C,1997-12-03,Filipstad,SWE,NA
8480839,Rasmus Dahlin,20222023,BUF,D,2000-04-13,Lidkoping,SWE,NA
8475772,Riley Sheahan,20222023,BUF,C,1991-12-07,St. Catharines,CAN,ON
8479388,Riley Stillman,20222023,BUF,D,1998-03-09,Peterborough,CAN,ON
8479420,Tage Thompson,20222023,BUF,C,1997-10-30,Phoenix,USA,AZ
8479370,Tyson Jost,20222023,BUF,C,1998-03-14,St. Albert,CAN,AB
8480045,Ukko-Pekka Luukkonen,20222023,BUF,G,1999-03-09,Espoo,FIN,NA
8478109,Victor Olofsson,20222023,BUF,L,1995-07-18,Ornskoldsvik,SWE,NA
8476994,Vinnie Hinostroza,20222023,BUF,C,1994-04-03,Chicago,USA,IL
8476878,Zemgus Girgensons,20222023,BUF,L,1994-01-05,Riga,LVA,NA
8480830,Andrei Svechnikov,20222023,CAR,R,2000-03-26,Barnaul,RUS,NA
8477293,Antti Raanta,20222023,CAR,G,1989-05-12,Rauma,FIN,NA
8476869,Brady Skjei,20222023,CAR,D,1994-03-26,Lakeville,USA,MN
8470613,Brent Burns,20222023,CAR,D,1985-03-09,Barrie,CAN,ON
8477488,Brett Pesce,20222023,CAR,D,1994-11-15,Tarrytown,USA,NY
8475177,Calvin de Haan,20222023,CAR,D,1991-05-09,Carp,CAN,ON
8474613,Derek Stepan,20222023,CAR,C,1990-06-18,Hastings,USA,MN
8479639,Dylan Coghlan,20222023,CAR,D,1998-02-19,Duncan,CAN,BC
8475883,Frederik Andersen,20222023,CAR,G,1989-10-02,Herning,DNK,NA
8476958,Jaccob Slavin,20222023,CAR,D,1994-05-01,Denver,USA,CO
8480835,Jack Drury,20222023,CAR,C,2000-02-03,New York,USA,NY
8478970,Jalen Chatfield,20222023,CAR,D,1996-05-15,Ypsilanti,USA,MI
8475855,Jesper Fast,20222023,CAR,R,1991-12-02,Nassjo,SWE,NA
8480829,Jesperi Kotkaniemi,20222023,CAR,C,2000-07-06,Pori,FIN,NA
8479344,Jesse Puljujarvi,20222023,CAR,R,1998-05-07,Alvkarleby,SWE,NA
8476921,Jordan Martinook,20222023,CAR,L,1992-07-25,Brandon,CAN,MB
8473533,Jordan Staal,20222023,CAR,C,1988-09-10,Thunder Bay,CAN,ON
8476907,Mackenzie MacEachern,20222023,CAR,L,1994-03-09,Bloomfield Hills,USA,MI
8480039,Martin Necas,20222023,CAR,C,1999-01-15,Nove Mesto na Morave,CZE,NA
8474157,Max Pacioretty,20222023,CAR,L,1988-11-20,New Canaan,USA,CT
8479320,Maxime Lajoie,20222023,CAR,D,1997-11-05,Quebec City,CAN,QC
8478131,Ondrej Kase,20222023,CAR,R,1995-11-08,Kadan,CZE,NA
8471669,Paul Stastny,20222023,CAR,C,1985-12-27,Quebec City,CAN,QC
8481611,Pyotr Kochetkov,20222023,CAR,G,1999-06-25,Penza,RUS,NA
8478427,Sebastian Aho,20222023,CAR,C,1997-07-26,Rauma,FIN,NA
8482093,Seth Jarvis,20222023,CAR,C,2002-02-01,Winnipeg,CAN,MB
8476906,Shayne Gostisbehere,20222023,CAR,D,1993-04-20,Pembroke Pines,USA,FL
8476474,Stefan Noesen,20222023,CAR,R,1993-02-12,Plano,USA,TX
8476882,Teuvo Teravainen,20222023,CAR,L,1994-09-11,Helsinki,FIN,NA
8480871,Adam Boqvist,20222023,CBJ,D,2000-08-15,Falun,SWE,NA
8479369,Andrew Peeke,20222023,CBJ,D,1998-03-17,Parkland,USA,FL
8482399,Billy Sweezey,20222023,CBJ,D,1996-02-06,Hanson,USA,MA
8476432,Boone Jenner,20222023,CBJ,C,1993-06-15,Dorchester,CAN,ON
8476867,Brendan Gaunce,20222023,CBJ,C,1994-03-25,Sudbury,CAN,ON
8480292,Carson Meyer,20222023,CBJ,R,1997-08-18,Powell,USA,OH
8482705,Cole Sillinger,20222023,CBJ,C,2003-05-16,Columbus,USA,OH
8480193,Daniil Tarasov,20222023,CBJ,G,1999-03-27,Novokuznetsk,RUS,NA
8483460,David Jiricek,20222023,CBJ,D,2003-11-28,Klatovy,CZE,NA
8478007,Elvis Merzlikins,20222023,CBJ,G,1994-04-13,Riga,LVA,NA
8480205,Emil Bemstrom,20222023,CBJ,R,1999-06-01,Nykoping,SWE,NA
8480762,Eric Robinson,20222023,CBJ,L,1995-06-14,Bellmawr,USA,NJ
8475790,Erik Gudbranson,20222023,CBJ,D,1992-01-07,Ottawa,CAN,ON
8479945,Gavin Bayreuther,20222023,CBJ,D,1994-05-12,Canaan,USA,NH
8474679,Gustav Nyquist,20222023,CBJ,L,1989-09-01,Halmstad,SWE,NA
8484125,Hunter McKown,20222023,CBJ,C,2002-08-18,San Jose,USA,CA
8478458,Jack Roslovic,20222023,CBJ,C,1997-01-29,Columbus,USA,OH
8479402,Jake Bean,20222023,CBJ,D,1998-06-09,Calgary,CAN,AB
8481161,Jake Christiansen,20222023,CBJ,D,1999-09-12,West Vancouver,CAN,BC
8474161,Jakub Voracek,20222023,CBJ,R,1989-08-15,Kladno,CZE,NA
8482982,Jet Greaves,20222023,CBJ,G,2001-03-30,Cambridge,CAN,ON
8476346,Johnny Gaudreau,20222023,CBJ,L,1993-08-13,Salem,USA,NJ
8476903,Jon Gillies,20222023,CBJ,G,1994-01-22,Concord,USA,NH
8481649,Joona Luoto,20222023,CBJ,L,1997-09-26,Tampere,FIN,NA
8476914,Joonas Korpisalo,20222023,CBJ,G,1994-04-28,Pori,FIN,NA
8482623,Josh Dunne,20222023,CBJ,C,1998-12-08,O'Fallon,USA,MO
8479941,Justin Danforth,20222023,CBJ,R,1993-03-15,Oshawa,CAN,ON
8482179,Justin Richards,20222023,CBJ,C,1998-03-17,Orlando,USA,FL
8482660,Kent Johnson,20222023,CBJ,C,2002-10-18,Port Moody,CAN,BC
8480893,Kirill Marchenko,20222023,CBJ,R,2000-07-21,Barnaul,RUS,NA
8478967,Lane Pederson,20222023,CBJ,C,1997-08-04,Saskatoon,CAN,SK
8480853,Liam Foudy,20222023,CBJ,C,2000-02-04,Scarborough,CAN,ON
8483620,Marcus Bjork,20222023,CBJ,D,1997-11-24,Umea,SWE,NA
8479671,Mathieu Olivier,20222023,CBJ,R,1997-02-11,Biloxi,USA,MS
8474636,Michael Hutchinson,20222023,CBJ,G,1990-03-02,Barrie,CAN,ON
8482451,Mikael Pyyhtia,20222023,CBJ,L,2001-12-17,Turku,FIN,NA
8483565,Nick Blankenburg,20222023,CBJ,D,1998-05-12,Washington,USA,MI
8479339,Patrik Laine,20222023,CBJ,L,1998-04-19,Tampere,FIN,NA
8482448,Samuel Knazko,20222023,CBJ,D,2002-08-07,Trencin,SVK,NA
8476374,Sean Kuraly,20222023,CBJ,C,1993-01-20,Niagara Falls,USA,NY
8482711,Stanislav Svozil,20222023,CBJ,D,2003-01-17,Prerov,CZE,NA
8481072,Tim Berni,20222023,CBJ,D,2000-02-11,Mannedorf,CHE,NA
8480441,Trey Fix-Wolansky,20222023,CBJ,R,1999-05-26,Edmonton,CAN,AB
8481690,Tyler Angle,20222023,CBJ,C,2000-09-30,Niagara Falls,CAN,ON
8478882,Vladislav Gavrikov,20222023,CBJ,D,1995-11-21,Yaroslavl,RUS,NA
8482475,Yegor Chinakhov,20222023,CBJ,R,2001-02-01,Omsk,RUS,NA
8478460,Zach Werenski,20222023,CBJ,D,1997-07-19,Grosse Pointe,USA,MI
8480008,Adam Ruzicka,20222023,CGY,C,1999-05-11,Bratislava,SVK,NA
8478233,Andrew Mangiapane,20222023,CGY,L,1996-04-04,Toronto,CAN,ON
8476399,Blake Coleman,20222023,CGY,C,1991-11-28,Plano,USA,TX
8476439,Brett Ritchie,20222023,CGY,R,1993-07-01,Orangeville,CAN,ON
8475690,Chris Tanev,20222023,CGY,D,1989-12-20,Toronto,CAN,ON
8482067,Connor Mackey,20222023,CGY,D,1996-09-12,Tower Lake,USA,IL
8478435,Dan Vladar,20222023,CGY,G,1997-08-20,Prague,CZE,NA
8478502,Dennis Gilbert,20222023,CGY,D,1996-10-30,Buffalo,USA,NY
8479346,Dillon Dube,20222023,CGY,C,1998-07-20,Golden,CAN,BC
8481692,Dustin Wolf,20222023,CGY,G,2001-04-16,Gilroy,USA,CA
8477496,Elias Lindholm,20222023,CGY,C,1994-12-02,Boden,SWE,NA
8474593,Jacob Markstrom,20222023,CGY,G,1990-01-31,Gavle,SWE,NA
8481592,Jakob Pelletier,20222023,CGY,L,2001-03-07,Québec,CAN,QC
8476456,Jonathan Huberdeau,20222023,CGY,C,1993-06-04,Saint-Jerome,CAN,QC
8479291,Kevin Rooney,20222023,CGY,C,1993-05-21,Canton,USA,MA
8477346,MacKenzie Weegar,20222023,CGY,D,1994-01-07,Ottawa,CAN,ON
8482679,Matt Coronato,20222023,CGY,R,2002-11-14,Greenlawn,USA,NY
8479547,Matthew Phillips,20222023,CGY,C,1998-04-06,Calgary,CAN,AB
8474628,Michael Stone,20222023,CGY,D,1990-06-07,Winnipeg,CAN,MB
8474150,Mikael Backlund,20222023,CGY,C,1989-03-17,Vasteras,SWE,NA
8473473,Milan Lucic,20222023,CGY,L,1988-06-07,Vancouver,CAN,BC
8475172,Nazem Kadri,20222023,CGY,C,1990-10-06,London,CAN,ON
8480084,Nick DeSimone,20222023,CGY,D,1994-11-21,East Amherst,USA,NY
8477941,Nick Ritchie,20222023,CGY,L,1995-12-05,Orangeville,CAN,ON
8477507,Nikita Zadorov,20222023,CGY,D,1995-04-16,Moscow,RUS,NA
8478396,Noah Hanifin,20222023,CGY,D,1997-01-25,Boston,USA,MA
8482241,Radim Zohorna,20222023,CGY,L,1996-04-29,Havlickuv,CZE,NA
8478397,Rasmus Andersson,20222023,CGY,D,1996-10-27,Malmo,SWE,NA
8473453,Trevor Lewis,20222023,CGY,C,1987-01-08,Salt Lake City,USA,UT
8479442,Troy Stecher,20222023,CGY,D,1994-04-07,Richmond,CAN,BC
8475726,Tyler Toffoli,20222023,CGY,R,1992-04-24,Scarborough,CAN,ON
8482652,Walker Duehr,20222023,CGY,R,1997-11-23,Sioux Falls,USA,SD
8480831,Alec Regula,20222023,CHI,D,2000-08-06,West Bloomfield,USA,MI
8471774,Alex Stalock,20222023,CHI,G,1987-07-28,Saint Paul,USA,MN
8481568,Alex Vlasic,20222023,CHI,D,2001-06-05,Wilmette,USA,IL
8478075,Anders Bjork,20222023,CHI,L,1996-08-05,Mequon,USA,WI
8476960,Andreas Athanasiou,20222023,CHI,C,1994-08-06,Woodbridge,CAN,ON
8477971,Andreas Englund,20222023,CHI,D,1996-01-21,Stockholm,SWE,NA
8471418,Anton Khudobin,20222023,CHI,G,1986-05-07,Ust-Kamenogorsk,KAZ,NA
8482821,Arvid Soderblom,20222023,CHI,G,1999-08-19,Göteborg,SWE,NA
8478455,Austin Wagner,20222023,CHI,L,1997-06-23,Calgary,CAN,AB
8479383,Boris Katchouk,20222023,CHI,L,1998-06-18,Vancouver,CAN,BC
8478881,Brett Seney,20222023,CHI,L,1996-02-28,London,CAN,ON
8477210,Buddy Robinson,20222023,CHI,R,1991-09-30,Bellmawr,USA,NJ
8478452,Caleb Jones,20222023,CHI,D,1997-06-06,Arlington,USA,TX
8480252,Cole Guttman,20222023,CHI,C,1999-04-06,Northridge,USA,CA
8476278,Colin Blackwell,20222023,CHI,C,1993-03-28,North Andover,USA,MA
8476473,Connor Murphy,20222023,CHI,D,1993-03-26,Dublin,USA,OH
8480328,David Gust,20222023,CHI,R,1994-02-21,Orland Park,USA,IL
8479380,Dylan Wells,20222023,CHI,G,1998-01-03,St. Catharines,CAN,ON
8483619,Filip Roos,20222023,CHI,D,1999-01-05,Gothenburg,SWE,NA
8480070,Ian Mitchell,20222023,CHI,D,1999-01-18,St. Albert,CAN,AB
8482192,Isaak Phillips,20222023,CHI,D,2001-09-28,Barrie,CAN,ON
8471677,Jack Johnson,20222023,CHI,D,1987-01-13,Indianapolis,USA,IN
8476931,Jake McCabe,20222023,CHI,D,1993-10-12,Eau Claire,USA,WI
8475797,Jarred Tinordi,20222023,CHI,D,1992-02-20,Millersville,USA,MD
8477450,Jason Dickinson,20222023,CHI,C,1995-07-04,Georgetown,CAN,ON
8483530,Jaxson Stauber,20222023,CHI,G,1999-04-27,Wayzata,USA,MN
8479315,Joey Anderson,20222023,CHI,R,1998-06-19,Roseville,USA,MN
8473604,Jonathan Toews,20222023,CHI,C,1988-04-29,Winnipeg,CAN,MB
8476915,Jujhar Khaira,20222023,CHI,L,1994-08-13,Surrey,CAN,BC
8482117,Lukas Reichel,20222023,CHI,L,2002-05-17,Nürnberg,DEU,NA
8478224,Luke Philp,20222023,CHI,C,1995-11-06,Canmore,CAN,AB
8480025,MacKenzie Entwistle,20222023,CHI,R,1999-07-14,Georgetown,CAN,ON
8477503,Max Domi,20222023,CHI,C,1995-03-02,Winnipeg,CAN,MB
8482635,Mike Hardman,20222023,CHI,L,1999-02-05,Hanover,USA,MA
8479458,Nikita Zaitsev,20222023,CHI,D,1991-10-29,Moscow,RUS,NA
8474141,Patrick Kane,20222023,CHI,R,1988-11-19,Buffalo,USA,NY
8475852,Petr Mrazek,20222023,CHI,G,1992-02-14,Ostrava,CZE,NA
8480798,Philipp Kurashev,20222023,CHI,C,1999-10-12,Munsingen,CHE,NA
8481147,Reese Johnson,20222023,CHI,C,1998-07-10,Regina,CAN,SK
8478043,Sam Lafferty,20222023,CHI,C,1995-03-06,Hollidaysburg,USA,PA
8477495,Seth Jones,20222023,CHI,D,1994-10-03,Arlington,USA,TX
8479390,Taylor Raddysh,20222023,CHI,R,1998-02-18,Caledon,CAN,ON
8474870,Tyler Johnson,20222023,CHI,C,1990-07-29,Spokane,USA,WA
8482176,Wyatt Kaiser,20222023,CHI,D,2002-07-31,Andover,USA,MN
8476851,Alex Galchenyuk,20222023,COL,C,1994-02-12,Milwaukee,USA,WI
8481618,Alex Newhook,20222023,COL,C,2001-01-28,St. John's,CAN,NL
8480382,Alexandar Georgiev,20222023,COL,G,1996-02-10,Ruse,BGR,NA
8477971,Andreas Englund,20222023,COL,D,1996-01-21,Stockholm,SWE,NA
8471699,Andrew Cogliano,20222023,COL,C,1987-06-14,Toronto,CAN,ON
8477320,Anton Blidh,20222023,COL,L,1995-03-14,Molnlycke,SWE,NA
8477476,Artturi Lehkonen,20222023,COL,L,1995-07-04,Piikkio,FIN,NA
8483570,Ben Meyers,20222023,COL,C,1998-11-15,Delano,USA,MN
8481524,Bowen Byram,20222023,COL,D,2001-06-13,Cranbrook,CAN,BC
8476779,Brad Hunt,20222023,COL,D,1988-08-24,Maple Ridge,CAN,BC
8480069,Cale Makar,20222023,COL,D,1998-10-30,Calgary,CAN,AB
8482250,Callahan Burke,20222023,COL,C,1997-03-19,Boxborough,USA,MA
8476948,Charles Hudon,20222023,COL,L,1994-06-23,Alma,CAN,QC
8471794,Darren Helm,20222023,COL,C,1987-01-21,St. Andrews,CAN,MB
8478843,Denis Malgin,20222023,COL,C,1997-01-18,Olten,CHE,NA
8478038,Devon Toews,20222023,COL,D,1994-02-21,Abbotsford,CAN,BC
8478211,Dryden Hunt,20222023,COL,L,1995-11-24,Cranbrook,CAN,BC
8473446,Erik Johnson,20222023,COL,D,1988-03-21,Bloomington,USA,MN
8478542,Evan Rodrigues,20222023,COL,C,1993-07-28,Toronto,CAN,ON
8477456,J.T. Compher,20222023,COL,C,1995-04-08,Northbrook,USA,IL
8471677,Jack Johnson,20222023,COL,D,1987-01-13,Indianapolis,USA,IN
8479439,Jacob MacDonald,20222023,COL,D,1993-02-26,Portland,USA,OR
8477126,Jayson Megna,20222023,COL,C,1990-02-01,Fort Lauderdale,USA,FL
8482147,Jean-Luc Foudy,20222023,COL,C,2002-05-13,Scarborough,CAN,ON
8477992,Jonas Johansson,20222023,COL,G,1995-09-19,Gavle,SWE,NA
8476312,Josh Manson,20222023,COL,D,1991-10-07,Hinsdale,USA,IL
8481020,Justus Annunen,20222023,COL,G,2000-03-11,Kempele,FIN,NA
8476234,Keith Kinkaid,20222023,COL,G,1989-07-04,Farmingville,USA,NY
8477073,Kurtis MacDermid,20222023,COL,D,1994-03-25,Sauble Beach,CAN,ON
8474189,Lars Eller,20222023,COL,C,1989-05-08,Rodovre,DNK,NA
8481186,Logan O'Connor,20222023,COL,R,1996-08-14,Missouri City,USA,TX
8476310,Lukas Sedlak,20222023,COL,C,1993-02-25,České Budějovice,CZE,NA
8480822,Martin Kaut,20222023,COL,R,1999-10-02,Brno,CZE,NA
8476442,Matt Nieto,20222023,COL,L,1992-11-05,Long Beach,USA,CA
8479573,Mikhail Maltsev,20222023,COL,L,1998-03-12,St. Petersburg,RUS,NA
8478420,Mikko Rantanen,20222023,COL,R,1996-10-29,Nousiainen,FIN,NA
8477492,Nathan MacKinnon,20222023,COL,C,1995-09-01,Halifax,CAN,NS
8482712,Oskar Olausson,20222023,COL,R,2002-11-10,Stockholm,SWE,NA
8480925,Pavel Francouz,20222023,COL,G,1990-06-03,Plzen,CZE,NA
8480846,Sampo Ranta,20222023,COL,L,2000-05-31,Naantali,FIN,NA
8479398,Samuel Girard,20222023,COL,D,1998-05-12,Roberval,CAN,QC
8480032,Shane Bowers,20222023,COL,C,1999-07-30,Halifax,CAN,NS
8477501,Valeri Nichushkin,20222023,COL,R,1995-03-04,Chelyabinsk,RUS,NA
8476525,Colin Miller,20222023,DAL,D,1992-10-29,Sault Ste. Marie,CAN,ON
8478495,Denis Gurianov,20222023,DAL,R,1997-06-07,Togliatti,RUS,NA
8476902,Esa Lindell,20222023,DAL,D,1994-05-23,Vantaa,FIN,NA
8474149,Evgenii Dadonov,20222023,DAL,R,1989-03-12,Chelyabinsk,RUS,NA
8479518,Fredrik Karlstrom,20222023,DAL,C,1998-01-12,Stockholm,SWE,NA
8478028,Fredrik Olofsson,20222023,DAL,L,1996-05-27,Helsingborg,SWE,NA
8480216,Jacob Peterson,20222023,DAL,C,1999-07-19,Lidkoping,SWE,NA
8479979,Jake Oettinger,20222023,DAL,G,1998-12-18,Lakeville,USA,MN
8473994,Jamie Benn,20222023,DAL,L,1989-07-18,Victoria,CAN,BC
8475825,Jani Hakanpää,20222023,DAL,D,1992-03-31,Kirkkonummi,FIN,NA
8480027,Jason Robertson,20222023,DAL,L,1999-07-22,Arcadia,USA,CA
8470794,Joe Pavelski,20222023,DAL,C,1984-07-11,Plover,USA,WI
8477810,Joel Hanley,20222023,DAL,D,1991-06-08,Keswick,CAN,ON
8481641,Joel Kiviranta,20222023,DAL,L,1996-03-23,Vantaa,FIN,NA
8476822,Luke Glendening,20222023,DAL,C,1989-04-28,Grand Rapids,USA,MI
8480226,Marián Studenic,20222023,DAL,L,1998-10-28,Skalica,SVK,NA
8478975,Mason Marchment,20222023,DAL,L,1995-06-18,Uxbridge,CAN,ON
8481712,Matej Blumel,20222023,DAL,R,2000-05-31,Tabor,CZE,NA
8483575,Matt Murray,20222023,DAL,G,1998-02-02,St. Albert,CAN,AB
8477503,Max Domi,20222023,DAL,C,1995-03-02,Winnipeg,CAN,MB
8480036,Miro Heiskanen,20222023,DAL,D,1999-07-18,Espoo,FIN,NA
8480878,Nils Lundkvist,20222023,DAL,D,2000-07-27,Pitea,SWE,NA
8476889,Radek Faksa,20222023,DAL,C,1994-01-09,Vitkov,CZE,NA
8479362,Riley Tufte,20222023,DAL,L,1998-04-10,Coon Rapids,USA,MN
8478449,Roope Hintz,20222023,DAL,C,1996-11-17,Tampere,FIN,NA
8470600,Ryan Suter,20222023,DAL,D,1985-01-21,Madison,USA,WI
8475809,Scott Wedgewood,20222023,DAL,G,1992-08-14,Brampton,CAN,ON
8481581,Thomas Harley,20222023,DAL,D,2001-08-19,Syracuse,USA,NY
8480848,Ty Dellandrea,20222023,DAL,C,2000-07-21,Port Perry,CAN,ON
8475794,Tyler Seguin,20222023,DAL,C,1992-01-31,Brampton,CAN,ON
8482740,Wyatt Johnston,20222023,DAL,C,2003-05-14,Toronto,CAN,ON
8477454,Adam Erne,20222023,DET,L,1995-04-20,New Haven,USA,CT
8475163,Alex Chiasson,20222023,DET,R,1990-10-01,Montréal,CAN,QC
8477968,Alex Nedeljkovic,20222023,DET,G,1996-01-07,Parma,USA,OH
8477429,Andrew Copp,20222023,DET,C,1994-07-08,Ann Arbor,USA,MI
8478512,Austin Czarnik,20222023,DET,C,1992-12-12,Detroit,USA,MI
8475279,Ben Chiarot,20222023,DET,D,1991-05-09,Hamilton,CAN,ON
8474102,David Perron,20222023,DET,L,1988-05-28,Sherbrooke,CAN,QC
8477330,Dominik Kubalik,20222023,DET,L,1995-08-21,Plzen,CZE,NA
8477946,Dylan Larkin,20222023,DET,C,1996-07-30,Waterford,USA,MI
8481725,Elmer Soderblom,20222023,DET,L,2001-07-05,Gothenburg,SWE,NA
8479425,Filip Hronek,20222023,DET,D,1997-11-02,Hradec Kralove,CZE,NA
8480821,Filip Zadina,20222023,DET,R,1999-11-27,Pardubice,CZE,NA
8479379,Givani Smith,20222023,DET,R,1998-02-27,Toronto,CAN,ON
8480184,Gustav Lindstrom,20222023,DET,D,1998-10-20,Ostervala,SWE,NA
8478013,Jake Walman,20222023,DET,D,1996-02-20,Toronto,CAN,ON
8477944,Jakub Vrana,20222023,DET,L,1996-02-28,Prague,CZE,NA
8480813,Joe Veleno,20222023,DET,C,2000-01-13,Montréal,CAN,QC
8481013,Jonatan Berggren,20222023,DET,R,2000-07-16,Uppsala,SWE,NA
8477851,Jordan Oesterle,20222023,DET,D,1992-06-25,Dearborn Heights,USA,MI
8482078,Lucas Raymond,20222023,DET,L,2002-03-28,Gothenburg,SWE,NA
8476433,Magnus Hellberg,20222023,DET,G,1991-04-04,Uppsala,SWE,NA
8483464,Marco Kasper,20222023,DET,C,2004-04-08,Innsbruck,AUT,NA
8479644,Matt Luff,20222023,DET,R,1997-05-05,Oakville,CAN,ON
8479992,Michael Rasmussen,20222023,DET,C,1999-04-17,Surrey,CAN,BC
8481542,Moritz Seider,20222023,DET,D,2001-04-06,Zell,DEU,NA
8476874,Olli Maatta,20222023,DET,D,1994-08-22,Jyväskylä,FIN,NA
8476897,Oskar Sundqvist,20222023,DET,C,1994-03-23,Boden,SWE,NA
8480459,Pius Suter,20222023,DET,C,1996-05-24,Zurich,CHE,NA
8477952,Robby Fabbri,20222023,DET,C,1996-01-22,Mississauga,CAN,ON
8477462,Robert Hagg,20222023,DET,D,1995-02-08,Uppsala,SWE,NA
8482762,Simon Edvinsson,20222023,DET,D,2003-02-05,Kungsbacka,SWE,NA
8481433,Taro Hirose,20222023,DET,L,1996-06-30,Calgary,CAN,AB
8477479,Tyler Bertuzzi,20222023,DET,L,1995-02-24,Sudbury,CAN,ON
8478024,Ville Husso,20222023,DET,G,1995-02-06,Helsinki,FIN,NA
8474089,Brad Malone,20222023,EDM,C,1989-05-20,Miramichi,CAN,NB
8476967,Brett Kulak,20222023,EDM,D,1994-01-06,Edmonton,CAN,AB
8476879,Cody Ceci,20222023,EDM,D,1993-12-21,Ottawa,CAN,ON
8478402,Connor McDavid,20222023,EDM,C,1997-01-13,Richmond Hill,CAN,ON
8477498,Darnell Nurse,20222023,EDM,D,1995-02-04,Hamilton,CAN,ON
8478585,Derek Ryan,20222023,EDM,C,1986-12-29,Spokane,USA,WA
8476913,Devin Shore,20222023,EDM,C,1994-07-19,Ajax,CAN,ON
8482077,Dylan Holloway,20222023,EDM,L,2001-09-23,Calgary,CAN,AB
8480803,Evan Bouchard,20222023,EDM,D,1999-10-20,Oakville,CAN,ON
8475169,Evander Kane,20222023,EDM,L,1991-08-02,Vancouver,CAN,BC
8475789,Jack Campbell,20222023,EDM,G,1992-01-09,Port Huron,USA,MI
8480468,James Hamblin,20222023,EDM,L,1999-04-27,Edmonton,CAN,AB
8474218,Jason Demers,20222023,EDM,D,1988-06-09,Dorval,CAN,QC
8479344,Jesse Puljujarvi,20222023,EDM,R,1998-05-07,Alvkarleby,SWE,NA
8479977,Kailer Yamamoto,20222023,EDM,R,1998-09-29,Spokane,USA,WA
8480011,Klim Kostin,20222023,EDM,C,1999-05-05,Penza,RUS,NA
8477934,Leon Draisaitl,20222023,EDM,C,1995-10-27,Cologne,DEU,NA
8479338,Markus Niemelainen,20222023,EDM,D,1998-06-08,Kuopio,FIN,NA
8483158,Matthew Berlin,20222023,EDM,G,1998-01-20,Edmonton,CAN,AB
8475218,Mattias Ekholm,20222023,EDM,D,1990-05-24,Borlange,SWE,NA
8477406,Mattias Janmark,20222023,EDM,C,1992-12-08,Danderyd,SWE,NA
8475760,Nick Bjugstad,20222023,EDM,C,1992-07-17,Minneapolis,USA,MN
8481598,Philip Broberg,20222023,EDM,D,2001-06-25,Orebro,SWE,NA
8480802,Ryan McLeod,20222023,EDM,C,1999-09-21,Mississauga,CAN,ON
8476850,Ryan Murray,20222023,EDM,D,1993-09-27,Regina,CAN,SK
8476454,Ryan Nugent-Hopkins,20222023,EDM,C,1993-04-12,Burnaby,CAN,BC
8479973,Stuart Skinner,20222023,EDM,G,1998-11-01,Edmonton,CAN,AB
8479347,Tyler Benson,20222023,EDM,L,1998-03-15,Edmonton,CAN,AB
8475197,Tyson Barrie,20222023,EDM,D,1991-07-26,Victoria,CAN,BC
8479576,Vincent Desharnais,20222023,EDM,D,1996-05-29,Laval,CAN,QC
8477998,Warren Foegele,20222023,EDM,L,1996-04-01,Markham,CAN,ON
8475786,Zach Hyman,20222023,EDM,L,1992-06-09,Toronto,CAN,ON
8477932,Aaron Ekblad,20222023,FLA,D,1996-02-07,Windsor,CAN,ON
8477493,Aleksander Barkov,20222023,FLA,C,1995-09-02,Tampere,FIN,NA
8480037,Aleksi Heponiemi,20222023,FLA,C,1999-01-09,Tampere,FIN,NA
8479312,Alex Lyon,20222023,FLA,G,1992-12-09,Baudette,USA,MN
8477407,Anthony Duclair,20222023,FLA,L,1995-08-26,Pointe-Claire,CAN,QC
8483641,Anton Levtchi,20222023,FLA,L,1995-11-28,Varkaus,FIN,NA
8482113,Anton Lundell,20222023,FLA,C,2001-10-03,Espoo,FIN,NA
8477986,Brandon Montour,20222023,FLA,D,1994-04-11,Brantford,CAN,ON
8477409,Carter Verhaeghe,20222023,FLA,C,1995-08-14,Toronto,CAN,ON
8479578,Casey Fitzgerald,20222023,FLA,D,1997-02-25,North Reading,USA,MA
8476919,Chris Tierney,20222023,FLA,C,1994-07-01,Keswick,CAN,ON
8478400,Colin White,20222023,FLA,C,1997-01-30,Boston,USA,MA
8480185,Eetu Luostarinen,20222023,FLA,C,1998-09-02,Siilinjarvi,FIN,NA
8470595,Eric Staal,20222023,FLA,C,1984-10-29,Thunder Bay,CAN,ON
8479379,Givani Smith,20222023,FLA,R,1998-02-27,Toronto,CAN,ON
8480844,Grigori Denisenko,20222023,FLA,L,2000-06-24,Novosibirsk,RUS,NA
8478055,Gustav Forsling,20222023,FLA,D,1996-06-12,Linkoping,SWE,NA
8479372,Joshua Mahura,20222023,FLA,D,1998-05-05,St. Albert,CAN,AB
8479523,Lucas Carlsson,20222023,FLA,D,1997-07-05,Gavle,SWE,NA
8471686,Marc Staal,20222023,FLA,D,1987-01-13,Thunder Bay,CAN,ON
8482641,Matt Kiersted,20222023,FLA,D,1998-04-14,Elk River,USA,MN
8479314,Matthew Tkachuk,20222023,FLA,L,1997-12-11,Scottsdale,USA,AZ
8476393,Nick Cousins,20222023,FLA,C,1993-07-20,Belleville,CAN,ON
8471887,Patric Hornqvist,20222023,FLA,R,1987-01-01,Sollentuna,SWE,NA
8475462,Radko Gudas,20222023,FLA,D,1990-06-05,Prague,CZE,NA
8478870,Rudolfs Balcers,20222023,FLA,L,1997-04-08,Liepaja,LVA,NA
8479066,Ryan Lomberg,20222023,FLA,L,1994-12-09,Richmond Hill,CAN,ON
8477935,Sam Bennett,20222023,FLA,C,1996-06-20,Holland Landing,CAN,ON
8477933,Sam Reinhart,20222023,FLA,C,1995-11-06,West Vancouver,CAN,BC
8475683,Sergei Bobrovsky,20222023,FLA,G,1988-09-20,Novokuznetsk,RUS,NA
8481519,Spencer Knight,20222023,FLA,G,2001-04-19,Darien,USA,CT
8474610,Zac Dalpe,20222023,FLA,C,1989-11-01,Paris,CAN,ON
8477960,Adrian Kempe,20222023,LAK,R,1996-09-13,Kramfors,SWE,NA
8480113,Alex Iafallo,20222023,LAK,L,1993-12-21,Eden,USA,NY
8481532,Alex Turcotte,20222023,LAK,C,2001-02-26,Elk Grove,USA,IL
8471303,Alexander Edler,20222023,LAK,D,1986-04-21,Ostersund,SWE,NA
8471685,Anze Kopitar,20222023,LAK,C,1987-08-24,Jesenice,SVN,NA
8481560,Arthur Kaliyev,20222023,LAK,R,2001-06-26,Tashkent,UZB,NA
8481481,Blake Lizotte,20222023,LAK,C,1997-12-13,Lindstrom,USA,MN
8482730,Brandt Clarke,20222023,LAK,D,2003-02-09,Nepean,CAN,ON
8477962,Brendan Lemieux,20222023,LAK,L,1996-03-15,Denver,USA,CO
8477361,Cal Petersen,20222023,LAK,G,1994-10-19,Waterloo,USA,IA
8479336,Carl Grundstrom,20222023,LAK,R,1997-12-01,Umea,SWE,NA
8474563,Drew Doughty,20222023,LAK,D,1989-12-08,London,CAN,ON
8480014,Gabriel Vilardi,20222023,LAK,R,1999-08-16,Kingston,CAN,ON
8479421,Jacob Moverare,20222023,LAK,D,1998-08-31,Ostersund,SWE,NA
8479994,Jaret Anderson-Dolan,20222023,LAK,C,1999-09-12,Calgary,CAN,AB
8471734,Jonathan Quick,20222023,LAK,G,1986-01-21,Milford,USA,CT
8476914,Joonas Korpisalo,20222023,LAK,G,1994-04-28,Pori,FIN,NA
8481606,Jordan Spence,20222023,LAK,D,2001-02-24,Manly,AUS,NA
8477942,Kevin Fiala,20222023,LAK,L,1996-07-22,St. Gallen,CHE,NA
8480072,Lias Andersson,20222023,LAK,C,1998-10-13,Smogen,SWE,NA
8478911,Matt Roy,20222023,LAK,D,1995-03-01,Detroit,USA,MI
8479998,Mikey Anderson,20222023,LAK,D,1999-05-25,Roseville,USA,MN
8477831,Pheonix Copley,20222023,LAK,G,1992-01-18,North Pole,USA,AK
8476479,Phillip Danault,20222023,LAK,C,1993-02-24,Victoriaville,CAN,QC
8482124,Quinton Byfield,20222023,LAK,C,2002-08-19,Newmarket,CAN,ON
8480845,Rasmus Kupari,20222023,LAK,C,2000-03-15,Kotka,FIN,NA
8481239,Samuel Fagemo,20222023,LAK,L,2000-03-14,Göteborg,SWE,NA
8480434,Sean Durzi,20222023,LAK,D,1998-10-21,Mississauga,CAN,ON
8480336,Sean Walker,20222023,LAK,D,1994-11-13,Keswick,CAN,ON
8481600,Tobias Bjornfot,20222023,LAK,D,2001-04-06,Upplands Vasby,SWE,NA
8479675,Trevor Moore,20222023,LAK,L,1995-03-31,Thousand Oaks,USA,CA
8478042,Viktor Arvidsson,20222023,LAK,R,1993-04-08,Skelleftea,SWE,NA
8478882,Vladislav Gavrikov,20222023,LAK,D,1995-11-21,Yaroslavl,RUS,NA
8479772,Zack MacEwen,20222023,LAK,C,1996-07-08,Charlottetown,CAN,PE
8481550,Adam Beckman,20222023,MIN,L,2001-05-10,Saskatoon,CAN,SK
8471274,Alex Goligoski,20222023,MIN,D,1985-07-30,Grand Rapids,USA,MN
8479520,Brandon Duhaime,20222023,MIN,R,1997-05-22,Coral Springs,USA,FL
8482122,Brock Faber,20222023,MIN,D,2002-08-22,Maple Grove,USA,MN
8480884,Calen Addison,20222023,MIN,D,2000-04-11,Brandon,CAN,MB
8480980,Connor Dewar,20222023,MIN,C,1999-06-26,The Pas,CAN,MB
8477541,Dakota Mermis,20222023,MIN,D,1994-01-05,Alton,USA,IL
8480994,Damien Giroux,20222023,MIN,C,2000-03-03,Sudbury,CAN,ON
8479406,Filip Gustavsson,20222023,MIN,G,1998-06-07,Skelleftea,SWE,NA
8477919,Frederick Gaudreau,20222023,MIN,C,1993-05-01,Bromont,CAN,QC
8474679,Gustav Nyquist,20222023,MIN,C,1989-09-01,Halmstad,SWE,NA
8478136,Jake Middleton,20222023,MIN,D,1996-01-02,Wainwright,CAN,AB
8474716,Jared Spurgeon,20222023,MIN,D,1989-11-29,Edmonton,CAN,AB
8478493,Joel Eriksson Ek,20222023,MIN,C,1997-01-29,Karlstad,SWE,NA
8475906,John Klingberg,20222023,MIN,D,1992-08-14,Gothenburg,SWE,NA
8475750,Jon Merrill,20222023,MIN,D,1992-02-03,Oklahoma City,USA,OK
8476463,Jonas Brodin,20222023,MIN,D,1993-07-12,Karlstad,SWE,NA
8478413,Jordan Greenway,20222023,MIN,L,1997-02-16,Canton,USA,NY
8476390,Joseph Cramarossa,20222023,MIN,C,1992-10-26,Markham,CAN,ON
8478864,Kirill Kaprizov,20222023,MIN,L,1997-04-26,Novokuznetsk,RUS,NA
8470594,Marc-Andre Fleury,20222023,MIN,G,1984-11-28,Sorel,CAN,QC
8482079,Marco Rossi,20222023,MIN,C,2001-09-23,Feldkirch,AUT,NA
8475220,Marcus Foligno,20222023,MIN,L,1991-08-10,Buffalo,USA,NY
8475149,Marcus Johansson,20222023,MIN,C,1990-10-06,Landskrona,SWE,NA
8479972,Mason Shaw,20222023,MIN,C,1998-11-03,Lloydminster,CAN,AB
8476856,Mathew Dumba,20222023,MIN,D,1994-07-25,Regina,CAN,SK
8475692,Mats Zuccarello,20222023,MIN,R,1987-09-01,Oslo,NOR,NA
8481557,Matt Boldy,20222023,MIN,L,2001-04-05,Milford,USA,MA
8477464,Nic Petan,20222023,MIN,C,1995-03-22,Delta,CAN,BC
8480275,Nick Swaney,20222023,MIN,R,1997-09-09,Burnsville,USA,MN
8476897,Oskar Sundqvist,20222023,MIN,C,1994-03-23,Boden,SWE,NA
8477451,Ryan Hartman,20222023,MIN,R,1994-09-20,Hilton Head Island,USA,SC
8471817,Ryan Reaves,20222023,MIN,R,1987-01-20,Winnipeg,CAN,MB
8479351,Sam Steel,20222023,MIN,C,1998-02-03,Ardrossan,CAN,AB
8480267,Sammy Walker,20222023,MIN,C,1999-06-07,Edina,USA,MN
8476396,Steven Fogarty,20222023,MIN,C,1993-04-19,Chambersburg,USA,PA
8479370,Tyson Jost,20222023,MIN,C,1998-03-14,St. Albert,CAN,AB
8475968,Alex Belzile,20222023,MTL,R,1991-08-31,Riviere-du-Loup,CAN,QC
8478409,Anthony Richard,20222023,MTL,C,1996-12-20,Trois-Rivières,CAN,QC
8482964,Arber Xhekaj,20222023,MTL,D,2001-01-30,Hamilton,CAN,ON
8475848,Brendan Gallagher,20222023,MTL,R,1992-05-06,Edmonton,CAN,AB
8480051,Cayden Primeau,20222023,MTL,G,1999-08-11,Farmington Hills,USA,MI
8476919,Chris Tierney,20222023,MTL,C,1994-07-01,Keswick,CAN,ON
8475227,Chris Wideman,20222023,MTL,D,1990-01-07,St. Louis,USA,MO
8477989,Christian Dvorak,20222023,MTL,C,1996-02-02,Palos,USA,IL
8481540,Cole Caufield,20222023,MTL,R,2001-01-02,Mosinee,USA,WI
8481461,Corey Schueneman,20222023,MTL,D,1995-09-02,Milford,USA,MI
8475233,David Savard,20222023,MTL,D,1990-10-22,St-Hyacinthe,CAN,QC
8478495,Denis Gurianov,20222023,MTL,R,1997-06-07,Togliatti,RUS,NA
8474149,Evgenii Dadonov,20222023,MTL,R,1989-03-12,Chelyabinsk,RUS,NA
8479329,Frederic Allard,20222023,MTL,D,1997-12-27,St. Sauveur,CAN,QC
8474596,Jake Allen,20222023,MTL,G,1990-08-07,Fredericton,CAN,NB
8478133,Jake Evans,20222023,MTL,C,1996-06-02,Toronto,CAN,ON
8481058,Jesse Ylonen,20222023,MTL,R,1999-10-03,Scottsdale,USA,AZ
8476469,Joel Armia,20222023,MTL,R,1993-05-31,Pori,FIN,NA
8476441,Joel Edmundson,20222023,MTL,D,1993-06-28,Brandon,CAN,MB
8480034,Joel Teasdale,20222023,MTL,L,1999-03-11,Repentigny,CAN,QC
8480192,Johnathan Kovacevic,20222023,MTL,D,1997-07-12,Hamilton,CAN,ON
8477494,Jonathan Drouin,20222023,MTL,L,1995-03-28,Ste-Agathe,CAN,QC
8480887,Jordan Harris,20222023,MTL,D,2000-07-07,Haverhill,USA,MA
8476981,Josh Anderson,20222023,MTL,R,1994-05-07,Burlington,CAN,ON
8483515,Juraj Slafkovsky,20222023,MTL,L,2004-03-30,Kosice,SVK,NA
8482111,Justin Barron,20222023,MTL,D,2001-11-15,Halifax,CAN,NS
8482087,Kaiden Guhle,20222023,MTL,D,2002-01-18,Edmonton,CAN,AB
8481523,Kirby Dach,20222023,MTL,C,2001-01-21,Fort Saskatchewan,CAN,AB
8483549,Lucas Condotta,20222023,MTL,C,1997-06-19,Georgetown,CAN,ON
8479543,Michael Pezzetta,20222023,MTL,L,1998-03-13,Toronto,CAN,ON
8474884,Mike Hoffman,20222023,MTL,L,1989-11-24,Kitchener,CAN,ON
8476875,Mike Matheson,20222023,MTL,D,1994-02-27,Pointe-Claire,CAN,QC
8480018,Nick Suzuki,20222023,MTL,C,1999-08-10,London,CAN,ON
8483424,Owen Beck,20222023,MTL,C,2004-02-03,Peterborough,CAN,ON
8481093,Rafael Harvey-Pinard,20222023,MTL,L,1999-01-06,Saguenay,CAN,QC
8479514,Rem Pitlick,20222023,MTL,C,1997-04-02,Ottawa,CAN,ON
8478470,Sam Montembeault,20222023,MTL,G,1996-10-30,Becancour,CAN,QC
8482081,Sean Farrell,20222023,MTL,C,2001-11-02,Milford,USA,MA
8477497,Sean Monahan,20222023,MTL,C,1994-10-12,Brampton,CAN,ON
8481033,Akira Schmid,20222023,NJD,G,2000-05-12,Bern,CHE,NA
8482125,Alexander Holtz,20222023,NJD,R,2002-01-23,Stockholm,SWE,NA
8477341,Andreas Johnsson,20222023,NJD,L,1994-11-21,Gavle,SWE,NA
8474090,Brendan Smith,20222023,NJD,D,1989-02-08,Mimico,CAN,ON
8477508,Curtis Lazar,20222023,NJD,C,1995-02-02,Salmon Arm,CAN,BC
8476923,Damon Severson,20222023,NJD,D,1994-08-07,Melville,CAN,SK
8482110,Dawson Mercer,20222023,NJD,C,2001-10-27,Carbonear,CAN,NL
8476462,Dougie Hamilton,20222023,NJD,D,1993-06-17,Toronto,CAN,ON
8475287,Erik Haula,20222023,NJD,L,1991-03-23,Pori,FIN,NA
8480188,Fabian Zetterlund,20222023,NJD,L,1999-08-25,Karlstad,SWE,NA
8481559,Jack Hughes,20222023,NJD,C,2001-05-14,Orlando,USA,FL
8480003,Jesper Boqvist,20222023,NJD,C,1998-10-30,Falun,SWE,NA
8479407,Jesper Bratt,20222023,NJD,L,1998-07-30,Stockholm,SWE,NA
8478507,John Marino,20222023,NJD,D,1997-05-21,North Easton,USA,MA
8478399,Jonas Siegenthaler,20222023,NJD,D,1997-05-06,Zurich,CHE,NA
8480860,Kevin Bahl,20222023,NJD,D,2000-06-27,New Westminster,CAN,BC
8482684,Luke Hughes,20222023,NJD,D,2003-09-09,Manchester,USA,NH
8478406,Mackenzie Blackwood,20222023,NJD,G,1996-12-09,Thunder Bay,CAN,ON
8479415,Michael McLeod,20222023,NJD,C,1998-02-03,Mississauga,CAN,ON
8477425,Miles Wood,20222023,NJD,L,1995-09-13,Buffalo,USA,NY
8479414,Nathan Bastian,20222023,NJD,R,1997-12-06,Kitchener,CAN,ON
8480002,Nico Hischier,20222023,NJD,C,1999-01-04,Brig,CHE,NA
8481537,Nikita Okhotiuk,20222023,NJD,D,2000-12-04,Chelyabinsk,RUS,NA
8481518,Nolan Foote,20222023,NJD,L,2000-11-29,Denver,USA,CO
8476292,Ondrej Palat,20222023,NJD,L,1991-03-28,Frydek-Mistek,CZE,NA
8477435,Ryan Graves,20222023,NJD,D,1995-05-21,Yarmouth,CAN,NS
8478414,Timo Meier,20222023,NJD,R,1996-10-08,Herisau,CHE,NA
8475193,Tomas Tatar,20222023,NJD,L,1990-12-01,Ilava,SVK,NA
8481740,Tyce Thompson,20222023,NJD,R,1999-07-12,Calgary,CAN,AB
8477970,Vitek Vanecek,20222023,NJD,G,1996-01-09,Havlickuv Brod,CZE,NA
8481068,Yegor Sharangovich,20222023,NJD,C,1998-06-06,Minsk,BLR,NA
8478851,Alexandre Carrier,20222023,NSH,D,1996-10-08,Quebec City,CAN,QC
8479984,Cal Foote,20222023,NSH,D,1998-12-13,Denver,USA,CO
8479996,Cody Glass,20222023,NSH,C,1999-04-01,Winnipeg,CAN,MB
8482062,Cole Smith,20222023,NSH,L,1995-10-28,Brainerd,USA,MN
8476925,Colton Sissons,20222023,NSH,C,1993-11-05,North Vancouver,CAN,BC
8479371,Dante Fabbro,20222023,NSH,D,1998-06-20,Coquitlam,CAN,BC
8480009,Eeli Tolvanen,20222023,NSH,R,1999-04-22,Vihti,FIN,NA
8481585,Egor Afanasyev,20222023,NSH,L,2001-01-23,Tver,RUS,NA
8476887,Filip Forsberg,20222023,NSH,L,1994-08-13,Ostervala,SWE,NA
8484256,Jake Livingstone,20222023,NSH,D,1999-04-16,Creston,CAN,BC
8478468,Jeremy Lauzon,20222023,NSH,D,1997-04-28,Val-d'Or,CAN,QC
8481077,John Leonard,20222023,NSH,L,1998-08-07,Westwood,USA,NJ
8480913,Jordan Gross,20222023,NSH,D,1995-05-09,Maple Grove,USA,MN
8477424,Juuse Saros,20222023,NSH,G,1995-04-19,Forssa,FIN,NA
8481704,Juuso Parssinen,20222023,NSH,C,2001-02-01,Hameenlinna,FIN,NA
8475857,Kevin Gravel,20222023,NSH,D,1992-03-06,Kingsford,USA,MI
8480947,Kevin Lankinen,20222023,NSH,G,1995-04-28,Helsinki,FIN,NA
8480748,Kiefer Sherwood,20222023,NSH,L,1995-03-31,Columbus,USA,OH
8482146,Luke Evangelista,20222023,NSH,R,2002-02-21,Toronto,CAN,ON
8474697,Mark Borowiecki,20222023,NSH,D,1989-07-12,Ottawa,CAN,ON
8476873,Mark Jankowski,20222023,NSH,C,1994-09-13,Hamilton,CAN,ON
8475168,Matt Duchene,20222023,NSH,C,1991-01-16,Haliburton,CAN,ON
8475218,Mattias Ekholm,20222023,NSH,D,1990-05-24,Borlange,SWE,NA
8477446,Michael McCarron,20222023,NSH,R,1995-03-07,Grosse Pointe,USA,MI
8475798,Mikael Granlund,20222023,NSH,C,1992-02-26,Oulu,FIN,NA
8475799,Nino Niederreiter,20222023,NSH,R,1992-09-08,Chur,CHE,NA
8481577,Philip Tomasino,20222023,NSH,C,2001-07-28,Mississauga,CAN,ON
8479335,Rasmus Asplund,20222023,NSH,C,1997-12-03,Filipstad,SWE,NA
8477981,Roland McKeown,20222023,NSH,D,1996-01-20,Listowel,CAN,ON
8474600,Roman Josi,20222023,NSH,D,1990-06-01,Bern,CHE,NA
8475793,Ryan Johansen,20222023,NSH,C,1992-07-31,Vancouver,CAN,BC
8474151,Ryan McDonagh,20222023,NSH,D,1989-06-13,St. Paul,USA,MN
8481056,Spencer Stastney,20222023,NSH,D,2000-01-04,Woodbridge,USA,IL
8479661,Tanner Jeannot,20222023,NSH,L,1997-05-29,Estevan,CAN,SK
8478438,Tommy Novak,20222023,NSH,C,1997-04-28,St. Paul,USA,MN
8475197,Tyson Barrie,20222023,NSH,D,1991-07-26,Victoria,CAN,BC
8478508,Yakov Trenin,20222023,NSH,C,1997-01-13,Chelyabinsk,RUS,NA
8482137,Yaroslav Askarov,20222023,NSH,G,2002-06-16,Omsk,RUS,NA
8477482,Zachary Sanford,20222023,NSH,L,1994-11-09,Salem,USA,MA
8482691,Aatu Raty,20222023,NYI,C,2002-11-14,Oulu,FIN,NA
8476917,Adam Pelech,20222023,NYI,D,1994-08-16,Toronto,CAN,ON
8481014,Alexander Romanov,20222023,NYI,D,2000-01-06,Moscow,RUS,NA
8475314,Anders Lee,20222023,NYI,L,1990-07-03,Edina,USA,MN
8476404,Andy Andreoff,20222023,NYI,C,1991-05-17,Pickering,CAN,ON
8478463,Anthony Beauvillier,20222023,NYI,L,1997-06-08,Sorel-Tracy,CAN,QC
8480242,Arnaud Durandeau,20222023,NYI,L,1999-01-14,Montréal,CAN,QC
8477500,Bo Horvat,20222023,NYI,C,1995-04-05,London,CAN,ON
8475754,Brock Nelson,20222023,NYI,C,1991-10-15,Warroad,USA,MN
8473504,Cal Clutterbuck,20222023,NYI,R,1987-11-18,Welland,CAN,ON
8475231,Casey Cizikas,20222023,NYI,C,1991-02-27,Toronto,CAN,ON
8478367,Cole Bardreau,20222023,NYI,C,1993-07-22,Fairport,USA,NY
8479395,Dennis Cholowski,20222023,NYI,D,1998-02-15,Langley,CAN,BC
8477392,Hudson Fasching,20222023,NYI,R,1995-07-28,Apple Valley,USA,MN
8478009,Ilya Sorokin,20222023,NYI,G,1995-08-04,Mezhdurechensk,RUS,NA
8476419,Jean-Gabriel Pageau,20222023,NYI,C,1992-11-11,Ottawa,CAN,ON
8474573,Josh Bailey,20222023,NYI,R,1989-10-02,Bowmanville,CAN,ON
8479356,Kieffer Bellows,20222023,NYI,L,1998-06-10,Edina,USA,MN
8475151,Kyle Palmieri,20222023,NYI,C,1991-02-01,Smithtown,USA,NY
8478445,Mathew Barzal,20222023,NYI,C,1997-05-26,Coquitlam,CAN,BC
8474709,Matt Martin,20222023,NYI,L,1989-05-08,Windsor,CAN,ON
8478373,Nikita Soshnikov,20222023,NYI,R,1993-10-14,Nizhny Tagil,RUS,NA
8480865,Noah Dobson,20222023,NYI,D,2000-01-07,Summerside,CAN,PE
8480789,Oliver Wahlstrom,20222023,NYI,R,2000-06-13,Portland,USA,ME
8479526,Otto Koivula,20222023,NYI,L,1998-09-01,Nokia,FIN,NA
8478450,Parker Wotherspoon,20222023,NYI,D,1997-08-24,Surrey,CAN,BC
8478115,Pierre Engvall,20222023,NYI,L,1996-05-31,Ljungby,SWE,NA
8480071,Robin Salo,20222023,NYI,D,1998-10-13,Espoo,FIN,NA
8477527,Ross Johnston,20222023,NYI,L,1994-02-18,Charlottetown,CAN,PE
8477506,Ryan Pulock,20222023,NYI,D,1994-10-06,Dauphin,CAN,MB
8481541,Samuel Bolduc,20222023,NYI,D,2000-12-09,Laval,CAN,QC
8476429,Scott Mayfield,20222023,NYI,D,1992-10-14,St. Louis,USA,MO
8480222,Sebastian Aho,20222023,NYI,D,1996-02-17,Umea,SWE,NA
8473575,Semyon Varlamov,20222023,NYI,G,1988-04-27,Samara,RUS,NA
8481601,Simon Holmstrom,20222023,NYI,R,2001-05-24,Tranas,SWE,NA
8482207,William Dufour,20222023,NYI,R,2002-01-28,Québec,CAN,QC
8470610,Zach Parise,20222023,NYI,L,1984-07-28,Minneapolis,USA,MN
8479323,Adam Fox,20222023,NYR,D,1998-02-17,Jericho,USA,NY
8482109,Alexis Lafrenière,20222023,NYR,L,2001-10-11,St-Eustache,CAN,QC
8478550,Artemi Panarin,20222023,NYR,L,1991-10-30,Korkino,RUS,NA
8476624,Barclay Goodrow,20222023,NYR,C,1993-02-26,Toronto,CAN,ON
8477433,Ben Harpur,20222023,NYR,D,1995-01-12,Hamilton,CAN,ON
8482073,Braden Schneider,20222023,NYR,D,2001-09-20,Prince Albert,CAN,SK
8475184,Chris Kreider,20222023,NYR,L,1991-04-30,Boxford,USA,MA
8478211,Dryden Hunt,20222023,NYR,L,1995-11-24,Cranbrook,CAN,BC
8480078,Filip Chytil,20222023,NYR,C,1999-09-05,Kromeriz,CZE,NA
8478048,Igor Shesterkin,20222023,NYR,G,1995-12-30,Moscow,RUS,NA
8476885,Jacob Trouba,20222023,NYR,D,1994-02-26,Rochester,USA,MI
8479991,Jake Leschyshyn,20222023,NYR,C,1999-03-10,Raleigh,USA,NC
8470860,Jaroslav Halak,20222023,NYR,G,1985-05-13,Bratislava,SVK,NA
8476918,Jimmy Vesey,20222023,NYR,L,1993-05-26,Boston,USA,MA
8477380,Jonny Brodzinski,20222023,NYR,C,1993-06-19,Ham Lake,USA,MN
8479328,Julien Gauthier,20222023,NYR,R,1997-10-15,Pointe-aux-Trembles,CAN,QC
8480817,K'Andre Miller,20222023,NYR,D,2000-01-21,St. Paul,USA,MN
8481554,Kaapo Kakko,20222023,NYR,R,2001-02-13,Turku,FIN,NA
8479333,Libor Hajek,20222023,NYR,D,1998-02-04,Smrcek,CZE,NA
8476459,Mika Zibanejad,20222023,NYR,C,1993-04-18,Stockholm,SWE,NA
8478859,Niko Mikkola,20222023,NYR,D,1996-04-27,Kiiminki,FIN,NA
8474141,Patrick Kane,20222023,NYR,R,1988-11-19,Buffalo,USA,NY
8477846,Ryan Carpenter,20222023,NYR,C,1991-01-18,Oviedo,USA,FL
8479324,Ryan Lindgren,20222023,NYR,D,1998-02-11,Burnsville,USA,MN
8471817,Ryan Reaves,20222023,NYR,R,1987-01-20,Winnipeg,CAN,MB
8478104,Sammy Blais,20222023,NYR,L,1996-06-17,Montmagny,CAN,QC
8477353,Tyler Motte,20222023,NYR,C,1995-03-10,St. Clair,USA,MI
8476389,Vincent Trocheck,20222023,NYR,C,1993-07-11,Pittsburgh,USA,PA
8480833,Vitali Kravtsov,20222023,NYR,R,1999-12-23,Vladivostok,RUS,NA
8475765,Vladimir Tarasenko,20222023,NYR,R,1991-12-13,Yaroslavl,RUS,NA
8482157,Will Cuylle,20222023,NYR,L,2002-02-05,Toronto,CAN,ON
8481708,Zac Jones,20222023,NYR,D,2000-10-18,Richmond,USA,VA
8479337,Alex DeBrincat,20222023,OTT,R,1997-12-18,Farmington Hills,USA,MI
8476341,Anton Forsberg,20222023,OTT,G,1992-11-27,Härnösand,SWE,NA
8482245,Artem Zub,20222023,OTT,D,1995-10-03,Khabarovsk,RUS,NA
8475766,Austin Watson,20222023,OTT,L,1992-01-13,Ann Arbor,USA,MI
8480801,Brady Tkachuk,20222023,OTT,L,1999-09-16,Scottsdale,USA,AZ
8475660,Cam Talbot,20222023,OTT,G,1987-07-05,Caledonia,CAN,ON
8473512,Claude Giroux,20222023,OTT,R,1988-01-12,Hearst,CAN,ON
8473544,Derick Brassard,20222023,OTT,C,1987-09-22,Hull,CAN,QC
8477471,Dillon Heatherington,20222023,OTT,D,1995-05-09,Calgary,CAN,AB
8480208,Drake Batherson,20222023,OTT,R,1998-04-27,Fort Wayne,USA,IN
8480263,Dylan Ferguson,20222023,OTT,G,1998-09-20,Lantzville,CAN,BC
8479580,Dylan Gambrell,20222023,OTT,C,1996-08-26,Bonney Lake,USA,WA
8481102,Egor Sokolov,20222023,OTT,L,2000-06-07,Yekaterinburg,RUS,NA
8480073,Erik Brannstrom,20222023,OTT,D,1999-09-02,Eksjo,SWE,NA
8480879,Jacob Bernard-Docker,20222023,OTT,D,2000-06-30,Canmore,CAN,AB
8478491,Jacob Larsson,20222023,OTT,D,1997-04-29,Ljungby,SWE,NA
8481422,Jacob Lucchini,20222023,OTT,C,1995-05-09,Trail,CAN,BC
8482105,Jake Sanderson,20222023,OTT,D,2002-07-08,Whitefish,USA,MT
8479345,Jakob Chychrun,20222023,OTT,D,1998-03-31,Boca Raton,USA,FL
8480064,Josh Norris,20222023,OTT,C,1999-05-05,Oxford,USA,MI
8479328,Julien Gauthier,20222023,OTT,R,1997-10-15,Pointe-aux-Trembles,CAN,QC
8480867,Kevin Mandolese,20222023,OTT,G,2000-08-22,Blainville,CAN,QC
8481575,Lassi Thomson,20222023,OTT,D,2000-09-24,Tampere,FIN,NA
8482447,Leevi Merilainen,20222023,OTT,G,2002-08-13,Oulu,FIN,NA
8481544,Mads Sogaard,20222023,OTT,G,2000-12-13,Aalborg,DNK,NA
8476433,Magnus Hellberg,20222023,OTT,G,1991-04-04,Uppsala,SWE,NA
8480355,Mark Kastelic,20222023,OTT,C,1999-03-11,Phoenix,USA,AZ
8478472,Mathieu Joseph,20222023,OTT,R,1997-02-09,Laval,CAN,QC
8481679,Maxence Guenette,20222023,OTT,D,2001-04-28,L'Ancienne-Lorette,CAN,QC
8474207,Nick Holden,20222023,OTT,D,1987-05-15,St. Albert,CAN,AB
8479458,Nikita Zaitsev,20222023,OTT,D,1991-10-29,Moscow,RUS,NA
8480448,Parker Kelly,20222023,OTT,L,1999-05-14,Camrose,CAN,AB
8477887,Patrick Brown,20222023,OTT,C,1992-05-29,Bloomfield Hills,USA,MI
8482092,Ridly Greig,20222023,OTT,C,2002-08-08,Lethbridge,CAN,AB
8478078,Rourke Chartier,20222023,OTT,C,1996-04-03,Saskatoon,CAN,SK
8481596,Shane Pinto,20222023,OTT,C,2000-11-12,Franklin Square,USA,NY
8478469,Thomas Chabot,20222023,OTT,D,1997-01-30,Sainte-Marie,CAN,QC
8482116,Tim Stützle,20222023,OTT,L,2002-01-15,Viersen,DEU,NA
8474612,Travis Hamonic,20222023,OTT,D,1990-08-16,St. Malo,CAN,MB
8482095,Tyler Kleven,20222023,OTT,D,2002-01-10,Fargo,USA,ND
8477353,Tyler Motte,20222023,OTT,L,1995-03-10,St. Clair,USA,MI
8480874,Adam Ginning,20222023,PHI,D,2000-01-13,Linkoping,SWE,NA
8477962,Brendan Lemieux,20222023,PHI,L,1996-03-15,Denver,USA,CO
8481546,Cam York,20222023,PHI,D,2001-01-05,Anaheim,USA,CA
8479394,Carter Hart,20222023,PHI,G,1998-08-13,Sherwood Park,CAN,AB
8481178,Egor Zamula,20222023,PHI,D,2000-03-30,Chelyabinsk,RUS,NA
8482452,Elliot Desnoyers,20222023,PHI,L,2002-01-21,Saint-Hyacinthe,CAN,QC
8478433,Felix Sandstrom,20222023,PHI,G,1997-01-12,Gavle,SWE,NA
8478173,Hayden Hodgson,20222023,PHI,R,1996-03-02,Windsor,CAN,ON
8478500,Ivan Provorov,20222023,PHI,D,1997-01-13,Yaroslavl,RUS,NA
8482654,Jackson Cates,20222023,PHI,C,1997-09-26,Stillwater,USA,MN
8474037,James van Riemsdyk,20222023,PHI,L,1989-05-04,Middletown,USA,NJ
8480797,Joel Farabee,20222023,PHI,L,2000-02-25,Syracuse,USA,NY
8474027,Justin Braun,20222023,PHI,D,1987-02-10,Minneapolis,USA,MN
8475763,Kevin Hayes,20222023,PHI,C,1992-05-08,Dorchester,USA,MA
8479356,Kieffer Bellows,20222023,PHI,L,1998-06-10,Edina,USA,MN
8476310,Lukas Sedlak,20222023,PHI,C,1993-02-25,České Budějovice,CZE,NA
8478051,Max Willman,20222023,PHI,C,1995-02-13,Barnstable,USA,MA
8480028,Morgan Frost,20222023,PHI,C,1999-05-14,Aurora,CAN,ON
8476372,Nick Seeler,20222023,PHI,D,1993-06-03,Eden Prairie,USA,MN
8475235,Nicolas Deslauriers,20222023,PHI,L,1991-02-22,LaSalle,CAN,QC
8480220,Noah Cates,20222023,PHI,L,1999-02-05,Stillwater,USA,MN
8480245,Olle Lycksell,20222023,PHI,R,1999-08-24,Oskarshamn,SWE,NA
8480015,Owen Tippett,20222023,PHI,R,1999-02-16,Peterborough,CAN,ON
8477887,Patrick Brown,20222023,PHI,C,1992-05-29,Bloomfield Hills,USA,MI
8477499,Rasmus Ristolainen,20222023,PHI,D,1994-10-27,Turku,FIN,NA
8481521,Ronnie Attard,20222023,PHI,D,1999-03-20,White Lake,USA,MI
8481035,Samuel Ersson,20222023,PHI,G,1999-10-20,Falun,SWE,NA
8476872,Scott Laughton,20222023,PHI,C,1994-05-30,Oakville,CAN,ON
8479550,Tanner Laczynski,20222023,PHI,C,1997-06-01,Minooka,USA,IL
8477950,Tony DeAngelo,20222023,PHI,D,1995-10-24,Sewell,USA,NJ
8478439,Travis Konecny,20222023,PHI,R,1997-03-11,London,CAN,ON
8477948,Travis Sanheim,20222023,PHI,D,1996-03-29,Elkhorn,CAN,MB
8482159,Tyson Foerster,20222023,PHI,R,2002-01-18,Alliston,CAN,ON
8479322,Wade Allison,20222023,PHI,R,1997-10-14,Carman,CAN,MB
8479772,Zack MacEwen,20222023,PHI,C,1996-07-08,Charlottetown,CAN,PE
8479423,Alex Nylander,20222023,PIT,L,1998-03-02,Calgary,CAN,AB
8475208,Brian Dumoulin,20222023,PIT,D,1991-09-06,Biddeford,USA,ME
8476934,Brock McGinn,20222023,PIT,L,1994-02-02,Fergus,CAN,ON
8475810,Bryan Rust,20222023,PIT,R,1992-05-11,Pontiac,USA,MI
8479193,Casey DeSmith,20222023,PIT,G,1991-08-13,Rochester,USA,NH
8477244,Chad Ruhwedel,20222023,PIT,D,1990-05-07,San Diego,USA,CA
8478046,Danton Heinen,20222023,PIT,L,1995-07-05,Langley,CAN,BC
8475179,Dmitry Kulikov,20222023,PIT,D,1990-10-29,Lipetsk,RUS,NA
8479465,Drake Caggiula,20222023,PIT,C,1994-06-20,Pickering,CAN,ON
8482055,Drew O'Connor,20222023,PIT,L,1998-06-09,Chatham,USA,NJ
8474682,Dustin Tokarski,20222023,PIT,G,1989-09-16,Watson,CAN,SK
8471215,Evgeni Malkin,20222023,PIT,C,1986-07-31,Magnitogorsk,RUS,NA
8480842,Filip Hallander,20222023,PIT,C,2000-06-29,Sundsvall,SWE,NA
8477404,Jake Guentzel,20222023,PIT,L,1994-10-06,Omaha,USA,NE
8480172,Jan Rutta,20222023,PIT,D,1990-07-29,Pisek,CZE,NA
8475722,Jason Zucker,20222023,PIT,L,1992-01-16,Newport Beach,USA,CA
8470604,Jeff Carter,20222023,PIT,C,1985-01-01,London,CAN,ON
8473507,Jeff Petry,20222023,PIT,D,1987-12-09,Ann Arbor,USA,MI
8480836,Jonathan Gruden,20222023,PIT,C,2000-05-04,Rochester Hills,USA,MI
8476326,Josh Archibald,20222023,PIT,R,1992-10-06,Regina,CAN,SK
8477953,Kasperi Kapanen,20222023,PIT,R,1996-07-23,Kuopio,FIN,NA
8471724,Kris Letang,20222023,PIT,D,1987-04-24,Montréal,CAN,QC
8477969,Marcus Pettersson,20222023,PIT,D,1996-05-08,Skelleftea,SWE,NA
8478017,Mark Friedman,20222023,PIT,D,1995-12-25,Toronto,CAN,ON
8475798,Mikael Granlund,20222023,PIT,C,1992-02-26,Oulu,FIN,NA
8474009,Nick Bonino,20222023,PIT,C,1988-04-20,Hartford,USA,CT
8480058,P.O Joseph,20222023,PIT,D,1999-07-01,Laval,CAN,QC
8476483,Rickard Rakell,20222023,PIT,R,1993-05-05,Sundbyberg,SWE,NA
8480068,Ryan Poehling,20222023,PIT,C,1999-01-03,Lakeville,USA,MN
8481591,Sam Poulin,20222023,PIT,R,2001-02-25,Blainville,CAN,QC
8471675,Sidney Crosby,20222023,PIT,C,1987-08-07,Cole Harbour,CAN,NS
8476166,Taylor Fedun,20222023,PIT,D,1988-06-04,Edmonton,CAN,AB
8476927,Teddy Blueger,20222023,PIT,C,1994-08-15,Riga,LVA,NA
8477465,Tristan Jarry,20222023,PIT,G,1995-04-29,Surrey,CAN,BC
8480883,Ty Smith,20222023,PIT,D,2000-03-24,Lloydminster,CAN,AB
8476457,Adam Larsson,20222023,SEA,D,1992-11-12,Skelleftea,SWE,NA
8477505,Alexander Wennberg,20222023,SEA,C,1994-09-22,Stockholm,SWE,NA
8477444,Andre Burakovsky,20222023,SEA,L,1995-02-09,Klagenfurt,AUT,NA
8479293,Brandon Tanev,20222023,SEA,L,1991-12-31,Toronto,CAN,ON
8479985,Cale Fleury,20222023,SEA,D,1998-11-19,Carlyle,CAN,SK
8477369,Carson Soucy,20222023,SEA,D,1994-07-27,Viking,CAN,AB
8478466,Daniel Sprong,20222023,SEA,R,1997-03-17,Amsterdam,NLD,NA
8480009,Eeli Tolvanen,20222023,SEA,R,1999-04-22,Vihti,FIN,NA
8477467,Gustav Olofsson,20222023,SEA,D,1994-12-01,Boras,SWE,NA
8475768,Jaden Schwartz,20222023,SEA,C,1992-06-25,Wilcox,CAN,SK
8476467,Jamie Oleksiak,20222023,SEA,D,1992-12-21,Toronto,CAN,ON
8477955,Jared McCann,20222023,SEA,L,1996-05-31,Stratford,CAN,ON
8477034,Jaycob Megna,20222023,SEA,D,1992-12-10,Plantation,USA,FL
8482834,Jesper Froden,20222023,SEA,R,1994-09-21,Stockholm,SWE,NA
8478916,Joey Daccord,20222023,SEA,G,1996-08-19,Boston,USA,MA
8477401,John Hayden,20222023,SEA,C,1995-02-14,Chicago,USA,IL
8474586,Jordan Eberle,20222023,SEA,R,1990-05-15,Regina,CAN,SK
8474602,Justin Schultz,20222023,SEA,D,1990-07-06,Kelowna,CAN,BC
8480901,Karson Kuhlman,20222023,SEA,C,1995-09-26,Esko,USA,MN
8474889,Martin Jones,20222023,SEA,G,1990-01-10,North Vancouver,CAN,BC
8482665,Matty Beniers,20222023,SEA,C,2002-11-05,Hingham,USA,MA
8479987,Morgan Geekie,20222023,SEA,C,1998-07-20,Strathclair,CAN,MB
8477416,Oliver Bjorkstrand,20222023,SEA,R,1995-04-10,Herning,DNK,NA
8475831,Philipp Grubauer,20222023,SEA,G,1991-11-25,Rosenheim,DEU,NA
8477987,Ryan Donato,20222023,SEA,C,1996-04-09,Boston,USA,MA
8483524,Shane Wright,20222023,SEA,C,2004-01-05,Burlington,CAN,ON
8481789,Tye Kartye,20222023,SEA,L,2001-04-30,Kingston,CAN,ON
8478407,Vince Dunn,20222023,SEA,D,1996-10-29,Mississauga,CAN,ON
8478840,Will Borgen,20222023,SEA,D,1996-12-19,Moorhead,USA,MN
8476826,Yanni Gourde,20222023,SEA,C,1991-12-15,Saint-Narcisse,CAN,QC
8477180,Aaron Dell,20222023,SJS,G,1989-05-04,Airdrie,CAN,AB
8482197,Adam Raska,20222023,SJS,R,2001-09-25,Frydek-Mistek,CZE,NA
8482222,Alexander Barabanov,20222023,SJS,L,1994-06-17,St. Petersburg,RUS,NA
8477341,Andreas Johnsson,20222023,SJS,L,1994-11-21,Gavle,SWE,NA
8475461,Andrew Agozzino,20222023,SJS,L,1991-01-03,Kleinburg,CAN,ON
8478058,CJ Suess,20222023,SJS,L,1994-03-17,St. Paul,USA,MN
8482101,Danil Gushchin,20222023,SJS,L,2002-02-06,Yekaterinburg,RUS,NA
8476884,Derrick Pouliot,20222023,SJS,D,1994-01-16,Estevan,CAN,SK
8480199,Eetu Makiniemi,20222023,SJS,G,1999-04-19,Vantaa,FIN,NA
8474578,Erik Karlsson,20222023,SJS,D,1990-05-31,Landsbro,SWE,NA
8478431,Evgeny Svechnikov,20222023,SJS,L,1996-10-31,Yuzhno-Sakhalinsk,RUS,NA
8480188,Fabian Zetterlund,20222023,SJS,L,1999-08-25,Karlstad,SWE,NA
8481567,Henry Thrun,20222023,SJS,D,2001-03-12,Southborough,USA,MA
8479439,Jacob MacDonald,20222023,SJS,D,1993-02-26,Portland,USA,OR
8480216,Jacob Peterson,20222023,SJS,C,1999-07-19,Lidkoping,SWE,NA
8473503,James Reimer,20222023,SJS,G,1988-03-15,Morweena,CAN,MB
8477034,Jaycob Megna,20222023,SJS,D,1992-12-10,Plantation,USA,FL
8479705,Jeffrey Viel,20222023,SJS,L,1997-01-28,Rimouski,CAN,QC
8479981,Jonah Gadjovich,20222023,SJS,L,1998-10-12,Whitby,CAN,ON
8478039,Kaapo Kahkonen,20222023,SJS,G,1996-08-16,Helsinki,FIN,NA
8478099,Kevin Labanc,20222023,SJS,R,1995-12-12,Brooklyn,USA,NY
8479304,Kyle Criscuolo,20222023,SJS,C,1992-05-05,Southampton,USA,NJ
8474053,Logan Couture,20222023,SJS,C,1989-03-28,Guelph,CAN,ON
8479316,Luke Kunin,20222023,SJS,C,1997-12-04,Chesterfield,USA,MO
8471709,Marc-Edouard Vlasic,20222023,SJS,D,1987-03-30,Montréal,CAN,QC
8479983,Mario Ferraro,20222023,SJS,D,1998-09-17,Toronto,CAN,ON
8480822,Martin Kaut,20222023,SJS,R,1999-10-02,Brno,CZE,NA
8476988,Matt Benning,20222023,SJS,D,1994-05-25,Edmonton,CAN,AB
8476442,Matt Nieto,20222023,SJS,L,1992-11-05,Long Beach,USA,CA
8479591,Michael Eyssimont,20222023,SJS,C,1996-09-09,Littleton,USA,CO
8474009,Nick Bonino,20222023,SJS,C,1988-04-20,Hartford,USA,CT
8482824,Nick Cicek,20222023,SJS,D,2000-05-29,Winnipeg,CAN,MB
8481477,Nico Sturm,20222023,SJS,C,1995-05-03,Augsburg,DEU,NA
8481812,Nikolai Knyzhov,20222023,SJS,D,1998-03-20,Kemerovo,RUS,NA
8479393,Noah Gregor,20222023,SJS,C,1998-07-28,Beaumont,CAN,AB
8478067,Oskar Lindblom,20222023,SJS,L,1996-08-15,Gavle,SWE,NA
8480160,Radim Simek,20222023,SJS,D,1992-09-20,Mlada Boleslav,CZE,NA
8476449,Scott Harrington,20222023,SJS,D,1993-03-10,Kingston,CAN,ON
8478904,Steven Lorentz,20222023,SJS,C,1996-04-13,Kitchener,CAN,ON
8482133,Thomas Bordeleau,20222023,SJS,C,2002-01-03,Houston,USA,TX
8478414,Timo Meier,20222023,SJS,R,1996-10-08,Herisau,CHE,NA
8476881,Tomas Hertl,20222023,SJS,C,1993-11-12,Praha,CZE,NA
8482181,Tristen Robins,20222023,SJS,C,2001-11-15,London,GBR,NA
8482667,William Eklund,20222023,SJS,L,2002-10-12,Stockholm,SWE,NA
8480281,Alexey Toropchenko,20222023,STL,R,1999-06-25,Moscow,RUS,NA
8476438,Brandon Saad,20222023,STL,L,1992-10-27,Pittsburgh,USA,PA
8475170,Brayden Schenn,20222023,STL,C,1991-08-22,Saskatoon,CAN,SK
8480157,Calle Rosen,20222023,STL,D,1994-02-02,Vaxjo,SWE,NA
8476892,Colton Parayko,20222023,STL,D,1993-05-12,St. Albert,CAN,AB
8480041,Dmitri Samorukov,20222023,STL,D,1999-06-16,Volgograd,RUS,NA
8481070,Hugh McGing,20222023,STL,L,1998-07-11,Chicago,USA,IL
8477964,Ivan Barbashev,20222023,STL,C,1995-12-14,Moscow,RUS,NA
8482089,Jake Neighbours,20222023,STL,L,2002-03-29,Calgary,CAN,AB
8477944,Jakub Vrana,20222023,STL,L,1996-02-28,Prague,CZE,NA
8480981,Joel Hofer,20222023,STL,G,2000-07-30,Winnipeg,CAN,MB
8476412,Jordan Binnington,20222023,STL,G,1993-07-11,Richmond Hill,CAN,ON
8479385,Jordan Kyrou,20222023,STL,C,1998-05-05,Toronto,CAN,ON
8476410,Josh Leivo,20222023,STL,L,1993-05-26,Innisfil,CAN,ON
8475753,Justin Faulk,20222023,STL,D,1992-03-20,South St. Paul,USA,MN
8477953,Kasperi Kapanen,20222023,STL,R,1996-07-23,Kuopio,FIN,NA
8479366,Logan Brown,20222023,STL,C,1998-03-05,Raleigh,USA,NC
8474618,Marco Scandella,20222023,STL,D,1990-02-23,Montréal,CAN,QC
8478146,Matthew Highmore,20222023,STL,C,1996-02-27,Halifax,CAN,NS
8482516,Matthew Kessel,20222023,STL,D,2000-06-23,Phoenix,USA,AZ
8477573,Nathan Walker,20222023,STL,L,1994-02-07,Cardiff,GBR,NA
8475181,Nick Leddy,20222023,STL,D,1991-03-20,Eden Prairie,USA,MN
8481543,Nikita Alexandrov,20222023,STL,C,2000-09-16,Burgwedel,DEU,NA
8478859,Niko Mikkola,20222023,STL,D,1996-04-27,Kiiminki,FIN,NA
8478569,Noel Acciari,20222023,STL,C,1991-12-01,Johnston,USA,RI
8477402,Pavel Buchnevich,20222023,STL,L,1995-04-17,Cherepovets,RUS,NA
8474145,Robert Bortuzzo,20222023,STL,D,1989-03-18,Thunder Bay,CAN,ON
8480023,Robert Thomas,20222023,STL,C,1999-07-02,Aurora,CAN,ON
8475158,Ryan O'Reilly,20222023,STL,C,1991-02-07,Clinton,CAN,ON
8478104,Sammy Blais,20222023,STL,L,1996-06-17,Montmagny,CAN,QC
8477463,Steven Santini,20222023,STL,D,1995-03-07,Bronxville,USA,NY
8471306,Thomas Greiss,20222023,STL,G,1986-01-29,Fussen,DEU,NA
8476792,Torey Krug,20222023,STL,D,1991-04-12,Livonia,USA,MI
8475752,Tyler Pitlick,20222023,STL,C,1991-11-01,Minneapolis,USA,MN
8481006,Tyler Tucker,20222023,STL,D,2000-03-01,Thunder Bay,CAN,ON
8475765,Vladimir Tarasenko,20222023,STL,R,1991-12-13,Yaroslavl,RUS,NA
8479375,William Bitten,20222023,STL,C,1998-07-10,Ottawa,CAN,ON
8479718,Alex Barré-Boulet,20222023,TBL,C,1997-05-21,Montmagny,CAN,QC
8473986,Alex Killorn,20222023,TBL,L,1989-09-14,Halifax,CAN,NS
8476883,Andrei Vasilevskiy,20222023,TBL,G,1994-07-25,Tyumen,RUS,NA
8478519,Anthony Cirelli,20222023,TBL,C,1997-07-15,Etobicoke,CAN,ON
8479542,Brandon Hagel,20222023,TBL,L,1998-08-27,Saskatoon,CAN,SK
8478010,Brayden Point,20222023,TBL,C,1996-03-13,Calgary,CAN,AB
8470880,Brian Elliott,20222023,TBL,G,1985-04-09,Newmarket,CAN,ON
8479984,Cal Foote,20222023,TBL,D,1998-12-13,Denver,USA,CO
8481043,Cole Koepke,20222023,TBL,L,1998-05-17,Two Harbors,USA,MN
8470621,Corey Perry,20222023,TBL,R,1985-05-16,Peterborough,CAN,ON
8478178,Darren Raddysh,20222023,TBL,D,1996-02-28,Toronto,CAN,ON
8478416,Erik Cernak,20222023,TBL,D,1997-05-28,Kosice,SVK,NA
8480863,Gabriel Fortier,20222023,TBL,L,2000-02-06,Lachine,CAN,QC
8477938,Haydn Fleury,20222023,TBL,D,1996-07-08,Carlyle,CAN,SK
8474013,Ian Cole,20222023,TBL,D,1989-02-21,Ann Arbor,USA,MI
8479591,Michael Eyssimont,20222023,TBL,C,1996-09-09,Littleton,USA,CO
8479410,Mikhail Sergachev,20222023,TBL,D,1998-06-25,Nizhnekamsk,RUS,NA
8477426,Nick Paul,20222023,TBL,L,1995-03-20,Mississauga,CAN,ON
8480246,Nick Perbix,20222023,TBL,D,1998-06-15,Elk River,USA,MN
8476453,Nikita Kucherov,20222023,TBL,R,1993-06-17,Maykop,RUS,NA
8474034,Patrick Maroon,20222023,TBL,L,1988-04-23,St. Louis,USA,MO
8479026,Philippe Myers,20222023,TBL,D,1997-01-25,Moncton,CAN,NB
8477930,Pierre-Edouard Bellemare,20222023,TBL,L,1985-03-06,Le Blanc-Mesnil,FRA,NA
8479525,Ross Colton,20222023,TBL,C,1996-09-11,Robbinsville,USA,NJ
8478870,Rudolfs Balcers,20222023,TBL,L,1997-04-08,Liepaja,LVA,NA
8474564,Steven Stamkos,20222023,TBL,C,1990-02-07,Markham,CAN,ON
8479661,Tanner Jeannot,20222023,TBL,L,1997-05-29,Estevan,CAN,SK
8475167,Victor Hedman,20222023,TBL,D,1990-12-18,Ornskoldsvik,SWE,NA
8476480,Vladislav Namestnikov,20222023,TBL,C,1992-11-22,Zhukovskiy,RUS,NA
8474567,Zach Bogosian,20222023,TBL,D,1990-07-15,Massena,USA,NY
8482634,Alex Steeves,20222023,TOR,C,1999-12-10,Saint Paul,USA,MN
8477021,Alexander Kerfoot,20222023,TOR,C,1994-08-11,Vancouver,CAN,BC
8479318,Auston Matthews,20222023,TOR,C,1997-09-17,San Ramon,USA,CA
8482259,Bobby McMann,20222023,TOR,C,1996-06-15,Wainwright,CAN,AB
8475714,Calle Jarnkrok,20222023,TOR,C,1991-09-25,Gavle,SWE,NA
8479982,Conor Timmins,20222023,TOR,D,1998-09-18,St. Catharines,CAN,ON
8480144,David Kampf,20222023,TOR,C,1995-01-12,Chomutov,CZE,NA
8478843,Denis Malgin,20222023,TOR,C,1997-01-18,Olten,CHE,NA
8478211,Dryden Hunt,20222023,TOR,L,1995-11-24,Cranbrook,CAN,BC
8476979,Erik Gustafsson,20222023,TOR,D,1992-03-14,Nynashamn,SWE,NA
8478902,Erik Kallgren,20222023,TOR,G,1996-10-14,Stockholm,SWE,NA
8480820,Filip Kral,20222023,TOR,D,1999-10-20,Blansko,CZE,NA
8478492,Ilya Samsonov,20222023,TOR,G,1997-02-22,Magnitogorsk,RUS,NA
8476931,Jake McCabe,20222023,TOR,D,1993-10-12,Eau Claire,USA,WI
8474162,Jake Muzzin,20222023,TOR,D,1989-02-21,Woodstock,CAN,ON
8483183,Jett Alexander,20222023,TOR,G,1999-11-08,Bloomfield,CAN,ON
8479315,Joey Anderson,20222023,TOR,R,1998-06-19,Roseville,USA,MN
8475166,John Tavares,20222023,TOR,C,1990-09-20,Mississauga,CAN,ON
8474818,Jordie Benn,20222023,TOR,D,1987-07-26,Victoria,CAN,BC
8479361,Joseph Woll,20222023,TOR,G,1998-07-12,Dardenne Prairie,USA,MO
8475718,Justin Holl,20222023,TOR,D,1992-01-30,Tonka Bay,USA,MN
8475160,Kyle Clifford,20222023,TOR,L,1991-01-13,Ayr,CAN,ON
8474568,Luke Schenn,20222023,TOR,D,1989-11-02,Saskatoon,CAN,SK
8480439,Mac Hollowell,20222023,TOR,D,1998-09-26,Niagara Falls,CAN,ON
8470966,Mark Giordano,20222023,TOR,D,1983-10-03,Toronto,CAN,ON
8476899,Matt Murray,20222023,TOR,G,1994-05-25,Thunder Bay,CAN,ON
8482720,Matthew Knies,20222023,TOR,L,2002-10-17,Phoenix,USA,AZ
8478047,Michael Bunting,20222023,TOR,L,1995-09-17,Scarborough,CAN,ON
8478483,Mitch Marner,20222023,TOR,R,1997-05-05,Markham,CAN,ON
8476853,Morgan Rielly,20222023,TOR,D,1994-03-09,Vancouver,CAN,BC
8481582,Nicholas Robertson,20222023,TOR,L,2001-09-11,Pasadena,USA,CA
8481720,Nick Abruzzese,20222023,TOR,C,1999-06-04,Slate Hill,USA,NY
8477979,Nicolas Aube-Kubel,20222023,TOR,R,1996-05-10,Slave Lake,CAN,AB
8478569,Noel Acciari,20222023,TOR,C,1991-12-01,Johnston,USA,RI
8478115,Pierre Engvall,20222023,TOR,L,1996-05-31,Ljungby,SWE,NA
8480995,Pontus Holmberg,20222023,TOR,R,1999-03-09,Vasteras,SWE,NA
8482241,Radim Zohorna,20222023,TOR,L,1996-04-29,Havlickuv,CZE,NA
8480873,Rasmus Sandin,20222023,TOR,D,2000-03-07,Uppsala,SWE,NA
8475158,Ryan O'Reilly,20222023,TOR,C,1991-02-07,Clinton,CAN,ON
8478043,Sam Lafferty,20222023,TOR,C,1995-03-06,Hollidaysburg,USA,PA
8480977,Semyon Der-Arguchintsev,20222023,TOR,C,2000-09-15,Moscow,RUS,NA
8474673,TJ Brodie,20222023,TOR,D,1990-06-07,Chatham,CAN,ON
8480043,Timothy Liljegren,20222023,TOR,D,1999-04-30,Kristianstad,SWE,NA
8479376,Victor Mete,20222023,TOR,D,1998-06-07,Woodbridge,CAN,ON
8474190,Wayne Simmonds,20222023,TOR,R,1988-08-26,Scarborough,CAN,ON
8477939,William Nylander,20222023,TOR,R,1996-05-01,Calgary,CAN,AB
8479944,Zachary Aston-Reese,20222023,TOR,C,1994-08-10,Staten Island,USA,NY
8482691,Aatu Raty,20222023,VAN,C,2002-11-14,Oulu,FIN,NA
8481683,Aidan McDonough,20222023,VAN,L,1999-11-06,Milton,USA,MA
8484254,Akito Hirose,20222023,VAN,D,1999-04-09,Calgary,CAN,AB
8483808,Andrei Kuzmenko,20222023,VAN,L,1996-02-04,Yakutsk,RUS,NA
8478463,Anthony Beauvillier,20222023,VAN,L,1997-06-08,Sorel-Tracy,CAN,QC
8481668,Arturs Silovs,20222023,VAN,G,2001-03-22,Riga,LVA,NA
8477500,Bo Horvat,20222023,VAN,C,1995-04-05,London,CAN,ON
8478444,Brock Boeser,20222023,VAN,R,1997-02-25,Burnsville,USA,MN
8478846,Christian Wolanin,20222023,VAN,D,1995-03-17,Quebec City,CAN,QC
8484287,Cole McWard,20222023,VAN,D,2001-06-09,Fenton,USA,MO
8480420,Collin Delia,20222023,VAN,G,1994-06-20,Rancho Cucamonga,USA,CA
8478856,Conor Garland,20222023,VAN,R,1996-03-11,Scituate,USA,MA
8477508,Curtis Lazar,20222023,VAN,C,1995-02-02,Salmon Arm,CAN,BC
8478057,Dakota Joshua,20222023,VAN,C,1996-05-15,Dearborn,USA,MI
8480012,Elias Pettersson,20222023,VAN,C,1998-11-12,Sundsvall,SWE,NA
8478451,Ethan Bear,20222023,VAN,D,1997-06-26,Regina,CAN,SK
8479425,Filip Hronek,20222023,VAN,D,1997-11-02,Hradec Kralove,CZE,NA
8478465,Guillaume Brisebois,20222023,VAN,D,1997-07-21,Longueuil,CAN,QC
8481624,Ilya Mikheyev,20222023,VAN,R,1994-10-10,Omsk,RUS,NA
8476468,J.T. Miller,20222023,VAN,C,1993-03-14,East Palestine,USA,OH
8480056,Jack Rathbone,20222023,VAN,D,1999-05-20,Boston,USA,MA
8480021,Jack Studnicka,20222023,VAN,C,1999-02-18,Windsor,CAN,ON
8477335,Kyle Burroughs,20222023,VAN,D,1995-07-12,Vancouver,CAN,BC
8478967,Lane Pederson,20222023,VAN,C,1997-08-04,Saskatoon,CAN,SK
8474568,Luke Schenn,20222023,VAN,D,1989-11-02,Saskatoon,CAN,SK
8482496,Nils Aman,20222023,VAN,C,2000-02-07,Avesta,SWE,NA
8481535,Nils Hoglander,20222023,VAN,L,2000-12-20,BOCKTRäSK,SWE,NA
8478454,Noah Juulsen,20222023,VAN,D,1997-04-02,Surrey,CAN,BC
8475171,Oliver Ekman-Larsson,20222023,VAN,D,1991-07-17,Karlskrona,SWE,NA
8476858,Phillip Di Giuseppe,20222023,VAN,L,1993-10-09,Toronto,CAN,ON
8480800,Quinn Hughes,20222023,VAN,D,1999-10-14,Orlando,USA,FL
8479388,Riley Stillman,20222023,VAN,D,1998-03-09,Peterborough,CAN,ON
8480326,Sheldon Dries,20222023,VAN,C,1994-04-23,Macomb,USA,MI
8477484,Spencer Martin,20222023,VAN,G,1995-06-08,Oakville,CAN,ON
8476871,Tanner Pearson,20222023,VAN,L,1992-08-10,Kitchener,CAN,ON
8477967,Thatcher Demko,20222023,VAN,G,1995-12-08,San Diego,USA,CA
8478408,Travis Dermott,20222023,VAN,D,1996-12-22,Newmarket,CAN,ON
8477359,Tucker Poolman,20222023,VAN,D,1993-06-08,Dubuque,USA,IA
8474574,Tyler Myers,20222023,VAN,D,1990-02-01,Houston,USA,TX
8481617,Vasily Podkolzin,20222023,VAN,R,2001-06-24,Moscow,RUS,NA
8480833,Vitali Kravtsov,20222023,VAN,R,1999-12-23,Vladivostok,RUS,NA
8479367,William Lockwood,20222023,VAN,R,1998-06-20,Royal Oak,USA,MI
8478499,Adin Hill,20222023,VGK,G,1996-05-11,Comox,CAN,BC
8474166,Alec Martinez,20222023,VGK,D,1987-07-26,Rochester Hills,USA,MI
8474565,Alex Pietrangelo,20222023,VGK,D,1990-01-18,King City,CAN,ON
8477018,Ben Hutton,20222023,VGK,D,1993-04-20,Brockville,CAN,ON
8475188,Brayden McNabb,20222023,VGK,D,1991-01-21,Davidson,CAN,SK
8481167,Brayden Pachal,20222023,VGK,D,1999-08-23,Estevan,CAN,SK
8479353,Brett Howden,20222023,VGK,C,1998-03-29,Calgary,CAN,AB
8475278,Byron Froese,20222023,VGK,C,1991-03-12,Winkler,CAN,MB
8476905,Chandler Stephenson,20222023,VGK,C,1994-04-22,Saskatoon,CAN,SK
8482624,Daniil Miromanov,20222023,VGK,D,1997-07-11,Moscow,RUS,NA
8477964,Ivan Barbashev,20222023,VGK,C,1995-12-14,Moscow,RUS,NA
8478403,Jack Eichel,20222023,VGK,C,1996-10-28,North Chelmsford,USA,MA
8479991,Jake Leschyshyn,20222023,VGK,C,1999-03-10,Raleigh,USA,NC
8480238,Jiri Patera,20222023,VGK,G,1999-02-24,Praha,CZE,NA
8480007,Jonas Rondbjerg,20222023,VGK,R,1999-03-31,Horsholm,DNK,NA
8476539,Jonathan Marchessault,20222023,VGK,R,1990-12-27,Cap-Rouge,CAN,QC
8471734,Jonathan Quick,20222023,VGK,G,1986-01-21,Milford,USA,CT
8481527,Kaedan Korczak,20222023,VGK,D,2001-01-29,Yorkton,CAN,SK
8478434,Keegan Kolesar,20222023,VGK,R,1997-04-08,Brandon,CAN,MB
8476316,Laurent Brossoit,20222023,VGK,G,1993-03-23,Port Alberni,CAN,BC
8480313,Logan Thompson,20222023,VGK,G,1997-02-25,Calgary,CAN,AB
8475913,Mark Stone,20222023,VGK,R,1992-05-13,Winnipeg,CAN,MB
8478020,Michael Amadio,20222023,VGK,R,1996-05-13,Sault Ste. Marie,CAN,ON
8479980,Nicolas Hague,20222023,VGK,D,1998-12-05,Kitchener,CAN,ON
8478462,Nicolas Roy,20222023,VGK,C,1997-02-05,Amos,CAN,QC
8481032,Paul Cotter,20222023,VGK,C,1999-11-16,Canton,USA,MI
8481604,Pavel Dorofeyev,20222023,VGK,L,2000-10-26,Nizhny Tagil,RUS,NA
8473548,Phil Kessel,20222023,VGK,R,1987-10-02,Madison,USA,WI
8475191,Reilly Smith,20222023,VGK,R,1991-04-01,Mimico,CAN,ON
8477447,Shea Theodore,20222023,VGK,D,1995-08-03,Aldergrove,CAN,BC
8480776,Sheldon Rempal,20222023,VGK,R,1995-08-07,Calgary,CAN,AB
8476927,Teddy Blueger,20222023,VGK,C,1994-08-15,Riga,LVA,NA
8477478,William Carrier,20222023,VGK,L,1994-12-20,LaSalle,CAN,QC
8476448,William Karlsson,20222023,VGK,C,1993-01-08,Marsta,SWE,NA
8480727,Zach Whitecloud,20222023,VGK,D,1996-11-28,Brandon,CAN,MB
8476392,Adam Lowry,20222023,WPG,C,1993-03-29,St. Louis,USA,MO
8479536,Axel Jonsson-Fjallby,20222023,WPG,L,1998-02-10,Stockholm,SWE,NA
8471218,Blake Wheeler,20222023,WPG,R,1986-08-31,Plymouth,USA,MN
8475455,Brenden Dillon,20222023,WPG,D,1990-11-13,New Westminster,CAN,BC
8482149,Cole Perfetti,20222023,WPG,C,2002-01-01,Whitby,CAN,ON
8476945,Connor Hellebuyck,20222023,WPG,G,1993-05-19,Commerce,USA,MI
8481019,David Gustafsson,20222023,WPG,C,2000-04-11,Tingsryd,SWE,NA
8479496,David Rittich,20222023,WPG,G,1992-08-19,Jihlava,CZE,NA
8476952,Dominic Toninato,20222023,WPG,C,1994-03-09,Duluth,USA,MN
8476331,Dylan DeMelo,20222023,WPG,D,1993-05-01,London,CAN,ON
8480049,Dylan Samberg,20222023,WPG,D,1999-01-24,Saginaw,USA,MN
8478424,Jansen Harkins,20222023,WPG,C,1997-05-23,Cleveland,USA,OH
8477504,Josh Morrissey,20222023,WPG,D,1995-03-28,Calgary,CAN,AB
8480901,Karson Kuhlman,20222023,WPG,C,1995-09-26,Esko,USA,MN
8478831,Kevin Stenlund,20222023,WPG,C,1996-09-20,Stockholm,SWE,NA
8480443,Kristian Reichel,20222023,WPG,C,1998-06-11,Most,CZE,NA
8478476,Kyle Capobianco,20222023,WPG,D,1997-08-13,Mississauga,CAN,ON
8478398,Kyle Connor,20222023,WPG,L,1996-12-09,Shelby Township,USA,MI
8479378,Logan Stanley,20222023,WPG,D,1998-05-26,Waterloo,CAN,ON
8476460,Mark Scheifele,20222023,WPG,C,1993-03-15,Kitchener,CAN,ON
8478891,Mason Appleton,20222023,WPG,C,1996-01-15,Green Bay,USA,WI
8479591,Michael Eyssimont,20222023,WPG,C,1996-09-09,Littleton,USA,CO
8480289,Morgan Barron,20222023,WPG,C,1998-12-02,Halifax,CAN,NS
8477220,Nate Schmidt,20222023,WPG,D,1991-07-16,St. Cloud,USA,MN
8480145,Neal Pionk,20222023,WPG,D,1995-07-29,Omaha,USA,NE
8477940,Nikolaj Ehlers,20222023,WPG,L,1996-02-14,Aalborg,DNK,NA
8475799,Nino Niederreiter,20222023,WPG,R,1992-09-08,Chur,CHE,NA
8479400,Pierre-Luc Dubois,20222023,WPG,L,1998-06-24,Ste-Agathe-des-Monts,CAN,QC
8477357,Saku Maenalanen,20222023,WPG,R,1994-05-29,Kemi,FIN,NA
8474040,Sam Gagner,20222023,WPG,C,1989-08-10,London,CAN,ON
8481572,Ville Heinola,20222023,WPG,D,2001-03-02,Honkajoki,FIN,NA
8476480,Vladislav Namestnikov,20222023,WPG,C,1992-11-22,Zhukovskiy,RUS,NA
8471214,Alex Ovechkin,20222023,WSH,L,1985-09-17,Moscow,RUS,NA
8480823,Alexander Alexeyev,20222023,WSH,D,1999-11-15,St. Petersburg,RUS,NA
8481656,Aliaksei Protas,20222023,WSH,C,2001-01-06,Vitebsk,BLR,NA
8477511,Anthony Mantha,20222023,WSH,R,1994-09-16,Longueuil,CAN,QC
8479359,Beck Malenstyn,20222023,WSH,L,1998-02-04,Delta,CAN,BC
8479292,Charlie Lindgren,20222023,WSH,G,1993-12-18,Lakeville,USA,MN
8477015,Connor Brown,20222023,WSH,R,1994-01-14,Toronto,CAN,ON
8481580,Connor McMichael,20222023,WSH,C,2001-01-15,Ajax,CAN,ON
8477839,Conor Sheary,20222023,WSH,L,1992-06-08,Winchester,USA,MA
8475225,Craig Smith,20222023,WSH,C,1989-09-05,Madison,USA,WI
8475311,Darcy Kuemper,20222023,WSH,G,1990-05-05,Saskatoon,CAN,SK
8475200,Dmitry Orlov,20222023,WSH,D,1991-07-23,Novokuznetsk,RUS,NA
8475795,Dylan McIlrath,20222023,WSH,D,1992-04-20,Winnipeg,CAN,MB
8478440,Dylan Strome,20222023,WSH,C,1997-03-07,Mississauga,CAN,ON
8476979,Erik Gustafsson,20222023,WSH,D,1992-03-14,Nynashamn,SWE,NA
8475744,Evgeny Kuznetsov,20222023,WSH,C,1992-05-19,Chelyabinsk,RUS,NA
8478506,Gabriel Carlsson,20222023,WSH,D,1997-01-02,Orebro,SWE,NA
8477903,Garnet Hathaway,20222023,WSH,R,1991-11-23,Naples,USA,FL
8479404,Henrik Borgstrom,20222023,WSH,C,1997-08-06,Helsinki,FIN,NA
8481441,Joe Snively,20222023,WSH,C,1996-01-01,Herndon,USA,VA
8474590,John Carlson,20222023,WSH,D,1990-01-10,Natick,USA,MA
8474189,Lars Eller,20222023,WSH,C,1989-05-08,Rodovre,DNK,NA
8479321,Lucas Johansen,20222023,WSH,D,1997-11-16,Vancouver,CAN,BC
8475149,Marcus Johansson,20222023,WSH,L,1990-10-06,Landskrona,SWE,NA
8480796,Martin Fehervary,20222023,WSH,D,1999-10-06,Bratislava,SVK,NA
8475625,Matt Irwin,20222023,WSH,D,1987-11-29,Victoria,CAN,BC
8475343,Nic Dowd,20222023,WSH,C,1990-05-27,Huntsville,USA,AL
8475324,Nick Jensen,20222023,WSH,D,1990-09-21,Rogers,USA,MN
8473563,Nicklas Backstrom,20222023,WSH,C,1987-11-23,Gavle,SWE,NA
8477979,Nicolas Aube-Kubel,20222023,WSH,R,1996-05-10,Slave Lake,CAN,AB
8480873,Rasmus Sandin,20222023,WSH,D,2000-03-07,Uppsala,SWE,NA
8477947,Sonny Milano,20222023,WSH,L,1996-05-12,Massapequa,USA,NY
8471698,T.J. Oshie,20222023,WSH,R,1986-12-23,Everett,USA,WA
8476880,Tom Wilson,20222023,WSH,R,1994-03-29,Toronto,CAN,ON
8477845,Trevor van Riemsdyk,20222023,WSH,D,1991-07-24,Middletown,USA,NJ
8482861,Vincent Iorio,20222023,WSH,D,2002-11-14,Coquitlam,CAN,BC
8474641,Adam Henrique,20232024,ANA,C,1990-02-06,Brantford,CAN,Ontario
8473986,Alex Killorn,20232024,ANA,L,1989-09-14,Halifax,CAN,Nova Scotia
8480870,Bo Groulx,20232024,ANA,C,2000-02-06,Rouen,FRA,NA
8481517,Brett Leason,20232024,ANA,R,1999-04-30,Calgary,CAN,Alberta
8476934,Brock McGinn,20232024,ANA,L,1994-02-02,Fergus,CAN,Ontario
8475764,Cam Fowler,20232024,ANA,D,1991-12-05,Windsor,CAN,Ontario
8478366,Frank Vatrano,20232024,ANA,R,1994-03-14,East Longmeadow,USA,Massachusetts
8480184,Gustav Lindström,20232024,ANA,D,1998-10-20,Ostervala,SWE,NA
8480950,Ilya Lyubushkin,20232024,ANA,D,1994-04-06,Moscow,RUS,NA
8480806,Isac Lundestrom,20232024,ANA,C,1999-11-06,Gallivare,SWE,NA
8481605,Jackson LaCombe,20232024,ANA,D,2001-01-09,Eden Prairie,USA,Minnesota
8475164,Jakob Silfverberg,20232024,ANA,R,1990-10-13,Gavle,SWE,NA
8476434,John Gibson,20232024,ANA,G,1993-07-14,Pittsburgh,USA,Pennsylvania
8484153,Leo Carlsson,20232024,ANA,C,2004-12-26,Karlstad,SWE,NA
8480843,Lukas Dostal,20232024,ANA,G,2000-06-22,Brno,CZE,NA
8482745,Mason McTavish,20232024,ANA,C,2003-01-30,Zurich,CHE,NA
8479368,Max Jones,20232024,ANA,L,1998-02-17,Rochester,USA,Michigan
8483490,Pavel Mintyukov,20232024,ANA,D,2003-11-25,Moscow,RUS,NA
8475462,Radko Gudas,20232024,ANA,D,1990-06-05,Prague,CZE,NA
8477527,Ross Johnston,20232024,ANA,L,1994-02-18,Charlottetown,CAN,Prince Edward Island
8476458,Ryan Strome,20232024,ANA,C,1993-07-11,Mississauga,CAN,Ontario
8475842,Sam Carrick,20232024,ANA,C,1992-02-04,Markham,CAN,Ontario
8481533,Trevor Zegras,20232024,ANA,C,2001-03-20,Bedford,USA,New York
8478873,Troy Terry,20232024,ANA,R,1997-09-10,Denver,USA,Colorado
8480001,Urho Vaakanainen,20232024,ANA,D,1999-01-01,Joensuu,FIN,NA
8480008,Adam Ruzicka,20232024,ARI,C,1999-05-11,Bratislava,SVK,NA
8477021,Alex Kerfoot,20232024,ARI,C,1994-08-11,Vancouver,CAN,British Columbia
8480849,Barrett Hayton,20232024,ARI,C,2000-06-09,Peterborough,CAN,Ontario
8479343,Clayton Keller,20232024,ARI,R,1998-07-29,Chesterfield,USA,Missouri
8478971,Connor Ingram,20232024,ARI,G,1997-03-31,Saskatoon,CAN,Saskatchewan
8482699,Dylan Guenther,20232024,ARI,R,2003-04-10,Edmonton,CAN,Alberta
8482655,J.J. Moser,20232024,ARI,D,2000-06-06,Biel,CHE,NA
8480855,Jack McBain,20232024,ARI,C,2000-01-06,Toronto,CAN,Ontario
8475722,Jason Zucker,20232024,ARI,L,1992-01-16,Newport Beach,USA,California
8477384,Josh Brown,20232024,ARI,D,1994-01-21,London,CAN,Ontario
8479976,Juuso Valimaki,20232024,ARI,D,1998-10-06,Tampere,FIN,NA
8478872,Karel Vejmelka,20232024,ARI,G,1996-05-25,Trebic,CZE,NA
8478474,Lawson Crouse,20232024,ARI,L,1997-06-23,Mt. Brydges,CAN,Ontario
8477070,Liam O'Brien,20232024,ARI,C,1994-07-29,Halifax,CAN,Nova Scotia
8483431,Logan Cooley,20232024,ARI,C,2004-05-04,Pittsburgh,USA,Pennsylvania
8481711,Matias Maccelli,20232024,ARI,L,2000-10-14,Turku,FIN,NA
8476856,Matt Dumba,20232024,ARI,D,1994-07-25,Regina,CAN,Saskatchewan
8479619,Michael Carcone,20232024,ARI,L,1996-05-19,Ajax,CAN,Ontario
8480891,Michael Kesselring,20232024,ARI,D,2000-01-13,New Hampton,USA,New Hampshire
8475760,Nick Bjugstad,20232024,ARI,C,1992-07-17,Minneapolis,USA,Minnesota
8477951,Nick Schmaltz,20232024,ARI,C,1996-02-23,Madison,USA,Wisconsin
8480434,Sean Durzi,20232024,ARI,D,1998-10-21,Mississauga,CAN,Ontario
8476329,Travis Boyd,20232024,ARI,C,1993-09-14,Hopkins,USA,Minnesota
8478408,Travis Dermott,20232024,ARI,D,1996-12-22,Newmarket,CAN,Ontario
8479442,Troy Stecher,20232024,ARI,D,1994-04-07,Richmond,CAN,British Columbia
8478409,Anthony Richard,20232024,BOS,C,1996-12-20,Trois-Rivières,CAN,Quebec
8473419,Brad Marchand,20232024,BOS,L,1988-05-11,Halifax,CAN,Nova Scotia
8478443,Brandon Carlo,20232024,BOS,D,1996-11-26,Colorado Springs,USA,Colorado
8475745,Charlie Coyle,20232024,BOS,C,1992-03-02,East Weymouth,USA,Massachusetts
8479325,Charlie McAvoy,20232024,BOS,D,1997-12-21,Long Beach,USA,New York
8478046,Danton Heinen,20232024,BOS,C,1995-07-05,Langley,CAN,British Columbia
8477956,David Pastrnak,20232024,BOS,R,1996-05-25,Havirov,CZE,NA
8475762,Derek Forbort,20232024,BOS,D,1992-03-04,Duluth,USA,Minnesota
8476854,Hampus Lindholm,20232024,BOS,D,1994-01-20,Helsingborg,SWE,NA
8478498,Jake DeBrusk,20232024,BOS,L,1996-10-17,Edmonton,CAN,Alberta
8480880,Jakub Lauko,20232024,BOS,C,2000-03-28,Prague,CZE,NA
8474037,James van Riemsdyk,20232024,BOS,L,1989-05-04,Middletown,USA,New Jersey
8480280,Jeremy Swayman,20232024,BOS,G,1998-11-24,Anchorage,USA,Alaska
8480003,Jesper Boqvist,20232024,BOS,C,1998-10-30,Falun,SWE,NA
8474031,Kevin Shattenkirk,20232024,BOS,D,1989-01-29,New Rochelle,USA,New York
8476999,Linus Ullmark,20232024,BOS,G,1993-07-31,Lugnvik,SWE,NA
8476891,Matt Grzelcyk,20232024,BOS,D,1994-01-05,Charlestown,USA,Massachusetts
8483505,Matthew Poitras,20232024,BOS,C,2004-03-10,Ajax,CAN,Ontario
8473473,Milan Lucic,20232024,BOS,L,1988-06-07,Vancouver,CAN,British Columbia
8479987,Morgan Geekie,20232024,BOS,C,1998-07-20,Strathclair,CAN,Manitoba
8479546,Oskar Steen,20232024,BOS,C,1998-03-09,Karlstad,SWE,NA
8478450,Parker Wotherspoon,20232024,BOS,D,1997-08-24,Surrey,CAN,British Columbia
8478401,Pavel Zacha,20232024,BOS,C,1997-04-06,Brno,CZE,NA
8479365,Trent Frederic,20232024,BOS,C,1998-02-11,St. Louis,USA,Missouri
8477949,Alex Tuch,20232024,BUF,R,1996-05-10,Syracuse,USA,New York
8479999,Casey Mittelstadt,20232024,BUF,C,1998-11-22,Eden Prairie,USA,Minnesota
8477365,Connor Clifton,20232024,BUF,D,1995-04-28,Matawan,USA,New Jersey
8481528,Dylan Cozens,20232024,BUF,C,2001-02-09,Whitehorse,CAN,Yukon Territory
8477480,Eric Comrie,20232024,BUF,G,1995-07-06,Edmonton,CAN,Alberta
8480762,Eric Robinson,20232024,BUF,L,1995-06-14,Bellmawr,USA,New Jersey
8473446,Erik Johnson,20232024,BUF,D,1988-03-21,Bloomington,USA,Minnesota
8480035,Henri Jokiharju,20232024,BUF,D,1999-06-17,Oulu,FIN,NA
8482175,JJ Peterka,20232024,BUF,R,2002-01-14,Munich,DEU,NA
8482097,Jack Quinn,20232024,BUF,R,2001-09-19,Ottawa,CAN,Ontario
8480196,Jacob Bryson,20232024,BUF,D,1997-11-18,London,CAN,Ontario
8475784,Jeff Skinner,20232024,BUF,L,1992-05-16,Toronto,CAN,Ontario
8478413,Jordan Greenway,20232024,BUF,L,1997-02-16,Canton,USA,New York
8473449,Kyle Okposo,20232024,BUF,R,1988-04-16,St. Paul,USA,Minnesota
8480807,Mattias Samuelsson,20232024,BUF,D,2000-03-14,Philadelphia,USA,Pennsylvania
8482671,Owen Power,20232024,BUF,D,2002-11-22,Mississauga,CAN,Ontario
8481522,Peyton Krebs,20232024,BUF,C,2001-01-26,Calgary,CAN,Alberta
8480839,Rasmus Dahlin,20232024,BUF,D,2000-04-13,Lidkoping,SWE,NA
8481564,Ryan Johnson,20232024,BUF,D,2001-07-24,Newport Beach,USA,California
8479420,Tage Thompson,20232024,BUF,C,1997-10-30,Phoenix,USA,Arizona
8480045,Ukko-Pekka Luukkonen,20232024,BUF,G,1999-03-09,Espoo,FIN,NA
8478109,Victor Olofsson,20232024,BUF,L,1995-07-18,Ornskoldsvik,SWE,NA
8484145,Zach Benson,20232024,BUF,L,2005-05-12,Chilliwack,CAN,British Columbia
8476878,Zemgus Girgensons,20232024,BUF,L,1994-01-05,Riga,LVA,NA
8480830,Andrei Svechnikov,20232024,CAR,R,2000-03-26,Barnaul,RUS,NA
8477293,Antti Raanta,20232024,CAR,G,1989-05-12,Rauma,FIN,NA
8476869,Brady Skjei,20232024,CAR,D,1994-03-26,Lakeville,USA,Minnesota
8477962,Brendan Lemieux,20232024,CAR,L,1996-03-15,Denver,USA,Colorado
8470613,Brent Burns,20232024,CAR,D,1985-03-09,Barrie,CAN,Ontario
8477488,Brett Pesce,20232024,CAR,D,1994-11-15,Tarrytown,USA,New York
8475200,Dmitry Orlov,20232024,CAR,D,1991-07-23,Novokuznetsk,RUS,NA
8475883,Frederik Andersen,20232024,CAR,G,1989-10-02,Herning,DNK,NA
8476958,Jaccob Slavin,20232024,CAR,D,1994-05-01,Denver,USA,Colorado
8480835,Jack Drury,20232024,CAR,C,2000-02-03,New York,USA,New York
8478970,Jalen Chatfield,20232024,CAR,D,1996-05-15,Ypsilanti,USA,Michigan
8475855,Jesper Fast,20232024,CAR,R,1991-12-02,Nassjo,SWE,NA
8480829,Jesperi Kotkaniemi,20232024,CAR,C,2000-07-06,Pori,FIN,NA
8476921,Jordan Martinook,20232024,CAR,L,1992-07-25,Brandon,CAN,Manitoba
8473533,Jordan Staal,20232024,CAR,C,1988-09-10,Thunder Bay,CAN,Ontario
8480039,Martin Necas,20232024,CAR,C,1999-01-15,Nove Mesto na Morave,CZE,NA
8478047,Michael Bunting,20232024,CAR,L,1995-09-17,Scarborough,CAN,Ontario
8481611,Pyotr Kochetkov,20232024,CAR,G,1999-06-25,Penza,RUS,NA
8478427,Sebastian Aho,20232024,CAR,C,1997-07-26,Rauma,FIN,NA
8482093,Seth Jarvis,20232024,CAR,C,2002-02-01,Winnipeg,CAN,Manitoba
8477484,Spencer Martin,20232024,CAR,G,1995-06-08,Oakville,CAN,Ontario
8476474,Stefan Noesen,20232024,CAR,R,1993-02-12,Plano,USA,Texas
8476882,Teuvo Teravainen,20232024,CAR,L,1994-09-11,Helsinki,FIN,NA
8477950,Tony DeAngelo,20232024,CAR,D,1995-10-24,Sewell,USA,New Jersey
8480871,Adam Boqvist,20232024,CBJ,D,2000-08-15,Falun,SWE,NA
8484166,Adam Fantilli,20232024,CBJ,C,2004-10-12,Nobleton,CAN,Ontario
8480074,Alexandre Texier,20232024,CBJ,C,1999-09-13,Saint-Martin-d'Hères,FRA,NA
8479369,Andrew Peeke,20232024,CBJ,D,1998-03-17,Parkland,USA,Florida
8476432,Boone Jenner,20232024,CBJ,C,1993-06-15,Dorchester,CAN,Ontario
8482705,Cole Sillinger,20232024,CBJ,C,2003-05-16,Columbus,USA,Ohio
8476923,Damon Severson,20232024,CBJ,D,1994-08-07,Melville,CAN,Saskatchewan
8480193,Daniil Tarasov,20232024,CBJ,G,1999-03-27,Novokuznetsk,RUS,NA
8481716,Dmitri Voronkov,20232024,CBJ,L,2000-09-10,Angarsk,RUS,NA
8478007,Elvis Merzlikins,20232024,CBJ,G,1994-04-13,Riga,LVA,NA
8480205,Emil Bemstrom,20232024,CBJ,R,1999-06-01,Nykoping,SWE,NA
8475790,Erik Gudbranson,20232024,CBJ,D,1992-01-07,Ottawa,CAN,Ontario
8478500,Ivan Provorov,20232024,CBJ,D,1997-01-13,Yaroslavl,RUS,NA
8478458,Jack Roslovic,20232024,CBJ,C,1997-01-29,Columbus,USA,Ohio
8479402,Jake Bean,20232024,CBJ,D,1998-06-09,Calgary,CAN,Alberta
8476346,Johnny Gaudreau,20232024,CBJ,L,1993-08-13,Salem,USA,New Jersey
8479941,Justin Danforth,20232024,CBJ,R,1993-03-15,Oshawa,CAN,Ontario
8482660,Kent Johnson,20232024,CBJ,C,2002-10-18,Port Moody,CAN,British Columbia
8480893,Kirill Marchenko,20232024,CBJ,R,2000-07-21,Barnaul,RUS,NA
8479671,Mathieu Olivier,20232024,CBJ,R,1997-02-11,Biloxi,USA,Mississippi
8476374,Sean Kuraly,20232024,CBJ,C,1993-01-20,Niagara Falls,USA,New York
8482475,Yegor Chinakhov,20232024,CBJ,R,2001-02-01,Omsk,RUS,NA
8478460,Zach Werenski,20232024,CBJ,D,1997-07-19,Grosse Pointe,USA,Michigan
8478421,A.J. Greer,20232024,CGY,L,1996-12-14,Joliette,CAN,Quebec
8483808,Andrei Kuzmenko,20232024,CGY,L,1996-02-04,Yakutsk,RUS,NA
8478233,Andrew Mangiapane,20232024,CGY,L,1996-04-04,Toronto,CAN,Ontario
8476399,Blake Coleman,20232024,CGY,C,1991-11-28,Plano,USA,Texas
8481167,Brayden Pachal,20232024,CGY,D,1999-08-23,Estevan,CAN,Saskatchewan
8475690,Chris Tanev,20232024,CGY,D,1989-12-20,Toronto,CAN,Ontario
8481655,Cole Schwindt,20232024,CGY,R,2001-04-25,Kitchener,CAN,Ontario
8482074,Connor Zary,20232024,CGY,C,2001-09-25,Saskatoon,CAN,Saskatchewan
8478435,Dan Vladar,20232024,CGY,G,1997-08-20,Prague,CZE,NA
8478502,Dennis Gilbert,20232024,CGY,D,1996-10-30,Buffalo,USA,New York
8481692,Dustin Wolf,20232024,CGY,G,2001-04-16,Gilroy,USA,California
8474593,Jacob Markstrom,20232024,CGY,G,1990-01-31,Gavle,SWE,NA
8481592,Jakob Pelletier,20232024,CGY,L,2001-03-07,Québec,CAN,Quebec
8476456,Jonathan Huberdeau,20232024,CGY,C,1993-06-04,Saint-Jerome,CAN,Quebec
8477851,Jordan Oesterle,20232024,CGY,D,1992-06-25,Dearborn Heights,USA,Michigan
8479291,Kevin Rooney,20232024,CGY,C,1993-05-21,Canton,USA,Massachusetts
8477346,MacKenzie Weegar,20232024,CGY,D,1994-01-07,Ottawa,CAN,Ontario
8481028,Martin Pospisil,20232024,CGY,C,1999-11-19,Zvolen,SVK,NA
8474150,Mikael Backlund,20232024,CGY,C,1989-03-17,Vasteras,SWE,NA
8475172,Nazem Kadri,20232024,CGY,C,1990-10-06,London,CAN,Ontario
8478396,Noah Hanifin,20232024,CGY,D,1997-01-25,Boston,USA,Massachusetts
8478430,Oliver Kylington,20232024,CGY,D,1997-05-19,Stockholm,SWE,NA
8478397,Rasmus Andersson,20232024,CGY,D,1996-10-27,Malmo,SWE,NA
8482652,Walker Duehr,20232024,CGY,R,1997-11-23,Sioux Falls,USA,South Dakota
8481068,Yegor Sharangovich,20232024,CGY,C,1998-06-06,Minsk,BLR,NA
8481568,Alex Vlasic,20232024,CHI,D,2001-06-05,Wilmette,USA,Illinois
8476960,Andreas Athanasiou,20232024,CHI,C,1994-08-06,Woodbridge,CAN,Ontario
8478463,Anthony Beauvillier,20232024,CHI,L,1997-06-08,Sorel-Tracy,CAN,Quebec
8482821,Arvid Soderblom,20232024,CHI,G,1999-08-19,Göteborg,SWE,NA
8479383,Boris Katchouk,20232024,CHI,L,1998-06-18,Vancouver,CAN,British Columbia
8480252,Cole Guttman,20232024,CHI,C,1999-04-06,Northridge,USA,California
8476278,Colin Blackwell,20232024,CHI,C,1993-03-28,North Andover,USA,Massachusetts
8484144,Connor Bedard,20232024,CHI,C,2005-07-17,North Vancouver,CAN,British Columbia
8476473,Connor Murphy,20232024,CHI,D,1993-03-26,Dublin,USA,Ohio
8482192,Isaak Phillips,20232024,CHI,D,2001-09-28,Barrie,CAN,Ontario
8475797,Jarred Tinordi,20232024,CHI,D,1992-02-20,Millersville,USA,Maryland
8477450,Jason Dickinson,20232024,CHI,C,1995-07-04,Georgetown,CAN,Ontario
8477034,Jaycob Megna,20232024,CHI,D,1992-12-10,Plantation,USA,Florida
8479315,Joey Anderson,20232024,CHI,R,1998-06-19,Roseville,USA,Minnesota
8483466,Kevin Korchinski,20232024,CHI,D,2004-06-21,Saskatoon,CAN,Saskatchewan
8481806,Louis Crevier,20232024,CHI,D,2001-05-04,Quebec City,CAN,Quebec
8482117,Lukas Reichel,20232024,CHI,L,2002-05-17,Nürnberg,DEU,NA
8478224,Luke Philp,20232024,CHI,C,1995-11-06,Canmore,CAN,Alberta
8480025,MacKenzie Entwistle,20232024,CHI,R,1999-07-14,Georgetown,CAN,Ontario
8473422,Nick Foligno,20232024,CHI,L,1987-10-31,Buffalo,USA,New York
8479458,Nikita Zaitsev,20232024,CHI,D,1991-10-29,Moscow,RUS,NA
8475852,Petr Mrazek,20232024,CHI,G,1992-02-14,Ostrava,CZE,NA
8480798,Philipp Kurashev,20232024,CHI,C,1999-10-12,Munsingen,CHE,NA
8481147,Reese Johnson,20232024,CHI,C,1998-07-10,Regina,CAN,Saskatchewan
8479514,Rem Pitlick,20232024,CHI,C,1997-04-02,Ottawa,CAN,Ontario
8477987,Ryan Donato,20232024,CHI,C,1996-04-09,Boston,USA,Massachusetts
8477495,Seth Jones,20232024,CHI,D,1994-10-03,Arlington,USA,Texas
8475791,Taylor Hall,20232024,CHI,L,1991-11-14,Calgary,CAN,Alberta
8479390,Taylor Raddysh,20232024,CHI,R,1998-02-18,Caledon,CAN,Ontario
8474870,Tyler Johnson,20232024,CHI,C,1990-07-29,Spokane,USA,Washington
8477482,Zach Sanford,20232024,CHI,L,1994-11-09,Salem,USA,Massachusetts
8480382,Alexandar Georgiev,20232024,COL,G,1996-02-10,Ruse,BGR,NA
8471699,Andrew Cogliano,20232024,COL,C,1987-06-14,Toronto,CAN,Ontario
8477476,Artturi Lehkonen,20232024,COL,L,1995-07-04,Piikkio,FIN,NA
8481524,Bowen Byram,20232024,COL,D,2001-06-13,Cranbrook,CAN,British Columbia
8480069,Cale Makar,20232024,COL,D,1998-10-30,Calgary,CAN,Alberta
8478452,Caleb Jones,20232024,COL,D,1997-06-06,Arlington,USA,Texas
8478038,Devon Toews,20232024,COL,D,1994-02-21,Abbotsford,CAN,British Columbia
8478028,Fredrik Olofsson,20232024,COL,L,1996-05-27,Helsingborg,SWE,NA
8471677,Jack Johnson,20232024,COL,D,1987-01-13,Indianapolis,USA,Indiana
8481641,Joel Kiviranta,20232024,COL,L,1996-03-23,Vantaa,FIN,NA
8477494,Jonathan Drouin,20232024,COL,L,1995-03-28,Ste-Agathe,CAN,Quebec
8476312,Josh Manson,20232024,COL,D,1991-10-07,Hinsdale,USA,Illinois
8481020,Justus Annunen,20232024,COL,G,2000-03-11,Kempele,FIN,NA
8477073,Kurtis MacDermid,20232024,COL,D,1994-03-25,Quebec City,CAN,Quebec
8481186,Logan O'Connor,20232024,COL,R,1996-08-14,Missouri City,USA,Texas
8478420,Mikko Rantanen,20232024,COL,R,1996-10-29,Nousiainen,FIN,NA
8477425,Miles Wood,20232024,COL,L,1995-09-13,Buffalo,USA,New York
8477492,Nathan MacKinnon,20232024,COL,C,1995-09-01,Halifax,CAN,Nova Scotia
8479525,Ross Colton,20232024,COL,C,1996-09-11,Robbinsville,USA,New Jersey
8475793,Ryan Johansen,20232024,COL,C,1992-07-31,Vancouver,CAN,British Columbia
8479398,Samuel Girard,20232024,COL,D,1998-05-12,Roberval,CAN,Quebec
8470610,Zach Parise,20232024,COL,L,1984-07-28,Minneapolis,USA,Minnesota
8475225,Craig Smith,20232024,DAL,C,1989-09-05,Madison,USA,Wisconsin
8476902,Esa Lindell,20232024,DAL,D,1994-05-23,Vantaa,FIN,NA
8474149,Evgenii Dadonov,20232024,DAL,R,1989-03-12,Chelyabinsk,RUS,NA
8479979,Jake Oettinger,20232024,DAL,G,1998-12-18,Lakeville,USA,Minnesota
8473994,Jamie Benn,20232024,DAL,L,1989-07-18,Victoria,CAN,British Columbia
8475825,Jani Hakanpää,20232024,DAL,D,1992-03-31,Kirkkonummi,FIN,NA
8480027,Jason Robertson,20232024,DAL,L,1999-07-22,Arcadia,USA,California
8470794,Joe Pavelski,20232024,DAL,C,1984-07-11,Plover,USA,Wisconsin
8477810,Joel Hanley,20232024,DAL,D,1991-06-08,Keswick,CAN,Ontario
8478975,Mason Marchment,20232024,DAL,L,1995-06-18,Uxbridge,CAN,Ontario
8475168,Matt Duchene,20232024,DAL,C,1991-01-16,Haliburton,CAN,Ontario
8480036,Miro Heiskanen,20232024,DAL,D,1999-07-18,Espoo,FIN,NA
8480878,Nils Lundkvist,20232024,DAL,D,2000-07-27,Pitea,SWE,NA
8476889,Radek Faksa,20232024,DAL,C,1994-01-09,Vitkov,CZE,NA
8478449,Roope Hintz,20232024,DAL,C,1996-11-17,Nokia,FIN,NA
8470600,Ryan Suter,20232024,DAL,D,1985-01-21,Madison,USA,Wisconsin
8479351,Sam Steel,20232024,DAL,C,1998-02-03,Ardrossan,CAN,Alberta
8475809,Scott Wedgewood,20232024,DAL,G,1992-08-14,Brampton,CAN,Ontario
8481581,Thomas Harley,20232024,DAL,D,2001-08-19,Syracuse,USA,New York
8480848,Ty Dellandrea,20232024,DAL,C,2000-07-21,Port Perry,CAN,Ontario
8475794,Tyler Seguin,20232024,DAL,C,1992-01-31,Brampton,CAN,Ontario
8482740,Wyatt Johnston,20232024,DAL,C,2003-05-14,Toronto,CAN,Ontario
8479337,Alex DeBrincat,20232024,DET,R,1997-12-18,Farmington Hills,USA,Michigan
8479312,Alex Lyon,20232024,DET,G,1992-12-09,Baudette,USA,Minnesota
8477429,Andrew Copp,20232024,DET,C,1994-07-08,Ann Arbor,USA,Michigan
8475279,Ben Chiarot,20232024,DET,D,1991-05-09,Hamilton,CAN,Ontario
8478432,Christian Fischer,20232024,DET,R,1997-04-15,Chicago,USA,Illinois
8478466,Daniel Sprong,20232024,DET,R,1997-03-17,Amsterdam,NLD,NA
8474102,David Perron,20232024,DET,L,1988-05-28,Sherbrooke,CAN,Quebec
8477946,Dylan Larkin,20232024,DET,C,1996-07-30,Waterford,USA,Michigan
8477456,J.T. Compher,20232024,DET,L,1995-04-08,Northbrook,USA,Illinois
8478013,Jake Walman,20232024,DET,D,1996-02-20,Toronto,CAN,Ontario
8473503,James Reimer,20232024,DET,G,1988-03-15,Morweena,CAN,Manitoba
8473507,Jeff Petry,20232024,DET,D,1987-12-09,Ann Arbor,USA,Michigan
8480813,Joe Veleno,20232024,DET,C,2000-01-13,Montréal,CAN,Quebec
8475718,Justin Holl,20232024,DET,D,1992-01-30,Tonka Bay,USA,Minnesota
8480011,Klim Kostin,20232024,DET,C,1999-05-05,Penza,RUS,NA
8482078,Lucas Raymond,20232024,DET,L,2002-03-28,Gothenburg,SWE,NA
8479992,Michael Rasmussen,20232024,DET,C,1999-04-17,Surrey,CAN,British Columbia
8481542,Moritz Seider,20232024,DET,D,2001-04-06,Zell,DEU,NA
8476874,Olli Maatta,20232024,DET,D,1994-08-22,Jyväskylä,FIN,NA
8474141,Patrick Kane,20232024,DET,R,1988-11-19,Buffalo,USA,New York
8477952,Robby Fabbri,20232024,DET,C,1996-01-22,Mississauga,CAN,Ontario
8476906,Shayne Gostisbehere,20232024,DET,D,1993-04-20,Pembroke Pines,USA,Florida
8478024,Ville Husso,20232024,DET,G,1995-02-06,Helsinki,FIN,NA
8476967,Brett Kulak,20232024,EDM,D,1994-01-06,Edmonton,CAN,Alberta
8475717,Calvin Pickard,20232024,EDM,G,1992-04-15,Moncton,CAN,New Brunswick
8476879,Cody Ceci,20232024,EDM,D,1993-12-21,Ottawa,CAN,Ontario
8477015,Connor Brown,20232024,EDM,R,1994-01-14,Toronto,CAN,Ontario
8478402,Connor McDavid,20232024,EDM,C,1997-01-13,Richmond Hill,CAN,Ontario
8470621,Corey Perry,20232024,EDM,R,1985-05-16,Peterborough,CAN,Ontario
8477498,Darnell Nurse,20232024,EDM,D,1995-02-04,Hamilton,CAN,Ontario
8478585,Derek Ryan,20232024,EDM,C,1986-12-29,Spokane,USA,Washington
8482077,Dylan Holloway,20232024,EDM,L,2001-09-23,Calgary,CAN,Alberta
8480803,Evan Bouchard,20232024,EDM,D,1999-10-20,Oakville,CAN,Ontario
8475169,Evander Kane,20232024,EDM,L,1991-08-02,Vancouver,CAN,British Columbia
8477934,Leon Draisaitl,20232024,EDM,C,1995-10-27,Cologne,DEU,NA
8475218,Mattias Ekholm,20232024,EDM,D,1990-05-24,Borlange,SWE,NA
8477406,Mattias Janmark,20232024,EDM,C,1992-12-08,Danderyd,SWE,NA
8480802,Ryan McLeod,20232024,EDM,C,1999-09-21,Mississauga,CAN,Ontario
8476454,Ryan Nugent-Hopkins,20232024,EDM,C,1993-04-12,Burnaby,CAN,British Columbia
8474040,Sam Gagner,20232024,EDM,C,1989-08-10,London,CAN,Ontario
8479973,Stuart Skinner,20232024,EDM,G,1998-11-01,Edmonton,CAN,Alberta
8479576,Vincent Desharnais,20232024,EDM,D,1996-05-29,Laval,CAN,Quebec
8477998,Warren Foegele,20232024,EDM,L,1996-04-01,Markham,CAN,Ontario
8475786,Zach Hyman,20232024,EDM,L,1992-06-09,Toronto,CAN,Ontario
8477932,Aaron Ekblad,20232024,FLA,D,1996-02-07,Windsor,CAN,Ontario
8477493,Aleksander Barkov,20232024,FLA,C,1995-09-02,Tampere,FIN,NA
8476932,Anthony Stolarz,20232024,FLA,G,1994-01-20,Edison,USA,New Jersey
8482113,Anton Lundell,20232024,FLA,C,2001-10-03,Espoo,FIN,NA
8477986,Brandon Montour,20232024,FLA,D,1994-04-11,Brantford,CAN,Ontario
8477409,Carter Verhaeghe,20232024,FLA,C,1995-08-14,Toronto,CAN,Ontario
8475179,Dmitry Kulikov,20232024,FLA,D,1990-10-29,Lipetsk,RUS,NA
8480185,Eetu Luostarinen,20232024,FLA,C,1998-09-02,Siilinjarvi,FIN,NA
8478542,Evan Rodrigues,20232024,FLA,C,1993-07-28,Toronto,CAN,Ontario
8478055,Gustav Forsling,20232024,FLA,D,1996-06-12,Linkoping,SWE,NA
8479981,Jonah Gadjovich,20232024,FLA,L,1998-10-12,Whitby,CAN,Ontario
8479372,Josh Mahura,20232024,FLA,D,1998-05-05,St. Albert,CAN,Alberta
8478831,Kevin Stenlund,20232024,FLA,C,1996-09-20,Stockholm,SWE,NA
8479314,Matthew Tkachuk,20232024,FLA,L,1997-12-11,Scottsdale,USA,Arizona
8476393,Nick Cousins,20232024,FLA,C,1993-07-20,Belleville,CAN,Ontario
8478859,Niko Mikkola,20232024,FLA,D,1996-04-27,Kiiminki,FIN,NA
8475171,Oliver Ekman-Larsson,20232024,FLA,D,1991-07-17,Karlskrona,SWE,NA
8479066,Ryan Lomberg,20232024,FLA,L,1994-12-09,Richmond Hill,CAN,Ontario
8477935,Sam Bennett,20232024,FLA,C,1996-06-20,Holland Landing,CAN,Ontario
8477933,Sam Reinhart,20232024,FLA,C,1995-11-06,West Vancouver,CAN,British Columbia
8475683,Sergei Bobrovsky,20232024,FLA,G,1988-09-20,Novokuznetsk,RUS,NA
8478904,Steven Lorentz,20232024,FLA,C,1996-04-13,Kitchener,CAN,Ontario
8479367,William Lockwood,20232024,FLA,R,1998-06-20,Royal Oak,USA,Michigan
8477960,Adrian Kempe,20232024,LAK,R,1996-09-13,Kramfors,SWE,NA
8482155,Alex Laferriere,20232024,LAK,R,2001-10-28,Chatham,USA,New Jersey
8481532,Alex Turcotte,20232024,LAK,C,2001-02-26,Elk Grove,USA,Illinois
8477971,Andreas Englund,20232024,LAK,D,1996-01-21,Stockholm,SWE,NA
8471685,Anze Kopitar,20232024,LAK,C,1987-08-24,Jesenice,SVN,NA
8481560,Arthur Kaliyev,20232024,LAK,R,2001-06-26,Tashkent,UZB,NA
8481481,Blake Lizotte,20232024,LAK,C,1997-12-13,Lindstrom,USA,Minnesota
8482730,Brandt Clarke,20232024,LAK,D,2003-02-09,Nepean,CAN,Ontario
8475660,Cam Talbot,20232024,LAK,G,1987-07-05,Caledonia,CAN,Ontario
8479336,Carl Grundstrom,20232024,LAK,R,1997-12-01,Umea,SWE,NA
8479496,David Rittich,20232024,LAK,G,1992-08-19,Jihlava,CZE,NA
8474563,Drew Doughty,20232024,LAK,D,1989-12-08,London,CAN,Ontario
8479421,Jacob Moverare,20232024,LAK,D,1998-08-31,Ostersund,SWE,NA
8479994,Jaret Anderson-Dolan,20232024,LAK,C,1999-09-12,Calgary,CAN,Alberta
8481606,Jordan Spence,20232024,LAK,D,2001-02-24,Manly,AUS,NA
8477942,Kevin Fiala,20232024,LAK,L,1996-07-22,St. Gallen,CHE,NA
8478911,Matt Roy,20232024,LAK,D,1995-03-01,Detroit,USA,Michigan
8479998,Mikey Anderson,20232024,LAK,D,1999-05-25,Roseville,USA,Minnesota
8477831,Pheonix Copley,20232024,LAK,G,1992-01-18,North Pole,USA,Alaska
8476479,Phillip Danault,20232024,LAK,C,1993-02-24,Victoriaville,CAN,Quebec
8479400,Pierre-Luc Dubois,20232024,LAK,C,1998-06-24,Ste-Agathe-des-Monts,CAN,Quebec
8482124,Quinton Byfield,20232024,LAK,R,2002-08-19,Newmarket,CAN,Ontario
8473453,Trevor Lewis,20232024,LAK,C,1987-01-08,Salt Lake City,USA,Utah
8479675,Trevor Moore,20232024,LAK,L,1995-03-31,Thousand Oaks,USA,California
8478042,Viktor Arvidsson,20232024,LAK,R,1993-04-08,Skelleftea,SWE,NA
8478882,Vladislav Gavrikov,20232024,LAK,D,1995-11-21,Yaroslavl,RUS,NA
8471274,Alex Goligoski,20232024,MIN,D,1985-07-30,Grand Rapids,USA,Minnesota
8479520,Brandon Duhaime,20232024,MIN,R,1997-05-22,Coral Springs,USA,Florida
8482122,Brock Faber,20232024,MIN,D,2002-08-22,Maple Grove,USA,Minnesota
8480980,Connor Dewar,20232024,MIN,C,1999-06-26,The Pas,CAN,Manitoba
8477541,Dakota Mermis,20232024,MIN,D,1994-01-05,Alton,USA,Illinois
8480990,Declan Chisholm,20232024,MIN,D,2000-01-12,Bowmanville,CAN,Ontario
8479406,Filip Gustavsson,20232024,MIN,G,1998-06-07,Skelleftea,SWE,NA
8477919,Frederick Gaudreau,20232024,MIN,C,1993-05-01,Bromont,CAN,Quebec
8481422,Jacob Lucchini,20232024,MIN,C,1995-05-09,Trail,CAN,British Columbia
8478136,Jake Middleton,20232024,MIN,D,1996-01-02,Wainwright,CAN,Alberta
8474716,Jared Spurgeon,20232024,MIN,D,1989-11-29,Edmonton,CAN,Alberta
8478493,Joel Eriksson Ek,20232024,MIN,C,1997-01-29,Karlstad,SWE,NA
8475750,Jon Merrill,20232024,MIN,D,1992-02-03,Oklahoma City,USA,Oklahoma
8476463,Jonas Brodin,20232024,MIN,D,1993-07-12,Karlstad,SWE,NA
8478864,Kirill Kaprizov,20232024,MIN,L,1997-04-26,Novokuznetsk,RUS,NA
8470594,Marc-Andre Fleury,20232024,MIN,G,1984-11-28,Sorel,CAN,Quebec
8482079,Marco Rossi,20232024,MIN,C,2001-09-23,Feldkirch,AUT,NA
8475220,Marcus Foligno,20232024,MIN,L,1991-08-10,Buffalo,USA,New York
8475149,Marcus Johansson,20232024,MIN,C,1990-10-06,Landskrona,SWE,NA
8475692,Mats Zuccarello,20232024,MIN,R,1987-09-01,Oslo,NOR,NA
8481557,Matt Boldy,20232024,MIN,L,2001-04-05,Milford,USA,Massachusetts
8474034,Pat Maroon,20232024,MIN,L,1988-04-23,St. Louis,USA,Missouri
8477451,Ryan Hartman,20232024,MIN,R,1994-09-20,Hilton Head Island,USA,South Carolina
8479968,Vinni Lettieri,20232024,MIN,C,1995-02-06,Excelsior,USA,Minnesota
8474567,Zach Bogosian,20232024,MIN,D,1990-07-15,Massena,USA,New York
8481618,Alex Newhook,20232024,MTL,C,2001-01-28,St. John's,CAN,Newfoundland and Labrador
8482964,Arber Xhekaj,20232024,MTL,D,2001-01-30,Hamilton,CAN,Ontario
8479330,Brandon Gignac,20232024,MTL,C,1997-11-07,Repentigny,CAN,Quebec
8475848,Brendan Gallagher,20232024,MTL,R,1992-05-06,Edmonton,CAN,Alberta
8480051,Cayden Primeau,20232024,MTL,G,1999-08-11,Farmington Hills,USA,Michigan
8477989,Christian Dvorak,20232024,MTL,C,1996-02-02,Palos,USA,Illinois
8481540,Cole Caufield,20232024,MTL,R,2001-01-02,Mosinee,USA,Wisconsin
8475233,David Savard,20232024,MTL,D,1990-10-22,St-Hyacinthe,CAN,Quebec
8474596,Jake Allen,20232024,MTL,G,1990-08-07,Fredericton,CAN,New Brunswick
8478133,Jake Evans,20232024,MTL,C,1996-06-02,Toronto,CAN,Ontario
8481593,Jayden Struble,20232024,MTL,D,2001-09-08,Cumberland,USA,Rhode Island
8481058,Jesse Ylönen,20232024,MTL,R,1999-10-03,Scottsdale,USA,Arizona
8476469,Joel Armia,20232024,MTL,R,1993-05-31,Pori,FIN,NA
8480192,Johnathan Kovacevic,20232024,MTL,D,1997-07-12,Hamilton,CAN,Ontario
8480887,Jordan Harris,20232024,MTL,D,2000-07-07,Haverhill,USA,Massachusetts
8476981,Josh Anderson,20232024,MTL,R,1994-05-07,Burlington,CAN,Ontario
8482749,Joshua Roy,20232024,MTL,R,2003-08-06,Saint-Georges-De-Beauce,CAN,Quebec
8483515,Juraj Slafkovsky,20232024,MTL,L,2004-03-30,Kosice,SVK,NA
8482087,Kaiden Guhle,20232024,MTL,D,2002-01-18,Edmonton,CAN,Alberta
8481523,Kirby Dach,20232024,MTL,C,2001-01-21,Fort Saskatchewan,CAN,Alberta
8479543,Michael Pezzetta,20232024,MTL,L,1998-03-13,Toronto,CAN,Ontario
8476875,Mike Matheson,20232024,MTL,D,1994-02-27,Pointe-Claire,CAN,Quebec
8480018,Nick Suzuki,20232024,MTL,C,1999-08-10,London,CAN,Ontario
8481093,Rafael Harvey-Pinard,20232024,MTL,L,1999-01-06,Saguenay,CAN,Quebec
8478470,Sam Montembeault,20232024,MTL,G,1996-10-30,Becancour,CAN,Quebec
8476871,Tanner Pearson,20232024,MTL,L,1992-08-10,Kitchener,CAN,Ontario
8481033,Akira Schmid,20232024,NJD,G,2000-05-12,Bern,CHE,NA
8482125,Alexander Holtz,20232024,NJD,R,2002-01-23,Stockholm,SWE,NA
8474090,Brendan Smith,20232024,NJD,D,1989-02-08,Mimico,CAN,Ontario
8476919,Chris Tierney,20232024,NJD,C,1994-07-01,Keswick,CAN,Ontario
8476525,Colin Miller,20232024,NJD,D,1992-10-29,Sault Ste. Marie,CAN,Ontario
8477508,Curtis Lazar,20232024,NJD,C,1995-02-02,Salmon Arm,CAN,British Columbia
8482110,Dawson Mercer,20232024,NJD,C,2001-10-27,Carbonear,CAN,Newfoundland and Labrador
8476462,Dougie Hamilton,20232024,NJD,D,1993-06-17,Toronto,CAN,Ontario
8475287,Erik Haula,20232024,NJD,L,1991-03-23,Pori,FIN,NA
8481559,Jack Hughes,20232024,NJD,C,2001-05-14,Orlando,USA,Florida
8479407,Jesper Bratt,20232024,NJD,L,1998-07-30,Stockholm,SWE,NA
8478507,John Marino,20232024,NJD,D,1997-05-21,North Easton,USA,Massachusetts
8478399,Jonas Siegenthaler,20232024,NJD,D,1997-05-06,Zurich,CHE,NA
8480860,Kevin Bahl,20232024,NJD,D,2000-06-27,New Westminster,CAN,British Columbia
8482684,Luke Hughes,20232024,NJD,D,2003-09-09,Manchester,USA,New Hampshire
8479414,Nathan Bastian,20232024,NJD,R,1997-12-06,Kitchener,CAN,Ontario
8480084,Nick DeSimone,20232024,NJD,D,1994-11-21,East Amherst,USA,New York
8482076,Nico Daws,20232024,NJD,G,2000-12-22,Munich,DEU,NA
8480002,Nico Hischier,20232024,NJD,C,1999-01-04,Brig,CHE,NA
8476292,Ondrej Palat,20232024,NJD,L,1991-03-28,Frydek-Mistek,CZE,NA
8483495,Simon Nemec,20232024,NJD,D,2004-02-15,Liptovský Mikuláš,SVK,NA
8478414,Timo Meier,20232024,NJD,R,1996-10-08,Herisau,CHE,NA
8477931,Tomas Nosek,20232024,NJD,L,1992-09-01,Pardubice,CZE,NA
8475726,Tyler Toffoli,20232024,NJD,C,1992-04-24,Scarborough,CAN,Ontario
8477970,Vitek Vanecek,20232024,NJD,G,1996-01-09,Havlickuv Brod,CZE,NA
8478851,Alexandre Carrier,20232024,NSH,D,1996-10-08,Quebec City,CAN,Quebec
8479996,Cody Glass,20232024,NSH,C,1999-04-01,Winnipeg,CAN,Manitoba
8482062,Cole Smith,20232024,NSH,L,1995-10-28,Brainerd,USA,Minnesota
8476925,Colton Sissons,20232024,NSH,C,1993-11-05,North Vancouver,CAN,British Columbia
8479371,Dante Fabbro,20232024,NSH,D,1998-06-20,Coquitlam,CAN,British Columbia
8478495,Denis Gurianov,20232024,NSH,R,1997-06-07,Togliatti,RUS,NA
8481585,Egor Afanasyev,20232024,NSH,L,2001-01-23,Tver,RUS,NA
8476887,Filip Forsberg,20232024,NSH,L,1994-08-13,Ostervala,SWE,NA
8474679,Gustav Nyquist,20232024,NSH,C,1989-09-01,Halmstad,SWE,NA
8478468,Jeremy Lauzon,20232024,NSH,D,1997-04-28,Val-d'Or,CAN,Quebec
8477424,Juuse Saros,20232024,NSH,G,1995-04-19,Forssa,FIN,NA
8480947,Kevin Lankinen,20232024,NSH,G,1995-04-28,Helsinki,FIN,NA
8480748,Kiefer Sherwood,20232024,NSH,L,1995-03-31,Columbus,USA,Ohio
8482146,Luke Evangelista,20232024,NSH,R,2002-02-21,Toronto,CAN,Ontario
8474568,Luke Schenn,20232024,NSH,D,1989-11-02,Saskatoon,CAN,Saskatchewan
8476873,Mark Jankowski,20232024,NSH,C,1994-09-13,Hamilton,CAN,Ontario
8477446,Michael McCarron,20232024,NSH,R,1995-03-07,Grosse Pointe,USA,Michigan
8474600,Roman Josi,20232024,NSH,D,1990-06-01,Bern,CHE,NA
8474151,Ryan McDonagh,20232024,NSH,D,1989-06-13,St. Paul,USA,Minnesota
8475158,Ryan O'Reilly,20232024,NSH,C,1991-02-07,Clinton,CAN,Ontario
8478438,Tommy Novak,20232024,NSH,C,1997-04-28,St. Paul,USA,Minnesota
8475197,Tyson Barrie,20232024,NSH,D,1991-07-26,Victoria,CAN,British Columbia
8478508,Yakov Trenin,20232024,NSH,C,1997-01-13,Chelyabinsk,RUS,NA
8476917,Adam Pelech,20232024,NYI,D,1994-08-16,Toronto,CAN,Ontario
8481014,Alexander Romanov,20232024,NYI,D,2000-01-06,Moscow,RUS,NA
8475314,Anders Lee,20232024,NYI,L,1990-07-03,Edina,USA,Minnesota
8477500,Bo Horvat,20232024,NYI,C,1995-04-05,London,CAN,Ontario
8475754,Brock Nelson,20232024,NYI,C,1991-10-15,Warroad,USA,Minnesota
8473504,Cal Clutterbuck,20232024,NYI,R,1987-11-18,Welland,CAN,Ontario
8475231,Casey Cizikas,20232024,NYI,C,1991-02-27,Toronto,CAN,Ontario
8477392,Hudson Fasching,20232024,NYI,R,1995-07-28,Apple Valley,USA,Minnesota
8478009,Ilya Sorokin,20232024,NYI,G,1995-08-04,Mezhdurechensk,RUS,NA
8476419,Jean-Gabriel Pageau,20232024,NYI,C,1992-11-11,Ottawa,CAN,Ontario
8475151,Kyle Palmieri,20232024,NYI,C,1991-02-01,Smithtown,USA,New York
8478445,Mathew Barzal,20232024,NYI,C,1997-05-26,Coquitlam,CAN,British Columbia
8474709,Matt Martin,20232024,NYI,L,1989-05-08,Windsor,CAN,Ontario
8476422,Mike Reilly,20232024,NYI,D,1993-07-13,Chicago,USA,Illinois
8480865,Noah Dobson,20232024,NYI,D,2000-01-07,Summerside,CAN,Prince Edward Island
8480789,Oliver Wahlstrom,20232024,NYI,R,2000-06-13,Portland,USA,Maine
8478115,Pierre Engvall,20232024,NYI,L,1996-05-31,Ljungby,SWE,NA
8474145,Robert Bortuzzo,20232024,NYI,D,1989-03-18,Thunder Bay,CAN,Ontario
8477506,Ryan Pulock,20232024,NYI,D,1994-10-06,Dauphin,CAN,Manitoba
8481541,Samuel Bolduc,20232024,NYI,D,2000-12-09,Laval,CAN,Quebec
8476429,Scott Mayfield,20232024,NYI,D,1992-10-14,St. Louis,USA,Missouri
8480222,Sebastian Aho,20232024,NYI,D,1996-02-17,Umea,SWE,NA
8473575,Semyon Varlamov,20232024,NYI,G,1988-04-27,Samara,RUS,NA
8481601,Simon Holmstrom,20232024,NYI,R,2001-05-24,Tranas,SWE,NA
8481726,Adam Edstrom,20232024,NYR,C,2000-10-12,Karlstad,SWE,NA
8479323,Adam Fox,20232024,NYR,D,1998-02-17,Jericho,USA,New York
8475968,Alex Belzile,20232024,NYR,R,1991-08-31,St-Eloi,CAN,Quebec
8482109,Alexis Lafrenière,20232024,NYR,L,2001-10-11,St-Eustache,CAN,Quebec
8478550,Artemi Panarin,20232024,NYR,L,1991-10-30,Korkino,RUS,NA
8476624,Barclay Goodrow,20232024,NYR,C,1993-02-26,Toronto,CAN,Ontario
8471218,Blake Wheeler,20232024,NYR,R,1986-08-31,Plymouth,USA,Minnesota
8482073,Braden Schneider,20232024,NYR,D,2001-09-20,Prince Albert,CAN,Saskatchewan
8475184,Chris Kreider,20232024,NYR,L,1991-04-30,Boxford,USA,Massachusetts
8476979,Erik Gustafsson,20232024,NYR,D,1992-03-14,Nynashamn,SWE,NA
8480078,Filip Chytil,20232024,NYR,C,1999-09-05,Kromeriz,CZE,NA
8478048,Igor Shesterkin,20232024,NYR,G,1995-12-30,Moscow,RUS,NA
8476885,Jacob Trouba,20232024,NYR,D,1994-02-26,Rochester,USA,Michigan
8476918,Jimmy Vesey,20232024,NYR,L,1993-05-26,Boston,USA,Massachusetts
8471734,Jonathan Quick,20232024,NYR,G,1986-01-21,Milford,USA,Connecticut
8477380,Jonny Brodzinski,20232024,NYR,C,1993-06-19,Ham Lake,USA,Minnesota
8480817,K'Andre Miller,20232024,NYR,D,2000-01-21,St. Paul,USA,Minnesota
8481554,Kaapo Kakko,20232024,NYR,R,2001-02-13,Turku,FIN,NA
8476459,Mika Zibanejad,20232024,NYR,C,1993-04-18,Stockholm,SWE,NA
8479324,Ryan Lindgren,20232024,NYR,D,1998-02-11,Burnsville,USA,Minnesota
8476389,Vincent Trocheck,20232024,NYR,C,1993-07-11,Pittsburgh,USA,Pennsylvania
8482157,Will Cuylle,20232024,NYR,L,2002-02-05,Toronto,CAN,Ontario
8481708,Zac Jones,20232024,NYR,D,2000-10-18,Richmond,USA,Virginia
8476341,Anton Forsberg,20232024,OTT,G,1992-11-27,Härnösand,SWE,NA
8482245,Artem Zub,20232024,OTT,D,1995-10-03,Khabarovsk,RUS,NA
8480801,Brady Tkachuk,20232024,OTT,L,1999-09-16,Scottsdale,USA,Arizona
8473512,Claude Giroux,20232024,OTT,R,1988-01-12,Hearst,CAN,Ontario
8477330,Dominik Kubalik,20232024,OTT,L,1995-08-21,Plzen,CZE,NA
8480208,Drake Batherson,20232024,OTT,R,1998-04-27,Fort Wayne,USA,Indiana
8480073,Erik Brannstrom,20232024,OTT,D,1999-09-02,Eksjo,SWE,NA
8480879,Jacob Bernard-Docker,20232024,OTT,D,2000-06-30,Canmore,CAN,Alberta
8482105,Jake Sanderson,20232024,OTT,D,2002-07-08,Whitefish,USA,Montana
8479345,Jakob Chychrun,20232024,OTT,D,1998-03-31,Boca Raton,USA,Florida
8476914,Joonas Korpisalo,20232024,OTT,G,1994-04-28,Pori,FIN,NA
8480064,Josh Norris,20232024,OTT,C,1999-05-05,Oxford,USA,Michigan
8480355,Mark Kastelic,20232024,OTT,C,1999-03-11,Phoenix,USA,Arizona
8478472,Mathieu Joseph,20232024,OTT,R,1997-02-09,Laval,CAN,Quebec
8481679,Maxence Guenette,20232024,OTT,D,2001-04-28,L'Ancienne-Lorette,CAN,Quebec
8480448,Parker Kelly,20232024,OTT,L,1999-05-14,Camrose,CAN,Alberta
8482092,Ridly Greig,20232024,OTT,C,2002-08-08,Lethbridge,CAN,Alberta
8481596,Shane Pinto,20232024,OTT,C,2000-11-12,Franklin Square,USA,New York
8478469,Thomas Chabot,20232024,OTT,D,1997-01-30,Sainte-Marie,CAN,Quebec
8482116,Tim Stützle,20232024,OTT,C,2002-01-15,Viersen,DEU,NA
8474612,Travis Hamonic,20232024,OTT,D,1990-08-16,St. Malo,CAN,Manitoba
8475765,Vladimir Tarasenko,20232024,OTT,R,1991-12-13,Yaroslavl,RUS,NA
8477361,Cal Petersen,20232024,PHI,G,1994-10-19,Waterloo,USA,Iowa
8474715,Cam Atkinson,20232024,PHI,R,1989-06-05,Riverside,USA,Connecticut
8481546,Cam York,20232024,PHI,D,2001-01-05,Anaheim,USA,California
8481178,Egor Zamula,20232024,PHI,D,2000-03-30,Chelyabinsk,RUS,NA
8477903,Garnet Hathaway,20232024,PHI,R,1991-11-23,Naples,USA,Florida
8482142,Jamie Drysdale,20232024,PHI,D,2002-04-08,Toronto,CAN,Ontario
8480797,Joel Farabee,20232024,PHI,L,2000-02-25,Syracuse,USA,New York
8471686,Marc Staal,20232024,PHI,D,1987-01-13,Thunder Bay,CAN,Ontario
8480028,Morgan Frost,20232024,PHI,C,1999-05-14,Aurora,CAN,Ontario
8476372,Nick Seeler,20232024,PHI,D,1993-06-03,Eden Prairie,USA,Minnesota
8475235,Nicolas Deslauriers,20232024,PHI,L,1991-02-22,LaSalle,CAN,Quebec
8480220,Noah Cates,20232024,PHI,L,1999-02-05,Stillwater,USA,Minnesota
8480245,Olle Lycksell,20232024,PHI,R,1999-08-24,Oskarshamn,SWE,NA
8480015,Owen Tippett,20232024,PHI,R,1999-02-16,Peterborough,CAN,Ontario
8477499,Rasmus Ristolainen,20232024,PHI,D,1994-10-27,Turku,FIN,NA
8475176,Ryan Ellis,20232024,PHI,D,1991-01-03,Hamilton,CAN,Ontario
8480068,Ryan Poehling,20232024,PHI,C,1999-01-03,Lakeville,USA,Minnesota
8481035,Samuel Ersson,20232024,PHI,G,1999-10-20,Falun,SWE,NA
8476872,Scott Laughton,20232024,PHI,C,1994-05-30,Oakville,CAN,Ontario
8476461,Sean Couturier,20232024,PHI,C,1992-12-07,Phoenix,USA,Arizona
8480336,Sean Walker,20232024,PHI,D,1994-11-13,Keswick,CAN,Ontario
8478439,Travis Konecny,20232024,PHI,R,1997-03-11,London,CAN,Ontario
8477948,Travis Sanheim,20232024,PHI,D,1996-03-29,Elkhorn,CAN,Manitoba
8482159,Tyson Foerster,20232024,PHI,R,2002-01-18,Alliston,CAN,Ontario
8477968,Alex Nedeljkovic,20232024,PIT,G,1996-01-07,Parma,USA,Ohio
8475810,Bryan Rust,20232024,PIT,R,1992-05-11,Pontiac,USA,Michigan
8477244,Chad Ruhwedel,20232024,PIT,D,1990-05-07,San Diego,USA,California
8478400,Colin White,20232024,PIT,C,1997-01-30,Boston,USA,Massachusetts
8482055,Drew O'Connor,20232024,PIT,L,1998-06-09,Chatham,USA,New Jersey
8474578,Erik Karlsson,20232024,PIT,D,1990-05-31,Landsbro,SWE,NA
8471215,Evgeni Malkin,20232024,PIT,C,1986-07-31,Magnitogorsk,RUS,NA
8477404,Jake Guentzel,20232024,PIT,L,1994-10-06,Omaha,USA,Nebraska
8478424,Jansen Harkins,20232024,PIT,C,1997-05-23,Cleveland,USA,Ohio
8470604,Jeff Carter,20232024,PIT,C,1985-01-01,London,CAN,Ontario
8479344,Jesse Puljujarvi,20232024,PIT,R,1998-05-07,Alvkarleby,SWE,NA
8481206,John Ludvig,20232024,PIT,D,2000-08-02,Liberec,CZE,NA
8471724,Kris Letang,20232024,PIT,D,1987-04-24,Montréal,CAN,Quebec
8474189,Lars Eller,20232024,PIT,C,1989-05-08,Rodovre,DNK,NA
8477969,Marcus Pettersson,20232024,PIT,D,1996-05-08,Skelleftea,SWE,NA
8476442,Matt Nieto,20232024,PIT,L,1992-11-05,Long Beach,USA,California
8478569,Noel Acciari,20232024,PIT,C,1991-12-01,Johnston,USA,Rhode Island
8480058,Pierre-Olivier Joseph,20232024,PIT,D,1999-07-01,Laval,CAN,Quebec
8475191,Reilly Smith,20232024,PIT,R,1991-04-01,Mimico,CAN,Ontario
8476483,Rickard Rakell,20232024,PIT,R,1993-05-05,Sundbyberg,SWE,NA
8477435,Ryan Graves,20232024,PIT,D,1995-05-21,Yarmouth,CAN,Nova Scotia
8471675,Sidney Crosby,20232024,PIT,C,1987-08-07,Cole Harbour,CAN,Nova Scotia
8477465,Tristan Jarry,20232024,PIT,G,1995-04-29,Surrey,CAN,British Columbia
8476457,Adam Larsson,20232024,SEA,D,1992-11-12,Skelleftea,SWE,NA
8477505,Alex Wennberg,20232024,SEA,C,1994-09-22,Stockholm,SWE,NA
8477444,Andre Burakovsky,20232024,SEA,L,1995-02-09,Klagenfurt,AUT,NA
8479293,Brandon Tanev,20232024,SEA,L,1991-12-31,Toronto,CAN,Ontario
8475208,Brian Dumoulin,20232024,SEA,D,1991-09-06,Biddeford,USA,Maine
8480009,Eeli Tolvanen,20232024,SEA,R,1999-04-22,Vihti,FIN,NA
8475768,Jaden Schwartz,20232024,SEA,C,1992-06-25,Wilcox,CAN,Saskatchewan
8476467,Jamie Oleksiak,20232024,SEA,D,1992-12-21,Toronto,CAN,Ontario
8477955,Jared McCann,20232024,SEA,L,1996-05-31,Stratford,CAN,Ontario
8478916,Joey Daccord,20232024,SEA,G,1996-08-19,Boston,USA,Massachusetts
8474586,Jordan Eberle,20232024,SEA,R,1990-05-15,Regina,CAN,Saskatchewan
8474602,Justin Schultz,20232024,SEA,D,1990-07-06,Kelowna,CAN,British Columbia
8479977,Kailer Yamamoto,20232024,SEA,R,1998-09-29,Spokane,USA,Washington
8482665,Matty Beniers,20232024,SEA,C,2002-11-05,Hingham,USA,Massachusetts
8477416,Oliver Bjorkstrand,20232024,SEA,R,1995-04-10,Herning,DNK,NA
8475831,Philipp Grubauer,20232024,SEA,G,1991-11-25,Rosenheim,DEU,NA
8477930,Pierre-Edouard Bellemare,20232024,SEA,L,1985-03-06,Le Blanc-Mesnil,FRA,NA
8482858,Ryker Evans,20232024,SEA,D,2001-12-13,Calgary,CAN,Alberta
8475193,Tomas Tatar,20232024,SEA,L,1990-12-01,Ilava,SVK,NA
8481789,Tye Kartye,20232024,SEA,L,2001-04-30,Kingston,CAN,Ontario
8478407,Vince Dunn,20232024,SEA,D,1996-10-29,Mississauga,CAN,Ontario
8478840,Will Borgen,20232024,SEA,D,1996-12-19,Moorhead,USA,Minnesota
8476826,Yanni Gourde,20232024,SEA,C,1991-12-15,Saint-Narcisse,CAN,Quebec
8482222,Alexander Barabanov,20232024,SJS,L,1994-06-17,St. Petersburg,RUS,NA
8477407,Anthony Duclair,20232024,SJS,L,1995-08-26,Pointe-Claire,CAN,Quebec
8480884,Calen Addison,20232024,SJS,D,2000-04-11,Brandon,CAN,Manitoba
8480188,Fabian Zetterlund,20232024,SJS,L,1999-08-25,Karlstad,SWE,NA
8480821,Filip Zadina,20232024,SJS,R,1999-11-27,Pardubice,CZE,NA
8479379,Givani Smith,20232024,SJS,R,1998-02-27,Toronto,CAN,Ontario
8481567,Henry Thrun,20232024,SJS,D,2001-03-12,Southborough,USA,Massachusetts
8479439,Jacob MacDonald,20232024,SJS,D,1993-02-26,Portland,USA,Oregon
8480172,Jan Rutta,20232024,SJS,D,1990-07-29,Pisek,CZE,NA
8477473,Justin Bailey,20232024,SJS,R,1995-07-01,Buffalo,USA,New York
8478039,Kaapo Kahkonen,20232024,SJS,G,1996-08-16,Helsinki,FIN,NA
8478099,Kevin Labanc,20232024,SJS,R,1995-12-12,Brooklyn,USA,New York
8477335,Kyle Burroughs,20232024,SJS,D,1995-07-12,Vancouver,CAN,British Columbia
8474053,Logan Couture,20232024,SJS,C,1989-03-28,Guelph,CAN,Ontario
8479316,Luke Kunin,20232024,SJS,C,1997-12-04,Chesterfield,USA,Missouri
8478406,Mackenzie Blackwood,20232024,SJS,G,1996-12-09,Thunder Bay,CAN,Ontario
8471709,Marc-Edouard Vlasic,20232024,SJS,D,1987-03-30,Montréal,CAN,Quebec
8479983,Mario Ferraro,20232024,SJS,D,1998-09-17,Toronto,CAN,Ontario
8476988,Matt Benning,20232024,SJS,D,1994-05-25,Edmonton,CAN,Alberta
8475798,Mikael Granlund,20232024,SJS,C,1992-02-26,Oulu,FIN,NA
8474884,Mike Hoffman,20232024,SJS,C,1989-11-24,Kitchener,CAN,Ontario
8481477,Nico Sturm,20232024,SJS,C,1995-05-03,Augsburg,DEU,NA
8481537,Nikita Okhotiuk,20232024,SJS,D,2000-12-04,Chelyabinsk,RUS,NA
8477846,Ryan Carpenter,20232024,SJS,C,1991-01-18,Oviedo,USA,Florida
8476881,Tomas Hertl,20232024,SJS,C,1993-11-12,Praha,CZE,NA
8480834,Ty Emberson,20232024,SJS,D,2000-05-23,Eau Claire,USA,Wisconsin
8482667,William Eklund,20232024,SJS,L,2002-10-12,Stockholm,SWE,NA
8480281,Alexey Toropchenko,20232024,STL,R,1999-06-25,Moscow,RUS,NA
8476438,Brandon Saad,20232024,STL,L,1992-10-27,Pittsburgh,USA,Pennsylvania
8475170,Brayden Schenn,20232024,STL,C,1991-08-22,Saskatoon,CAN,Saskatchewan
8480157,Calle Rosen,20232024,STL,D,1994-02-02,Vaxjo,SWE,NA
8476892,Colton Parayko,20232024,STL,D,1993-05-12,St. Albert,CAN,Alberta
8482089,Jake Neighbours,20232024,STL,L,2002-03-29,Calgary,CAN,Alberta
8480981,Joel Hofer,20232024,STL,G,2000-07-30,Winnipeg,CAN,Manitoba
8476412,Jordan Binnington,20232024,STL,G,1993-07-11,Richmond Hill,CAN,Ontario
8479385,Jordan Kyrou,20232024,STL,C,1998-05-05,Toronto,CAN,Ontario
8475753,Justin Faulk,20232024,STL,D,1992-03-20,South St. Paul,USA,Minnesota
8477953,Kasperi Kapanen,20232024,STL,R,1996-07-23,Kuopio,FIN,NA
8475763,Kevin Hayes,20232024,STL,R,1992-05-08,Dorchester,USA,Massachusetts
8474618,Marco Scandella,20232024,STL,D,1990-02-23,Montréal,CAN,Quebec
8482516,Matthew Kessel,20232024,STL,D,2000-06-23,Phoenix,USA,Arizona
8477573,Nathan Walker,20232024,STL,L,1994-02-07,Cardiff,GBR,NA
8475181,Nick Leddy,20232024,STL,D,1991-03-20,Eden Prairie,USA,Minnesota
8481543,Nikita Alexandrov,20232024,STL,C,2000-09-16,Burgwedel,DEU,NA
8476897,Oskar Sundqvist,20232024,STL,C,1994-03-23,Boden,SWE,NA
8477402,Pavel Buchnevich,20232024,STL,L,1995-04-17,Cherepovets,RUS,NA
8480023,Robert Thomas,20232024,STL,C,1999-07-02,Aurora,CAN,Ontario
8478104,Sammy Blais,20232024,STL,L,1996-06-17,Montmagny,CAN,Quebec
8481059,Scott Perunovich,20232024,STL,D,1998-08-18,Hibbing,USA,Minnesota
8476792,Torey Krug,20232024,STL,D,1991-04-12,Livonia,USA,Michigan
8481006,Tyler Tucker,20232024,STL,D,2000-03-01,Thunder Bay,CAN,Ontario
8479718,Alex Barré-Boulet,20232024,TBL,C,1997-05-21,Montmagny,CAN,Quebec
8476883,Andrei Vasilevskiy,20232024,TBL,G,1994-07-25,Tyumen,RUS,NA
8478519,Anthony Cirelli,20232024,TBL,C,1997-07-15,Etobicoke,CAN,Ontario
8475766,Austin Watson,20232024,TBL,L,1992-01-13,Ann Arbor,USA,Michigan
8479542,Brandon Hagel,20232024,TBL,L,1998-08-27,Saskatoon,CAN,Saskatchewan
8478010,Brayden Point,20232024,TBL,C,1996-03-13,Calgary,CAN,Alberta
8475177,Calvin de Haan,20232024,TBL,D,1991-05-09,Carp,CAN,Ontario
8477839,Conor Sheary,20232024,TBL,L,1992-06-08,Winchester,USA,Massachusetts
8478178,Darren Raddysh,20232024,TBL,D,1996-02-28,Toronto,CAN,Ontario
8482929,Emil Martinsen Lilleberg,20232024,TBL,D,2001-02-02,Sarpsborg,NOR,NA
8478416,Erik Cernak,20232024,TBL,D,1997-05-28,Kosice,SVK,NA
8477938,Haydn Fleury,20232024,TBL,D,1996-07-08,Carlyle,CAN,Saskatchewan
8477992,Jonas Johansson,20232024,TBL,G,1995-09-19,Gavle,SWE,NA
8476822,Luke Glendening,20232024,TBL,C,1989-04-28,Grand Rapids,USA,Michigan
8479591,Michael Eyssimont,20232024,TBL,C,1996-09-09,Littleton,USA,Colorado
8479410,Mikhail Sergachev,20232024,TBL,D,1998-06-25,Nizhnekamsk,RUS,NA
8482070,Mitchell Chaffee,20232024,TBL,R,1998-01-26,Grand Rapids,USA,Michigan
8477426,Nicholas Paul,20232024,TBL,L,1995-03-20,Mississauga,CAN,Ontario
8480246,Nick Perbix,20232024,TBL,D,1998-06-15,Elk River,USA,Minnesota
8476453,Nikita Kucherov,20232024,TBL,R,1993-06-17,Maykop,RUS,NA
8474564,Steven Stamkos,20232024,TBL,C,1990-02-07,Markham,CAN,Ontario
8479661,Tanner Jeannot,20232024,TBL,L,1997-05-29,Estevan,CAN,Saskatchewan
8477353,Tyler Motte,20232024,TBL,C,1995-03-10,St. Clair,USA,Michigan
8475167,Victor Hedman,20232024,TBL,D,1990-12-18,Ornskoldsvik,SWE,NA
8482634,Alex Steeves,20232024,TOR,C,1999-12-10,Saint Paul,USA,Minnesota
8479318,Auston Matthews,20232024,TOR,C,1997-09-17,San Ramon,USA,California
8482259,Bobby McMann,20232024,TOR,C,1996-06-15,Wainwright,CAN,Alberta
8475714,Calle Jarnkrok,20232024,TOR,C,1991-09-25,Gavle,SWE,NA
8479982,Conor Timmins,20232024,TOR,D,1998-09-18,St. Catharines,CAN,Ontario
8480144,David Kampf,20232024,TOR,C,1995-01-12,Chomutov,CZE,NA
8483710,Dennis Hildeby,20232024,TOR,G,2001-08-19,Jarfalla,SWE,NA
8478492,Ilya Samsonov,20232024,TOR,G,1997-02-22,Magnitogorsk,RUS,NA
8476931,Jake McCabe,20232024,TOR,D,1993-10-12,Eau Claire,USA,Wisconsin
8474162,Jake Muzzin,20232024,TOR,D,1989-02-21,Woodstock,CAN,Ontario
8475906,John Klingberg,20232024,TOR,D,1992-08-14,Gothenburg,SWE,NA
8475166,John Tavares,20232024,TOR,C,1990-09-20,Mississauga,CAN,Ontario
8479361,Joseph Woll,20232024,TOR,G,1998-07-12,Dardenne Prairie,USA,Missouri
8470966,Mark Giordano,20232024,TOR,D,1983-10-03,Toronto,CAN,Ontario
8474889,Martin Jones,20232024,TOR,G,1990-01-10,North Vancouver,CAN,British Columbia
8482720,Matthew Knies,20232024,TOR,L,2002-10-17,Phoenix,USA,Arizona
8477503,Max Domi,20232024,TOR,C,1995-03-02,Winnipeg,CAN,Manitoba
8478483,Mitchell Marner,20232024,TOR,R,1997-05-05,Markham,CAN,Ontario
8476853,Morgan Rielly,20232024,TOR,D,1994-03-09,Vancouver,CAN,British Columbia
8481582,Nicholas Robertson,20232024,TOR,L,2001-09-11,Pasadena,USA,California
8479393,Noah Gregor,20232024,TOR,C,1998-07-28,Beaumont,CAN,Alberta
8480995,Pontus Holmberg,20232024,TOR,R,1999-03-09,Vasteras,SWE,NA
8471817,Ryan Reaves,20232024,TOR,R,1987-01-20,Winnipeg,CAN,Manitoba
8481122,Simon Benoit,20232024,TOR,D,1998-09-19,Laval,CAN,Quebec
8474673,TJ Brodie,20232024,TOR,D,1990-06-07,Chatham,CAN,Ontario
8480043,Timothy Liljegren,20232024,TOR,D,1999-04-30,Kristianstad,SWE,NA
8477479,Tyler Bertuzzi,20232024,TOR,L,1995-02-24,Sudbury,CAN,Ontario
8478021,William Lagesson,20232024,TOR,D,1996-02-22,Gothenburg,SWE,NA
8477939,William Nylander,20232024,TOR,R,1996-05-01,Calgary,CAN,Alberta
8478444,Brock Boeser,20232024,VAN,R,1997-02-25,Burnsville,USA,Minnesota
8477369,Carson Soucy,20232024,VAN,D,1994-07-27,Viking,CAN,Alberta
8479193,Casey DeSmith,20232024,VAN,G,1991-08-13,Rochester,USA,New Hampshire
8478856,Conor Garland,20232024,VAN,R,1996-03-11,Scituate,USA,Massachusetts
8478057,Dakota Joshua,20232024,VAN,C,1996-05-15,Dearborn,USA,Michigan
8477496,Elias Lindholm,20232024,VAN,C,1994-12-02,Boden,SWE,NA
8480012,Elias Pettersson,20232024,VAN,C,1998-11-12,Sundsvall,SWE,NA
8479425,Filip Hronek,20232024,VAN,D,1997-11-02,Hradec Kralove,CZE,NA
8478465,Guillaume Brisebois,20232024,VAN,D,1997-07-21,Longueuil,CAN,Quebec
8474013,Ian Cole,20232024,VAN,D,1989-02-21,Ann Arbor,USA,Michigan
8481624,Ilya Mikheyev,20232024,VAN,R,1994-10-10,Omsk,RUS,NA
8476468,J.T. Miller,20232024,VAN,C,1993-03-14,East Palestine,USA,Ohio
8480808,Jett Woo,20232024,VAN,D,2000-07-27,Winnipeg,CAN,Manitoba
8478017,Mark Friedman,20232024,VAN,D,1995-12-25,Toronto,CAN,Ontario
8477507,Nikita Zadorov,20232024,VAN,D,1995-04-16,Moscow,RUS,NA
8482496,Nils Aman,20232024,VAN,C,2000-02-07,Avesta,SWE,NA
8481535,Nils Hoglander,20232024,VAN,L,2000-12-20,BOCKTRäSK,SWE,NA
8478454,Noah Juulsen,20232024,VAN,D,1997-04-02,Surrey,CAN,British Columbia
8476858,Phillip Di Giuseppe,20232024,VAN,L,1993-10-09,Toronto,CAN,Ontario
8480459,Pius Suter,20232024,VAN,C,1996-05-24,Zurich,CHE,NA
8480800,Quinn Hughes,20232024,VAN,D,1999-10-14,Orlando,USA,Florida
8478043,Sam Lafferty,20232024,VAN,C,1995-03-06,Hollidaysburg,USA,Pennsylvania
8476927,Teddy Blueger,20232024,VAN,C,1994-08-15,Riga,LVA,NA
8477967,Thatcher Demko,20232024,VAN,G,1995-12-08,San Diego,USA,California
8477359,Tucker Poolman,20232024,VAN,D,1993-06-08,Dubuque,USA,Iowa
8474574,Tyler Myers,20232024,VAN,D,1990-02-01,Houston,USA,Texas
8478499,Adin Hill,20232024,VGK,G,1996-05-11,Comox,CAN,British Columbia
8474166,Alec Martinez,20232024,VGK,D,1987-07-26,Rochester Hills,USA,Michigan
8474565,Alex Pietrangelo,20232024,VGK,D,1990-01-18,King City,CAN,Ontario
8477018,Ben Hutton,20232024,VGK,D,1993-04-20,Brockville,CAN,Ontario
8475188,Brayden McNabb,20232024,VGK,D,1991-01-21,Davidson,CAN,Saskatchewan
8479353,Brett Howden,20232024,VGK,C,1998-03-29,Calgary,CAN,Alberta
8475278,Byron Froese,20232024,VGK,C,1991-03-12,Winkler,CAN,Manitoba
8476905,Chandler Stephenson,20232024,VGK,C,1994-04-22,Saskatoon,CAN,Saskatchewan
8482624,Daniil Miromanov,20232024,VGK,D,1997-07-11,Moscow,RUS,NA
8477964,Ivan Barbashev,20232024,VGK,C,1995-12-14,Moscow,RUS,NA
8478403,Jack Eichel,20232024,VGK,C,1996-10-28,North Chelmsford,USA,Massachusetts
8480007,Jonas Rondbjerg,20232024,VGK,R,1999-03-31,Horsholm,DNK,NA
8476539,Jonathan Marchessault,20232024,VGK,R,1990-12-27,Cap-Rouge,CAN,Quebec
8478434,Keegan Kolesar,20232024,VGK,R,1997-04-08,Brandon,CAN,Manitoba
8480313,Logan Thompson,20232024,VGK,G,1997-02-25,Calgary,CAN,Alberta
8475913,Mark Stone,20232024,VGK,R,1992-05-13,Winnipeg,CAN,Manitoba
8478020,Michael Amadio,20232024,VGK,R,1996-05-13,Sault Ste. Marie,CAN,Ontario
8479980,Nicolas Hague,20232024,VGK,D,1998-12-05,Kitchener,CAN,Ontario
8478462,Nicolas Roy,20232024,VGK,C,1997-02-05,Amos,CAN,Quebec
8481032,Paul Cotter,20232024,VGK,C,1999-11-16,Canton,USA,Michigan
8481604,Pavel Dorofeyev,20232024,VGK,L,2000-10-26,Nizhny Tagil,RUS,NA
8477447,Shea Theodore,20232024,VGK,D,1995-08-03,Aldergrove,CAN,British Columbia
8481600,Tobias Bjornfot,20232024,VGK,D,2001-04-06,Upplands Vasby,SWE,NA
8477478,William Carrier,20232024,VGK,L,1994-12-20,LaSalle,CAN,Quebec
8476448,William Karlsson,20232024,VGK,C,1993-01-08,Marsta,SWE,NA
8480727,Zach Whitecloud,20232024,VGK,D,1996-11-28,Brandon,CAN,Manitoba
8476392,Adam Lowry,20232024,WPG,C,1993-03-29,St. Louis,USA,Missouri
8480113,Alex Iafallo,20232024,WPG,L,1993-12-21,Eden,USA,New York
8475455,Brenden Dillon,20232024,WPG,D,1990-11-13,New Westminster,CAN,British Columbia
8482149,Cole Perfetti,20232024,WPG,C,2002-01-01,Whitby,CAN,Ontario
8476945,Connor Hellebuyck,20232024,WPG,G,1993-05-19,Commerce,USA,Michigan
8481019,David Gustafsson,20232024,WPG,C,2000-04-11,Tingsryd,SWE,NA
8476331,Dylan DeMelo,20232024,WPG,D,1993-05-01,London,CAN,Ontario
8480049,Dylan Samberg,20232024,WPG,D,1999-01-24,Saginaw,USA,Minnesota
8480014,Gabriel Vilardi,20232024,WPG,C,1999-08-16,Kingston,CAN,Ontario
8477504,Josh Morrissey,20232024,WPG,D,1995-03-28,Calgary,CAN,Alberta
8478398,Kyle Connor,20232024,WPG,L,1996-12-09,Shelby Township,USA,Michigan
8476316,Laurent Brossoit,20232024,WPG,G,1993-03-23,Port Alberni,CAN,British Columbia
8479378,Logan Stanley,20232024,WPG,D,1998-05-26,Waterloo,CAN,Ontario
8476460,Mark Scheifele,20232024,WPG,C,1993-03-15,Kitchener,CAN,Ontario
8478891,Mason Appleton,20232024,WPG,C,1996-01-15,Green Bay,USA,Wisconsin
8480289,Morgan Barron,20232024,WPG,C,1998-12-02,Halifax,CAN,Nova Scotia
8477220,Nate Schmidt,20232024,WPG,D,1991-07-16,St. Cloud,USA,Minnesota
8480145,Neal Pionk,20232024,WPG,D,1995-07-29,Omaha,USA,Nebraska
8477940,Nikolaj Ehlers,20232024,WPG,L,1996-02-14,Aalborg,DNK,NA
8475799,Nino Niederreiter,20232024,WPG,R,1992-09-08,Chur,CHE,NA
8480845,Rasmus Kupari,20232024,WPG,C,2000-03-15,Kotka,FIN,NA
8477497,Sean Monahan,20232024,WPG,C,1994-10-12,Brampton,CAN,Ontario
8476480,Vladislav Namestnikov,20232024,WPG,C,1992-11-22,Zhukovskiy,RUS,NA
8471214,Alex Ovechkin,20232024,WSH,L,1985-09-17,Moscow,RUS,NA
8480823,Alexander Alexeyev,20232024,WSH,D,1999-11-15,St. Petersburg,RUS,NA
8481656,Aliaksei Protas,20232024,WSH,C,2001-01-06,Vitebsk,BLR,NA
8477511,Anthony Mantha,20232024,WSH,R,1994-09-16,Longueuil,CAN,Quebec
8479359,Beck Malenstyn,20232024,WSH,L,1998-02-04,Delta,CAN,British Columbia
8479292,Charlie Lindgren,20232024,WSH,G,1993-12-18,Lakeville,USA,Minnesota
8481580,Connor McMichael,20232024,WSH,C,2001-01-15,Ajax,CAN,Ontario
8475311,Darcy Kuemper,20232024,WSH,G,1990-05-05,Saskatoon,CAN,Saskatchewan
8478440,Dylan Strome,20232024,WSH,C,1997-03-07,Mississauga,CAN,Ontario
8478451,Ethan Bear,20232024,WSH,D,1997-06-26,Regina,CAN,Saskatchewan
8476441,Joel Edmundson,20232024,WSH,D,1993-06-28,Brandon,CAN,Manitoba
8474590,John Carlson,20232024,WSH,D,1990-01-10,Natick,USA,Massachusetts
8480796,Martin Fehervary,20232024,WSH,D,1999-10-06,Bratislava,SVK,NA
8479547,Matthew Phillips,20232024,WSH,R,1998-04-06,Calgary,CAN,Alberta
8474157,Max Pacioretty,20232024,WSH,L,1988-11-20,New Canaan,USA,Connecticut
8475958,Michael Sgarbossa,20232024,WSH,C,1992-07-25,Campbellville,CAN,Ontario
8475343,Nic Dowd,20232024,WSH,C,1990-05-27,Huntsville,USA,Alabama
8475324,Nick Jensen,20232024,WSH,D,1990-09-21,Rogers,USA,Minnesota
8473563,Nicklas Backstrom,20232024,WSH,C,1987-11-23,Gavle,SWE,NA
8477979,Nicolas Aube-Kubel,20232024,WSH,R,1996-05-10,Slave Lake,CAN,Alberta
8480873,Rasmus Sandin,20232024,WSH,D,2000-03-07,Uppsala,SWE,NA
8477947,Sonny Milano,20232024,WSH,L,1996-05-12,Massapequa,USA,New York
8471698,T.J. Oshie,20232024,WSH,R,1986-12-23,Everett,USA,Washington
8476880,Tom Wilson,20232024,WSH,R,1994-03-29,Toronto,CAN,Ontario
8477845,Trevor van Riemsdyk,20232024,WSH,D,1991-07-24,Middletown,USA,New Jersey
8473986,Alex Killorn,20242025,ANA,L,1989-09-14,{'default': 'Halifax'},CAN,{'default': 'NS'}
8481517,Brett Leason,20242025,ANA,R,1999-04-30,{'default': 'Calgary'},CAN,{'default': 'AB'}
8476934,Brock McGinn,20242025,ANA,L,1994-02-02,{'default': 'Fergus'},CAN,{'default': 'ON'}
8475184,Chris Kreider,20242025,ANA,C,1991-04-30,{'default': 'Boxford'},USA,{'default': 'MA'}
8483445,Cutter Gauthier,20242025,ANA,L,2004-01-19,"{'default': 'Skelleftea', 'fi': 'Skellefteå', 'sv': 'Skellefteå'}",SWE,NA
8481563,Drew Helleson,20242025,ANA,D,2001-03-26,{'default': 'Farmington'},USA,{'default': 'MN'}
8478366,Frank Vatrano,20242025,ANA,R,1994-03-14,{'default': 'East Longmeadow'},USA,{'default': 'MA'}
8482178,Ian Moore,20242025,ANA,D,2002-01-04,{'default': 'Salt Lake City'},USA,{'default': 'UT'}
8480806,Isac Lundestrom,20242025,ANA,C,1999-11-06,"{'default': 'Gallivare', 'cs': 'Gällivare', 'fi': 'Jällivaara', 'sk': 'Gällivare', 'sv': 'Gällivare'}",SWE,NA
8481605,Jackson LaCombe,20242025,ANA,D,2001-01-09,{'default': 'Eden Prairie'},USA,{'default': 'MN'}
8476885,Jacob Trouba,20242025,ANA,D,1994-02-26,{'default': 'Rochester'},USA,{'default': 'MI'}
8478424,Jansen Harkins,20242025,ANA,C,1997-05-23,{'default': 'Cleveland'},USA,{'default': 'OH'}
8476434,John Gibson,20242025,ANA,G,1993-07-14,{'default': 'Pittsburgh'},USA,{'default': 'PA'}
8484153,Leo Carlsson,20242025,ANA,C,2004-12-26,{'default': 'Karlstad'},SWE,NA
8480843,Lukas Dostal,20242025,ANA,G,2000-06-22,{'default': 'Brno'},CZE,NA
8482745,Mason McTavish,20242025,ANA,C,2003-01-30,{'default': 'Zurich'},CHE,NA
8482803,Olen Zellweger,20242025,ANA,D,2003-09-10,{'default': 'Calgary'},CAN,{'default': 'AB'}
8478430,Oliver Kylington,20242025,ANA,D,1997-05-19,"{'default': 'Stockholm', 'fi': 'Tukholma'}",SWE,NA
8483490,Pavel Mintyukov,20242025,ANA,D,2003-11-25,"{'default': 'Moscow', 'cs': 'Moskva', 'de': 'Moskau', 'fi': 'Moskova', 'fr': 'Moscou', 'sk': 'Moskva', 'sv': 'Moskva'}",RUS,NA
8475462,Radko Gudas,20242025,ANA,D,1990-06-05,"{'default': 'Prague', 'cs': 'Praha', 'de': 'Prag', 'fi': 'Praha', 'sk': 'Praha', 'sv': 'Prag'}",CZE,NA
8477952,Robby Fabbri,20242025,ANA,C,1996-01-22,{'default': 'Mississauga'},CAN,{'default': 'ON'}
8477527,Ross Johnston,20242025,ANA,L,1994-02-18,{'default': 'Charlottetown'},CAN,{'default': 'PE'}
8476458,Ryan Strome,20242025,ANA,C,1993-07-11,{'default': 'Mississauga'},CAN,{'default': 'ON'}
8485512,Tim Washe,20242025,ANA,C,2001-08-25,{'default': 'Detroit'},USA,{'default': 'MI'}
8481533,Trevor Zegras,20242025,ANA,C,2001-03-20,{'default': 'Bedford'},USA,{'default': 'NY'}
8478873,Troy Terry,20242025,ANA,R,1997-09-10,{'default': 'Denver'},USA,{'default': 'CO'}
8479369,Andrew Peeke,20242025,BOS,D,1998-03-17,{'default': 'Parkland'},USA,{'default': 'FL'}
8479999,Casey Mittelstadt,20242025,BOS,C,1998-11-22,{'default': 'Eden Prairie'},USA,{'default': 'MN'}
8479325,Charlie McAvoy,20242025,BOS,D,1997-12-21,{'default': 'Long Beach'},USA,{'default': 'NY'}
8481043,Cole Koepke,20242025,BOS,L,1998-05-17,{'default': 'Two Harbors'},USA,{'default': 'MN'}
8477956,David Pastrnak,20242025,BOS,R,1996-05-25,"{'default': 'Havirov', 'cs': 'Havířov', 'fi': 'Havířov', 'sk': 'Havířov'}",CZE,NA
8477496,Elias Lindholm,20242025,BOS,C,1994-12-02,{'default': 'Boden'},SWE,NA
8476854,Hampus Lindholm,20242025,BOS,D,1994-01-20,{'default': 'Helsingborg'},SWE,NA
8480035,Henri Jokiharju,20242025,BOS,D,1999-06-17,"{'default': 'Oulu', 'sv': 'Uleåborg'}",FIN,NA
8480880,Jakub Lauko,20242025,BOS,C,2000-03-28,"{'default': 'Prague', 'cs': 'Praha', 'de': 'Prag', 'fi': 'Praha', 'sk': 'Praha', 'sv': 'Prag'}",CZE,NA
8480280,Jeremy Swayman,20242025,BOS,G,1998-11-24,{'default': 'Anchorage'},USA,{'default': 'AK'}
8481556,John Beecher,20242025,BOS,C,2001-04-05,{'default': 'Elmira'},USA,{'default': 'NY'}
8476914,Joonas Korpisalo,20242025,BOS,G,1994-04-28,"{'default': 'Pori', 'sv': 'Björneborg'}",FIN,NA
8482177,Marat Khusnutdinov,20242025,BOS,C,2002-07-17,"{'default': 'Moscow', 'cs': 'Moskva', 'de': 'Moskau', 'fi': 'Moskova', 'fr': 'Moscou', 'sk': 'Moskva', 'sv': 'Moskva'}",RUS,NA
8480355,Mark Kastelic,20242025,BOS,C,1999-03-11,{'default': 'Phoenix'},USA,{'default': 'AZ'}
8482511,Mason Lohrei,20242025,BOS,D,2001-01-17,{'default': 'Baton Rouge'},USA,{'default': 'LA'}
8479987,Morgan Geekie,20242025,BOS,C,1998-07-20,{'default': 'Strathclair'},CAN,{'default': 'MB'}
8477507,Nikita Zadorov,20242025,BOS,D,1995-04-16,"{'default': 'Moscow', 'cs': 'Moskva', 'de': 'Moskau', 'fi': 'Moskova', 'fr': 'Moscou', 'sk': 'Moskva', 'sv': 'Moskva'}",RUS,NA
8478450,Parker Wotherspoon,20242025,BOS,D,1997-08-24,{'default': 'Surrey'},CAN,{'default': 'BC'}
8478401,Pavel Zacha,20242025,BOS,C,1997-04-06,{'default': 'Brno'},CZE,NA
8477949,Alex Tuch,20242025,BUF,R,1996-05-10,{'default': 'Syracuse'},USA,{'default': 'NY'}
8479359,Beck Malenstyn,20242025,BUF,L,1998-02-04,{'default': 'Delta'},CAN,{'default': 'BC'}
8481524,Bowen Byram,20242025,BUF,D,2001-06-13,{'default': 'Cranbrook'},CAN,{'default': 'BC'}
8477365,Connor Clifton,20242025,BUF,D,1995-04-28,{'default': 'Matawan'},USA,{'default': 'NJ'}
8482175,JJ Peterka,20242025,BUF,R,2002-01-14,"{'default': 'Munich', 'cs': 'Mnichov', 'de': 'München', 'fi': 'München', 'sk': 'Mnichov', 'sv': 'München'}",DEU,NA
8482097,Jack Quinn,20242025,BUF,R,2001-09-19,{'default': 'Ottawa'},CAN,{'default': 'ON'}
8480879,Jacob Bernard-Docker,20242025,BUF,D,2000-06-30,{'default': 'Canmore'},CAN,{'default': 'AB'}
8480196,Jacob Bryson,20242025,BUF,D,1997-11-18,"{'default': 'London', 'sk': 'Londýn'}",CAN,{'default': 'ON'}
8473503,James Reimer,20242025,BUF,G,1988-03-15,{'default': 'Morweena'},CAN,{'default': 'MB'}
8475722,Jason Zucker,20242025,BUF,L,1992-01-16,{'default': 'Newport Beach'},USA,{'default': 'CA'}
8478413,Jordan Greenway,20242025,BUF,L,1997-02-16,{'default': 'Canton'},USA,{'default': 'NY'}
8480064,Josh Norris,20242025,BUF,C,1999-05-05,{'default': 'Oxford'},USA,{'default': 'MI'}
8480807,Mattias Samuelsson,20242025,BUF,D,2000-03-14,"{'default': 'Philadelphia', 'fr': 'Philadelphie'}",USA,{'default': 'PA'}
8482671,Owen Power,20242025,BUF,D,2002-11-22,{'default': 'Mississauga'},CAN,{'default': 'ON'}
8481522,Peyton Krebs,20242025,BUF,C,2001-01-26,{'default': 'Calgary'},CAN,{'default': 'AB'}
8480839,Rasmus Dahlin,20242025,BUF,D,2000-04-13,"{'default': 'Lidkoping', 'cs': 'Lidköping', 'fi': 'Lidköping', 'sk': 'Lidköping', 'sv': 'Lidköping'}",SWE,NA
8480802,Ryan McLeod,20242025,BUF,C,1999-09-21,{'default': 'Mississauga'},CAN,{'default': 'ON'}
8478043,Sam Lafferty,20242025,BUF,C,1995-03-06,{'default': 'Hollidaysburg'},USA,{'default': 'PA'}
8479420,Tage Thompson,20242025,BUF,C,1997-10-30,{'default': 'Phoenix'},USA,{'default': 'AZ'}
8480045,Ukko-Pekka Luukkonen,20242025,BUF,G,1999-03-09,"{'default': 'Espoo', 'sv': 'Esbo'}",FIN,NA
8484145,Zach Benson,20242025,BUF,L,2005-05-12,{'default': 'Chilliwack'},CAN,{'default': 'BC'}
8482100,Alexander Nikishin,20242025,CAR,D,2001-10-02,{'default': 'Orel'},RUS,NA
8480830,Andrei Svechnikov,20242025,CAR,R,2000-03-26,{'default': 'Barnaul'},RUS,NA
8470613,Brent Burns,20242025,CAR,D,1985-03-09,{'default': 'Barrie'},CAN,{'default': 'ON'}
8475200,Dmitry Orlov,20242025,CAR,D,1991-07-23,"{'default': 'Novokuznetsk', 'cs': 'Novokuzněck', 'sk': 'Novokuzněck'}",RUS,NA
8480762,Eric Robinson,20242025,CAR,L,1995-06-14,{'default': 'Bellmawr'},USA,{'default': 'NJ'}
8475883,Frederik Andersen,20242025,CAR,G,1989-10-02,{'default': 'Herning'},DNK,NA
8476958,Jaccob Slavin,20242025,CAR,D,1994-05-01,{'default': 'Denver'},USA,{'default': 'CO'}
8478458,Jack Roslovic,20242025,CAR,C,1997-01-29,{'default': 'Columbus'},USA,{'default': 'OH'}
8482809,Jackson Blake,20242025,CAR,R,2003-08-03,{'default': 'Fargo'},USA,{'default': 'ND'}
8478970,Jalen Chatfield,20242025,CAR,D,1996-05-15,{'default': 'Ypsilanti'},USA,{'default': 'MI'}
8480829,Jesperi Kotkaniemi,20242025,CAR,C,2000-07-06,"{'default': 'Pori', 'sv': 'Björneborg'}",FIN,NA
8476921,Jordan Martinook,20242025,CAR,L,1992-07-25,{'default': 'Brandon'},CAN,{'default': 'MB'}
8473533,Jordan Staal,20242025,CAR,C,1988-09-10,{'default': 'Thunder Bay'},CAN,{'default': 'ON'}
8484929,Juha Jaaska,20242025,CAR,L,1998-02-09,"{'default': 'Helsinki', 'cs': 'Helsinky', 'sk': 'Helsinky', 'sv': 'Helsingfors'}",FIN,NA
8482702,Logan Stankoven,20242025,CAR,C,2003-02-26,{'default': 'Kamloops'},CAN,{'default': 'BC'}
8476873,Mark Jankowski,20242025,CAR,C,1994-09-13,{'default': 'Hamilton'},CAN,{'default': 'ON'}
8482895,Nikita Quapp,20242025,CAR,G,2003-01-25,{'default': 'Ravensburg'},DEU,NA
8481611,Pyotr Kochetkov,20242025,CAR,G,1999-06-25,{'default': 'Penza'},RUS,NA
8479388,Riley Stillman,20242025,CAR,D,1998-03-09,{'default': 'Peterborough'},CAN,{'default': 'ON'}
8482666,Scott Morrow,20242025,CAR,D,2002-11-01,{'default': 'Darien'},USA,{'default': 'CT'}
8480336,Sean Walker,20242025,CAR,D,1994-11-13,{'default': 'Keswick'},CAN,{'default': 'ON'}
8478427,Sebastian Aho,20242025,CAR,C,1997-07-26,"{'default': 'Rauma', 'sv': 'Raumo'}",FIN,NA
8482093,Seth Jarvis,20242025,CAR,C,2002-02-01,{'default': 'Winnipeg'},CAN,{'default': 'MB'}
8476906,Shayne Gostisbehere,20242025,CAR,D,1993-04-20,{'default': 'Pembroke Pines'},USA,{'default': 'FL'}
8475791,Taylor Hall,20242025,CAR,L,1991-11-14,{'default': 'Calgary'},CAN,{'default': 'AB'}
8480883,Ty Smith,20242025,CAR,D,2000-03-24,{'default': 'Lloydminster'},CAN,{'default': 'AB'}
8479370,Tyson Jost,20242025,CAR,C,1998-03-14,"{'default': 'St. Albert', 'fr': 'St-Albert'}",CAN,{'default': 'AB'}
8477478,William Carrier,20242025,CAR,L,1994-12-20,{'default': 'LaSalle'},CAN,{'default': 'QC'}
8484166,Adam Fantilli,20242025,CBJ,C,2004-10-12,{'default': 'Nobleton'},CAN,{'default': 'ON'}
8476432,Boone Jenner,20242025,CBJ,C,1993-06-15,{'default': 'Dorchester'},CAN,{'default': 'ON'}
8478432,Christian Fischer,20242025,CBJ,R,1997-04-15,{'default': 'Chicago'},USA,{'default': 'IL'}
8482705,Cole Sillinger,20242025,CBJ,C,2003-05-16,{'default': 'Columbus'},USA,{'default': 'OH'}
8476923,Damon Severson,20242025,CBJ,D,1994-08-07,{'default': 'Melville'},CAN,{'default': 'SK'}
8480193,Daniil Tarasov,20242025,CBJ,G,1999-03-27,"{'default': 'Novokuznetsk', 'cs': 'Novokuzněck', 'sk': 'Novokuzněck'}",RUS,NA
8479371,Dante Fabbro,20242025,CBJ,D,1998-06-20,{'default': 'Coquitlam'},CAN,{'default': 'BC'}
8481716,Dmitri Voronkov,20242025,CBJ,L,2000-09-10,{'default': 'Angarsk'},RUS,NA
8478007,Elvis Merzlikins,20242025,CBJ,G,1994-04-13,"{'default': 'Riga', 'fi': 'Riika'}",LVA,NA
8475790,Erik Gudbranson,20242025,CBJ,D,1992-01-07,{'default': 'Ottawa'},CAN,{'default': 'ON'}
8478500,Ivan Provorov,20242025,CBJ,D,1997-01-13,"{'default': 'Yaroslavl', 'cs': 'Jaroslavl', 'fi': 'Jaroslavl', 'sk': 'Jaroslavl'}",RUS,NA
8471677,Jack Johnson,20242025,CBJ,D,1987-01-13,{'default': 'Indianapolis'},USA,{'default': 'IN'}
8485469,Jack Williams,20242025,CBJ,R,2002-03-02,{'default': 'Biddeford'},USA,{'default': 'ME'}
8481161,Jake Christiansen,20242025,CBJ,D,1999-09-12,{'default': 'West Vancouver'},CAN,{'default': 'BC'}
8474037,James van Riemsdyk,20242025,CBJ,L,1989-05-04,{'default': 'Middletown'},USA,{'default': 'NJ'}
8480887,Jordan Harris,20242025,CBJ,D,2000-07-07,{'default': 'Haverhill'},USA,{'default': 'MA'}
8479941,Justin Danforth,20242025,CBJ,R,1993-03-15,{'default': 'Oshawa'},CAN,{'default': 'ON'}
8482660,Kent Johnson,20242025,CBJ,C,2002-10-18,{'default': 'Port Moody'},CAN,{'default': 'BC'}
8478099,Kevin Labanc,20242025,CBJ,R,1995-12-12,{'default': 'Brooklyn'},USA,{'default': 'NY'}
8480893,Kirill Marchenko,20242025,CBJ,R,2000-07-21,{'default': 'Barnaul'},RUS,NA
8479316,Luke Kunin,20242025,CBJ,C,1997-12-04,{'default': 'Chesterfield'},USA,{'default': 'MO'}
8479671,Mathieu Olivier,20242025,CBJ,R,1997-02-11,{'default': 'Biloxi'},USA,{'default': 'MS'}
8476374,Sean Kuraly,20242025,CBJ,C,1993-01-20,{'default': 'Niagara Falls'},USA,{'default': 'NY'}
8477497,Sean Monahan,20242025,CBJ,C,1994-10-12,{'default': 'Brampton'},CAN,{'default': 'ON'}
8482475,Yegor Chinakhov,20242025,CBJ,R,2001-02-01,{'default': 'Omsk'},RUS,NA
8478460,Zach Werenski,20242025,CBJ,D,1997-07-19,{'default': 'Grosse Pointe'},USA,{'default': 'MI'}
8479944,Zachary Aston-Reese,20242025,CBJ,C,1994-08-10,{'default': 'Staten Island'},USA,{'default': 'NY'}
8477511,Anthony Mantha,20242025,CGY,R,1994-09-16,{'default': 'Longueuil'},CAN,{'default': 'QC'}
8484234,Aydar Suniev,20242025,CGY,L,2004-11-16,"{'default': 'Kazan', 'cs': 'Kazaň', 'sk': 'Kazaň'}",RUS,NA
8476399,Blake Coleman,20242025,CGY,L,1991-11-28,{'default': 'Plano'},USA,{'default': 'TX'}
8481167,Brayden Pachal,20242025,CGY,D,1999-08-23,{'default': 'Estevan'},CAN,{'default': 'SK'}
8482074,Connor Zary,20242025,CGY,C,2001-09-25,{'default': 'Saskatoon'},CAN,{'default': 'SK'}
8478435,Dan Vladar,20242025,CGY,G,1997-08-20,"{'default': 'Prague', 'cs': 'Praha', 'de': 'Prag', 'fi': 'Praha', 'sk': 'Praha', 'sv': 'Prag'}",CZE,NA
8482624,Daniil Miromanov,20242025,CGY,D,1997-07-11,"{'default': 'Moscow', 'cs': 'Moskva', 'de': 'Moskau', 'fi': 'Moskova', 'fr': 'Moscou', 'sk': 'Moskva', 'sv': 'Moskva'}",RUS,NA
8481692,Dustin Wolf,20242025,CGY,G,2001-04-16,{'default': 'Gilroy'},USA,{'default': 'CA'}
8482470,Ilya Solovyov,20242025,CGY,D,2000-07-20,{'default': 'Mogilev'},BLR,NA
8479402,Jake Bean,20242025,CGY,D,1998-06-09,{'default': 'Calgary'},CAN,{'default': 'AB'}
8480797,Joel Farabee,20242025,CGY,L,2000-02-25,{'default': 'Syracuse'},USA,{'default': 'NY'}
8477810,Joel Hanley,20242025,CGY,D,1991-06-08,{'default': 'Keswick'},CAN,{'default': 'ON'}
8476456,Jonathan Huberdeau,20242025,CGY,L,1993-06-04,"{'default': 'Saint-Jerome', 'fr': 'Saint-Jérome'}",CAN,{'default': 'QC'}
8477993,Justin Kirkland,20242025,CGY,C,1996-08-02,{'default': 'Winnipeg'},CAN,{'default': 'MB'}
8480860,Kevin Bahl,20242025,CGY,D,2000-06-27,{'default': 'New Westminster'},CAN,{'default': 'BC'}
8479291,Kevin Rooney,20242025,CGY,C,1993-05-21,{'default': 'Canton'},USA,{'default': 'MA'}
8477346,MacKenzie Weegar,20242025,CGY,D,1994-01-07,{'default': 'Ottawa'},CAN,{'default': 'ON'}
8481028,Martin Pospisil,20242025,CGY,C,1999-11-19,{'default': 'Zvolen'},SVK,NA
8482679,Matt Coronato,20242025,CGY,R,2002-11-14,{'default': 'Greenlawn'},USA,{'default': 'NY'}
8474150,Mikael Backlund,20242025,CGY,C,1989-03-17,"{'default': 'Vasteras', 'cs': 'Västeras', 'fi': 'Västerås', 'sk': 'Västeras', 'sv': 'Västerås'}",SWE,NA
8480028,Morgan Frost,20242025,CGY,C,1999-05-14,{'default': 'Aurora'},CAN,{'default': 'ON'}
8475172,Nazem Kadri,20242025,CGY,C,1990-10-06,"{'default': 'London', 'sk': 'Londýn'}",CAN,{'default': 'ON'}
8478397,Rasmus Andersson,20242025,CGY,D,1996-10-27,{'default': 'Malmo'},SWE,NA
8479066,Ryan Lomberg,20242025,CGY,L,1994-12-09,{'default': 'Richmond Hill'},CAN,{'default': 'ON'}
8481068,Yegor Sharangovich,20242025,CGY,C,1998-06-06,{'default': 'Minsk'},BLR,NA
8484768,Zayne Parekh,20242025,CGY,D,2006-02-15,{'default': 'Markham'},CAN,{'default': 'ON'}
8474166,Alec Martinez,20242025,CHI,D,1987-07-26,{'default': 'Rochester Hills'},USA,{'default': 'MI'}
8481568,Alex Vlasic,20242025,CHI,D,2001-06-05,{'default': 'Wilmette'},USA,{'default': 'IL'}
8484783,Artyom Levshunov,20242025,CHI,D,2005-10-28,{'default': 'Zhlobin'},BLR,NA
8482821,Arvid Soderblom,20242025,CHI,G,1999-08-19,{'default': 'Göteborg'},SWE,NA
8484144,Connor Bedard,20242025,CHI,C,2005-07-17,{'default': 'North Vancouver'},CAN,{'default': 'BC'}
8476473,Connor Murphy,20242025,CHI,D,1993-03-26,{'default': 'Dublin'},USA,{'default': 'OH'}
8483493,Frank Nazar,20242025,CHI,C,2004-01-14,{'default': 'Detroit'},USA,{'default': 'MI'}
8481624,Ilya Mikheyev,20242025,CHI,R,1994-10-10,{'default': 'Omsk'},RUS,NA
8477450,Jason Dickinson,20242025,CHI,C,1995-07-04,{'default': 'Georgetown'},CAN,{'default': 'ON'}
8480813,Joe Veleno,20242025,CHI,C,2000-01-13,{'default': 'Montréal'},CAN,{'default': 'QC'}
8482172,Landon Slaggert,20242025,CHI,L,2002-06-25,{'default': 'South Bend'},USA,{'default': 'IN'}
8481806,Louis Crevier,20242025,CHI,D,2001-05-04,"{'default': 'Quebec City', 'fr': 'Québec'}",CAN,{'default': 'QC'}
8482117,Lukas Reichel,20242025,CHI,L,2002-05-17,{'default': 'Nürnberg'},DEU,NA
8473422,Nick Foligno,20242025,CHI,L,1987-10-31,{'default': 'Buffalo'},USA,{'default': 'NY'}
8484197,Oliver Moore,20242025,CHI,C,2005-01-22,{'default': 'Mounds View'},USA,{'default': 'MN'}
8474034,Patrick Maroon,20242025,CHI,L,1988-04-23,{'default': 'St. Louis'},USA,{'default': 'MO'}
8480798,Philipp Kurashev,20242025,CHI,C,1999-10-12,"{'default': 'Munsingen', 'cs': 'Münsingen', 'fi': 'Münsingen', 'sk': 'Münsingen'}",CHE,NA
8477987,Ryan Donato,20242025,CHI,C,1996-04-09,{'default': 'Boston'},USA,{'default': 'MA'}
8483450,Ryan Greene,20242025,CHI,C,2003-10-21,"{'default': ""St. John's""}",CAN,{'default': 'NL'}
8483506,Sam Rinzel,20242025,CHI,D,2004-06-25,{'default': 'Chanhassen'},USA,{'default': 'MN'}
8481519,Spencer Knight,20242025,CHI,G,2001-04-19,{'default': 'Darien'},USA,{'default': 'CT'}
8474673,TJ Brodie,20242025,CHI,D,1990-06-07,{'default': 'Chatham'},CAN,{'default': 'ON'}
8476882,Teuvo Teravainen,20242025,CHI,C,1994-09-11,"{'default': 'Helsinki', 'cs': 'Helsinky', 'sk': 'Helsinky', 'sv': 'Helsingfors'}",FIN,NA
8477479,Tyler Bertuzzi,20242025,CHI,L,1995-02-24,{'default': 'Sudbury'},CAN,{'default': 'ON'}
8482176,Wyatt Kaiser,20242025,CHI,D,2002-07-31,{'default': 'Andover'},USA,{'default': 'MN'}
8477476,Artturi Lehkonen,20242025,COL,L,1995-07-04,"{'default': 'Piikkio', 'cs': 'Piikkiö', 'fi': 'Piikkiö', 'sk': 'Piikkiö', 'sv': 'Piikkiö'}",FIN,NA
8475754,Brock Nelson,20242025,COL,C,1991-10-15,{'default': 'Warroad'},USA,{'default': 'MN'}
8480069,Cale Makar,20242025,COL,D,1998-10-30,{'default': 'Calgary'},CAN,{'default': 'AB'}
8475745,Charlie Coyle,20242025,COL,C,1992-03-02,{'default': 'East Weymouth'},USA,{'default': 'MA'}
8478038,Devon Toews,20242025,COL,D,1994-02-21,{'default': 'Abbotsford'},CAN,{'default': 'BC'}
8473446,Erik Johnson,20242025,COL,D,1988-03-21,{'default': 'Bloomington'},USA,{'default': 'MN'}
8476455,Gabriel Landeskog,20242025,COL,L,1992-11-23,"{'default': 'Stockholm', 'fi': 'Tukholma'}",SWE,NA
8480835,Jack Drury,20242025,COL,C,2000-02-03,{'default': 'New York'},USA,{'default': 'NY'}
8476918,Jimmy Vesey,20242025,COL,L,1993-05-26,{'default': 'Boston'},USA,{'default': 'MA'}
8481641,Joel Kiviranta,20242025,COL,L,1996-03-23,"{'default': 'Vantaa', 'sv': 'Vanda'}",FIN,NA
8477494,Jonathan Drouin,20242025,COL,L,1995-03-28,{'default': 'Ste-Agathe'},CAN,{'default': 'QC'}
8476312,Josh Manson,20242025,COL,D,1991-10-07,{'default': 'Hinsdale'},USA,{'default': 'IL'}
8479387,Keaton Middleton,20242025,COL,D,1998-02-10,{'default': 'Edmonton'},CAN,{'default': 'AB'}
8481186,Logan O'Connor,20242025,COL,R,1996-08-14,{'default': 'Missouri City'},USA,{'default': 'TX'}
8478406,Mackenzie Blackwood,20242025,COL,G,1996-12-09,{'default': 'Thunder Bay'},CAN,{'default': 'ON'}
8480039,Martin Necas,20242025,COL,C,1999-01-15,{'default': 'Nove Mesto na Morave'},CZE,NA
8477425,Miles Wood,20242025,COL,L,1995-09-13,{'default': 'Buffalo'},USA,{'default': 'NY'}
8477492,Nathan MacKinnon,20242025,COL,C,1995-09-01,{'default': 'Halifax'},CAN,{'default': 'NS'}
8480448,Parker Kelly,20242025,COL,C,1999-05-14,{'default': 'Camrose'},CAN,{'default': 'AB'}
8479525,Ross Colton,20242025,COL,C,1996-09-11,{'default': 'Robbinsville'},USA,{'default': 'NJ'}
8479324,Ryan Lindgren,20242025,COL,D,1998-02-11,{'default': 'Burnsville'},USA,{'default': 'MN'}
8484258,Sam Malinski,20242025,COL,D,1998-07-27,{'default': 'Lakeville'},USA,{'default': 'MN'}
8479398,Samuel Girard,20242025,COL,D,1998-05-12,{'default': 'Roberval'},CAN,{'default': 'QC'}
8475809,Scott Wedgewood,20242025,COL,G,1992-08-14,{'default': 'Brampton'},CAN,{'default': 'ON'}
8477501,Valeri Nichushkin,20242025,COL,R,1995-03-04,"{'default': 'Chelyabinsk', 'cs': 'Čeljabinsk', 'fi': 'Tsheljabinsk', 'sk': 'Čeljabinsk'}",RUS,NA
8474090,Brendan Smith,20242025,DAL,D,1989-02-08,{'default': 'Mimico'},CAN,{'default': 'ON'}
8479193,Casey DeSmith,20242025,DAL,G,1991-08-13,{'default': 'Rochester'},USA,{'default': 'NH'}
8476879,Cody Ceci,20242025,DAL,D,1993-12-21,{'default': 'Ottawa'},CAN,{'default': 'ON'}
8476278,Colin Blackwell,20242025,DAL,C,1993-03-28,{'default': 'North Andover'},USA,{'default': 'MA'}
8476902,Esa Lindell,20242025,DAL,D,1994-05-23,"{'default': 'Vantaa', 'sv': 'Vanda'}",FIN,NA
8474149,Evgenii Dadonov,20242025,DAL,R,1989-03-12,"{'default': 'Chelyabinsk', 'cs': 'Čeljabinsk', 'fi': 'Tsheljabinsk', 'sk': 'Čeljabinsk'}",RUS,NA
8480950,Ilya Lyubushkin,20242025,DAL,D,1994-04-06,"{'default': 'Moscow', 'cs': 'Moskva', 'de': 'Moskau', 'fi': 'Moskova', 'fr': 'Moscou', 'sk': 'Moskva', 'sv': 'Moskva'}",RUS,NA
8479979,Jake Oettinger,20242025,DAL,G,1998-12-18,{'default': 'Lakeville'},USA,{'default': 'MN'}
8473994,Jamie Benn,20242025,DAL,L,1989-07-18,{'default': 'Victoria'},CAN,{'default': 'BC'}
8480027,Jason Robertson,20242025,DAL,L,1999-07-22,{'default': 'Arcadia'},USA,{'default': 'CA'}
8483425,Lian Bichsel,20242025,DAL,D,2004-05-18,{'default': 'Olten'},CHE,NA
8478975,Mason Marchment,20242025,DAL,L,1995-06-18,{'default': 'Uxbridge'},CAN,{'default': 'ON'}
8476856,Mathew Dumba,20242025,DAL,D,1994-07-25,{'default': 'Regina'},CAN,{'default': 'SK'}
8475168,Matt Duchene,20242025,DAL,C,1991-01-16,{'default': 'Haliburton'},CAN,{'default': 'ON'}
8482145,Mavrik Bourque,20242025,DAL,C,2002-01-08,{'default': 'Plessisville'},CAN,{'default': 'QC'}
8475798,Mikael Granlund,20242025,DAL,C,1992-02-26,"{'default': 'Oulu', 'sv': 'Uleåborg'}",FIN,NA
8478420,Mikko Rantanen,20242025,DAL,R,1996-10-29,"{'default': 'Nousiainen', 'sv': 'Nousis'}",FIN,NA
8480036,Miro Heiskanen,20242025,DAL,D,1999-07-18,"{'default': 'Espoo', 'sv': 'Esbo'}",FIN,NA
8480878,Nils Lundkvist,20242025,DAL,D,2000-07-27,"{'default': 'Pitea', 'fi': 'Piteå', 'sv': 'Piteå'}",SWE,NA
8480840,Oskar Bäck,20242025,DAL,C,2000-03-12,{'default': 'Karlstad'},SWE,NA
8478449,Roope Hintz,20242025,DAL,C,1996-11-17,{'default': 'Nokia'},FIN,NA
8479351,Sam Steel,20242025,DAL,C,1998-02-03,{'default': 'Ardrossan'},CAN,{'default': 'AB'}
8481581,Thomas Harley,20242025,DAL,D,2001-08-19,{'default': 'Syracuse'},USA,{'default': 'NY'}
8475794,Tyler Seguin,20242025,DAL,C,1992-01-31,{'default': 'Brampton'},CAN,{'default': 'ON'}
8482740,Wyatt Johnston,20242025,DAL,C,2003-05-14,{'default': 'Toronto'},CAN,{'default': 'ON'}
8481607,Albert Johansson,20242025,DET,D,2001-01-04,{'default': 'Karlstad'},SWE,NA
8479337,Alex DeBrincat,20242025,DET,R,1997-12-18,{'default': 'Farmington Hills'},USA,{'default': 'MI'}
8479312,Alex Lyon,20242025,DET,G,1992-12-09,{'default': 'Baudette'},USA,{'default': 'MN'}
8477429,Andrew Copp,20242025,DET,C,1994-07-08,{'default': 'Ann Arbor'},USA,{'default': 'MI'}
8475279,Ben Chiarot,20242025,DET,D,1991-05-09,{'default': 'Hamilton'},CAN,{'default': 'ON'}
8475660,Cam Talbot,20242025,DET,G,1987-07-05,{'default': 'Caledonia'},CAN,{'default': 'ON'}
8482802,Carter Mazur,20242025,DET,L,2002-03-28,{'default': 'Jackson'},USA,{'default': 'MI'}
8475225,Craig Smith,20242025,DET,C,1989-09-05,{'default': 'Madison'},USA,{'default': 'WI'}
8477946,Dylan Larkin,20242025,DET,C,1996-07-30,{'default': 'Waterford'},USA,{'default': 'MI'}
8476979,Erik Gustafsson,20242025,DET,D,1992-03-14,"{'default': 'Nynashamn', 'cs': 'Nynäshamn', 'fi': 'Nynäshamn', 'sk': 'Nynäshamn', 'sv': 'Nynäshamn'}",SWE,NA
8477456,J.T. Compher,20242025,DET,L,1995-04-08,{'default': 'Northbrook'},USA,{'default': 'IL'}
8473507,Jeff Petry,20242025,DET,D,1987-12-09,{'default': 'Ann Arbor'},USA,{'default': 'MI'}
8481013,Jonatan Berggren,20242025,DET,R,2000-07-16,{'default': 'Uppsala'},SWE,NA
8475718,Justin Holl,20242025,DET,D,1992-01-30,{'default': 'Tonka Bay'},USA,{'default': 'MN'}
8482078,Lucas Raymond,20242025,DET,L,2002-03-28,"{'default': 'Gothenburg', 'cs': 'Göteborg', 'de': 'Göteborg', 'fi': 'Göteborg', 'fr': 'Göteborg', 'sk': 'Göteborg', 'sv': 'Göteborg'}",SWE,NA
8483464,Marco Kasper,20242025,DET,C,2004-04-08,{'default': 'Innsbruck'},AUT,NA
8479992,Michael Rasmussen,20242025,DET,C,1999-04-17,{'default': 'Surrey'},CAN,{'default': 'BC'}
8481542,Moritz Seider,20242025,DET,D,2001-04-06,{'default': 'Zell'},DEU,NA
8474141,Patrick Kane,20242025,DET,R,1988-11-19,{'default': 'Buffalo'},USA,{'default': 'NY'}
8475852,Petr Mrazek,20242025,DET,G,1992-02-14,{'default': 'Ostrava'},CZE,NA
8482762,Simon Edvinsson,20242025,DET,D,2003-02-05,{'default': 'Kungsbacka'},SWE,NA
8477353,Tyler Motte,20242025,DET,C,1995-03-10,{'default': 'St. Clair'},USA,{'default': 'MI'}
8475765,Vladimir Tarasenko,20242025,DET,R,1991-12-13,"{'default': 'Yaroslavl', 'cs': 'Jaroslavl', 'fi': 'Jaroslavl', 'sk': 'Jaroslavl'}",RUS,NA
8478021,William Lagesson,20242025,DET,D,1996-02-22,"{'default': 'Gothenburg', 'cs': 'Göteborg', 'de': 'Göteborg', 'fi': 'Göteborg', 'fr': 'Göteborg', 'sk': 'Göteborg', 'sv': 'Göteborg'}",SWE,NA
8474641,Adam Henrique,20242025,EDM,C,1990-02-06,{'default': 'Brantford'},CAN,{'default': 'ON'}
8476967,Brett Kulak,20242025,EDM,D,1994-01-06,{'default': 'Edmonton'},CAN,{'default': 'AB'}
8475717,Calvin Pickard,20242025,EDM,G,1992-04-15,{'default': 'Moncton'},CAN,{'default': 'NB'}
8479341,Cam Dineen,20242025,EDM,D,1998-06-19,{'default': 'Toms River'},USA,{'default': 'NJ'}
8477015,Connor Brown,20242025,EDM,R,1994-01-14,{'default': 'Toronto'},CAN,{'default': 'ON'}
8478402,Connor McDavid,20242025,EDM,C,1997-01-13,{'default': 'Richmond Hill'},CAN,{'default': 'ON'}
8470621,Corey Perry,20242025,EDM,R,1985-05-16,{'default': 'Peterborough'},CAN,{'default': 'ON'}
8477498,Darnell Nurse,20242025,EDM,D,1995-02-04,{'default': 'Hamilton'},CAN,{'default': 'ON'}
8478585,Derek Ryan,20242025,EDM,C,1986-12-29,{'default': 'Spokane'},USA,{'default': 'WA'}
8480803,Evan Bouchard,20242025,EDM,D,1999-10-20,{'default': 'Oakville'},CAN,{'default': 'ON'}
8475169,Evander Kane,20242025,EDM,L,1991-08-02,{'default': 'Vancouver'},CAN,{'default': 'BC'}
8478013,Jake Walman,20242025,EDM,D,1996-02-20,{'default': 'Toronto'},CAN,{'default': 'ON'}
8480468,James Hamblin,20242025,EDM,L,1999-04-27,{'default': 'Edmonton'},CAN,{'default': 'AB'}
8475784,Jeff Skinner,20242025,EDM,C,1992-05-16,{'default': 'Toronto'},CAN,{'default': 'ON'}
8475906,John Klingberg,20242025,EDM,D,1992-08-14,"{'default': 'Gothenburg', 'cs': 'Göteborg', 'de': 'Göteborg', 'fi': 'Göteborg', 'fr': 'Göteborg', 'sk': 'Göteborg', 'sv': 'Göteborg'}",SWE,NA
8477384,Joshua Brown,20242025,EDM,D,1994-01-21,"{'default': 'London', 'sk': 'Londýn'}",CAN,{'default': 'ON'}
8477953,Kasperi Kapanen,20242025,EDM,R,1996-07-23,{'default': 'Kuopio'},FIN,NA
8477934,Leon Draisaitl,20242025,EDM,C,1995-10-27,"{'default': 'Cologne', 'cs': 'Kolín nad Rýnem', 'de': 'Köln', 'fi': 'Köln', 'sk': 'Kolín n. R.', 'sv': 'Köln'}",DEU,NA
8483512,Matt Savoie,20242025,EDM,C,2004-01-01,"{'default': 'St. Albert', 'fr': 'St-Albert'}",CAN,{'default': 'AB'}
8475218,Mattias Ekholm,20242025,EDM,D,1990-05-24,"{'default': 'Borlange', 'cs': 'Borlänge', 'fi': 'Borlänge', 'sk': 'Borlänge', 'sv': 'Borlänge'}",SWE,NA
8477406,Mattias Janmark,20242025,EDM,C,1992-12-08,{'default': 'Danderyd'},SWE,NA
8479368,Max Jones,20242025,EDM,L,1998-02-17,{'default': 'Rochester'},USA,{'default': 'MI'}
8481491,Noah Philp,20242025,EDM,C,1998-08-31,{'default': 'Canmore'},CAN,{'default': 'AB'}
8480885,Olivier Rodrigue,20242025,EDM,G,2000-07-06,{'default': 'Chicoutimi'},CAN,{'default': 'QC'}
8476454,Ryan Nugent-Hopkins,20242025,EDM,C,1993-04-12,{'default': 'Burnaby'},CAN,{'default': 'BC'}
8479973,Stuart Skinner,20242025,EDM,G,1998-11-01,{'default': 'Edmonton'},CAN,{'default': 'AB'}
8479365,Trent Frederic,20242025,EDM,C,1998-02-11,{'default': 'St. Louis'},USA,{'default': 'MO'}
8479442,Troy Stecher,20242025,EDM,D,1994-04-07,{'default': 'Richmond'},CAN,{'default': 'BC'}
8480834,Ty Emberson,20242025,EDM,D,2000-05-23,{'default': 'Eau Claire'},USA,{'default': 'WI'}
8481617,Vasily Podkolzin,20242025,EDM,R,2001-06-24,"{'default': 'Moscow', 'cs': 'Moskva', 'de': 'Moskau', 'fi': 'Moskova', 'fr': 'Moscou', 'sk': 'Moskva', 'sv': 'Moskva'}",RUS,NA
8478042,Viktor Arvidsson,20242025,EDM,L,1993-04-08,"{'default': 'Skelleftea', 'fi': 'Skellefteå', 'sv': 'Skellefteå'}",SWE,NA
8475786,Zach Hyman,20242025,EDM,L,1992-06-09,{'default': 'Toronto'},CAN,{'default': 'ON'}
8478421,A.J. Greer,20242025,FLA,L,1996-12-14,{'default': 'Joliette'},CAN,{'default': 'QC'}
8477932,Aaron Ekblad,20242025,FLA,D,1996-02-07,{'default': 'Windsor'},CAN,{'default': 'ON'}
8477493,Aleksander Barkov,20242025,FLA,C,1995-09-02,"{'default': 'Tampere', 'sv': 'Tammerfors'}",FIN,NA
8482113,Anton Lundell,20242025,FLA,C,2001-10-03,"{'default': 'Espoo', 'sv': 'Esbo'}",FIN,NA
8473419,Brad Marchand,20242025,FLA,C,1988-05-11,{'default': 'Halifax'},CAN,{'default': 'NS'}
8477409,Carter Verhaeghe,20242025,FLA,C,1995-08-14,{'default': 'Toronto'},CAN,{'default': 'ON'}
8475179,Dmitry Kulikov,20242025,FLA,D,1990-10-29,"{'default': 'Lipetsk', 'cs': 'Lipeck', 'sk': 'Lipeck'}",RUS,NA
8480185,Eetu Luostarinen,20242025,FLA,C,1998-09-02,"{'default': 'Siilinjarvi', 'cs': 'Siilinjärvi', 'fi': 'Siilinjärvi', 'sk': 'Siilinjärvi', 'sv': 'Siilinjärvi'}",FIN,NA
8478542,Evan Rodrigues,20242025,FLA,C,1993-07-28,{'default': 'Toronto'},CAN,{'default': 'ON'}
8478055,Gustav Forsling,20242025,FLA,D,1996-06-12,"{'default': 'Linkoping', 'cs': 'Linköping', 'de': 'Linköping', 'fi': 'Linköping', 'fr': 'Linköping', 'sk': 'Linköping', 'sv': 'Linköping'}",SWE,NA
8477034,Jaycob Megna,20242025,FLA,D,1992-12-10,{'default': 'Plantation'},USA,{'default': 'FL'}
8480003,Jesper Boqvist,20242025,FLA,C,1998-10-30,{'default': 'Falun'},SWE,NA
8479981,Jonah Gadjovich,20242025,FLA,L,1998-10-12,{'default': 'Whitby'},CAN,{'default': 'ON'}
8482713,Mackie Samoskevich,20242025,FLA,R,2002-11-15,{'default': 'Newtown'},USA,{'default': 'CT'}
8479314,Matthew Tkachuk,20242025,FLA,L,1997-12-11,{'default': 'Scottsdale'},USA,{'default': 'AZ'}
8477220,Nate Schmidt,20242025,FLA,D,1991-07-16,{'default': 'St. Cloud'},USA,{'default': 'MN'}
8481477,Nico Sturm,20242025,FLA,C,1995-05-03,{'default': 'Augsburg'},DEU,NA
8478859,Niko Mikkola,20242025,FLA,D,1996-04-27,"{'default': 'Kiiminki', 'sv': 'Kiminge'}",FIN,NA
8477935,Sam Bennett,20242025,FLA,C,1996-06-20,{'default': 'Holland Landing'},CAN,{'default': 'ON'}
8477933,Sam Reinhart,20242025,FLA,C,1995-11-06,{'default': 'West Vancouver'},CAN,{'default': 'BC'}
8475683,Sergei Bobrovsky,20242025,FLA,G,1988-09-20,"{'default': 'Novokuznetsk', 'cs': 'Novokuzněck', 'sk': 'Novokuzněck'}",RUS,NA
8477495,Seth Jones,20242025,FLA,D,1994-10-03,{'default': 'Arlington'},USA,{'default': 'TX'}
8477931,Tomas Nosek,20242025,FLA,L,1992-09-01,{'default': 'Pardubice'},CZE,NA
8484304,Uvis Balinskis,20242025,FLA,D,1996-08-01,{'default': 'Ventspils'},LVA,NA
8477970,Vitek Vanecek,20242025,FLA,G,1996-01-09,"{'default': 'Havlickuv Brod', 'cs': 'Havlíčkův Brod', 'fi': 'Havlíčkův Brod', 'sk': 'Havlíčkův Brod'}",CZE,NA
8477960,Adrian Kempe,20242025,LAK,R,1996-09-13,{'default': 'Kramfors'},SWE,NA
8480851,Akil Thomas,20242025,LAK,C,2000-01-02,{'default': 'Toronto'},CAN,{'default': 'ON'}
8482155,Alex Laferriere,20242025,LAK,R,2001-10-28,{'default': 'Chatham'},USA,{'default': 'NJ'}
8481532,Alex Turcotte,20242025,LAK,C,2001-02-26,{'default': 'Elk Grove'},USA,{'default': 'IL'}
8483808,Andrei Kuzmenko,20242025,LAK,L,1996-02-04,"{'default': 'Yakutsk', 'cs': 'Jakutsk', 'fi': 'Jakutsk', 'sk': 'Jakutsk'}",RUS,NA
8471685,Anze Kopitar,20242025,LAK,C,1987-08-24,{'default': 'Jesenice'},SVN,NA
8482730,Brandt Clarke,20242025,LAK,D,2003-02-09,{'default': 'Nepean'},CAN,{'default': 'ON'}
8478452,Caleb Jones,20242025,LAK,D,1997-06-06,{'default': 'Arlington'},USA,{'default': 'TX'}
8484857,Carter George,20242025,LAK,G,2006-05-20,{'default': 'Thunder Bay'},CAN,{'default': 'ON'}
8475311,Darcy Kuemper,20242025,LAK,G,1990-05-05,{'default': 'Saskatoon'},CAN,{'default': 'SK'}
8479496,David Rittich,20242025,LAK,G,1992-08-19,{'default': 'Jihlava'},CZE,NA
8474563,Drew Doughty,20242025,LAK,D,1989-12-08,"{'default': 'London', 'sk': 'Londýn'}",CAN,{'default': 'ON'}
8482748,Francesco Pinelli,20242025,LAK,C,2003-04-11,{'default': 'Hamilton'},CAN,{'default': 'ON'}
8480021,Jack Studnicka,20242025,LAK,C,1999-02-18,{'default': 'Windsor'},CAN,{'default': 'ON'}
8479421,Jacob Moverare,20242025,LAK,D,1998-08-31,"{'default': 'Ostersund', 'fi': 'Östersund', 'sv': 'Östersund'}",SWE,NA
8482408,Jeff Malott,20242025,LAK,L,1996-08-07,{'default': 'Burlington'},CAN,{'default': 'ON'}
8476441,Joel Edmundson,20242025,LAK,D,1993-06-28,{'default': 'Brandon'},CAN,{'default': 'MB'}
8481606,Jordan Spence,20242025,LAK,D,2001-02-24,{'default': 'Manly'},AUS,NA
8477942,Kevin Fiala,20242025,LAK,L,1996-07-22,{'default': 'St. Gallen'},CHE,NA
8477335,Kyle Burroughs,20242025,LAK,D,1995-07-12,{'default': 'Vancouver'},CAN,{'default': 'BC'}
8479998,Mikey Anderson,20242025,LAK,D,1999-05-25,{'default': 'Roseville'},USA,{'default': 'MN'}
8477831,Pheonix Copley,20242025,LAK,G,1992-01-18,{'default': 'North Pole'},USA,{'default': 'AK'}
8476479,Phillip Danault,20242025,LAK,C,1993-02-24,{'default': 'Victoriaville'},CAN,{'default': 'QC'}
8482124,Quinton Byfield,20242025,LAK,R,2002-08-19,{'default': 'Newmarket'},CAN,{'default': 'ON'}
8482726,Samuel Helenius,20242025,LAK,C,2002-11-26,{'default': 'Dallas'},USA,{'default': 'TX'}
8479661,Tanner Jeannot,20242025,LAK,L,1997-05-29,{'default': 'Estevan'},CAN,{'default': 'SK'}
8483406,Taylor Ward,20242025,LAK,R,1998-03-31,{'default': 'Kelowna'},CAN,{'default': 'BC'}
8473453,Trevor Lewis,20242025,LAK,C,1987-01-08,{'default': 'Salt Lake City'},USA,{'default': 'UT'}
8479675,Trevor Moore,20242025,LAK,L,1995-03-31,{'default': 'Thousand Oaks'},USA,{'default': 'CA'}
8478882,Vladislav Gavrikov,20242025,LAK,D,1995-11-21,"{'default': 'Yaroslavl', 'cs': 'Jaroslavl', 'fi': 'Jaroslavl', 'sk': 'Jaroslavl'}",RUS,NA
8477998,Warren Foegele,20242025,LAK,L,1996-04-01,{'default': 'Markham'},CAN,{'default': 'ON'}
8480259,Ben Jones,20242025,MIN,C,1999-02-26,{'default': 'Waterloo'},CAN,{'default': 'ON'}
8476867,Brendan Gaunce,20242025,MIN,C,1994-03-25,{'default': 'Sudbury'},CAN,{'default': 'ON'}
8482122,Brock Faber,20242025,MIN,D,2002-08-22,{'default': 'Maple Grove'},USA,{'default': 'MN'}
8480075,Cameron Crotty,20242025,MIN,D,1999-05-05,{'default': 'Ottawa'},CAN,{'default': 'ON'}
8482781,Carson Lambos,20242025,MIN,D,2003-01-14,{'default': 'Winnipeg'},CAN,{'default': 'MB'}
8480990,Declan Chisholm,20242025,MIN,D,2000-01-12,{'default': 'Bowmanville'},CAN,{'default': 'ON'}
8476913,Devin Shore,20242025,MIN,C,1994-07-19,{'default': 'Ajax'},CAN,{'default': 'ON'}
8479406,Filip Gustavsson,20242025,MIN,G,1998-06-07,"{'default': 'Skelleftea', 'fi': 'Skellefteå', 'sv': 'Skellefteå'}",SWE,NA
8477919,Frederick Gaudreau,20242025,MIN,C,1993-05-01,{'default': 'Bromont'},CAN,{'default': 'QC'}
8474679,Gustav Nyquist,20242025,MIN,C,1989-09-01,{'default': 'Halmstad'},SWE,NA
8483452,Hunter Haight,20242025,MIN,C,2004-04-04,{'default': 'Strathroy'},CAN,{'default': 'ON'}
8478136,Jake Middleton,20242025,MIN,D,1996-01-02,{'default': 'Wainwright'},CAN,{'default': 'AB'}
8474716,Jared Spurgeon,20242025,MIN,D,1989-11-29,{'default': 'Edmonton'},CAN,{'default': 'AB'}
8482661,Jesper Wallstedt,20242025,MIN,G,2002-11-14,"{'default': 'Vasteras', 'cs': 'Västeras', 'fi': 'Västerås', 'sk': 'Västeras', 'sv': 'Västerås'}",SWE,NA
8478493,Joel Eriksson Ek,20242025,MIN,C,1997-01-29,{'default': 'Karlstad'},SWE,NA
8475750,Jon Merrill,20242025,MIN,D,1992-02-03,{'default': 'Oklahoma City'},USA,{'default': 'OK'}
8476463,Jonas Brodin,20242025,MIN,D,1993-07-12,{'default': 'Karlstad'},SWE,NA
8479638,Justin Brazeau,20242025,MIN,R,1998-02-02,{'default': 'New Liskeard'},CAN,{'default': 'ON'}
8478864,Kirill Kaprizov,20242025,MIN,L,1997-04-26,"{'default': 'Novokuznetsk', 'cs': 'Novokuzněck', 'sk': 'Novokuzněck'}",RUS,NA
8483499,Liam Ohgren,20242025,MIN,L,2004-01-28,"{'default': 'Stockholm', 'fi': 'Tukholma'}",SWE,NA
8470594,Marc-Andre Fleury,20242025,MIN,G,1984-11-28,{'default': 'Sorel'},CAN,{'default': 'QC'}
8482079,Marco Rossi,20242025,MIN,C,2001-09-23,{'default': 'Feldkirch'},AUT,NA
8475220,Marcus Foligno,20242025,MIN,L,1991-08-10,{'default': 'Buffalo'},USA,{'default': 'NY'}
8475149,Marcus Johansson,20242025,MIN,L,1990-10-06,{'default': 'Landskrona'},SWE,NA
8475692,Mats Zuccarello,20242025,MIN,R,1987-09-01,{'default': 'Oslo'},NOR,NA
8481557,Matt Boldy,20242025,MIN,L,2001-04-05,{'default': 'Milford'},USA,{'default': 'MA'}
8477451,Ryan Hartman,20242025,MIN,R,1994-09-20,{'default': 'Hilton Head Island'},USA,{'default': 'SC'}
8476329,Travis Boyd,20242025,MIN,C,1993-09-14,{'default': 'Hopkins'},USA,{'default': 'MN'}
8476994,Vinnie Hinostroza,20242025,MIN,C,1994-04-03,{'default': 'Chicago'},USA,{'default': 'IL'}
8478508,Yakov Trenin,20242025,MIN,C,1997-01-13,"{'default': 'Chelyabinsk', 'cs': 'Čeljabinsk', 'fi': 'Tsheljabinsk', 'sk': 'Čeljabinsk'}",RUS,NA
8474567,Zach Bogosian,20242025,MIN,D,1990-07-15,{'default': 'Massena'},USA,{'default': 'NY'}
8484798,Zeev Buium,20242025,MIN,D,2005-12-07,{'default': 'San Diego'},USA,{'default': 'CA'}
8481618,Alex Newhook,20242025,MTL,C,2001-01-28,"{'default': ""St. John's""}",CAN,{'default': 'NL'}
8478851,Alexandre Carrier,20242025,MTL,D,1996-10-08,"{'default': 'Quebec City', 'fr': 'Québec'}",CAN,{'default': 'QC'}
8482964,Arber Xhekaj,20242025,MTL,D,2001-01-30,{'default': 'Hamilton'},CAN,{'default': 'ON'}
8475848,Brendan Gallagher,20242025,MTL,R,1992-05-06,{'default': 'Edmonton'},CAN,{'default': 'AB'}
8477989,Christian Dvorak,20242025,MTL,C,1996-02-02,{'default': 'Palos'},USA,{'default': 'IL'}
8481540,Cole Caufield,20242025,MTL,R,2001-01-02,{'default': 'Mosinee'},USA,{'default': 'WI'}
8475233,David Savard,20242025,MTL,D,1990-10-22,{'default': 'St-Hyacinthe'},CAN,{'default': 'QC'}
8482476,Emil Heineman,20242025,MTL,L,2001-11-16,{'default': 'Leksand'},SWE,NA
8484984,Ivan Demidov,20242025,MTL,R,2005-12-10,{'default': 'Sergiyev Posad'},RUS,NA
8478133,Jake Evans,20242025,MTL,C,1996-06-02,{'default': 'Toronto'},CAN,{'default': 'ON'}
8482487,Jakub Dobes,20242025,MTL,G,2001-05-27,{'default': 'Ostrava'},CZE,NA
8481593,Jayden Struble,20242025,MTL,D,2001-09-08,{'default': 'Cumberland'},USA,{'default': 'RI'}
8476469,Joel Armia,20242025,MTL,R,1993-05-31,"{'default': 'Pori', 'sv': 'Björneborg'}",FIN,NA
8476981,Josh Anderson,20242025,MTL,R,1994-05-07,{'default': 'Burlington'},CAN,{'default': 'ON'}
8483515,Juraj Slafkovský,20242025,MTL,L,2004-03-30,"{'default': 'Kosice', 'cs': 'Košice', 'fi': 'Košice', 'sk': 'Košice'}",SVK,NA
8482087,Kaiden Guhle,20242025,MTL,D,2002-01-18,{'default': 'Edmonton'},CAN,{'default': 'AB'}
8481523,Kirby Dach,20242025,MTL,C,2001-01-21,{'default': 'Fort Saskatchewan'},CAN,{'default': 'AB'}
8483457,Lane Hutson,20242025,MTL,D,2004-02-14,{'default': 'Holland'},USA,{'default': 'MI'}
8479543,Michael Pezzetta,20242025,MTL,L,1998-03-13,{'default': 'Toronto'},CAN,{'default': 'ON'}
8476875,Mike Matheson,20242025,MTL,D,1994-02-27,{'default': 'Pointe-Claire'},CAN,{'default': 'QC'}
8480018,Nick Suzuki,20242025,MTL,C,1999-08-10,"{'default': 'London', 'sk': 'Londýn'}",CAN,{'default': 'ON'}
8479339,Patrik Laine,20242025,MTL,R,1998-04-19,"{'default': 'Tampere', 'sv': 'Tammerfors'}",FIN,NA
8478470,Sam Montembeault,20242025,MTL,G,1996-10-30,{'default': 'Becancour'},CAN,{'default': 'QC'}
8475455,Brenden Dillon,20242025,NJD,D,1990-11-13,{'default': 'New Westminster'},CAN,{'default': 'BC'}
8477488,Brett Pesce,20242025,NJD,D,1994-11-15,{'default': 'Tarrytown'},USA,{'default': 'NY'}
8475208,Brian Dumoulin,20242025,NJD,D,1991-09-06,{'default': 'Biddeford'},USA,{'default': 'ME'}
8483531,Brian Halonen,20242025,NJD,L,1999-01-11,{'default': 'Delano'},USA,{'default': 'MN'}
8479996,Cody Glass,20242025,NJD,C,1999-04-01,{'default': 'Winnipeg'},CAN,{'default': 'MB'}
8478841,Colton White,20242025,NJD,D,1997-05-03,"{'default': 'London', 'sk': 'Londýn'}",CAN,{'default': 'ON'}
8477508,Curtis Lazar,20242025,NJD,C,1995-02-02,{'default': 'Salmon Arm'},CAN,{'default': 'BC'}
8478466,Daniel Sprong,20242025,NJD,R,1997-03-17,{'default': 'Amsterdam'},NLD,NA
8482110,Dawson Mercer,20242025,NJD,C,2001-10-27,{'default': 'Carbonear'},CAN,{'default': 'NL'}
8479395,Dennis Cholowski,20242025,NJD,D,1998-02-15,{'default': 'Langley'},CAN,{'default': 'BC'}
8476462,Dougie Hamilton,20242025,NJD,D,1993-06-17,{'default': 'Toronto'},CAN,{'default': 'ON'}
8475287,Erik Haula,20242025,NJD,L,1991-03-23,"{'default': 'Pori', 'sv': 'Björneborg'}",FIN,NA
8483659,Isaac Poulter,20242025,NJD,G,2001-09-12,{'default': 'Winnipeg'},CAN,{'default': 'MB'}
8481559,Jack Hughes,20242025,NJD,C,2001-05-14,{'default': 'Orlando'},USA,{'default': 'FL'}
8474593,Jacob Markstrom,20242025,NJD,G,1990-01-31,{'default': 'Gavle'},SWE,NA
8474596,Jake Allen,20242025,NJD,G,1990-08-07,{'default': 'Fredericton'},CAN,{'default': 'NB'}
8479407,Jesper Bratt,20242025,NJD,L,1998-07-30,"{'default': 'Stockholm', 'fi': 'Tukholma'}",SWE,NA
8480192,Johnathan Kovacevic,20242025,NJD,D,1997-07-12,{'default': 'Hamilton'},CAN,{'default': 'ON'}
8478399,Jonas Siegenthaler,20242025,NJD,D,1997-05-06,{'default': 'Zurich'},CHE,NA
8475413,Justin Dowling,20242025,NJD,C,1990-10-01,{'default': 'Calgary'},CAN,{'default': 'AB'}
8477073,Kurtis MacDermid,20242025,NJD,L,1994-03-25,"{'default': 'Quebec City', 'fr': 'Québec'}",CAN,{'default': 'QC'}
8482684,Luke Hughes,20242025,NJD,D,2003-09-09,{'default': 'Manchester'},USA,{'default': 'NH'}
8483397,Marc McLaughlin,20242025,NJD,C,1999-07-26,{'default': 'North Billerica'},USA,{'default': 'MA'}
8482635,Mike Hardman,20242025,NJD,L,1999-02-05,{'default': 'Hanover'},USA,{'default': 'MA'}
8479414,Nathan Bastian,20242025,NJD,R,1997-12-06,{'default': 'Kitchener'},CAN,{'default': 'ON'}
8481594,Nathan Légaré,20242025,NJD,R,2001-01-11,{'default': 'Montréal'},CAN,{'default': 'QC'}
8482076,Nico Daws,20242025,NJD,G,2000-12-22,"{'default': 'Munich', 'cs': 'Mnichov', 'de': 'München', 'fi': 'München', 'sk': 'Mnichov', 'sv': 'München'}",DEU,NA
8480002,Nico Hischier,20242025,NJD,C,1999-01-04,{'default': 'Maters'},CHE,NA
8481518,Nolan Foote,20242025,NJD,L,2000-11-29,{'default': 'Denver'},USA,{'default': 'CO'}
8476292,Ondrej Palat,20242025,NJD,L,1991-03-28,"{'default': 'Frydek-Mistek', 'cs': 'Frýdek-Místek', 'fi': 'Frýdek-Místek', 'sk': 'Frýdek-Místek'}",CZE,NA
8481032,Paul Cotter,20242025,NJD,C,1999-11-16,{'default': 'Canton'},USA,{'default': 'MI'}
8483429,Seamus Casey,20242025,NJD,D,2004-01-08,{'default': 'Miami'},USA,{'default': 'FL'}
8483495,Simon Nemec,20242025,NJD,D,2004-02-15,{'default': 'Liptovský Mikuláš'},SVK,NA
8476474,Stefan Noesen,20242025,NJD,R,1993-02-12,{'default': 'Plano'},USA,{'default': 'TX'}
8478414,Timo Meier,20242025,NJD,R,1996-10-08,{'default': 'Herisau'},CHE,NA
8475193,Tomas Tatar,20242025,NJD,L,1990-12-01,"{'default': 'Ilava', 'cs': 'Iľava', 'sk': 'Iľava'}",SVK,NA
8482873,Topias Vilen,20242025,NJD,D,2003-04-01,"{'default': 'Lahti', 'sv': 'Lahtis'}",FIN,NA
8482482,Adam Wilsby,20242025,NSH,D,2000-08-07,"{'default': 'Stockholm', 'fi': 'Tukholma'}",SWE,NA
8477971,Andreas Englund,20242025,NSH,D,1996-01-21,"{'default': 'Stockholm', 'fi': 'Tukholma'}",SWE,NA
8476869,Brady Skjei,20242025,NSH,D,1994-03-26,{'default': 'Lakeville'},USA,{'default': 'MN'}
8482062,Cole Smith,20242025,NSH,L,1995-10-28,{'default': 'Brainerd'},USA,{'default': 'MN'}
8476925,Colton Sissons,20242025,NSH,C,1993-11-05,{'default': 'North Vancouver'},CAN,{'default': 'BC'}
8476887,Filip Forsberg,20242025,NSH,L,1994-08-13,"{'default': 'Ostervala', 'cs': 'Östervala', 'fi': 'Östervala', 'sk': 'Östervala', 'sv': 'Östervåla'}",SWE,NA
8477944,Jakub Vrana,20242025,NSH,L,1996-02-28,"{'default': 'Prague', 'cs': 'Praha', 'de': 'Prag', 'fi': 'Praha', 'sk': 'Praha', 'sv': 'Prag'}",CZE,NA
8478468,Jeremy Lauzon,20242025,NSH,D,1997-04-28,"{'default': ""Val-d'Or""}",CAN,{'default': 'QC'}
8476539,Jonathan Marchessault,20242025,NSH,C,1990-12-27,{'default': 'Cap-Rouge'},CAN,{'default': 'QC'}
8477851,Jordan Oesterle,20242025,NSH,D,1992-06-25,{'default': 'Dearborn Heights'},USA,{'default': 'MI'}
8482111,Justin Barron,20242025,NSH,D,2001-11-15,{'default': 'Halifax'},CAN,{'default': 'NS'}
8481020,Justus Annunen,20242025,NSH,G,2000-03-11,{'default': 'Kempele'},FIN,NA
8477424,Juuse Saros,20242025,NSH,G,1995-04-19,{'default': 'Forssa'},FIN,NA
8482146,Luke Evangelista,20242025,NSH,R,2002-02-21,{'default': 'Toronto'},CAN,{'default': 'ON'}
8484241,Matthew Wood,20242025,NSH,R,2005-02-06,{'default': 'Nanaimo'},CAN,{'default': 'BC'}
8478047,Michael Bunting,20242025,NSH,L,1995-09-17,{'default': 'Scarborough'},CAN,{'default': 'ON'}
8477446,Michael McCarron,20242025,NSH,R,1995-03-07,{'default': 'Grosse Pointe'},USA,{'default': 'MI'}
8483565,Nick Blankenburg,20242025,NSH,D,1998-05-12,{'default': 'Washington'},USA,{'default': 'MI'}
8474600,Roman Josi,20242025,NSH,D,1990-06-01,"{'default': 'Bern', 'fr': 'Berne'}",CHE,NA
8475158,Ryan O'Reilly,20242025,NSH,C,1991-02-07,{'default': 'Clinton'},CAN,{'default': 'ON'}
8474564,Steven Stamkos,20242025,NSH,C,1990-02-07,{'default': 'Markham'},CAN,{'default': 'ON'}
8482742,Zachary L'Heureux,20242025,NSH,L,2003-05-15,{'default': 'Montréal'},CAN,{'default': 'QC'}
8480871,Adam Boqvist,20242025,NYI,D,2000-08-15,{'default': 'Falun'},SWE,NA
8476917,Adam Pelech,20242025,NYI,D,1994-08-16,{'default': 'Toronto'},CAN,{'default': 'ON'}
8481014,Alexander Romanov,20242025,NYI,D,2000-01-06,"{'default': 'Moscow', 'cs': 'Moskva', 'de': 'Moskau', 'fi': 'Moskova', 'fr': 'Moscou', 'sk': 'Moskva', 'sv': 'Moskva'}",RUS,NA
8475314,Anders Lee,20242025,NYI,L,1990-07-03,{'default': 'Edina'},USA,{'default': 'MN'}
8477407,Anthony Duclair,20242025,NYI,L,1995-08-26,{'default': 'Pointe-Claire'},CAN,{'default': 'QC'}
8477500,Bo Horvat,20242025,NYI,C,1995-04-05,"{'default': 'London', 'sk': 'Londýn'}",CAN,{'default': 'ON'}
8475231,Casey Cizikas,20242025,NYI,C,1991-02-27,{'default': 'Toronto'},CAN,{'default': 'ON'}
8477392,Hudson Fasching,20242025,NYI,R,1995-07-28,{'default': 'Apple Valley'},USA,{'default': 'MN'}
8478009,Ilya Sorokin,20242025,NYI,G,1995-08-04,"{'default': 'Mezhdurechensk', 'fi': 'Mezhduretshensk'}",RUS,NA
8476419,Jean-Gabriel Pageau,20242025,NYI,C,1992-11-11,{'default': 'Ottawa'},CAN,{'default': 'ON'}
8481237,Kyle MacLean,20242025,NYI,C,1999-04-29,{'default': 'Livingston'},USA,{'default': 'NJ'}
8475151,Kyle Palmieri,20242025,NYI,C,1991-02-01,{'default': 'Smithtown'},USA,{'default': 'NY'}
8483553,Marc Gatcomb,20242025,NYI,C,1999-07-22,{'default': 'Woburn'},USA,{'default': 'MA'}
8477405,Marcus Hogberg,20242025,NYI,G,1994-11-25,"{'default': 'Orebro', 'cs': 'Örebro', 'fi': 'Örebro', 'sk': 'Örebro', 'sv': 'Örebro'}",SWE,NA
8478445,Mathew Barzal,20242025,NYI,C,1997-05-26,{'default': 'Coquitlam'},CAN,{'default': 'BC'}
8474709,Matt Martin,20242025,NYI,L,1989-05-08,{'default': 'Windsor'},CAN,{'default': 'ON'}
8484958,Maxim Tsyplakov,20242025,NYI,R,1998-09-19,"{'default': 'Moscow', 'cs': 'Moskva', 'de': 'Moskau', 'fi': 'Moskova', 'fr': 'Moscou', 'sk': 'Moskva', 'sv': 'Moskva'}",RUS,NA
8476422,Mike Reilly,20242025,NYI,D,1993-07-13,{'default': 'Chicago'},USA,{'default': 'IL'}
8480865,Noah Dobson,20242025,NYI,D,2000-01-07,{'default': 'Summerside'},CAN,{'default': 'PE'}
8478115,Pierre Engvall,20242025,NYI,L,1996-05-31,{'default': 'Ljungby'},SWE,NA
8477506,Ryan Pulock,20242025,NYI,D,1994-10-06,{'default': 'Dauphin'},CAN,{'default': 'MB'}
8476429,Scott Mayfield,20242025,NYI,D,1992-10-14,{'default': 'St. Louis'},USA,{'default': 'MO'}
8481059,Scott Perunovich,20242025,NYI,D,1998-08-18,{'default': 'Hibbing'},USA,{'default': 'MN'}
8473575,Semyon Varlamov,20242025,NYI,G,1988-04-27,{'default': 'Samara'},RUS,NA
8481601,Simon Holmstrom,20242025,NYI,R,2001-05-24,"{'default': 'Tranas', 'fi': 'Tranås', 'sv': 'Tranås'}",SWE,NA
8477950,Tony DeAngelo,20242025,NYI,D,1995-10-24,{'default': 'Sewell'},USA,{'default': 'NJ'}
8481726,Adam Edstrom,20242025,NYR,C,2000-10-12,{'default': 'Karlstad'},SWE,NA
8479323,Adam Fox,20242025,NYR,D,1998-02-17,{'default': 'Jericho'},USA,{'default': 'NY'}
8482109,Alexis Lafrenière,20242025,NYR,L,2001-10-11,{'default': 'St-Eustache'},CAN,{'default': 'QC'}
8478550,Artemi Panarin,20242025,NYR,L,1991-10-30,{'default': 'Korkino'},RUS,NA
8481560,Arthur Kaliyev,20242025,NYR,R,2001-06-26,{'default': 'Tashkent'},UZB,NA
8482073,Braden Schneider,20242025,NYR,D,2001-09-20,{'default': 'Prince Albert'},CAN,{'default': 'SK'}
8482747,Brennan Othmann,20242025,NYR,L,2003-01-05,{'default': 'Pickering'},CAN,{'default': 'ON'}
8482132,Brett Berard,20242025,NYR,L,2002-09-09,{'default': 'Providence'},USA,{'default': 'RI'}
8475177,Calvin de Haan,20242025,NYR,D,1991-05-09,{'default': 'Carp'},CAN,{'default': 'ON'}
8477369,Carson Soucy,20242025,NYR,D,1994-07-27,{'default': 'Viking'},CAN,{'default': 'AB'}
8484210,Gabe Perreault,20242025,NYR,R,2005-05-07,{'default': 'Sherbrooke'},CAN,{'default': 'QC'}
8478048,Igor Shesterkin,20242025,NYR,G,1995-12-30,"{'default': 'Moscow', 'cs': 'Moskva', 'de': 'Moskau', 'fi': 'Moskova', 'fr': 'Moscou', 'sk': 'Moskva', 'sv': 'Moskva'}",RUS,NA
8476468,J.T. Miller,20242025,NYR,L,1993-03-14,{'default': 'East Palestine'},USA,{'default': 'OH'}
8471734,Jonathan Quick,20242025,NYR,G,1986-01-21,{'default': 'Milford'},USA,{'default': 'CT'}
8477380,Jonny Brodzinski,20242025,NYR,C,1993-06-19,{'default': 'Ham Lake'},USA,{'default': 'MN'}
8481704,Juuso Parssinen,20242025,NYR,C,2001-02-01,{'default': 'Hameenlinna'},FIN,NA
8480817,K'Andre Miller,20242025,NYR,D,2000-01-21,{'default': 'St. Paul'},USA,{'default': 'MN'}
8482460,Matt Rempe,20242025,NYR,C,2002-06-29,{'default': 'Calgary'},CAN,{'default': 'AB'}
8476459,Mika Zibanejad,20242025,NYR,C,1993-04-18,"{'default': 'Stockholm', 'fi': 'Tukholma'}",SWE,NA
8477979,Nicolas Aube-Kubel,20242025,NYR,R,1996-05-10,{'default': 'Slave Lake'},CAN,{'default': 'AB'}
8475842,Sam Carrick,20242025,NYR,C,1992-02-04,{'default': 'Markham'},CAN,{'default': 'ON'}
8480001,Urho Vaakanainen,20242025,NYR,D,1999-01-01,{'default': 'Joensuu'},FIN,NA
8476389,Vincent Trocheck,20242025,NYR,C,1993-07-11,{'default': 'Pittsburgh'},USA,{'default': 'PA'}
8478840,Will Borgen,20242025,NYR,D,1996-12-19,{'default': 'Moorhead'},USA,{'default': 'MN'}
8482157,Will Cuylle,20242025,NYR,L,2002-02-05,{'default': 'Toronto'},CAN,{'default': 'ON'}
8481708,Zac Jones,20242025,NYR,D,2000-10-18,{'default': 'Richmond'},USA,{'default': 'VA'}
8478874,Adam Gaudette,20242025,OTT,R,1996-10-03,{'default': 'Braintree'},USA,{'default': 'MA'}
8481065,Angus Crookshank,20242025,OTT,L,1999-10-02,{'default': 'North Vancouver'},CAN,{'default': 'BC'}
8476341,Anton Forsberg,20242025,OTT,G,1992-11-27,{'default': 'Härnösand'},SWE,NA
8482245,Artem Zub,20242025,OTT,D,1995-10-03,"{'default': 'Khabarovsk', 'cs': 'Chabarovsk', 'fi': 'Habarovsk', 'sk': 'Chabarovsk'}",RUS,NA
8480801,Brady Tkachuk,20242025,OTT,L,1999-09-16,{'default': 'Scottsdale'},USA,{'default': 'AZ'}
8484759,Carter Yakemchuk,20242025,OTT,D,2005-09-29,{'default': 'Fort McMurray'},CAN,{'default': 'AB'}
8473512,Claude Giroux,20242025,OTT,R,1988-01-12,{'default': 'Hearst'},CAN,{'default': 'ON'}
8481133,Cole Reinhardt,20242025,OTT,L,2000-02-01,{'default': 'Calgary'},CAN,{'default': 'AB'}
8474102,David Perron,20242025,OTT,L,1988-05-28,{'default': 'Sherbrooke'},CAN,{'default': 'QC'}
8478502,Dennis Gilbert,20242025,OTT,D,1996-10-30,{'default': 'Buffalo'},USA,{'default': 'NY'}
8482131,Donovan Sebrango,20242025,OTT,D,2002-01-12,{'default': 'Ottawa'},CAN,{'default': 'ON'}
8480208,Drake Batherson,20242025,OTT,R,1998-04-27,{'default': 'Fort Wayne'},USA,{'default': 'IN'}
8481528,Dylan Cozens,20242025,OTT,C,2001-02-09,{'default': 'Whitehorse'},CAN,{'default': 'YT'}
8480188,Fabian Zetterlund,20242025,OTT,L,1999-08-25,{'default': 'Karlstad'},SWE,NA
8479516,Garrett Pilon,20242025,OTT,C,1998-04-13,{'default': 'Mineola'},USA,{'default': 'NY'}
8478173,Hayden Hodgson,20242025,OTT,R,1996-03-02,{'default': 'Windsor'},CAN,{'default': 'ON'}
8482105,Jake Sanderson,20242025,OTT,D,2002-07-08,{'default': 'Whitefish'},USA,{'default': 'MT'}
8480890,Jan Jenik,20242025,OTT,C,2000-09-15,{'default': 'Nymburk'},CZE,NA
8482447,Leevi Meriläinen,20242025,OTT,G,2002-08-13,"{'default': 'Oulu', 'sv': 'Uleåborg'}",FIN,NA
8476999,Linus Ullmark,20242025,OTT,G,1993-07-31,{'default': 'Lugnvik'},SWE,NA
8481544,Mads Sogaard,20242025,OTT,G,2000-12-13,"{'default': 'Aalborg', 'fi': 'Ålborg', 'sv': 'Ålborg'}",DNK,NA
8478146,Matthew Highmore,20242025,OTT,C,1996-02-27,{'default': 'Halifax'},CAN,{'default': 'NS'}
8478020,Michael Amadio,20242025,OTT,R,1996-05-13,"{'default': 'Sault Ste. Marie', 'fr': 'Sault-Sainte-Marie'}",CAN,{'default': 'ON'}
8476393,Nick Cousins,20242025,OTT,C,1993-07-20,{'default': 'Belleville'},CAN,{'default': 'ON'}
8475324,Nick Jensen,20242025,OTT,D,1990-09-21,{'default': 'Rogers'},USA,{'default': 'MN'}
8484321,Nikolas Matinpalo,20242025,OTT,D,1998-10-05,"{'default': 'Espoo', 'sv': 'Esbo'}",FIN,NA
8482092,Ridly Greig,20242025,OTT,C,2002-08-08,{'default': 'Lethbridge'},CAN,{'default': 'AB'}
8481596,Shane Pinto,20242025,OTT,C,2000-11-12,{'default': 'Franklin Square'},USA,{'default': 'NY'}
8483676,Stephen Halliday,20242025,OTT,C,2002-07-02,{'default': 'Ajax'},CAN,{'default': 'ON'}
8478469,Thomas Chabot,20242025,OTT,D,1997-01-30,{'default': 'Sainte-Marie'},CAN,{'default': 'QC'}
8482116,Tim Stützle,20242025,OTT,C,2002-01-15,{'default': 'Viersen'},DEU,NA
8483683,Tomas Hamara,20242025,OTT,D,2004-03-09,"{'default': 'Prague', 'cs': 'Praha', 'de': 'Prag', 'fi': 'Praha', 'sk': 'Praha', 'sv': 'Prag'}",CZE,NA
8474612,Travis Hamonic,20242025,OTT,D,1990-08-16,"{'default': 'St. Malo', 'fr': 'St-Malo'}",CAN,{'default': 'MB'}
8482674,Tyler Boucher,20242025,OTT,R,2003-01-16,{'default': 'Scottsdale'},USA,{'default': 'AZ'}
8482095,Tyler Kleven,20242025,OTT,D,2002-01-10,{'default': 'Fargo'},USA,{'default': 'ND'}
8483579,Wyatt Bongiovanni,20242025,OTT,L,1999-07-24,{'default': 'Birmingham'},USA,{'default': 'MI'}
8479772,Zack MacEwen,20242025,OTT,R,1996-07-08,{'default': 'Charlottetown'},CAN,{'default': 'PE'}
8482783,Aleksei Kolosov,20242025,PHI,G,2002-01-04,{'default': 'Minsk'},BLR,NA
8481553,Bobby Brink,20242025,PHI,R,2001-07-08,{'default': 'Minnetonka'},USA,{'default': 'MN'}
8481546,Cam York,20242025,PHI,D,2001-01-05,{'default': 'Anaheim'},USA,{'default': 'CA'}
8483461,Devin Kaplan,20242025,PHI,R,2004-01-10,{'default': 'Bridgewater'},USA,{'default': 'NJ'}
8481178,Egor Zamula,20242025,PHI,D,2000-03-30,"{'default': 'Chelyabinsk', 'cs': 'Čeljabinsk', 'fi': 'Tsheljabinsk', 'sk': 'Čeljabinsk'}",RUS,NA
8477903,Garnet Hathaway,20242025,PHI,R,1991-11-23,{'default': 'Naples'},USA,{'default': 'FL'}
8478905,Ivan Fedotov,20242025,PHI,G,1996-11-28,"{'default': 'Lappeenranta', 'sv': 'Vilmanstrand'}",FIN,NA
8481592,Jakob Pelletier,20242025,PHI,L,2001-03-07,{'default': 'Québec City'},CAN,{'default': 'QC'}
8482142,Jamie Drysdale,20242025,PHI,D,2002-04-08,{'default': 'Toronto'},CAN,{'default': 'ON'}
8485483,Karsen Dorwart,20242025,PHI,L,2002-09-17,{'default': 'Sherwood'},USA,{'default': 'OR'}
8484387,Matvei Michkov,20242025,PHI,R,2004-12-09,{'default': 'Perm'},RUS,NA
8476372,Nick Seeler,20242025,PHI,D,1993-06-03,{'default': 'Eden Prairie'},USA,{'default': 'MN'}
8475235,Nicolas Deslauriers,20242025,PHI,L,1991-02-22,{'default': 'LaSalle'},CAN,{'default': 'QC'}
8480220,Noah Cates,20242025,PHI,L,1999-02-05,{'default': 'Stillwater'},USA,{'default': 'MN'}
8480015,Owen Tippett,20242025,PHI,R,1999-02-16,{'default': 'Peterborough'},CAN,{'default': 'ON'}
8477499,Rasmus Ristolainen,20242025,PHI,D,1994-10-27,"{'default': 'Turku', 'sv': 'Åbo'}",FIN,NA
8475176,Ryan Ellis,20242025,PHI,D,1991-01-03,{'default': 'Hamilton'},CAN,{'default': 'ON'}
8480068,Ryan Poehling,20242025,PHI,C,1999-01-03,{'default': 'Lakeville'},USA,{'default': 'MN'}
8481035,Samuel Ersson,20242025,PHI,G,1999-10-20,{'default': 'Falun'},SWE,NA
8476461,Sean Couturier,20242025,PHI,C,1992-12-07,{'default': 'Phoenix'},USA,{'default': 'AZ'}
8478439,Travis Konecny,20242025,PHI,R,1997-03-11,"{'default': 'London', 'sk': 'Londýn'}",CAN,{'default': 'ON'}
8477948,Travis Sanheim,20242025,PHI,D,1996-03-29,{'default': 'Elkhorn'},CAN,{'default': 'MB'}
8482159,Tyson Foerster,20242025,PHI,R,2002-01-18,{'default': 'Alliston'},CAN,{'default': 'ON'}
8477968,Alex Nedeljkovic,20242025,PIT,G,1996-01-07,{'default': 'Parma'},USA,{'default': 'OH'}
8481481,Blake Lizotte,20242025,PIT,C,1997-12-13,{'default': 'Lindstrom'},USA,{'default': 'MN'}
8478147,Bokondji Imama,20242025,PIT,L,1996-08-03,{'default': 'Montréal'},CAN,{'default': 'QC'}
8475810,Bryan Rust,20242025,PIT,R,1992-05-11,{'default': 'Pontiac'},USA,{'default': 'MI'}
8480980,Connor Dewar,20242025,PIT,C,1999-06-26,{'default': 'The Pas'},CAN,{'default': 'MB'}
8479982,Conor Timmins,20242025,PIT,D,1998-09-18,{'default': 'St. Catharines'},CAN,{'default': 'ON'}
8478046,Danton Heinen,20242025,PIT,L,1995-07-05,{'default': 'Langley'},CAN,{'default': 'BC'}
8474578,Erik Karlsson,20242025,PIT,D,1990-05-31,{'default': 'Landsbro'},SWE,NA
8471215,Evgeni Malkin,20242025,PIT,C,1986-07-31,{'default': 'Magnitogorsk'},RUS,NA
8475763,Kevin Hayes,20242025,PIT,R,1992-05-08,{'default': 'Dorchester'},USA,{'default': 'MA'}
8471724,Kris Letang,20242025,PIT,D,1987-04-24,{'default': 'Montréal'},CAN,{'default': 'QC'}
8476891,Matt Grzelcyk,20242025,PIT,D,1994-01-05,{'default': 'Charlestown'},USA,{'default': 'MA'}
8476442,Matt Nieto,20242025,PIT,L,1992-11-05,{'default': 'Long Beach'},USA,{'default': 'CA'}
8478569,Noel Acciari,20242025,PIT,C,1991-12-01,{'default': 'Johnston'},USA,{'default': 'RI'}
8480058,P.O Joseph,20242025,PIT,D,1999-07-01,{'default': 'Laval'},CAN,{'default': 'QC'}
8481577,Philip Tomasino,20242025,PIT,C,2001-07-28,{'default': 'Mississauga'},CAN,{'default': 'ON'}
8476483,Rickard Rakell,20242025,PIT,R,1993-05-05,{'default': 'Sundbyberg'},SWE,NA
8483487,Rutger McGroarty,20242025,PIT,R,2004-03-30,{'default': 'Lincoln'},USA,{'default': 'NE'}
8477435,Ryan Graves,20242025,PIT,D,1995-05-21,{'default': 'Yarmouth'},CAN,{'default': 'NS'}
8478854,Ryan Shea,20242025,PIT,D,1997-02-11,{'default': 'Milton'},USA,{'default': 'MA'}
8471675,Sidney Crosby,20242025,PIT,C,1987-08-07,{'default': 'Cole Harbour'},CAN,{'default': 'NS'}
8478438,Tommy Novak,20242025,PIT,C,1997-04-28,{'default': 'St. Paul'},USA,{'default': 'MN'}
8477465,Tristan Jarry,20242025,PIT,G,1995-04-29,{'default': 'Surrey'},CAN,{'default': 'BC'}
8481609,Vladislav Kolyachonok,20242025,PIT,D,2001-05-26,{'default': 'Minsk'},BLR,NA
8476457,Adam Larsson,20242025,SEA,D,1992-11-12,"{'default': 'Skelleftea', 'fi': 'Skellefteå', 'sv': 'Skellefteå'}",SWE,NA
8477444,Andre Burakovsky,20242025,SEA,L,1995-02-09,{'default': 'Klagenfurt'},AUT,NA
8477986,Brandon Montour,20242025,SEA,D,1994-04-11,{'default': 'Brantford'},CAN,{'default': 'ON'}
8476905,Chandler Stephenson,20242025,SEA,C,1994-04-22,{'default': 'Saskatoon'},CAN,{'default': 'SK'}
8480009,Eeli Tolvanen,20242025,SEA,R,1999-04-22,{'default': 'Vihti'},FIN,NA
8475768,Jaden Schwartz,20242025,SEA,C,1992-06-25,{'default': 'Wilcox'},CAN,{'default': 'SK'}
8476467,Jamie Oleksiak,20242025,SEA,D,1992-12-21,{'default': 'Toronto'},CAN,{'default': 'ON'}
8477955,Jared McCann,20242025,SEA,L,1996-05-31,{'default': 'Stratford'},CAN,{'default': 'ON'}
8478916,Joey Daccord,20242025,SEA,G,1996-08-19,{'default': 'Boston'},USA,{'default': 'MA'}
8477401,John Hayden,20242025,SEA,C,1995-02-14,{'default': 'Chicago'},USA,{'default': 'IL'}
8474586,Jordan Eberle,20242025,SEA,R,1990-05-15,{'default': 'Regina'},CAN,{'default': 'SK'}
8479372,Joshua Mahura,20242025,SEA,D,1998-05-05,"{'default': 'St. Albert', 'fr': 'St-Albert'}",CAN,{'default': 'AB'}
8481554,Kaapo Kakko,20242025,SEA,R,2001-02-13,"{'default': 'Turku', 'sv': 'Åbo'}",FIN,NA
8482665,Matty Beniers,20242025,SEA,C,2002-11-05,{'default': 'Hingham'},USA,{'default': 'MA'}
8479591,Michael Eyssimont,20242025,SEA,C,1996-09-09,{'default': 'Littleton'},USA,{'default': 'CO'}
8475831,Philipp Grubauer,20242025,SEA,G,1991-11-25,{'default': 'Rosenheim'},DEU,NA
8482858,Ryker Evans,20242025,SEA,D,2001-12-13,{'default': 'Calgary'},CAN,{'default': 'AB'}
8483524,Shane Wright,20242025,SEA,C,2004-01-05,{'default': 'Burlington'},CAN,{'default': 'ON'}
8481789,Tye Kartye,20242025,SEA,L,2001-04-30,{'default': 'Kingston'},CAN,{'default': 'ON'}
8478407,Vince Dunn,20242025,SEA,D,1996-10-29,{'default': 'Mississauga'},CAN,{'default': 'ON'}
8480382,Alexandar Georgiev,20242025,SJS,G,1996-02-10,{'default': 'Ruse'},BGR,NA
8477505,Alexander Wennberg,20242025,SJS,C,1994-09-22,"{'default': 'Stockholm', 'fi': 'Tukholma'}",SWE,NA
8476624,Barclay Goodrow,20242025,SJS,R,1993-02-26,{'default': 'Toronto'},CAN,{'default': 'ON'}
8483481,Cam Lund,20242025,SJS,C,2004-06-07,{'default': 'Bridgewater'},USA,{'default': 'MA'}
8479336,Carl Grundstrom,20242025,SJS,R,1997-12-01,"{'default': 'Umea', 'fi': 'Uumaja', 'sv': 'Umeå'}",SWE,NA
8484312,Georgi Romanov,20242025,SJS,G,1999-12-15,"{'default': 'Yekaterinburg', 'cs': 'Jekatěrinburg', 'fi': 'Jekaterinburg', 'fr': 'Iekaterinbourg', 'sk': 'Jekatěrinburg'}",RUS,NA
8481567,Henry Thrun,20242025,SJS,D,2001-03-12,{'default': 'Southborough'},USA,{'default': 'MA'}
8480172,Jan Rutta,20242025,SJS,D,1990-07-29,"{'default': 'Pisek', 'cs': 'Písek', 'fi': 'Písek', 'sk': 'Písek'}",CZE,NA
8480011,Klim Kostin,20242025,SJS,C,1999-05-05,{'default': 'Penza'},RUS,NA
8474053,Logan Couture,20242025,SJS,C,1989-03-28,{'default': 'Guelph'},CAN,{'default': 'ON'}
8484801,Macklin Celebrini,20242025,SJS,C,2006-06-13,{'default': 'North Vancouver'},CAN,{'default': 'BC'}
8471709,Marc-Edouard Vlasic,20242025,SJS,D,1987-03-30,{'default': 'Montréal'},CAN,{'default': 'QC'}
8479983,Mario Ferraro,20242025,SJS,D,1998-09-17,{'default': 'Toronto'},CAN,{'default': 'ON'}
8481042,Nikolai Kovalenko,20242025,SJS,R,1999-10-17,{'default': 'Raleigh'},USA,{'default': 'NC'}
8479393,Noah Gregor,20242025,SJS,C,1998-07-28,{'default': 'Beaumont'},CAN,{'default': 'AB'}
8482166,Shakir Mukhamadullin,20242025,SJS,D,2002-01-10,{'default': 'Ufa'},RUS,NA
8482133,Thomas Bordeleau,20242025,SJS,C,2002-01-03,{'default': 'Houston'},USA,{'default': 'TX'}
8480043,Timothy Liljegren,20242025,SJS,D,1999-04-30,{'default': 'Kristianstad'},SWE,NA
8480848,Ty Dellandrea,20242025,SJS,C,2000-07-21,{'default': 'Port Perry'},CAN,{'default': 'ON'}
8475726,Tyler Toffoli,20242025,SJS,C,1992-04-24,{'default': 'Scarborough'},CAN,{'default': 'ON'}
8479576,Vincent Desharnais,20242025,SJS,D,1996-05-29,{'default': 'Laval'},CAN,{'default': 'QC'}
8484227,Will Smith,20242025,SJS,C,2005-03-17,{'default': 'Boston'},USA,{'default': 'MA'}
8482667,William Eklund,20242025,SJS,L,2002-10-12,"{'default': 'Stockholm', 'fi': 'Tukholma'}",SWE,NA
8480074,Alexandre Texier,20242025,STL,L,1999-09-13,"{'default': ""Saint-Martin-d'Hères""}",FRA,NA
8480281,Alexey Toropchenko,20242025,STL,R,1999-06-25,"{'default': 'Moscow', 'cs': 'Moskva', 'de': 'Moskau', 'fi': 'Moskova', 'fr': 'Moscou', 'sk': 'Moskva', 'sv': 'Moskva'}",RUS,NA
8475170,Brayden Schenn,20242025,STL,C,1991-08-22,{'default': 'Saskatoon'},CAN,{'default': 'SK'}
8475764,Cam Fowler,20242025,STL,D,1991-12-05,{'default': 'Windsor'},CAN,{'default': 'ON'}
8476892,Colton Parayko,20242025,STL,D,1993-05-12,"{'default': 'St. Albert', 'fr': 'St-Albert'}",CAN,{'default': 'AB'}
8482077,Dylan Holloway,20242025,STL,L,2001-09-23,{'default': 'Calgary'},CAN,{'default': 'AB'}
8482089,Jake Neighbours,20242025,STL,L,2002-03-29,{'default': 'Calgary'},CAN,{'default': 'AB'}
8483516,Jimmy Snuggerud,20242025,STL,R,2004-06-01,{'default': 'Minneapolis'},USA,{'default': 'MN'}
8480981,Joel Hofer,20242025,STL,G,2000-07-30,{'default': 'Winnipeg'},CAN,{'default': 'MB'}
8476412,Jordan Binnington,20242025,STL,G,1993-07-11,{'default': 'Richmond Hill'},CAN,{'default': 'ON'}
8479385,Jordan Kyrou,20242025,STL,R,1998-05-05,{'default': 'Toronto'},CAN,{'default': 'ON'}
8475753,Justin Faulk,20242025,STL,D,1992-03-20,{'default': 'South St. Paul'},USA,{'default': 'MN'}
8478472,Mathieu Joseph,20242025,STL,R,1997-02-09,{'default': 'Laval'},CAN,{'default': 'QC'}
8482516,Matthew Kessel,20242025,STL,D,2000-06-23,{'default': 'Bloomfield Hills'},USA,{'default': 'MI'}
8477573,Nathan Walker,20242025,STL,L,1994-02-07,{'default': 'Cardiff'},GBR,NA
8475181,Nick Leddy,20242025,STL,D,1991-03-20,{'default': 'Eden Prairie'},USA,{'default': 'MN'}
8476897,Oskar Sundqvist,20242025,STL,C,1994-03-23,{'default': 'Boden'},SWE,NA
8477402,Pavel Buchnevich,20242025,STL,L,1995-04-17,"{'default': 'Cherepovets', 'cs': 'Čerepovec', 'fi': 'Tsherepovets', 'fr': 'Tcherepovets', 'sk': 'Čerepovec'}",RUS,NA
8481598,Philip Broberg,20242025,STL,D,2001-06-25,"{'default': 'Orebro', 'cs': 'Örebro', 'fi': 'Örebro', 'sk': 'Örebro', 'sv': 'Örebro'}",SWE,NA
8476889,Radek Faksa,20242025,STL,C,1994-01-09,"{'default': 'Vitkov', 'cs': 'Vítkov', 'fi': 'Vítkov', 'sk': 'Vítkov'}",CZE,NA
8480023,Robert Thomas,20242025,STL,C,1999-07-02,{'default': 'Aurora'},CAN,{'default': 'ON'}
8470600,Ryan Suter,20242025,STL,D,1985-01-21,{'default': 'Madison'},USA,{'default': 'WI'}
8481006,Tyler Tucker,20242025,STL,D,2000-03-01,{'default': 'Thunder Bay'},CAN,{'default': 'ON'}
8482737,Zack Bolduc,20242025,STL,R,2003-02-24,{'default': 'Trois-Rivières'},CAN,{'default': 'QC'}
8476883,Andrei Vasilevskiy,20242025,TBL,G,1994-07-25,"{'default': 'Tyumen', 'cs': 'Ťumeň', 'fi': 'Tjumen', 'sk': 'Ťumeň', 'sv': 'Tumen'}",RUS,NA
8478519,Anthony Cirelli,20242025,TBL,C,1997-07-15,{'default': 'Etobicoke'},CAN,{'default': 'ON'}
8479542,Brandon Hagel,20242025,TBL,L,1998-08-27,{'default': 'Saskatoon'},CAN,{'default': 'SK'}
8478010,Brayden Point,20242025,TBL,C,1996-03-13,{'default': 'Calgary'},CAN,{'default': 'AB'}
8474715,Cam Atkinson,20242025,TBL,R,1989-06-05,{'default': 'Riverside'},USA,{'default': 'CT'}
8478178,Darren Raddysh,20242025,TBL,D,1996-02-28,{'default': 'Toronto'},CAN,{'default': 'ON'}
8482929,Emil Lilleberg,20242025,TBL,D,2001-02-02,{'default': 'Sarpsborg'},NOR,NA
8478416,Erik Cernak,20242025,TBL,D,1997-05-28,"{'default': 'Kosice', 'cs': 'Košice', 'fi': 'Košice', 'sk': 'Košice'}",SVK,NA
8482201,Gage Goncalves,20242025,TBL,C,2001-01-16,{'default': 'Mission'},CAN,{'default': 'BC'}
8482655,J.J. Moser,20242025,TBL,D,2000-06-06,{'default': 'Biel'},CHE,NA
8477404,Jake Guentzel,20242025,TBL,C,1994-10-06,{'default': 'Omaha'},USA,{'default': 'NE'}
8477992,Jonas Johansson,20242025,TBL,G,1995-09-19,{'default': 'Gavle'},SWE,NA
8476822,Luke Glendening,20242025,TBL,C,1989-04-28,{'default': 'Grand Rapids'},USA,{'default': 'MI'}
8482070,Mitchell Chaffee,20242025,TBL,R,1998-01-26,{'default': 'Grand Rapids'},USA,{'default': 'MI'}
8477426,Nick Paul,20242025,TBL,L,1995-03-20,{'default': 'Mississauga'},CAN,{'default': 'ON'}
8480246,Nick Perbix,20242025,TBL,D,1998-06-15,{'default': 'Elk River'},USA,{'default': 'MN'}
8476453,Nikita Kucherov,20242025,TBL,R,1993-06-17,"{'default': 'Maykop', 'cs': 'Majkop', 'fi': 'Majkop', 'sk': 'Majkop'}",RUS,NA
8477416,Oliver Bjorkstrand,20242025,TBL,R,1995-04-10,{'default': 'Herning'},DNK,NA
8474151,Ryan McDonagh,20242025,TBL,D,1989-06-13,{'default': 'St. Paul'},USA,{'default': 'MN'}
8475167,Victor Hedman,20242025,TBL,D,1990-12-18,"{'default': 'Ornskoldsvik', 'cs': 'Örnsköldsvik', 'fi': 'Örnsköldsvik', 'sk': 'Örnsköldsvik', 'sv': 'Örnsköldsvik'}",SWE,NA
8476826,Yanni Gourde,20242025,TBL,C,1991-12-15,{'default': 'Saint-Narcisse'},CAN,{'default': 'QC'}
8476878,Zemgus Girgensons,20242025,TBL,C,1994-01-05,"{'default': 'Riga', 'fi': 'Riika'}",LVA,NA
8479423,Alex Nylander,20242025,TOR,L,1998-03-02,{'default': 'Calgary'},CAN,{'default': 'AB'}
8482634,Alex Steeves,20242025,TOR,C,1999-12-10,{'default': 'Saint Paul'},USA,{'default': 'MN'}
8476932,Anthony Stolarz,20242025,TOR,G,1994-01-20,{'default': 'Edison'},USA,{'default': 'NJ'}
8482515,Artur Akhtyamov,20242025,TOR,G,2001-10-31,"{'default': 'Kazan', 'cs': 'Kazaň', 'sk': 'Kazaň'}",RUS,NA
8479318,Auston Matthews,20242025,TOR,C,1997-09-17,{'default': 'San Ramon'},USA,{'default': 'CA'}
8482259,Bobby McMann,20242025,TOR,C,1996-06-15,{'default': 'Wainwright'},CAN,{'default': 'AB'}
8478443,Brandon Carlo,20242025,TOR,D,1996-11-26,{'default': 'Colorado Springs'},USA,{'default': 'CO'}
8481570,Cade Webber,20242025,TOR,D,2001-01-05,{'default': 'Worcester'},USA,{'default': 'MA'}
8475714,Calle Jarnkrok,20242025,TOR,C,1991-09-25,{'default': 'Gavle'},SWE,NA
8475690,Chris Tanev,20242025,TOR,D,1989-12-20,{'default': 'Toronto'},CAN,{'default': 'ON'}
8477541,Dakota Mermis,20242025,TOR,D,1994-01-05,{'default': 'Alton'},USA,{'default': 'IL'}
8480144,David Kampf,20242025,TOR,C,1995-01-12,{'default': 'Chomutov'},CZE,NA
8483710,Dennis Hildeby,20242025,TOR,G,2001-08-19,{'default': 'Jarfalla'},SWE,NA
8484901,Jacob Quillan,20242025,TOR,C,2002-02-02,{'default': 'Dartmouth'},CAN,{'default': 'NS'}
8476931,Jake McCabe,20242025,TOR,D,1993-10-12,{'default': 'Eau Claire'},USA,{'default': 'WI'}
8475825,Jani Hakanpää,20242025,TOR,D,1992-03-31,"{'default': 'Kirkkonummi', 'sv': 'Kyrkslätt'}",FIN,NA
8475166,John Tavares,20242025,TOR,C,1990-09-20,{'default': 'Mississauga'},CAN,{'default': 'ON'}
8479361,Joseph Woll,20242025,TOR,G,1998-07-12,{'default': 'Dardenne Prairie'},USA,{'default': 'MO'}
8483546,Marshall Rifai,20242025,TOR,D,1998-03-16,{'default': 'Beaconsfield'},CAN,{'default': 'QC'}
8476988,Matt Benning,20242025,TOR,D,1994-05-25,{'default': 'Edmonton'},CAN,{'default': 'AB'}
8476899,Matt Murray,20242025,TOR,G,1994-05-25,{'default': 'Thunder Bay'},CAN,{'default': 'ON'}
8482720,Matthew Knies,20242025,TOR,L,2002-10-17,{'default': 'Phoenix'},USA,{'default': 'AZ'}
8477503,Max Domi,20242025,TOR,C,1995-03-02,{'default': 'Winnipeg'},CAN,{'default': 'MB'}
8474157,Max Pacioretty,20242025,TOR,L,1988-11-20,{'default': 'New Canaan'},USA,{'default': 'CT'}
8481614,Mikko Kokkonen,20242025,TOR,D,2001-01-18,"{'default': 'Mikkeli', 'sv': 'Sankt Michel'}",FIN,NA
8478483,Mitch Marner,20242025,TOR,R,1997-05-05,{'default': 'Markham'},CAN,{'default': 'ON'}
8476853,Morgan Rielly,20242025,TOR,D,1994-03-09,{'default': 'Vancouver'},CAN,{'default': 'BC'}
8481582,Nicholas Robertson,20242025,TOR,L,2001-09-11,{'default': 'Pasadena'},USA,{'default': 'CA'}
8481720,Nick Abruzzese,20242025,TOR,C,1999-06-04,{'default': 'Slate Hill'},USA,{'default': 'NY'}
8475171,Oliver Ekman-Larsson,20242025,TOR,D,1991-07-17,{'default': 'Karlskrona'},SWE,NA
8479026,Philippe Myers,20242025,TOR,D,1997-01-25,{'default': 'Moncton'},CAN,{'default': 'NB'}
8480995,Pontus Holmberg,20242025,TOR,R,1999-03-09,"{'default': 'Vasteras', 'cs': 'Västeras', 'fi': 'Västerås', 'sk': 'Västeras', 'sv': 'Västerås'}",SWE,NA
8481147,Reese Johnson,20242025,TOR,C,1998-07-10,{'default': 'Regina'},CAN,{'default': 'SK'}
8482130,Roni Hirvonen,20242025,TOR,C,2002-01-10,"{'default': 'Espoo', 'sv': 'Esbo'}",FIN,NA
8471817,Ryan Reaves,20242025,TOR,R,1987-01-20,{'default': 'Winnipeg'},CAN,{'default': 'MB'}
8476872,Scott Laughton,20242025,TOR,L,1994-05-30,{'default': 'Oakville'},CAN,{'default': 'ON'}
8481122,Simon Benoit,20242025,TOR,D,1998-09-19,{'default': 'Laval'},CAN,{'default': 'QC'}
8478904,Steven Lorentz,20242025,TOR,C,1996-04-13,{'default': 'Kitchener'},CAN,{'default': 'ON'}
8482158,Topi Niemela,20242025,TOR,D,2002-03-25,"{'default': 'Oulu', 'sv': 'Uleåborg'}",FIN,NA
8477939,William Nylander,20242025,TOR,R,1996-05-01,{'default': 'Calgary'},CAN,{'default': 'AB'}
8482174,William Villeneuve,20242025,TOR,D,2002-03-20,{'default': 'Sherbrooke'},CAN,{'default': 'QC'}
8477021,Alexander Kerfoot,20242025,UTA,C,1994-08-11,{'default': 'Vancouver'},CAN,{'default': 'BC'}
8480849,Barrett Hayton,20242025,UTA,C,2000-06-09,{'default': 'Peterborough'},CAN,{'default': 'ON'}
8479343,Clayton Keller,20242025,UTA,C,1998-07-29,{'default': 'Chesterfield'},USA,{'default': 'MO'}
8478971,Connor Ingram,20242025,UTA,G,1997-03-31,{'default': 'Saskatoon'},CAN,{'default': 'SK'}
8482699,Dylan Guenther,20242025,UTA,R,2003-04-10,{'default': 'Edmonton'},CAN,{'default': 'AB'}
8474013,Ian Cole,20242025,UTA,D,1989-02-21,{'default': 'Ann Arbor'},USA,{'default': 'MI'}
8480855,Jack McBain,20242025,UTA,C,2000-01-06,{'default': 'Toronto'},CAN,{'default': 'ON'}
8478507,John Marino,20242025,UTA,D,1997-05-21,{'default': 'North Easton'},USA,{'default': 'MA'}
8482659,Josh Doan,20242025,UTA,R,2002-02-01,{'default': 'Scottsdale'},USA,{'default': 'AZ'}
8478872,Karel Vejmelka,20242025,UTA,G,1996-05-25,"{'default': 'Trebic', 'cs': 'Třebíč', 'fi': 'Třebíč ', 'sk': 'Třebíč'}",CZE,NA
8478831,Kevin Stenlund,20242025,UTA,C,1996-09-20,"{'default': 'Stockholm', 'fi': 'Tukholma'}",SWE,NA
8478474,Lawson Crouse,20242025,UTA,L,1997-06-23,{'default': 'Mt. Brydges'},CAN,{'default': 'ON'}
8477070,Liam O'Brien,20242025,UTA,C,1994-07-29,{'default': 'Halifax'},CAN,{'default': 'NS'}
8483431,Logan Cooley,20242025,UTA,C,2004-05-04,{'default': 'Pittsburgh'},USA,{'default': 'PA'}
8481711,Matias Maccelli,20242025,UTA,L,2000-10-14,"{'default': 'Turku', 'sv': 'Åbo'}",FIN,NA
8479619,Michael Carcone,20242025,UTA,L,1996-05-19,{'default': 'Ajax'},CAN,{'default': 'ON'}
8480891,Michael Kesselring,20242025,UTA,D,2000-01-13,{'default': 'New Hampton'},USA,{'default': 'NH'}
8479410,Mikhail Sergachev,20242025,UTA,D,1998-06-25,"{'default': 'Nizhnekamsk', 'cs': 'Nižněkamsk', 'fi': 'Nižnekamsk', 'sk': 'Nižněkamsk', 'sv': 'Nizhnekampsk'}",RUS,NA
8475760,Nick Bjugstad,20242025,UTA,C,1992-07-17,{'default': 'Minneapolis'},USA,{'default': 'MN'}
8480084,Nick DeSimone,20242025,UTA,D,1994-11-21,{'default': 'East Amherst'},USA,{'default': 'NY'}
8477951,Nick Schmaltz,20242025,UTA,C,1996-02-23,{'default': 'Madison'},USA,{'default': 'WI'}
8476874,Olli Määttä,20242025,UTA,D,1994-08-22,{'default': 'Jyväskylä'},FIN,NA
8474145,Robert Bortuzzo,20242025,UTA,D,1989-03-18,{'default': 'Thunder Bay'},CAN,{'default': 'ON'}
8480434,Sean Durzi,20242025,UTA,D,1998-10-21,{'default': 'Mississauga'},CAN,{'default': 'ON'}
8478444,Brock Boeser,20242025,VAN,R,1997-02-25,{'default': 'Burnsville'},USA,{'default': 'MN'}
8478856,Conor Garland,20242025,VAN,R,1996-03-11,{'default': 'Scituate'},USA,{'default': 'MA'}
8478057,Dakota Joshua,20242025,VAN,C,1996-05-15,{'default': 'Dearborn'},USA,{'default': 'MI'}
8475762,Derek Forbort,20242025,VAN,D,1992-03-04,{'default': 'Duluth'},USA,{'default': 'MN'}
8482055,Drew O'Connor,20242025,VAN,L,1998-06-09,{'default': 'Chatham'},USA,{'default': 'NJ'}
8480012,Elias Pettersson,20242025,VAN,C,1998-11-12,{'default': 'Sundsvall'},SWE,NA
8483678,Elias Pettersson,20242025,VAN,D,2004-02-16,"{'default': 'Vasteras', 'cs': 'Västeras', 'fi': 'Västerås', 'sk': 'Västeras', 'sv': 'Västerås'}",SWE,NA
8480078,Filip Chytil,20242025,VAN,C,1999-09-05,"{'default': 'Kromeriz', 'cs': 'Kroměříž', 'sk': 'Kroměříž'}",CZE,NA
8479425,Filip Hronek,20242025,VAN,D,1997-11-02,"{'default': 'Hradec Kralove', 'cs': 'Hradec Králové', 'fi': 'Hradec Králové', 'sk': 'Hradec Králové'}",CZE,NA
8478498,Jake DeBrusk,20242025,VAN,L,1996-10-17,{'default': 'Edmonton'},CAN,{'default': 'AB'}
8480947,Kevin Lankinen,20242025,VAN,G,1995-04-28,"{'default': 'Helsinki', 'cs': 'Helsinky', 'sk': 'Helsinky', 'sv': 'Helsingfors'}",FIN,NA
8480748,Kiefer Sherwood,20242025,VAN,L,1995-03-31,{'default': 'Columbus'},USA,{'default': 'OH'}
8477969,Marcus Pettersson,20242025,VAN,D,1996-05-08,"{'default': 'Skelleftea', 'fi': 'Skellefteå', 'sv': 'Skellefteå'}",SWE,NA
8482496,Nils Aman,20242025,VAN,C,2000-02-07,{'default': 'Avesta'},SWE,NA
8481535,Nils Hoglander,20242025,VAN,L,2000-12-20,{'default': 'Bockträsk'},SWE,NA
8478454,Noah Juulsen,20242025,VAN,D,1997-04-02,{'default': 'Surrey'},CAN,{'default': 'BC'}
8480459,Pius Suter,20242025,VAN,C,1996-05-24,{'default': 'Zurich'},CHE,NA
8480800,Quinn Hughes,20242025,VAN,D,1999-10-14,{'default': 'Orlando'},USA,{'default': 'FL'}
8476927,Teddy Blueger,20242025,VAN,C,1994-08-15,"{'default': 'Riga', 'fi': 'Riika'}",LVA,NA
8477967,Thatcher Demko,20242025,VAN,G,1995-12-08,{'default': 'San Diego'},USA,{'default': 'CA'}
8474574,Tyler Myers,20242025,VAN,D,1990-02-01,{'default': 'Houston'},USA,{'default': 'TX'}
8478499,Adin Hill,20242025,VGK,G,1996-05-11,{'default': 'Comox'},CAN,{'default': 'BC'}
8481033,Akira Schmid,20242025,VGK,G,2000-05-12,"{'default': 'Bern', 'fr': 'Berne'}",CHE,NA
8474565,Alex Pietrangelo,20242025,VGK,D,1990-01-18,{'default': 'King City'},CAN,{'default': 'ON'}
8482125,Alexander Holtz,20242025,VGK,R,2002-01-23,"{'default': 'Stockholm', 'fi': 'Tukholma'}",SWE,NA
8477018,Ben Hutton,20242025,VGK,D,1993-04-20,{'default': 'Brockville'},CAN,{'default': 'ON'}
8476438,Brandon Saad,20242025,VGK,L,1992-10-27,{'default': 'Pittsburgh'},USA,{'default': 'PA'}
8475188,Brayden McNabb,20242025,VGK,D,1991-01-21,{'default': 'Davidson'},CAN,{'default': 'SK'}
8479353,Brett Howden,20242025,VGK,C,1998-03-29,{'default': 'Calgary'},CAN,{'default': 'AB'}
8482761,Carl Lindbom,20242025,VGK,G,2003-05-20,"{'default': 'Stockholm', 'fi': 'Tukholma'}",SWE,NA
8481655,Cole Schwindt,20242025,VGK,R,2001-04-25,{'default': 'Kitchener'},CAN,{'default': 'ON'}
8478062,Dysin Mayo,20242025,VGK,D,1996-08-17,{'default': 'Victoria'},CAN,{'default': 'BC'}
8478492,Ilya Samsonov,20242025,VGK,G,1997-02-22,{'default': 'Magnitogorsk'},RUS,NA
8477964,Ivan Barbashev,20242025,VGK,C,1995-12-14,"{'default': 'Moscow', 'cs': 'Moskva', 'de': 'Moskau', 'fi': 'Moskova', 'fr': 'Moscou', 'sk': 'Moskva', 'sv': 'Moskva'}",RUS,NA
8478403,Jack Eichel,20242025,VGK,C,1996-10-28,{'default': 'North Chelmsford'},USA,{'default': 'MA'}
8480007,Jonas Rondbjerg,20242025,VGK,R,1999-03-31,{'default': 'Horsholm'},DNK,NA
8481527,Kaedan Korczak,20242025,VGK,D,2001-01-29,{'default': 'Yorkton'},CAN,{'default': 'SK'}
8478434,Keegan Kolesar,20242025,VGK,R,1997-04-08,{'default': 'Brandon'},CAN,{'default': 'MB'}
8482141,Lukas Cormier,20242025,VGK,D,2002-03-27,{'default': 'Sainte-Marie-de-Kent'},CAN,{'default': 'NB'}
8475913,Mark Stone,20242025,VGK,R,1992-05-13,{'default': 'Winnipeg'},CAN,{'default': 'MB'}
8479980,Nicolas Hague,20242025,VGK,D,1998-12-05,{'default': 'Kitchener'},CAN,{'default': 'ON'}
8478462,Nicolas Roy,20242025,VGK,C,1997-02-05,{'default': 'Amos'},CAN,{'default': 'QC'}
8478396,Noah Hanifin,20242025,VGK,D,1997-01-25,{'default': 'Boston'},USA,{'default': 'MA'}
8481604,Pavel Dorofeyev,20242025,VGK,L,2000-10-26,"{'default': 'Nizhny Tagil', 'cs': 'Nižnij Tagil', 'fi': 'Nizhni Tagil', 'sk': 'Nižnij Tagil'}",RUS,NA
8481534,Raphael Lavoie,20242025,VGK,C,2000-09-25,{'default': 'Chambly'},CAN,{'default': 'QC'}
8475191,Reilly Smith,20242025,VGK,R,1991-04-01,{'default': 'Mimico'},CAN,{'default': 'ON'}
8477462,Robert Hagg,20242025,VGK,D,1995-02-08,{'default': 'Uppsala'},SWE,NA
8477447,Shea Theodore,20242025,VGK,D,1995-08-03,{'default': 'Aldergrove'},CAN,{'default': 'BC'}
8479550,Tanner Laczynski,20242025,VGK,C,1997-06-01,{'default': 'Minooka'},USA,{'default': 'IL'}
8476871,Tanner Pearson,20242025,VGK,L,1992-08-10,{'default': 'Kitchener'},CAN,{'default': 'ON'}
8476881,Tomas Hertl,20242025,VGK,C,1993-11-12,{'default': 'Praha'},CZE,NA
8478109,Victor Olofsson,20242025,VGK,R,1995-07-18,"{'default': 'Ornskoldsvik', 'cs': 'Örnsköldsvik', 'fi': 'Örnsköldsvik', 'sk': 'Örnsköldsvik', 'sv': 'Örnsköldsvik'}",SWE,NA
8476448,William Karlsson,20242025,VGK,C,1993-01-08,"{'default': 'Marsta', 'cs': 'Märsta', 'fi': 'Märsta', 'sk': 'Märsta', 'sv': 'Märsta'}",SWE,NA
8480727,Zach Whitecloud,20242025,VGK,D,1996-11-28,{'default': 'Brandon'},CAN,{'default': 'MB'}
8476392,Adam Lowry,20242025,WPG,C,1993-03-29,{'default': 'St. Louis'},USA,{'default': 'MO'}
8480113,Alex Iafallo,20242025,WPG,L,1993-12-21,{'default': 'Eden'},USA,{'default': 'NY'}
8479293,Brandon Tanev,20242025,WPG,L,1991-12-31,{'default': 'Toronto'},CAN,{'default': 'ON'}
8484242,Brayden Yager,20242025,WPG,C,2005-01-03,{'default': 'Saskatoon'},CAN,{'default': 'SK'}
8476904,Chris Driedger,20242025,WPG,G,1994-05-18,{'default': 'Winnipeg'},CAN,{'default': 'MB'}
8482149,Cole Perfetti,20242025,WPG,C,2002-01-01,{'default': 'Whitby'},CAN,{'default': 'ON'}
8476525,Colin Miller,20242025,WPG,D,1992-10-29,"{'default': 'Sault Ste. Marie', 'fr': 'Sault-Sainte-Marie'}",CAN,{'default': 'ON'}
8476945,Connor Hellebuyck,20242025,WPG,G,1993-05-19,{'default': 'Commerce'},USA,{'default': 'MI'}
8481019,David Gustafsson,20242025,WPG,C,2000-04-11,{'default': 'Tingsryd'},SWE,NA
8476952,Dominic Toninato,20242025,WPG,C,1994-03-09,{'default': 'Duluth'},USA,{'default': 'MN'}
8479639,Dylan Coghlan,20242025,WPG,D,1998-02-19,{'default': 'Duncan'},CAN,{'default': 'BC'}
8476331,Dylan DeMelo,20242025,WPG,D,1993-05-01,"{'default': 'London', 'sk': 'Londýn'}",CAN,{'default': 'ON'}
8480049,Dylan Samberg,20242025,WPG,D,1999-01-24,{'default': 'Saginaw'},USA,{'default': 'MN'}
8483510,Elias Salomonsson,20242025,WPG,D,2004-08-31,"{'default': 'Skelleftea', 'fi': 'Skellefteå', 'sv': 'Skellefteå'}",SWE,NA
8477480,Eric Comrie,20242025,WPG,G,1995-07-06,{'default': 'Edmonton'},CAN,{'default': 'AB'}
8480014,Gabriel Vilardi,20242025,WPG,C,1999-08-16,{'default': 'Kingston'},CAN,{'default': 'ON'}
8477938,Haydn Fleury,20242025,WPG,D,1996-07-08,{'default': 'Carlyle'},CAN,{'default': 'SK'}
8482192,Isaak Phillips,20242025,WPG,D,2001-09-28,{'default': 'Barrie'},CAN,{'default': 'ON'}
8479994,Jaret Anderson-Dolan,20242025,WPG,C,1999-09-12,{'default': 'Calgary'},CAN,{'default': 'AB'}
8477504,Josh Morrissey,20242025,WPG,D,1995-03-28,{'default': 'Calgary'},CAN,{'default': 'AB'}
8478398,Kyle Connor,20242025,WPG,L,1996-12-09,{'default': 'Shelby Township'},USA,{'default': 'MI'}
8479378,Logan Stanley,20242025,WPG,D,1998-05-26,{'default': 'Waterloo'},CAN,{'default': 'ON'}
8474568,Luke Schenn,20242025,WPG,D,1989-11-02,{'default': 'Saskatoon'},CAN,{'default': 'SK'}
8476460,Mark Scheifele,20242025,WPG,C,1993-03-15,{'default': 'Kitchener'},CAN,{'default': 'ON'}
8478891,Mason Appleton,20242025,WPG,C,1996-01-15,{'default': 'Green Bay'},USA,{'default': 'WI'}
8479972,Mason Shaw,20242025,WPG,C,1998-11-03,{'default': 'Lloydminster'},CAN,{'default': 'AB'}
8480289,Morgan Barron,20242025,WPG,C,1998-12-02,{'default': 'Halifax'},CAN,{'default': 'NS'}
8480145,Neal Pionk,20242025,WPG,D,1995-07-29,{'default': 'Omaha'},USA,{'default': 'NE'}
8477940,Nikolaj Ehlers,20242025,WPG,L,1996-02-14,"{'default': 'Aalborg', 'fi': 'Ålborg', 'sv': 'Ålborg'}",DNK,NA
8475799,Nino Niederreiter,20242025,WPG,R,1992-09-08,"{'default': 'Chur', 'fr': 'Coire'}",CHE,NA
8484135,Parker Ford,20242025,WPG,C,2000-07-20,{'default': 'Wakefield'},USA,{'default': 'RI'}
8480845,Rasmus Kupari,20242025,WPG,C,2000-03-15,{'default': 'Kotka'},FIN,NA
8481572,Ville Heinola,20242025,WPG,D,2001-03-02,{'default': 'Honkajoki'},FIN,NA
8476480,Vladislav Namestnikov,20242025,WPG,C,1992-11-22,"{'default': 'Zhukovskiy', 'cs': 'Žukovskij', 'fi': 'Zhukovski', 'sk': 'Žukovskij'}",RUS,NA
8471214,Alex Ovechkin,20242025,WSH,L,1985-09-17,"{'default': 'Moscow', 'cs': 'Moskva', 'de': 'Moskau', 'fi': 'Moskova', 'fr': 'Moscou', 'sk': 'Moskva', 'sv': 'Moskva'}",RUS,NA
8480823,Alexander Alexeyev,20242025,WSH,D,1999-11-15,"{'default': 'St. Petersburg', 'cs': 'Petrohrad', 'fi': 'Pietari', 'fr': 'Saint-Pétersbourg', 'sk': 'Petrohrad'}",RUS,NA
8481656,Aliaksei Protas,20242025,WSH,C,2001-01-06,{'default': 'Vitebsk'},BLR,NA
8478233,Andrew Mangiapane,20242025,WSH,L,1996-04-04,{'default': 'Toronto'},CAN,{'default': 'ON'}
8478463,Anthony Beauvillier,20242025,WSH,L,1997-06-08,{'default': 'Sorel-Tracy'},CAN,{'default': 'QC'}
8479520,Brandon Duhaime,20242025,WSH,R,1997-05-22,{'default': 'Coral Springs'},USA,{'default': 'FL'}
8479292,Charlie Lindgren,20242025,WSH,G,1993-12-18,{'default': 'Lakeville'},USA,{'default': 'MN'}
8481580,Connor McMichael,20242025,WSH,C,2001-01-15,{'default': 'Ajax'},CAN,{'default': 'ON'}
8475795,Dylan McIlrath,20242025,WSH,D,1992-04-20,{'default': 'Winnipeg'},CAN,{'default': 'MB'}
8478440,Dylan Strome,20242025,WSH,C,1997-03-07,{'default': 'Mississauga'},CAN,{'default': 'ON'}
8483573,Ethen Frank,20242025,WSH,C,1998-02-05,{'default': 'Aurora'},USA,{'default': 'CO'}
8479345,Jakob Chychrun,20242025,WSH,D,1998-03-31,{'default': 'Boca Raton'},USA,{'default': 'FL'}
8474590,John Carlson,20242025,WSH,D,1990-01-10,{'default': 'Natick'},USA,{'default': 'MA'}
8474189,Lars Eller,20242025,WSH,C,1989-05-08,"{'default': 'Rodovre', 'fi': 'Rødovre', 'sv': 'Rødovre'}",DNK,NA
8480313,Logan Thompson,20242025,WSH,G,1997-02-25,{'default': 'Calgary'},CAN,{'default': 'AB'}
8480796,Martin Fehérváry,20242025,WSH,D,1999-10-06,{'default': 'Bratislava'},SVK,NA
8478911,Matt Roy,20242025,WSH,D,1995-03-01,{'default': 'Detroit'},USA,{'default': 'MI'}
8475343,Nic Dowd,20242025,WSH,C,1990-05-27,{'default': 'Huntsville'},USA,{'default': 'AL'}
8473563,Nicklas Backstrom,20242025,WSH,C,1987-11-23,{'default': 'Gavle'},SWE,NA
8479400,Pierre-Luc Dubois,20242025,WSH,L,1998-06-24,{'default': 'Ste-Agathe-des-Monts'},CAN,{'default': 'QC'}
8480873,Rasmus Sandin,20242025,WSH,D,2000-03-07,{'default': 'Uppsala'},SWE,NA
8484186,Ryan Leonard,20242025,WSH,R,2005-01-21,{'default': 'Northampton'},USA,{'default': 'MA'}
8477947,Sonny Milano,20242025,WSH,L,1996-05-12,{'default': 'Massapequa'},USA,{'default': 'NY'}
8471698,T.J. Oshie,20242025,WSH,R,1986-12-23,{'default': 'Everett'},USA,{'default': 'WA'}
8479390,Taylor Raddysh,20242025,WSH,R,1998-02-18,{'default': 'Caledon'},CAN,{'default': 'ON'}
8476880,Tom Wilson,20242025,WSH,R,1994-03-29,{'default': 'Toronto'},CAN,{'default': 'ON'}
8477845,Trevor van Riemsdyk,20242025,WSH,D,1991-07-24,{'default': 'Middletown'},USA,{'default': 'NJ'}
